material_id,formula_pretty,tokens_slices,tokens_chemberta_sin_especiales,tokens_chemberta_con_especiales,crecimiento_absoluto,factor_crecimiento,tokens_unk,excede_limite,tokens_fuera_del_limite,fracción_contenido_retenible,slices_string
mp-861884,AcGaTe2,28,75,77,47,2.6785714285714284,0,False,0,1.0,Ac Ga Te Te 0 2 ooo 0 2 +oo 0 2 oo+ 0 2 o+o 0 3 -oo 0 3 oo- 0 3 o-o 0 3 ooo
mp-861460,AcInTe2,70,187,189,117,2.6714285714285713,0,False,0,1.0,Ac In Te Te 0 2 oo+ 0 2 o+o 0 2 +oo 0 2 ooo 0 3 o-o 0 3 ooo 0 3 -oo 0 3 oo- 0 1 ++o 0 1 o++ 0 1 +o+ 0 1 +oo 0 1 oo+ 0 1 o+o 1 3 o-- 1 3 --o 1 3 --- 1 3 -o- 1 2 oo- 1 2 ooo 1 2 -oo 1 2 o-o
mp-1215080,Ag12SBr,50,139,141,89,2.78,0,False,0,1.0,Ag Ag Ag Ag Ag Ag Ag Ag Ag Ag Ag Ag S Br 0 11 oo- 0 10 ooo 1 10 +oo 1 11 +o- 2 9 -oo 2 7 ooo 3 6 ooo 3 8 oo- 4 9 -+o 4 7 o+o 5 6 o+o 5 8 o+-
mp-1215073,Ag12SI,50,139,141,89,2.78,0,False,0,1.0,Ag Ag Ag Ag Ag Ag Ag Ag Ag Ag Ag Ag S I 0 10 ooo 0 11 oo- 1 10 +oo 1 11 +o- 2 9 -oo 2 7 ooo 3 8 oo- 3 6 ooo 4 9 -+o 4 7 o+o 5 6 o+o 5 8 o+-
mp-4691,Ag2CO3,78,211,213,133,2.7051282051282053,0,False,0,1.0,Ag Ag Ag Ag C C O O O O O O 0 8 o-o 0 10 ooo 0 7 ooo 0 7 -oo 1 9 ++o 1 11 oo+ 1 6 ooo 1 6 +oo 2 9 ++o 2 7 ooo 2 10 ooo 2 10 +oo 3 8 o-o 3 6 oo- 3 11 ooo 3 11 -oo 4 8 +oo 4 11 ooo 4 7 ooo 5 9 ooo 5 10 ooo 5 6 ooo
mp-9900,Ag2GeS3,84,229,231,145,2.7261904761904763,0,False,0,1.0,Ag Ag Ag Ag Ge Ge S S S S S S 0 9 o-o 0 11 oo+ 0 8 ooo 0 7 oo+ 1 10 o+o 1 8 +o- 1 11 ooo 1 6 oo- 2 8 oo- 2 10 o+o 2 9 ooo 2 7 o+o 3 11 oo+ 3 9 +-o 3 10 ooo 3 6 o-o 4 10 ooo 4 11 ooo 4 6 ooo 4 7 +oo 5 9 ooo 5 8 ooo 5 7 ooo 5 6 ooo
mp-1229141,Ag2HgGeS4,112,311,313,199,2.7767857142857144,0,False,0,1.0,Ag Ag Ag Ag Hg Hg Ge Ge S S S S S S S S 0 14 ooo 0 9 ooo 0 10 +oo 0 12 o-o 1 15 ooo 1 8 ooo 1 13 ooo 1 11 o+o 2 14 ooo 2 8 +oo 2 13 ooo 2 12 ooo 3 15 ooo 3 9 oo+ 3 10 oo+ 3 11 ooo 4 9 oo+ 4 14 ooo 4 11 +oo 4 13 o-o 5 8 ooo 5 15 oo- 5 12 ooo 5 10 o+o 6 8 ooo 6 10 ooo 6 11 ooo 6 14 ooo 7 9 oo+ 7 13 ooo 7 12 oo+ 7 15 +oo
mp-29816,Ag2HgO2,116,339,341,223,2.9224137931034484,0,False,0,1.0,Ag Ag Ag Ag Ag Ag Ag Ag Hg Hg Hg Hg O O O O O O O O 0 16 ooo 0 12 ooo 1 12 +oo 1 16 ooo 2 17 o-+ 2 15 ooo 3 14 o+o 3 18 ooo 4 15 ooo 4 17 oo+ 5 13 -o- 5 19 ooo 6 19 ooo 6 13 oo- 7 18 ooo 7 14 ooo 8 15 ooo 8 19 ooo 8 14 ooo 8 12 ooo 9 17 ooo 9 12 ooo 9 18 -oo 9 19 o+o 10 13 ooo 10 14 ooo 10 16 o-o 10 15 +oo 11 16 oo- 11 18 ooo 11 13 oo- 11 17 ooo
mp-9635,Ag2HgS2,58,153,155,95,2.6379310344827585,0,False,0,1.0,Ag Ag Ag Ag Hg Hg S S S S 0 7 ooo 0 6 -oo 0 8 o-o 1 6 ooo 1 7 ooo 1 9 o+- 2 8 ooo 2 9 ooo 2 7 o-+ 3 9 ooo 3 8 +oo 3 6 o+o 4 9 ooo 4 7 o-o 5 6 -oo 5 8 o--
mp-546190,Ag2O3,58,151,153,93,2.603448275862069,0,False,0,1.0,Ag Ag Ag Ag O O O O O O 0 9 o+o 0 6 oo- 0 8 ooo 0 5 +oo 1 7 ooo 1 8 ooo 1 6 ooo 1 4 o+o 2 7 ooo 2 4 ooo 2 5 +oo 2 8 +-o 3 9 oo+ 3 5 oo+ 3 4 ooo 3 6 ooo
mp-560025,Ag2S,36,95,97,59,2.638888888888889,0,False,0,1.0,Ag Ag Ag Ag S S 0 4 ooo 0 5 ooo 1 4 o++ 1 4 oo+ 1 5 ooo 2 5 o-- 2 5 oo- 2 4 +oo 3 5 -oo 3 4 ooo
mp-11641,Ag2SeO4,110,297,299,187,2.7,0,False,0,1.0,Ag Ag Ag Ag Se Se O O O O O O O O 0 13 ooo 0 10 oo- 0 8 o+o 0 6 -oo 0 9 -oo 0 7 o+o 1 12 oo- 1 11 ooo 1 7 ooo 1 9 ooo 1 8 ooo 1 6 ooo 2 8 ooo 2 6 oo+ 2 13 o-o 2 10 +oo 2 12 +oo 2 11 o-o 3 9 oo+ 3 7 ooo 3 11 ooo 3 12 ooo 3 13 ooo 3 10 ooo 4 7 +oo 4 9 o-o 4 6 ooo 4 8 ooo 5 11 -oo 5 12 o+o 5 10 ooo 5 13 ooo
mp-663172,Ag2SeO4,107,289,291,182,2.7009345794392523,0,False,0,1.0,Ag Ag Ag Ag Se Se O O O O O O O O 0 10 ooo 0 13 ooo 0 8 -oo 0 6 oo- 0 7 -oo 0 9 oo- 1 12 ooo 1 11 ooo 1 7 o-o 1 9 ooo 1 6 ooo 2 8 ooo 2 6 ooo 2 13 +oo 2 10 oo+ 2 11 +oo 2 12 oo+ 3 9 ooo 3 7 ooo 3 11 o+o 3 12 ooo 3 10 ooo 3 13 o+o 4 9 +oo 4 8 ooo 4 6 o+o 4 7 oo+ 5 11 oo- 5 13 ooo 5 12 -oo 5 10 o-o
mp-9538,Ag3AsS4,112,311,313,199,2.7767857142857144,0,False,0,1.0,Ag Ag Ag Ag Ag Ag As As S S S S S S S S 0 14 o-o 0 15 +oo 0 10 ooo 0 9 ooo 1 11 ooo 1 13 -o+ 1 14 -oo 1 10 -oo 2 10 ooo 2 15 ooo 2 12 oo+ 2 11 ooo 3 12 o+o 3 13 ooo 3 8 ooo 3 11 oo- 4 9 ooo 4 15 ooo 4 12 ooo 4 8 ooo 5 8 ooo 5 13 -oo 5 14 -oo 5 9 -oo 6 15 o+o 6 8 ooo 6 11 ooo 6 14 ooo 7 13 o-o 7 9 ooo 7 10 oo- 7 12 +oo
mp-34982,Ag3AuS2,63,167,169,104,2.6507936507936507,0,False,0,1.0,Ag Ag Ag Au S S 0 4 +oo 0 4 ++o 0 5 ooo 0 3 oo- 0 3 +o- 0 1 ooo 0 2 +o- 1 4 o+o 1 4 ++o 1 5 o+o 1 5 ooo 1 3 ooo 2 5 -oo 2 5 ooo 2 4 oo+ 2 3 ooo 2 3 o-o 3 4 o++ 3 5 ooo
mp-1229128,Ag3PO4,112,309,311,197,2.7589285714285716,0,False,0,1.0,Ag Ag Ag Ag Ag Ag P P O O O O O O O O 0 9 o-o 0 8 ooo 0 12 o-o 0 15 ooo 1 11 -oo 1 8 ooo 1 13 -oo 1 12 ooo 2 10 oo- 2 8 ooo 2 15 oo- 2 13 ooo 3 12 oo+ 3 14 ooo 3 9 ooo 3 11 oo+ 4 13 o+o 4 14 ooo 4 11 ooo 4 10 o+o 5 15 +oo 5 14 ooo 5 10 ooo 5 9 +oo 6 15 ooo 6 13 ooo 6 12 ooo 6 14 ooo 7 11 --o 7 10 -o- 7 9 o-- 7 8 ooo
mp-1229116,Ag3SBr,41,108,110,67,2.6341463414634148,0,False,0,1.0,Ag Ag Ag S Br 0 3 oo- 0 3 ooo 0 4 o+o 0 4 -+o 1 3 o+o 1 3 ooo 1 4 -+o 1 4 -++ 2 3 ooo 2 3 +oo 2 4 oo+ 2 4 ooo
mp-36600,Ag3SBr,82,217,219,135,2.6463414634146343,0,False,0,1.0,Ag Ag Ag Ag Ag Ag S S Br Br 0 6 ooo 0 7 oo- 0 9 o-o 0 8 -oo 1 6 ooo 1 7 o+- 1 9 ooo 1 8 ooo 2 6 +oo 2 7 o+o 2 8 oo+ 2 9 ooo 3 7 ooo 3 6 +oo 3 8 ooo 3 9 ooo 4 7 ooo 4 6 ooo 4 8 -o+ 4 9 o-o 5 6 o-+ 5 7 -oo 5 8 -o+ 5 9 o-o
mp-1173025,Ag3SI,82,217,219,135,2.6463414634146343,0,False,0,1.0,Ag Ag Ag Ag Ag Ag S S I I 0 7 o+o 0 6 +oo 0 8 oo+ 0 9 ooo 1 6 o-+ 1 7 ooo 1 8 -o+ 1 9 o-o 2 6 +oo 2 7 o+- 2 9 ooo 2 8 ooo 3 6 ooo 3 7 oo- 3 9 o-o 3 8 -oo 4 7 -oo 4 6 ooo 4 8 -o+ 4 9 o-o 5 7 ooo 5 6 ooo 5 9 ooo 5 8 ooo
mp-675879,Ag3SI,82,217,219,135,2.6463414634146343,0,False,0,1.0,Ag Ag Ag Ag Ag Ag S S I I 0 6 ooo 0 7 +oo 0 9 o-o 0 8 ooo 1 7 +oo 1 6 oo- 1 9 ooo 1 9 o-o 2 6 ooo 2 7 oo+ 2 8 -oo 2 8 -+o 3 7 ooo 3 6 ooo 3 8 -+o 3 9 ooo 4 6 o-o 4 6 ooo 4 8 ooo 4 9 o-+ 5 7 o+o 5 7 ooo 5 9 ooo 5 8 -+-
mp-676121,Ag3SI,82,217,219,135,2.6463414634146343,0,False,0,1.0,Ag Ag Ag Ag Ag Ag S S I I 0 7 o-o 0 7 ooo 0 8 ooo 0 1 ooo 0 1 o-o 0 5 oo- 0 3 oo- 1 8 ooo 1 8 o+o 1 7 ooo 2 6 +oo 2 6 ooo 2 9 ooo 2 9 o+o 3 6 ooo 3 7 oo+ 3 7 -o+ 4 6 ooo 4 6 o+o 4 9 o+o 4 9 -+o 5 6 +oo 5 6 ooo 5 7 o-+
mp-676561,Ag3SI,32,84,86,52,2.625,0,False,0,1.0,Ag Ag Ag S I 0 3 +oo 0 3 +o+ 0 4 ooo 1 3 ++o 1 3 o+o 1 4 ooo 2 3 oo+ 2 3 o++ 2 4 ooo
mp-1215096,Ag3SI3,16,40,42,24,2.5,0,False,0,1.0,Ag Ag Ag S I I I 0 5 ooo 1 6 ooo 2 4 ++o
mp-1229187,Ag4Sn2(HgSe3)3,126,365,367,239,2.8968253968253967,0,False,0,1.0,Ag Ag Ag Ag Sn Sn Hg Hg Hg Se Se Se Se Se Se Se Se Se 0 16 ooo 0 12 ooo 0 9 ooo 0 11 ++o 1 16 oo- 1 13 ooo 1 17 +oo 1 10 ooo 2 9 -oo 2 15 o+o 2 14 ooo 2 17 ooo 3 9 o-o 3 14 +oo 3 15 ooo 3 13 ooo 4 17 o-o 4 13 -oo 4 11 oo- 4 10 ooo 5 9 ooo 5 15 ooo 5 14 ooo 5 10 ooo 6 16 ooo 6 12 o-o 6 15 ooo 6 11 ooo 7 16 -oo 7 12 ooo 7 14 ooo 7 11 ooo 8 12 oo- 8 17 ooo 8 13 o+o 8 10 ooo
mp-28965,AgBi2F12,69,181,183,112,2.6231884057971016,0,False,0,1.0,Ag Bi Bi F F F F F F F F F F F F 0 11 ooo 0 10 ooo 0 4 ooo 0 3 ooo 0 8 ooo 0 9 ooo 1 12 ooo 1 6 o-o 1 14 ooo 1 8 +-o 1 4 ooo 1 10 o-o 2 13 ooo 2 7 o+o 2 5 ooo 2 9 -+o 2 3 ooo 2 11 o+o
mp-1172905,AgBiS2,120,329,331,209,2.7416666666666667,0,False,0,1.0,Ag Ag Ag Bi Bi Bi S S S S S S 0 7 o+o 0 7 ooo 0 7 ++o 0 6 -oo 0 6 o+o 0 6 ooo 1 9 +oo 1 9 ooo 1 9 ++o 1 11 o-o 1 11 +oo 1 11 ooo 2 10 -oo 2 10 ooo 2 10 --o 2 8 o-- 2 8 --- 2 8 oo- 3 7 +oo 3 7 ++o 3 7 ooo 3 8 o-o 3 8 +oo 3 8 ooo 4 9 o+o 4 9 ooo 4 9 ++o 4 10 -oo 4 10 o+o 4 10 ooo 5 11 o-o 5 11 --o 5 11 ooo 5 6 -oo 5 6 --o 5 6 ooo
mp-675977,AgBiS2,80,211,213,131,2.6375,0,False,0,1.0,Ag Ag Bi Bi S S S S 0 7 +oo 0 7 ooo 0 6 ooo 0 6 o-o 0 4 oo- 0 5 oo+ 1 5 o++ 1 5 oo+ 1 4 ooo 1 4 -oo 1 6 ooo 1 7 oo+ 2 5 oo+ 2 5 -o+ 2 4 -oo 2 4 --o 2 7 ooo 2 6 --+ 3 7 ooo 3 7 o-o 3 6 o-o 3 6 --o 3 5 ooo 3 4 --o
mp-570858,AgCl,34,89,91,55,2.6176470588235294,0,False,0,1.0,Ag Ag Cl Cl 0 2 +-o 0 2 +oo 0 2 o-o 0 2 ooo 0 3 ooo 1 3 -+o 1 3 -oo 1 3 o+o 1 3 ooo 1 2 ooo
mp-997028,AgO2F,38,97,99,59,2.5526315789473686,0,False,0,1.0,Ag Ag O O O O F F 0 7 oo- 0 6 ooo 0 5 o-o 0 2 -o- 1 7 ooo 1 6 ooo 1 4 o+o 1 3 +oo 2 4 ooo 3 5 ooo
mp-997006,AgPtO2,50,131,133,81,2.62,0,False,0,1.0,Ag Ag Pt Pt O O O O 0 4 oo- 0 7 ooo 1 7 ooo 1 4 ooo 2 6 o-o 2 5 ooo 2 4 +-o 2 4 o-o 2 7 +oo 2 7 ooo 3 5 oo- 3 5 -o- 3 6 o-o 3 6 --o
mp-997106,AgRhO2,56,147,149,91,2.625,0,False,0,1.0,Ag Ag Rh Rh O O O O 0 4 ooo 0 5 ooo 1 6 ooo 1 7 ooo 2 5 -o- 2 5 oo- 2 5 --- 2 6 o-o 2 6 --o 2 6 ooo 3 7 o-o 3 7 ooo 3 7 --o 3 4 -oo 3 4 --o 3 4 ooo
mp-10809,AgSnF6,44,113,115,69,2.5681818181818183,0,False,0,1.0,Ag Sn F F F F F F 0 7 --- 0 6 ooo 0 4 --o 0 5 oo- 0 3 o-o 0 2 -o- 1 2 o-o 1 3 ooo 1 5 ooo 1 4 o-o 1 7 o-o 1 6 ooo
mp-1183009,Al(ClO2)3,74,195,197,121,2.635135135135135,0,False,0,1.0,Al Al Cl Cl Cl Cl Cl Cl O O O O O O O O O O O O 0 12 ooo 0 9 -o- 0 14 -oo 0 17 oo- 0 3 ooo 0 6 -o- 1 14 --o 1 17 oo- 1 12 o-o 1 9 -o- 1 3 ooo 1 6 --- 2 4 ooo 5 7 ooo 8 15 ooo 10 16 ooo 11 18 ooo 13 19 ooo
mp-1096807,Al(OF)3,25,62,64,37,2.48,0,False,0,1.0,Al O O O F F F 0 6 -oo 0 5 o-o 0 4 oo- 0 1 o-- 0 3 -o- 0 2 --o
mp-2014966,Al(VS2)4,97,258,260,161,2.6597938144329896,0,False,0,1.0,Al V V V V S S S S S S S S 0 9 o-o 0 12 o-- 0 10 oo- 0 11 +-- 1 8 ooo 1 6 ooo 1 7 ooo 1 11 oo- 1 10 oo- 1 12 oo- 2 7 ooo 2 8 ooo 2 5 ooo 2 12 o-o 2 9 o-o 2 11 o-o 3 8 ooo 3 5 ooo 3 6 ooo 3 12 -oo 3 9 -oo 3 10 -oo 4 5 ooo 4 6 ooo 4 7 ooo 4 11 ooo 4 10 ooo 4 9 ooo
mp-1103510,Al2HgSe4,110,305,307,195,2.772727272727273,0,False,0,1.0,Al Al Al Al Hg Hg Se Se Se Se Se Se Se Se 0 8 -oo 0 12 o-o 0 11 -oo 0 7 o-o 0 13 --o 0 9 ooo 1 10 -oo 1 12 oo- 1 8 -oo 1 6 oo- 1 9 ooo 1 13 -o- 2 11 oo- 2 10 o-o 2 6 oo- 2 7 o-o 2 9 ooo 2 13 o-- 3 10 --o 3 7 o-o 3 8 -oo 3 11 -o- 3 6 oo- 3 12 o-- 4 9 ooo 4 6 ooo 4 7 ooo 4 8 ooo 5 13 ooo 5 11 ooo 5 10 ooo 5 12 ooo
mp-1248716,Al2OsPd,16,43,45,27,2.6875,0,False,0,1.0,Al Al Os Pd 0 2 ooo 0 3 +oo 1 2 o++ 1 3 o++
mp-1096814,Al2ZnS4,49,128,130,79,2.6122448979591835,0,False,0,1.0,Al Al Zn S S S S 0 5 ooo 0 3 -oo 0 3 o+o 0 3 ooo 1 4 -oo 1 4 --o 1 4 ooo 1 5 o-o 1 5 --o 1 5 ooo 2 6 +oo 2 6 o-o 2 6 ooo 2 4 ooo
mp-1096818,Al2ZnS4,98,265,267,167,2.704081632653061,0,False,0,1.0,Al Al Al Al Zn Zn S S S S S S S S 0 10 +oo 0 10 ooo 0 10 ++o 0 8 o-o 0 8 +oo 0 8 ooo 1 11 o+o 1 11 ++o 1 11 ooo 1 9 o+o 1 9 -oo 1 9 ooo 2 6 o+o 2 6 ooo 2 6 ++o 2 8 ooo 3 7 +oo 3 7 ++o 3 7 ooo 3 9 ooo 4 12 -oo 4 12 --o 4 12 ooo 4 10 ooo 5 13 o-o 5 13 --o 5 13 ooo 5 11 ooo
mp-1228446,Al3BC,76,201,203,125,2.6447368421052633,0,False,0,1.0,Al Al Al Al Al Al B B C C 0 9 ooo 0 6 o+o 0 6 ++o 0 6 ooo 1 8 ooo 1 6 +oo 1 6 ooo 1 6 ++o 2 8 ooo 2 7 +o+ 2 7 +++ 2 7 oo+ 3 9 ooo 3 7 o+o 3 7 ++o 3 7 ooo 4 9 o-o 4 9 ooo 4 9 --o 5 8 -oo 5 8 ooo 5 8 --o
mp-1228728,Al4InAgTe8,86,239,241,153,2.7790697674418605,0,False,0,1.0,Al Al Al Al In Ag Te Te Te Te Te Te Te Te 0 12 ooo 0 10 ooo 0 7 o-o 0 9 +oo 1 6 oo- 1 8 ooo 1 13 ooo 1 11 oo- 2 12 ooo 2 8 oo+ 2 7 ooo 2 11 +oo 3 10 ooo 3 6 oo- 3 9 ooo 3 13 o-o 4 7 ooo 4 9 ooo 4 11 ooo 4 13 ooo 5 8 o-o 5 6 +o- 5 10 ooo 5 12 oo-
mp-1182913,AlC5NCl,70,183,185,113,2.6142857142857143,0,False,0,1.0,Al Al C C C C C C C C C C N N Cl Cl 0 12 oo- 0 14 ooo 0 8 ooo 0 11 ooo 1 13 oo+ 1 15 ooo 1 9 ooo 1 10 ooo 2 12 ooo 2 4 ooo 2 7 ooo 3 13 ooo 3 5 ooo 3 6 ooo 4 8 ooo 5 9 ooo 6 10 ooo 7 11 ooo
mp-1182891,AlCNO5,82,219,221,137,2.6707317073170733,0,False,0,1.0,Al Al C C N N O O O O O O O O O O 0 9 -oo 0 8 o-- 0 13 --o 0 14 ooo 0 12 --- 0 15 oo- 1 10 o-o 1 11 -oo 1 12 --o 1 13 --o 1 15 ooo 1 14 ooo 2 8 ooo 2 10 ooo 2 6 ooo 3 11 ooo 3 9 ooo 3 7 ooo 4 12 ooo 4 15 ooo 5 13 ooo 5 14 ooo
mp-776216,AlCoO3,82,215,217,133,2.6219512195121952,0,False,0,1.0,Al Al Co Co O O O O O O 0 7 ooo 0 5 -oo 0 9 oo+ 0 8 oo+ 0 6 ooo 0 4 ooo 1 4 oo- 1 8 +oo 1 6 ooo 1 7 ooo 1 5 oo- 1 9 ooo 2 6 ooo 2 4 -oo 2 5 o+- 2 9 o+o 2 8 ooo 2 7 o+o 3 7 ooo 3 9 +oo 3 5 ooo 3 8 o-+ 3 4 o-o 3 6 o-o
mp-776172,AlCuO3,128,359,361,231,2.8046875,0,False,0,1.0,Al Al Al Al Cu Cu Cu Cu O O O O O O O O O O O O 0 11 ooo 0 10 oo+ 0 18 ooo 0 12 -oo 0 14 ooo 1 17 ooo 1 16 ooo 1 8 ooo 1 14 ooo 1 12 ooo 2 10 ooo 2 11 ooo 2 19 ooo 2 13 ooo 2 15 ooo 3 16 ooo 3 17 oo- 3 9 ooo 3 15 +oo 3 13 ooo 4 18 ooo 4 9 --o 4 15 ooo 4 12 --o 5 8 o-o 5 19 ooo 5 16 ooo 5 11 o-o 6 9 --o 6 18 oo- 6 17 -o- 6 10 o-o 7 8 o-- 7 19 ooo 7 14 oo- 7 13 o-o
mp-1228950,AlGa(CuSe2)2,56,151,153,95,2.6964285714285716,0,False,0,1.0,Al Ga Cu Cu Se Se Se Se 0 7 oo- 0 4 ooo 0 5 oo- 0 6 ooo 1 6 oo+ 1 7 o-- 1 5 +oo 1 4 ooo 2 6 -oo 2 4 ooo 2 5 o+o 2 7 ooo 3 7 o-- 3 5 ooo 3 4 --- 3 6 -oo
mp-1228890,AlInSb2,28,75,77,47,2.6785714285714284,0,False,0,1.0,Al In Sb Sb 0 2 o-o 0 2 ooo 0 3 oo- 0 3 -o- 1 3 o+o 1 3 ooo 1 2 ooo 1 2 +oo
mp-1045538,AlV2O4,122,326,328,204,2.6721311475409837,0,False,0,1.0,Al Al V V V V O O O O O O O O 0 6 ooo 0 13 --o 0 9 -oo 0 11 ooo 0 12 o-o 0 7 --o 1 8 oo- 1 10 -oo 1 9 -o- 1 12 ooo 1 7 -oo 1 11 oo- 2 10 ooo 2 8 oo- 2 13 ooo 2 6 oo- 2 7 ooo 2 11 oo- 3 10 ooo 3 8 o-- 3 7 o-o 3 11 oo- 3 9 ooo 3 12 o-- 4 6 ooo 4 13 -oo 4 8 ooo 4 10 -oo 4 12 ooo 4 9 -oo 5 6 ooo 5 13 ooo 5 9 ooo 5 12 ooo 5 7 oo+ 5 11 oo-
mp-1264182,AlV4(CuO4)3,140,390,392,250,2.7857142857142856,0,False,0,1.0,Al V V V V Cu Cu Cu O O O O O O O O O O O O 0 10 -oo 0 19 o+o 0 9 ooo 0 18 -+o 1 8 ooo 1 14 o-o 1 15 o-- 1 19 oo- 1 12 ooo 1 9 o-- 2 13 +-o 2 16 +oo 2 14 o-o 2 10 o-o 2 18 ooo 2 19 +oo 3 8 ooo 3 11 +oo 3 17 oo- 3 13 +oo 3 18 oo- 3 9 +o- 4 12 ooo 4 15 ooo 4 11 ooo 4 17 ooo 4 16 ooo 4 10 ooo 5 15 o-o 5 12 ooo 5 13 o-o 5 18 ooo 6 19 oo- 6 17 oo- 6 11 ooo 6 14 ooo 7 16 +oo 7 10 ooo 7 8 ooo 7 9 +oo
mp-766,As2Ru,48,129,131,81,2.6875,0,False,0,1.0,As As As As Ru Ru 0 4 ooo 0 5 +o+ 0 5 oo+ 0 1 oo+ 1 4 ooo 1 5 o+o 1 5 ++o 2 5 ooo 2 4 -oo 2 4 ooo 2 3 o-o 3 5 o++ 3 4 ooo 3 4 -oo
mp-755240,AsAuO3,92,255,257,163,2.7717391304347827,0,False,0,1.0,As As As As Au Au Au Au O O O O O O O O O O O O 0 8 ooo 0 10 ooo 0 11 oo+ 0 13 ooo 1 9 ooo 1 12 ooo 1 13 ooo 1 11 ooo 2 18 ooo 2 15 ooo 2 14 ooo 2 16 ooo 3 19 ooo 3 17 ooo 3 16 oo- 3 14 ooo 4 9 -oo 4 19 o+o 5 12 ooo 5 17 ooo 6 10 ooo 6 15 ooo 7 8 o-o 7 18 +oo
mp-1228799,AsP,22,57,59,35,2.590909090909091,0,False,0,1.0,As As P P 0 3 -oo 0 3 ooo 0 1 oo- 1 2 +oo 1 2 ooo 2 3 -++
mp-1228753,AsPRu,48,127,129,79,2.6458333333333335,0,False,0,1.0,As As P P Ru Ru 0 4 ooo 0 5 ++o 0 5 o+o 0 1 oo- 1 4 ooo 1 5 +o+ 1 5 oo+ 2 5 ooo 2 4 ooo 2 4 -oo 2 3 o-o 3 5 o++ 3 4 -oo 3 4 ooo
mp-2901862,AuBr3N2,24,60,62,36,2.5,0,False,0,1.0,Au Br Br Br N N 0 5 --o 0 4 oo- 1 5 ooo 1 4 ooo 2 4 ooo 3 5 ooo
mp-1106370,BN2Cl,52,129,131,77,2.480769230769231,0,False,0,1.0,B B B B N N N N N N N N Cl Cl Cl Cl 0 8 ooo 0 6 oo- 0 4 ooo 1 9 ooo 1 7 oo+ 1 5 ooo 2 10 ooo 2 4 ooo 2 6 ooo 3 11 ooo 3 5 ooo 3 7 ooo
mp-10437,Ba(CuSe)2,53,142,144,89,2.6792452830188678,0,False,0,1.0,Ba Cu Cu Se Se 0 4 oo- 0 4 o-- 0 4 -o- 0 4 --- 0 3 o-o 0 3 -oo 0 3 --o 0 3 ooo 1 4 ooo 1 4 o+o 1 3 ooo 1 3 -oo 2 3 o-o 2 3 ooo 2 4 +oo 2 4 ooo
mp-4473,Ba(CuSe)2,308,891,893,583,2.892857142857143,0,True,381,0.5723905723905723,Ba Ba Ba Ba Cu Cu Cu Cu Cu Cu Cu Cu Se Se Se Se Se Se Se Se 0 14 ooo 0 12 +oo 0 12 ooo 0 19 ooo 0 19 +oo 0 17 o-o 0 17 +-o 0 5 ooo 0 6 o-o 0 9 +oo 0 9 ooo 0 7 +oo 0 7 ooo 0 11 +oo 0 11 ooo 0 8 ooo 1 15 ooo 1 13 ooo 1 13 -oo 1 18 ooo 1 18 -oo 1 16 -+o 1 16 o+o 1 4 ooo 1 7 o+o 1 8 -oo 1 8 ooo 1 6 ooo 1 6 -oo 1 10 ooo 1 10 -oo 1 9 ooo 2 13 ooo 2 15 +o+ 2 15 oo+ 2 17 ooo 2 17 +oo 2 19 ooo 2 19 +oo 2 6 ooo 2 5 ooo 2 11 o+o 2 11 ++o 2 4 oo+ 2 4 +o+ 2 9 +oo 2 9 ooo 2 10 oo+ 3 12 ooo 3 14 oo- 3 14 -o- 3 16 -oo 3 16 ooo 3 18 -oo 3 18 ooo 3 7 ooo 3 4 ooo 3 10 o-o 3 10 --o 3 5 -o- 3 5 oo- 3 8 -oo 3 8 ooo 3 11 oo- 4 15 ooo 4 19 oo- 4 18 -oo 4 18 ooo 5 14 ooo 5 18 oo+ 5 19 ooo 5 19 +oo 6 13 ooo 6 16 o+o 6 17 ooo 6 17 +oo 7 12 ooo 7 17 o-o 7 16 ooo 7 16 -oo 8 12 +oo 8 12 ooo 8 18 ooo 8 13 ooo 9 13 -oo 9 13 ooo 9 19 ooo 9 12 ooo 10 15 +oo 10 15 ooo 10 16 o+o 10 14 o+- 11 14 ooo 11 14 -oo 11 17 o-o 11 15 o-+
mp-29209,Ba(MgBi)2,47,126,128,79,2.6808510638297873,0,False,0,1.0,Ba Mg Mg Bi Bi 0 3 o-o 0 3 ooo 0 3 --o 0 4 -o- 0 4 --- 0 4 oo- 1 3 o-o 1 3 +oo 1 3 ooo 1 4 ooo 2 4 o+o 2 4 -oo 2 4 ooo 2 3 ooo
mp-1048504,Ba2AlFe3O7,115,313,315,198,2.7217391304347824,0,False,0,1.0,Ba Ba Al Fe Fe Fe O O O O O O O 0 6 +oo 0 6 ooo 0 11 ooo 0 11 o-o 0 11 +-o 0 11 +oo 0 9 ooo 0 9 -oo 0 7 ooo 1 6 oo+ 1 6 +o+ 1 12 ooo 1 12 o+o 1 12 -+o 1 12 -oo 1 8 ooo 1 10 ooo 1 10 +oo 2 8 ooo 2 7 ooo 2 9 ooo 2 10 ooo 3 9 o+o 3 7 ooo 3 7 +oo 3 11 +oo 4 10 o-o 4 8 ooo 4 8 -oo 4 12 -oo 5 12 oo- 5 11 +-o 5 6 +oo 5 6 +-o
mp-862947,Ba2BiAu,52,139,141,87,2.673076923076923,0,False,0,1.0,Ba Ba Bi Au 0 3 ooo 0 3 oo+ 0 3 o+o 0 3 +oo 0 2 o-o 0 2 -oo 0 2 oo- 0 2 ooo 1 3 o-o 1 3 oo- 1 3 -oo 1 3 ooo 1 2 --- 1 2 --o 1 2 -o- 1 2 o--
mp-643903,Ba2BiSbO6,79,207,209,128,2.6202531645569622,0,False,0,1.0,Ba Ba Bi Sb O O O O O O 0 9 -oo 0 6 ooo 0 5 o-o 0 4 oo+ 0 8 oo+ 0 8 ooo 0 7 ooo 1 6 +oo 1 9 ooo 1 8 o+o 1 7 oo- 1 5 oo- 1 5 ooo 1 4 ooo 2 4 -oo 2 7 o-- 3 5 -o- 3 8 ooo 3 6 oo- 3 9 -oo 4 5 o-- 6 9 -oo 7 8 o++
mp-1093931,Ba2CdAg,16,43,45,27,2.6875,0,False,0,1.0,Ba Ba Cd Ag 0 3 +o+ 0 2 ooo 1 3 ooo 1 2 ooo
mp-1079666,Ba2CdAs2,94,253,255,159,2.6914893617021276,0,False,0,1.0,Ba Ba Ba Ba Cd Cd As As As As 0 8 ooo 0 9 o++ 0 9 -o+ 0 7 -oo 0 7 o+o 1 9 ooo 1 8 o-o 1 8 +oo 1 6 o-o 1 6 +oo 2 8 ooo 2 6 o-o 2 6 +oo 2 7 -o- 2 7 o+- 3 9 oo+ 3 7 -oo 3 7 o+o 3 6 o-o 3 6 +oo 4 9 -oo 4 9 o+o 4 6 ooo 4 7 -+- 5 8 o-o 5 8 +oo 5 7 ooo 5 6 +-o
mp-1247299,Ba2CdN2,41,108,110,67,2.6341463414634148,0,False,0,1.0,Ba Ba Cd N N 0 4 oo- 0 3 o+o 0 3 ooo 0 3 ++o 0 3 +oo 1 3 oo+ 1 4 o-o 1 4 ooo 1 4 --o 1 4 -oo 2 3 ooo 2 4 ooo
mp-1105922,Ba2DyGaTe5,168,481,483,313,2.863095238095238,0,False,0,1.0,Ba Ba Ba Ba Dy Dy Ga Ga Te Te Te Te Te Te Te Te Te Te 0 9 -o+ 0 9 o++ 0 14 o+o 0 14 -oo 0 11 -oo 0 11 o+o 0 12 ooo 1 8 +oo 1 8 o-o 1 15 +oo 1 15 o-o 1 10 o-o 1 10 +oo 1 13 ooo 2 9 -oo 2 9 o+o 2 10 ooo 2 15 -oo 2 15 o+o 2 13 -oo 2 13 o+o 2 17 -+o 3 8 o-o 3 8 +oo 3 11 ooo 3 14 o-o 3 14 +oo 3 12 +oo 3 12 o-o 3 16 +-o 4 8 ooo 4 11 o+o 4 11 -oo 4 13 o+o 4 13 -oo 4 16 ooo 5 9 ooo 5 10 o-o 5 10 +oo 5 12 +o- 5 12 o-- 5 17 ooo 6 14 ooo 6 12 ooo 6 17 o++ 6 17 -o+ 7 15 ooo 7 13 ooo 7 16 +oo 7 16 o-o
mp-2222849,Ba2DyMgSbO6,113,304,306,191,2.690265486725664,0,False,0,1.0,Ba Ba Dy Mg Sb O O O O O O 0 9 o+o 0 7 o+o 0 6 +oo 0 5 +oo 0 8 +oo 0 8 o+o 0 10 oo+ 0 10 ooo 0 3 oo+ 1 6 o-o 1 5 o-o 1 9 -oo 1 7 -oo 1 10 -oo 1 10 o-o 1 8 ooo 1 8 oo- 1 3 ooo 2 9 -oo 2 6 o-o 2 7 -o- 2 5 o-- 2 8 oo- 2 10 --o 3 6 ooo 3 5 oo- 3 9 ooo 3 7 oo- 4 7 ooo 4 6 ooo 4 9 ooo 4 5 ooo 4 10 ooo 4 8 ooo
mp-1105724,Ba2ErGaTe5,168,481,483,313,2.863095238095238,0,False,0,1.0,Ba Ba Ba Ba Er Er Ga Ga Te Te Te Te Te Te Te Te Te Te 0 9 -o+ 0 9 o++ 0 14 -oo 0 14 o+o 0 11 -oo 0 11 o+o 0 12 ooo 1 8 o-o 1 8 +oo 1 15 o-o 1 15 +oo 1 10 o-o 1 10 +oo 1 13 ooo 2 9 o+o 2 9 -oo 2 10 ooo 2 15 -oo 2 15 o+o 2 13 o+o 2 13 -oo 2 17 -+o 3 8 +oo 3 8 o-o 3 11 ooo 3 14 o-o 3 14 +oo 3 12 +oo 3 12 o-o 3 16 +-o 4 8 ooo 4 11 -oo 4 11 o+o 4 13 -oo 4 13 o+o 4 16 ooo 5 9 ooo 5 10 o-o 5 10 +oo 5 12 +o- 5 12 o-- 5 17 ooo 6 14 ooo 6 12 ooo 6 17 o++ 6 17 -o+ 7 15 ooo 7 13 ooo 7 16 o-o 7 16 +oo
mp-1228487,Ba2In2O5,93,245,247,152,2.6344086021505375,0,False,0,1.0,Ba Ba In In O O O O O 0 8 oo+ 0 4 o+o 0 4 -+o 0 4 ooo 0 4 -oo 0 6 -oo 0 6 ooo 0 7 ooo 0 7 o+o 1 8 ooo 1 5 o+o 1 5 -+o 1 5 -oo 1 5 ooo 1 6 ooo 1 6 -oo 1 7 ooo 1 7 o+o 2 7 +oo 2 7 ooo 2 6 o-o 2 6 ooo 2 4 ooo 2 5 ooo 3 5 ooo 3 4 oo- 3 8 +oo 3 8 ooo
mp-1207040,Ba2InOsO6,118,311,313,193,2.635593220338983,0,False,0,1.0,Ba Ba In Os O O O O O O 0 8 ooo 0 8 oo- 0 6 ooo 0 6 o-o 0 4 ooo 0 4 -oo 0 7 -oo 0 7 oo- 0 5 o-o 0 5 oo- 0 9 -oo 0 9 o-o 1 7 o+o 1 7 ooo 1 9 oo+ 1 9 ooo 1 5 +oo 1 5 ooo 1 8 o+o 1 8 +oo 1 6 +oo 1 6 oo+ 1 4 oo+ 1 4 o+o 2 7 ooo 2 9 ooo 2 5 ooo 2 6 ooo 2 8 ooo 2 4 ooo 3 6 o-o 3 4 -oo 3 8 oo- 3 9 --o 3 5 o-- 3 7 -o-
mp-1235156,Ba2Li(NiO3)2,101,271,273,170,2.6831683168316833,0,False,0,1.0,Ba Ba Li Ni Ni O O O O O O 0 8 oo+ 0 5 oo+ 0 10 ooo 0 9 o-o 0 7 ooo 0 6 o-o 0 6 ooo 1 7 oo- 1 9 oo- 1 6 ooo 1 8 ooo 1 5 o+o 1 10 ooo 1 10 o+o 2 8 -oo 2 5 -oo 2 7 ooo 2 9 ooo 3 9 o-o 3 7 ooo 3 8 --o 3 5 -oo 3 10 ooo 3 6 --o 4 10 ooo 4 6 --- 4 5 -oo 4 8 --o 4 9 o-- 4 7 oo-
mp-1236113,Ba2Li(NiO3)2,104,279,281,175,2.6826923076923075,0,False,0,1.0,Ba Ba Li Ni Ni O O O O O O 0 8 oo+ 0 6 o-o 0 9 o-o 0 5 oo+ 0 10 oo+ 0 7 ooo 0 7 +oo 1 7 oo- 1 6 ooo 1 9 ooo 1 8 ooo 1 8 -oo 1 5 o+o 1 5 -oo 1 10 o+o 1 10 ooo 2 8 ooo 2 9 +oo 2 6 ooo 3 7 ooo 3 5 -oo 3 10 ooo 3 8 --o 3 6 --o 3 9 o-o 4 9 o-o 4 6 --o 4 10 oo+ 4 5 -o+ 4 8 --+ 4 7 ooo
mp-1096688,Ba2LiTl,16,43,45,27,2.6875,0,False,0,1.0,Ba Ba Li Tl 0 3 o+o 0 2 ++o 1 3 oo+ 1 2 oo+
mp-1236492,Ba2LiY2(Fe2O5)2,184,522,524,338,2.8369565217391304,0,True,12,0.9770114942528736,Ba Ba Li Y Y Fe Fe Fe Fe O O O O O O O O O O 0 17 o-o 0 17 --o 0 10 ooo 0 10 -oo 0 14 ooo 0 16 ooo 0 18 o-o 0 18 --o 0 2 o-o 1 17 o-o 1 17 --o 1 12 ooo 1 12 -oo 1 14 ooo 1 16 oo- 1 18 o-- 1 18 --- 1 2 o-- 2 13 ooo 2 18 ooo 2 18 -oo 3 11 ooo 3 11 -oo 3 13 oo- 3 15 ooo 3 14 ooo 3 12 ooo 3 12 -oo 3 16 oo- 4 9 ooo 4 9 -oo 4 13 ooo 4 15 ooo 4 14 ooo 4 10 ooo 4 10 -oo 4 16 ooo 5 17 ooo 5 9 ooo 5 11 ooo 5 15 ooo 5 15 +oo 6 16 ooo 6 16 +oo 6 12 oo+ 6 10 ooo 7 14 ooo 7 14 +oo 7 10 ooo 7 12 ooo 8 13 ooo 8 13 +oo 8 11 oo+ 8 9 ooo 8 18 ooo
mp-2232127,Ba2Mg(FeO2)4,132,361,363,229,2.734848484848485,0,False,0,1.0,Ba Ba Mg Fe Fe Fe Fe O O O O O O O O 0 12 o-o 0 10 o-o 0 8 --o 0 11 ooo 0 7 --o 0 9 ooo 0 14 -oo 0 14 ooo 0 14 --o 1 12 o-- 1 10 o-o 1 11 ooo 1 8 --- 1 7 --o 1 9 oo- 1 13 o-o 1 13 --o 1 13 ooo 1 2 -oo 1 2 ooo 1 2 --o 2 5 ooo 2 4 oo- 3 13 ooo 3 10 ooo 3 7 ooo 3 11 ooo 4 14 ooo 4 9 +oo 4 12 o-o 4 8 ooo 5 14 ooo 5 7 o-o 5 10 +oo 5 11 ooo 6 13 ooo 6 9 oo- 6 12 oo- 6 8 oo-
mp-2217871,Ba2MgNiMoO6,104,279,281,175,2.6826923076923075,0,False,0,1.0,Ba Ba Mg Ni Mo O O O O O O 0 8 ooo 0 6 ooo 0 10 ooo 0 7 o+o 0 7 oo+ 0 9 oo+ 0 9 +oo 0 5 o+o 0 5 +oo 1 5 ooo 1 9 ooo 1 7 ooo 1 3 ooo 1 6 oo- 1 6 -oo 1 10 o-o 1 10 oo- 1 8 o-o 1 8 -oo 2 10 +oo 2 6 o+o 2 8 oo+ 3 7 -oo 3 5 oo- 3 9 o-o 4 7 ooo 4 9 ooo 4 5 ooo 4 8 ooo 4 10 ooo 4 6 ooo
mp-1228483,Ba2Nd2Co4O11,217,615,617,398,2.834101382488479,0,True,105,0.8292682926829268,Ba Ba Nd Nd Co Co Co Co O O O O O O O O O O O 0 16 -oo 0 16 oo+ 0 17 o++ 0 17 ooo 0 11 o++ 0 10 ooo 0 15 ooo 0 12 -oo 0 14 o+o 0 9 oo+ 0 8 -oo 0 13 ooo 1 16 o-o 1 16 oo+ 1 17 +o+ 1 17 ooo 1 10 +o+ 1 15 ooo 1 12 o-o 1 11 ooo 1 14 +oo 1 8 oo+ 1 9 o-o 1 13 ooo 2 9 oo+ 2 8 -oo 2 14 ooo 2 13 ooo 2 12 -oo 2 11 -oo 2 10 oo+ 2 15 -oo 2 18 o++ 2 18 ooo 3 9 o-o 3 8 oo+ 3 13 ooo 3 14 ooo 3 10 o-o 3 15 o-o 3 11 oo+ 3 12 o-o 3 18 +o+ 3 18 ooo 4 12 ooo 4 13 oo- 4 9 ooo 4 8 ooo 4 16 ooo 5 17 ooo 5 18 ooo 5 13 ooo 5 8 -oo 5 9 o-o 5 12 --- 6 16 ooo 6 18 ++o 6 14 ++o 6 11 o+o 6 10 +oo 6 15 oo- 7 11 ooo 7 10 ooo 7 15 ooo 7 14 oo- 7 17 ooo
mp-1207268,Ba2PuPbO6,118,311,313,193,2.635593220338983,0,False,0,1.0,Ba Ba Pu Pb O O O O O O 0 4 ooo 0 4 oo+ 0 8 ooo 0 8 +oo 0 6 ooo 0 6 o+o 0 5 +oo 0 5 o+o 0 7 oo+ 0 7 +oo 0 9 o+o 0 9 oo+ 1 7 o-o 1 7 ooo 1 9 -oo 1 9 ooo 1 5 oo- 1 5 ooo 1 8 oo- 1 8 o-o 1 4 -oo 1 4 o-o 1 6 oo- 1 6 -oo 2 8 o-- 2 4 --o 2 6 -o- 2 7 o-o 2 9 -oo 2 5 oo- 3 7 ooo 3 8 ooo 3 9 ooo 3 5 ooo 3 4 ooo 3 6 ooo
mp-2218091,Ba2TbMgSbO6,113,303,305,190,2.6814159292035398,0,False,0,1.0,Ba Ba Tb Mg Sb O O O O O O 0 8 +oo 0 9 oo+ 0 5 +oo 0 10 oo+ 0 6 oo+ 0 6 +oo 0 7 o+o 0 7 ooo 0 3 o+o 1 10 -oo 1 5 oo- 1 9 -oo 1 8 oo- 1 7 oo- 1 7 -oo 1 6 o-o 1 6 ooo 1 3 ooo 2 9 -oo 2 5 o-- 2 8 oo- 2 10 --o 2 6 o-o 2 7 -o- 3 10 o-o 3 8 ooo 3 9 ooo 3 5 o-o 4 9 ooo 4 5 ooo 4 10 ooo 4 8 ooo 4 7 ooo 4 6 ooo
mp-1079477,Ba2VMoO6,236,669,671,433,2.8347457627118646,0,True,159,0.7623318385650224,Ba Ba Ba Ba V V Mo Mo O O O O O O O O O O O O 0 11 oo- 0 17 ooo 0 13 ooo 0 19 oo- 0 10 ooo 0 16 oo- 0 12 oo- 0 18 ooo 0 15 ooo 0 15 oo- 0 8 ooo 0 8 +oo 1 11 -+o 1 17 o+o 1 13 -+o 1 19 o+o 1 10 ooo 1 16 -oo 1 12 ooo 1 18 -oo 1 9 -oo 1 9 ooo 1 14 oo+ 1 14 ooo 2 17 o+o 2 11 o+- 2 19 o+- 2 13 o+o 2 16 oo- 2 10 ooo 2 18 ooo 2 12 oo- 2 9 oo- 2 9 ooo 2 14 ooo 2 14 +oo 3 17 ooo 3 11 -oo 3 19 ooo 3 13 -oo 3 16 -oo 3 10 ooo 3 18 -oo 3 12 ooo 3 15 -oo 3 15 ooo 3 8 ooo 3 8 oo+ 4 17 ooo 4 11 -o- 4 13 -oo 4 19 oo- 4 14 o-o 4 8 ooo 5 12 ooo 5 18 ooo 5 10 ooo 5 16 ooo 5 15 ooo 5 9 ooo 6 15 ooo 6 9 o-o 6 19 ooo 6 13 ooo 6 11 ooo 6 17 ooo 7 14 ooo 7 8 ooo 7 18 -oo 7 12 oo- 7 16 -o- 7 10 ooo
mp-1189739,Ba2YGaTe5,168,479,481,311,2.8511904761904763,0,False,0,1.0,Ba Ba Ba Ba Y Y Ga Ga Te Te Te Te Te Te Te Te Te Te 0 9 o-- 0 9 +o- 0 14 o-o 0 14 +oo 0 11 o-o 0 11 +oo 0 12 ooo 1 8 -oo 1 8 o+o 1 15 -oo 1 15 o+o 1 10 -oo 1 10 o+o 1 13 ooo 2 9 o-o 2 9 +oo 2 10 ooo 2 15 o-o 2 15 +oo 2 13 o-o 2 13 +oo 2 17 +-o 3 8 o+o 3 8 -oo 3 11 ooo 3 14 -oo 3 14 o+o 3 12 o+o 3 12 -oo 3 16 -+o 4 8 ooo 4 11 +oo 4 11 o-o 4 13 +oo 4 13 o-o 4 16 ooo 5 9 ooo 5 10 -oo 5 10 o+o 5 12 -o+ 5 12 o++ 5 17 ooo 6 14 ooo 6 12 ooo 6 17 +o- 6 17 o-- 7 15 ooo 7 13 ooo 7 16 -oo 7 16 o+o
mp-1106096,Ba2YInTe5,174,497,499,323,2.8563218390804597,0,False,0,1.0,Ba Ba Ba Ba Y Y In In Te Te Te Te Te Te Te Te Te Te 0 9 o++ 0 9 -o+ 0 14 o+o 0 14 -oo 0 11 o+o 0 11 -oo 0 12 ooo 0 16 ooo 1 8 +oo 1 8 o-o 1 15 +oo 1 15 o-o 1 10 +oo 1 10 o-o 1 13 ooo 1 17 ooo 2 9 -oo 2 9 o+o 2 10 ooo 2 15 -oo 2 15 o+o 2 13 -oo 2 13 o+o 2 17 -+o 3 8 o-o 3 8 +oo 3 11 ooo 3 14 o-o 3 14 +oo 3 12 o-o 3 12 +oo 3 16 +-o 4 8 ooo 4 11 -oo 4 11 o+o 4 13 -oo 4 13 o+o 4 16 ooo 5 9 ooo 5 10 +oo 5 10 o-o 5 12 o-- 5 12 +o- 5 17 ooo 6 14 ooo 6 17 o++ 6 17 -o+ 6 12 ooo 7 15 ooo 7 16 +oo 7 16 o-o 7 13 ooo
mp-2232498,Ba2YMgFe3O8,138,380,382,242,2.753623188405797,0,False,0,1.0,Ba Ba Y Mg Fe Fe Fe O O O O O O O O 0 9 oo- 0 9 o+- 0 14 oo- 0 14 +o- 0 10 ooo 0 10 ++o 0 10 o+o 0 10 +oo 1 14 +oo 1 14 ooo 1 13 o+o 1 13 ooo 1 13 ++o 1 13 +oo 1 11 ooo 1 11 +oo 1 9 o+o 1 9 ooo 2 12 ooo 2 12 o+o 2 11 ooo 2 11 +oo 2 7 ooo 2 7 +oo 3 7 ooo 3 7 +oo 3 8 ooo 3 8 o+o 4 10 ooo 4 8 ooo 4 8 -oo 5 9 -oo 5 9 ooo 5 13 ooo 5 14 o-o 5 14 ooo 6 13 ooo 6 11 o-o 6 11 ooo 6 12 -oo 6 12 ooo
mp-2241129,Ba2YMgFe3O8,165,453,455,288,2.7454545454545456,0,False,0,1.0,Ba Ba Y Mg Fe Fe Fe O O O O O O O O 0 10 +oo 0 10 o+o 0 10 ooo 0 10 ++o 0 9 ooo 0 9 o+o 0 14 +oo 0 14 ooo 1 13 +oo 1 13 ++o 1 13 ooo 1 13 o+o 1 9 oo+ 1 9 o++ 1 14 oo+ 1 14 +o+ 2 12 o+o 2 12 ooo 2 8 o+o 2 8 ooo 2 7 ooo 2 7 +oo 2 11 +oo 2 11 ooo 3 7 ooo 3 7 o-o 3 11 o-o 3 11 ooo 3 12 -oo 3 12 ooo 3 8 ooo 3 8 -oo 3 4 ooo 3 6 ooo 4 10 ooo 4 7 ooo 4 7 o-o 4 8 -oo 4 8 ooo 5 14 ooo 5 14 o-o 5 9 -oo 5 9 ooo 5 13 oo- 5 10 ooo 6 13 ooo 6 11 o-o 6 11 ooo 6 12 ooo 6 12 -oo
mp-1147550,Ba2Zn3(PO)2,93,246,248,153,2.6451612903225805,0,False,0,1.0,Ba Ba Zn Zn Zn P P O O 0 7 ooo 0 7 +oo 0 8 ooo 0 8 o+o 0 5 +oo 0 5 o+o 0 5 ++o 0 5 ooo 1 7 +o+ 1 7 oo+ 1 8 o++ 1 8 oo+ 1 6 -oo 1 6 o-o 1 6 --o 1 6 ooo 2 8 ooo 2 8 -oo 2 7 o-o 2 7 ooo 3 5 ooo 3 5 +oo 3 6 ooo 3 6 o-o 4 6 ooo 4 6 -oo 4 5 ooo 4 5 o+o
mp-9307,Ba2ZnN2,41,108,110,67,2.6341463414634148,0,False,0,1.0,Ba Ba Zn N N 0 3 ooo 0 4 ooo 0 4 o+o 0 4 +oo 0 4 ++o 1 4 ooo 1 3 ooo 1 3 o-o 1 3 -oo 1 3 --o 2 4 ooo 2 3 ---
mp-1078410,Ba2ZnTeO6,118,311,313,193,2.635593220338983,0,False,0,1.0,Ba Ba Zn Te O O O O O O 0 9 ooo 0 9 oo- 0 4 ooo 0 4 -oo 0 8 ooo 0 8 o-o 0 6 o-o 0 6 -oo 0 7 o-o 0 7 oo- 0 5 -oo 0 5 oo- 1 6 oo+ 1 6 ooo 1 7 +oo 1 7 ooo 1 5 o+o 1 5 ooo 1 4 oo+ 1 4 o+o 1 8 oo+ 1 8 +oo 1 9 o+o 1 9 +oo 2 9 oo- 2 8 o-o 2 4 -oo 2 7 o-- 2 5 -o- 2 6 --o 3 7 ooo 3 6 ooo 3 5 ooo 3 8 ooo 3 9 ooo 3 4 ooo
mp-1246710,Ba3AlN3,122,335,337,213,2.7459016393442623,0,False,0,1.0,Ba Ba Ba Ba Ba Ba Al Al N N N N N N 0 12 +oo 0 8 oo- 0 8 ooo 0 11 +oo 0 13 ooo 1 13 o-o 1 9 ooo 1 9 oo- 1 12 o-o 1 11 +oo 2 11 ooo 2 10 oo- 2 10 ooo 2 13 ooo 2 12 o-o 3 9 -oo 3 11 oo+ 3 11 ooo 3 8 -oo 3 10 ooo 4 10 o+o 4 12 ooo 4 12 oo+ 4 9 o+o 4 8 -oo 5 8 ooo 5 13 ooo 5 13 oo+ 5 10 ooo 5 9 o+o 6 10 ooo 6 9 ooo 6 8 ooo 7 13 ooo 7 12 ooo 7 11 ooo
mp-1029573,Ba3GaN3,122,335,337,213,2.7459016393442623,0,False,0,1.0,Ba Ba Ba Ba Ba Ba Ga Ga N N N N N N 0 12 +oo 0 11 +oo 0 8 ooo 0 8 oo- 0 13 ooo 1 13 o-o 1 12 o-o 1 9 oo- 1 9 ooo 1 11 +oo 2 11 ooo 2 13 ooo 2 10 ooo 2 10 oo- 2 12 o-o 3 9 -oo 3 8 -oo 3 11 ooo 3 11 oo+ 3 10 ooo 4 10 o+o 4 9 o+o 4 12 ooo 4 12 oo+ 4 8 -oo 5 8 ooo 5 10 ooo 5 13 ooo 5 13 oo+ 5 9 o+o 6 9 ooo 6 10 ooo 6 8 ooo 7 13 ooo 7 11 ooo 7 12 ooo
mp-14289,Ba3P4,176,479,481,303,2.721590909090909,0,False,0,1.0,Ba Ba Ba Ba Ba Ba P P P P P P P P 0 10 o+o 0 11 +oo 0 11 ooo 0 13 o+o 0 6 ooo 0 8 oo- 0 7 o+o 0 9 o+o 1 11 +-o 1 10 +oo 1 10 ooo 1 12 o-o 1 7 ooo 1 9 oo+ 1 6 +-o 1 8 o-o 2 13 oo+ 2 12 ooo 2 12 -oo 2 10 ooo 2 8 -oo 2 6 ooo 2 9 oo+ 2 7 ooo 3 12 oo- 3 13 +oo 3 13 ooo 3 11 ooo 3 9 ooo 3 7 ooo 3 8 oo- 3 6 ooo 4 10 ooo 4 11 ooo 4 13 ooo 4 12 -oo 4 6 -oo 4 6 ooo 4 7 -oo 4 7 ooo 5 13 ooo 5 12 o-- 5 10 oo- 5 11 o-o 5 8 --- 5 8 o-- 5 9 -oo 5 9 ooo 6 11 ooo 6 7 ooo 7 10 ooo 8 12 ooo 8 9 o++ 9 13 ooo
mp-1205571,Ba3PuO6,118,311,313,193,2.635593220338983,0,False,0,1.0,Ba Ba Ba Pu O O O O O O 0 8 +oo 0 8 ooo 0 5 o+o 0 5 +oo 0 7 +oo 0 7 oo+ 0 6 o+o 0 6 ooo 0 4 oo+ 0 4 ooo 0 9 o+o 0 9 oo+ 1 7 ooo 1 7 o-o 1 5 ooo 1 5 oo- 1 4 o-o 1 4 -oo 1 6 -oo 1 6 oo- 1 9 ooo 1 9 -oo 1 8 o-o 1 8 oo- 2 5 ooo 2 6 ooo 2 7 ooo 2 9 ooo 2 4 ooo 2 8 ooo 3 7 o-o 3 4 --o 3 9 -oo 3 6 -o- 3 8 o-- 3 5 oo-
mp-12814,Ba3SbN,118,315,317,197,2.669491525423729,0,False,0,1.0,Ba Ba Ba Ba Ba Ba Sb Sb N N 0 8 ++o 0 9 ++o 0 6 ooo 0 6 o+o 0 7 ooo 0 7 oo- 1 8 +oo 1 9 +o+ 1 6 ooo 1 6 oo+ 1 7 o-o 1 7 +oo 2 9 ooo 2 8 ooo 2 6 ooo 2 6 -oo 2 7 ooo 2 7 oo- 3 8 ++o 3 9 +++ 3 6 oo+ 3 6 ooo 3 7 ooo 3 7 +oo 4 8 ooo 4 9 oo+ 4 6 oo+ 4 6 ooo 4 7 ooo 4 7 o-o 5 8 o+o 5 9 o+o 5 6 o+o 5 6 -oo 5 7 ooo 5 7 oo-
mp-755363,Ba3SiO,188,552,554,364,2.9361702127659575,0,True,42,0.9239130434782609,Ba Ba Ba Ba Ba Ba Ba Ba Ba Ba Ba Ba Si Si Si Si O O O O 0 16 ooo 0 17 ooo 0 14 ooo 0 15 -oo 1 19 ooo 1 17 ooo 1 12 o-o 1 13 ooo 1 15 -oo 2 18 oo+ 2 16 oo+ 2 12 o-o 2 13 ooo 2 15 -o+ 3 17 ooo 3 19 o+o 3 12 ooo 3 13 ooo 3 14 ooo 4 16 oo+ 4 18 o++ 4 12 ooo 4 13 ooo 4 14 oo+ 5 19 o+o 5 18 o+o 5 15 -+o 5 14 ooo 6 19 ooo 6 18 oo+ 6 12 +-o 6 13 ooo 7 16 +oo 7 18 ooo 7 13 oo- 7 14 ooo 7 15 ooo 8 17 +oo 8 19 ooo 8 13 ooo 8 14 ooo 8 15 ooo 9 18 o+o 9 16 +oo 9 12 +o- 9 14 ooo 9 15 o+o 10 19 o+o 10 17 +oo 10 12 +oo 10 14 ooo 10 15 o+o 11 16 +o+ 11 17 +oo 11 13 ooo 11 12 +oo
mp-1190176,Ba3Sn2,248,739,741,491,2.9798387096774195,0,True,229,0.6901217861975643,Ba Ba Ba Ba Ba Ba Ba Ba Ba Ba Ba Ba Sn Sn Sn Sn Sn Sn Sn Sn 0 12 o+o 0 12 ooo 0 19 o+o 0 19 -+o 0 16 ooo 0 15 oo- 1 13 o-o 1 13 ooo 1 18 o-o 1 18 +-o 1 17 ooo 1 14 ooo 2 14 ooo 2 14 -oo 2 16 o-o 2 16 ooo 2 18 o-o 2 12 ooo 3 15 ooo 3 15 +oo 3 17 o+o 3 17 ooo 3 19 o++ 3 13 ooo 4 16 -oo 4 16 ooo 4 14 -oo 4 14 -+o 4 12 ooo 4 18 ooo 5 17 +oo 5 17 ooo 5 15 +oo 5 15 +-o 5 13 ooo 5 19 oo+ 6 18 ooo 6 18 o-o 6 13 -oo 6 13 ooo 6 14 -oo 6 17 ooo 7 19 ooo 7 19 o+o 7 12 +oo 7 12 ooo 7 15 +o- 7 16 ooo 8 14 ooo 8 19 ooo 8 12 +oo 8 12 ooo 8 16 o-o 8 16 ooo 9 18 ooo 9 15 ooo 9 17 o+o 9 17 ooo 9 13 -oo 9 13 ooo 10 13 ooo 10 16 ooo 10 18 ooo 10 18 +oo 10 14 ooo 10 14 o+o 11 17 oo- 11 12 ooo 11 15 oo- 11 15 o-- 11 19 ooo 11 19 -oo 12 16 ooo 13 17 ooo 14 18 +-o 15 19 -++
mp-1214518,Ba3Sr3(BiN)2,236,691,693,455,2.9279661016949152,0,True,181,0.7380607814761215,Ba Ba Ba Ba Ba Ba Sr Sr Sr Sr Sr Sr Bi Bi Bi Bi N N N N 0 16 ooo 0 19 ooo 0 12 +o+ 0 13 +oo 0 15 +oo 0 15 o-o 1 18 ooo 1 17 ooo 1 12 o+o 1 13 o+o 1 14 o+o 1 14 -oo 2 16 ooo 2 19 ooo 2 12 oo+ 2 13 ooo 2 15 o-o 2 15 ooo 3 18 ooo 3 17 ooo 3 12 ++o 3 13 ++o 3 14 o+o 3 14 ooo 4 16 ooo 4 19 ooo 4 12 +++ 4 13 ++o 4 15 +oo 4 15 ooo 5 18 ooo 5 17 ooo 5 12 ooo 5 13 ooo 5 14 -oo 5 14 ooo 6 17 ooo 6 16 oo- 6 12 ++o 6 12 ooo 6 14 ooo 6 15 oo- 7 17 ooo 7 16 -o- 7 12 ooo 7 12 o+o 7 14 -oo 7 15 oo- 8 18 ooo 8 19 ooo 8 13 ooo 8 13 ++o 8 14 ooo 8 15 ooo 9 17 o-o 9 16 oo- 9 12 ooo 9 12 +oo 9 14 ooo 9 15 o-- 10 19 -oo 10 18 ooo 10 13 o+o 10 13 ooo 10 14 -oo 10 15 ooo 11 19 ooo 11 18 o-o 11 13 +oo 11 13 ooo 11 14 ooo 11 15 o-o
mp-545788,Ba3ZnN2O,61,161,163,100,2.639344262295082,0,False,0,1.0,Ba Ba Ba Zn N N O 0 6 ooo 0 5 --o 0 5 o-o 0 5 ooo 0 5 -oo 1 6 ooo 1 4 -oo 1 4 --o 1 4 o-o 1 4 ooo 2 4 ooo 2 5 ooo 2 6 ooo 2 6 +oo 2 6 o+o 2 6 ++o 3 4 oo- 3 5 ooo
mp-2230883,Ba4Mg(Fe2O5)2,172,489,491,317,2.8430232558139537,0,False,0,1.0,Ba Ba Ba Ba Mg Fe Fe Fe Fe O O O O O O O O O O 0 10 o-o 0 9 oo- 0 12 o-o 0 11 oo- 0 13 ooo 0 17 ooo 0 15 ooo 1 16 ooo 1 18 ooo 1 11 o+o 1 9 o+o 1 10 oo+ 1 12 oo+ 1 14 ooo 1 14 -oo 2 13 ooo 2 18 ooo 2 10 ooo 2 12 -oo 2 11 -o- 2 15 ooo 2 15 -oo 2 9 oo- 3 11 ooo 3 12 oo+ 3 9 +oo 3 10 +o+ 3 16 ooo 3 17 ooo 3 14 ooo 4 17 ooo 4 16 ooo 4 13 ooo 4 15 ooo 4 14 ooo 5 9 o+o 5 11 -+o 5 10 oo+ 5 12 -o+ 6 12 ooo 6 10 ooo 6 11 oo- 6 9 oo- 7 18 o-o 7 16 ooo 7 13 ooo 7 17 -oo 8 14 ooo 8 15 ooo 8 17 o+o 8 18 ooo
mp-1228051,Ba4YCu(WO6)2,236,668,670,432,2.830508474576271,0,True,158,0.7634730538922155,Ba Ba Ba Ba Y Cu W W O O O O O O O O O O O O 0 18 o-o 0 16 ooo 0 10 o-o 0 12 ooo 0 8 ooo 0 8 +oo 0 15 o-o 0 15 ooo 0 19 oo+ 0 17 o-+ 0 11 oo+ 0 13 o-+ 1 18 ooo 1 16 ooo 1 12 -oo 1 10 -oo 1 14 ooo 1 14 o+o 1 9 -oo 1 9 ooo 1 13 ooo 1 17 -oo 1 11 ooo 1 19 -oo 2 16 ooo 2 12 ooo 2 18 o-o 2 10 o-o 2 14 ooo 2 14 +oo 2 9 o-o 2 9 ooo 2 19 ooo 2 17 o-o 2 11 ooo 2 13 o-o 3 10 -oo 3 12 -oo 3 18 ooo 3 16 ooo 3 8 ooo 3 8 o+o 3 15 ooo 3 15 -oo 3 13 oo+ 3 11 oo+ 3 17 -o+ 3 19 -o+ 4 17 ooo 4 13 ooo 4 19 ooo 4 11 ooo 4 9 ooo 4 15 oo- 5 12 -oo 5 16 ooo 5 10 --o 5 18 o-o 5 8 ooo 5 14 ooo 6 14 ooo 6 8 oo- 6 11 ooo 6 13 o-o 6 19 -oo 6 17 --o 7 16 ooo 7 12 ooo 7 10 ooo 7 18 ooo 7 15 ooo 7 9 ooo
mp-14883,Ba4Zr3S10,197,550,552,353,2.7918781725888326,0,True,40,0.9272727272727272,Ba Ba Ba Ba Zr Zr Zr S S S S S S S S S S 0 11 o+o 0 11 oo- 0 12 +oo 0 12 oo- 0 14 --- 0 14 -oo 0 14 o-o 0 14 oo+ 0 10 ooo 0 10 -o- 0 7 ooo 0 7 o-- 1 11 oo- 1 11 o+o 1 12 oo- 1 12 +oo 1 15 +oo 1 15 +++ 1 15 o+o 1 15 oo- 1 8 oo- 1 8 +oo 1 9 o+o 1 9 oo- 2 13 ooo 2 10 -o- 2 10 ooo 2 7 o-- 2 7 ooo 2 16 o-o 2 16 oo+ 2 16 -oo 2 16 --- 3 16 ooo 3 8 oo- 3 8 +oo 3 9 oo- 3 9 o+o 3 13 o+o 3 13 +oo 3 13 oo- 3 13 +++ 4 12 o-- 4 12 ooo 4 11 ooo 4 11 -o- 4 15 ooo 4 14 --o 5 16 ooo 5 10 oo- 5 10 o+o 5 7 +oo 5 7 oo- 5 14 ooo 6 13 ooo 6 8 o-- 6 8 ooo 6 9 ooo 6 9 -o- 6 15 ooo
mp-555166,BaAg2SnS4,68,179,181,111,2.6323529411764706,0,False,0,1.0,Ba Ag Ag Sn S S S S 0 4 o-o 0 4 --o 0 5 -o- 0 5 --- 0 6 --- 0 6 ooo 0 7 ooo 0 7 oo- 1 7 o+o 1 6 ooo 1 4 oo+ 1 5 -o- 2 5 ooo 2 4 o-o 2 6 ooo 2 7 +oo 3 5 oo- 3 7 oo- 3 6 ooo 3 4 ooo
mp-31243,BaAs2,228,655,657,427,2.8728070175438596,0,True,145,0.7786259541984732,Ba Ba Ba Ba Ba Ba As As As As As As As As As As As As 0 9 ooo 0 10 ooo 0 6 o-o 0 17 o-o 0 17 ooo 0 13 ooo 0 15 -oo 0 15 ooo 0 12 oo+ 1 8 +oo 1 11 ooo 1 7 ooo 1 16 ooo 1 16 o+o 1 12 ++o 1 14 ooo 1 14 +oo 1 13 oo- 2 13 ooo 2 13 +oo 2 12 +++ 2 12 +o+ 2 10 +oo 2 15 ooo 2 15 o+o 2 17 +oo 2 14 +o+ 2 16 oo+ 3 12 ooo 3 12 +oo 3 13 oo- 3 13 o-- 3 11 o-o 3 14 o-o 3 14 ooo 3 16 ooo 3 15 oo- 3 17 o-- 4 6 +oo 4 6 ooo 4 9 o+o 4 9 ooo 4 11 ooo 4 7 ooo 4 17 ooo 4 10 ooo 4 8 ooo 4 15 o+o 5 7 ooo 5 7 -oo 5 8 ooo 5 8 o-o 5 10 ooo 5 6 o-o 5 16 -oo 5 11 --o 5 9 -oo 5 14 ooo 6 10 ooo 6 8 ooo 7 11 o-o 7 9 ooo 8 11 ooo 9 10 +oo 12 16 -oo 12 15 -o- 13 17 ooo 13 14 oo+ 14 16 -oo 15 17 o-o
mp-1100437,BaCaSi,45,120,122,75,2.6666666666666665,0,False,0,1.0,Ba Ca Si 0 1 oo+ 0 1 ooo 0 1 o+o 0 1 +oo 0 2 ++o 0 2 oo+ 0 2 +oo 0 2 +o+ 0 2 o+o 0 2 o++ 1 2 ooo 1 2 oo+ 1 2 o+o 1 2 +oo
mp-1521909,BaCe2EuO6,118,311,313,193,2.635593220338983,0,False,0,1.0,Ba Ce Ce Eu O O O O O O 0 7 ooo 0 7 o+o 0 7 ++o 0 7 +oo 0 8 oo- 0 8 +o- 0 5 o+o 0 5 ooo 0 9 +oo 0 9 ooo 0 4 oo- 0 4 o+- 1 6 ooo 1 4 ooo 1 4 -oo 1 8 o-o 1 8 ooo 1 7 oo+ 2 6 ooo 2 5 ooo 2 5 -oo 2 9 ooo 2 9 o-o 2 7 ooo 3 5 ooo 3 5 o+o 3 9 ooo 3 9 +oo 3 8 +oo 3 8 ooo 3 4 o+o 3 4 ooo 3 6 +oo 3 6 o+o 3 6 ooo 3 6 ++o
mp-1520190,BaCeInSbO6,82,215,217,133,2.6219512195121952,0,False,0,1.0,Ba Ce In Sb O O O O O O 0 5 o-o 0 5 oo- 0 9 oo- 0 9 ooo 0 4 -oo 0 4 ooo 0 8 o-o 0 8 -oo 0 7 o-o 0 7 ooo 0 6 oo- 0 6 -oo 1 5 o-- 1 8 --o 1 4 -oo 1 6 -o- 1 7 o-o 1 9 oo- 3 9 ooo 3 8 ooo 3 6 ooo 3 5 ooo 3 4 ooo 3 7 ooo
mp-1214435,BaClO,108,289,291,181,2.675925925925926,0,False,0,1.0,Ba Ba Ba Ba Cl Cl Cl Cl O O O O 0 11 o+o 0 10 -o+ 0 10 oo+ 0 5 -oo 0 5 ooo 0 4 oo+ 0 6 ooo 0 6 -oo 1 10 o-o 1 11 oo- 1 11 +o- 1 4 +oo 1 4 ooo 1 5 oo- 1 7 ooo 1 7 +oo 2 9 ooo 2 8 ooo 2 8 +oo 2 7 ++o 2 7 o+o 2 6 ooo 2 4 ooo 2 4 +oo 3 8 ooo 3 9 -oo 3 9 ooo 3 6 --o 3 6 o-o 3 7 ooo 3 5 -oo 3 5 ooo
mp-19086,BaCoO2,120,329,331,209,2.7416666666666667,0,False,0,1.0,Ba Ba Ba Co Co Co O O O O O O 0 8 o-o 0 11 oo+ 0 6 +oo 0 6 o-o 0 9 o-o 0 9 ooo 0 10 ooo 0 7 o-+ 1 10 -oo 1 6 oo- 1 7 -oo 1 7 ooo 1 11 o+o 1 11 -oo 1 9 -o- 1 8 ooo 2 7 ooo 2 9 ooo 2 8 o-o 2 8 ooo 2 10 -oo 2 10 ooo 2 6 ooo 2 11 ooo 3 11 ooo 3 8 o-o 3 10 ooo 3 7 o-o 4 10 -oo 4 6 ooo 4 8 ooo 4 9 -oo 5 9 oo- 5 7 ooo 5 11 ooo 5 6 oo-
mp-9639,BaCu(SeO3)2,140,395,397,255,2.8214285714285716,0,False,0,1.0,Ba Ba Cu Cu Se Se Se Se O O O O O O O O O O O O 0 8 -+o 0 9 -+o 0 18 -oo 0 18 ooo 0 18 -+o 0 19 o+o 0 19 ooo 0 19 -+o 0 13 ooo 0 12 ooo 1 10 +-o 1 11 +-o 1 16 +oo 1 16 ooo 1 16 +-o 1 17 o-o 1 17 ooo 1 17 +-o 1 15 ooo 1 14 ooo 2 12 o-o 2 14 -oo 2 10 o-o 2 8 -oo 3 15 -o- 3 13 o-o 3 11 o-- 3 9 -oo 4 8 ooo 4 19 ooo 4 12 ooo 5 11 ooo 5 16 ooo 5 15 ooo 6 9 ooo 6 18 ooo 6 13 ooo 7 10 ooo 7 17 ooo 7 14 ooo
mp-12364,BaCu2SnSe4,136,387,389,251,2.8455882352941178,0,False,0,1.0,Ba Ba Cu Cu Cu Cu Sn Sn Se Se Se Se Se Se Se Se 0 8 ooo 0 10 ooo 0 14 +oo 0 14 ooo 0 15 o+o 0 15 ooo 0 11 ooo 0 9 ooo 1 10 ooo 1 8 oo- 1 13 o+o 1 13 ooo 1 12 +o- 1 12 oo- 1 11 oo- 1 9 ooo 2 12 oo- 2 13 -oo 2 9 -oo 2 10 ooo 3 14 ooo 3 15 -oo 3 9 -oo 3 10 ooo 4 15 ooo 4 14 o-o 4 11 o-o 4 8 ooo 5 13 oo+ 5 12 o-o 5 11 o-o 5 8 ooo 6 15 ooo 6 13 ooo 6 9 --o 6 10 ooo 7 12 ooo 7 14 ooo 7 11 --o 7 8 ooo
mp-1228010,BaCu6Te6S,149,412,414,263,2.7651006711409396,0,False,0,1.0,Ba Cu Cu Cu Cu Cu Cu Te Te Te Te Te Te S 0 9 ooo 0 9 oo- 0 10 ooo 0 10 oo+ 0 12 -oo 0 12 ooo 0 11 -oo 0 11 ooo 0 7 o+o 0 7 ooo 0 5 ooo 0 6 ooo 0 8 ooo 0 8 o+o 0 2 ooo 0 1 ooo 0 4 ooo 0 3 ooo 1 13 ooo 1 7 ooo 1 9 oo- 1 12 -oo 2 13 o++ 2 7 o+o 2 10 oo+ 2 11 -oo 3 13 +o+ 3 11 ooo 3 9 ooo 3 8 ooo 4 13 ++o 4 12 ooo 4 10 ooo 4 8 o+o 5 13 +++ 5 11 ooo 5 10 oo+ 5 8 o+o 6 13 +oo 6 12 ooo 6 9 oo- 6 8 ooo 7 8 ooo 9 10 oo+ 11 12 ooo
mp-1228039,BaCu6Te6Se,149,413,415,264,2.771812080536913,0,False,0,1.0,Ba Cu Cu Cu Cu Cu Cu Te Te Te Te Te Te Se 0 2 ooo 0 1 ooo 0 9 oo+ 0 9 ooo 0 10 oo- 0 10 ooo 0 5 ooo 0 6 ooo 0 7 ooo 0 7 o+o 0 12 -oo 0 12 ooo 0 11 -oo 0 11 ooo 0 4 ooo 0 3 ooo 0 8 ooo 0 8 o+o 1 13 ooo 1 7 ooo 1 9 ooo 1 12 -oo 2 13 o++ 2 7 o+o 2 10 ooo 2 11 -oo 3 13 +o+ 3 11 ooo 3 9 oo+ 3 8 ooo 4 13 ++o 4 12 ooo 4 10 oo- 4 8 o+o 5 13 +++ 5 11 ooo 5 10 ooo 5 8 o+o 6 13 +oo 6 12 ooo 6 9 ooo 6 8 ooo 7 8 ooo 9 10 oo- 11 12 ooo
mp-1520401,BaEuDySbO6,118,311,313,193,2.635593220338983,0,False,0,1.0,Ba Eu Dy Sb O O O O O O 0 4 -oo 0 4 ooo 0 8 o-o 0 8 -oo 0 6 oo- 0 6 -oo 0 5 oo- 0 5 o-o 0 7 o-o 0 7 ooo 0 9 ooo 0 9 oo- 1 4 o+o 1 4 oo+ 1 8 ooo 1 8 oo+ 1 9 +oo 1 9 o+o 1 5 ooo 1 5 +oo 1 6 ooo 1 6 o+o 1 7 +oo 1 7 oo+ 2 6 -o- 2 9 oo- 2 7 o-o 2 4 -oo 2 5 o-- 2 8 --o 3 6 ooo 3 5 ooo 3 9 ooo 3 8 ooo 3 7 ooo 3 4 ooo
mp-1522152,BaEuHfSnO6,118,311,313,193,2.635593220338983,0,False,0,1.0,Ba Eu Hf Sn O O O O O O 0 5 +oo 0 5 ooo 0 7 oo+ 0 7 +oo 0 9 +oo 0 9 o+o 0 6 ooo 0 6 o+o 0 4 o+o 0 4 oo+ 0 8 ooo 0 8 oo+ 1 6 -oo 1 6 oo- 1 9 oo- 1 9 ooo 1 7 o-o 1 7 ooo 1 8 -oo 1 8 o-o 1 5 oo- 1 5 o-o 1 4 ooo 1 4 -oo 2 9 oo- 2 4 -oo 2 8 --o 2 5 o-- 2 6 -o- 2 7 o-o 3 9 ooo 3 4 ooo 3 8 ooo 3 7 ooo 3 5 ooo 3 6 ooo
mp-1517277,BaEuHfZrO6,118,311,313,193,2.635593220338983,0,False,0,1.0,Ba Eu Hf Zr O O O O O O 0 6 o+o 0 6 ooo 0 7 oo+ 0 7 +oo 0 9 o+o 0 9 +oo 0 4 o+o 0 4 oo+ 0 5 +oo 0 5 ooo 0 8 oo+ 0 8 ooo 1 6 -oo 1 6 oo- 1 9 ooo 1 9 oo- 1 5 o-o 1 5 oo- 1 8 -oo 1 8 o-o 1 4 -oo 1 4 ooo 1 7 o-o 1 7 ooo 2 5 o-- 2 7 o-o 2 4 -oo 2 6 -o- 2 9 oo- 2 8 --o 3 7 ooo 3 4 ooo 3 9 ooo 3 5 ooo 3 8 ooo 3 6 ooo
mp-1518354,BaEuYSbO6,118,310,312,192,2.6271186440677967,0,False,0,1.0,Ba Eu Y Sb O O O O O O 0 6 o+o 0 6 ooo 0 9 +oo 0 9 o+o 0 5 +oo 0 5 ooo 0 8 oo+ 0 8 ooo 0 4 oo+ 0 4 o+o 0 7 oo+ 0 7 +oo 1 9 oo- 1 9 ooo 1 7 o-o 1 7 ooo 1 5 oo- 1 5 o-o 1 6 oo- 1 6 -oo 1 8 -oo 1 8 o-o 1 4 ooo 1 4 -oo 2 6 ooo 2 4 ooo 2 8 ooo 2 7 ooo 2 5 ooo 2 9 ooo 3 9 oo- 3 8 --o 3 6 -o- 3 5 o-- 3 7 o-o 3 4 -oo
mp-1228033,BaFeCuF7,164,457,459,293,2.7865853658536586,0,False,0,1.0,Ba Ba Fe Fe Cu Cu F F F F F F F F F F F F F F 0 9 ooo 0 8 ooo 0 6 ooo 0 7 ooo 0 12 oo+ 0 13 oo- 0 10 -oo 0 11 o+o 0 15 -oo 0 14 o+o 0 19 oo+ 0 19 ooo 1 9 oo- 1 8 ooo 1 6 ooo 1 7 oo- 1 13 o-- 1 12 +oo 1 11 ooo 1 10 oo- 1 16 o-o 1 17 +o- 1 18 ooo 1 18 oo- 2 8 ooo 2 16 ooo 2 15 oo- 2 10 ooo 2 19 +oo 2 12 +oo 3 9 ooo 3 17 ooo 3 14 oo+ 3 11 ooo 3 19 o-+ 3 13 o-o 4 6 ooo 4 18 -oo 4 14 ooo 4 17 ooo 4 12 ooo 4 10 -oo 5 7 ooo 5 18 o+o 5 15 ooo 5 16 ooo 5 13 ooo 5 11 o+o
mp-1227945,BaFeO2F,59,155,157,96,2.6271186440677967,0,False,0,1.0,Ba Fe O O F 0 4 o-o 0 4 --o 0 4 -oo 0 4 ooo 0 2 -oo 0 2 -o- 0 2 oo- 0 2 ooo 0 3 ooo 0 3 o-- 0 3 o-o 0 3 oo- 1 4 ooo 1 4 oo+ 1 2 ooo 1 2 o+o 1 3 ooo 1 3 +oo
mp-1008506,BaGaSiH,34,90,92,56,2.6470588235294117,0,False,0,1.0,Ba Ga Si H 0 3 -o- 0 3 oo- 0 3 --- 0 2 o-o 0 2 --o 0 2 ooo 1 3 ooo 1 2 +oo 1 2 o-o 1 2 ooo
mp-1228011,BaLa2Fe2O5F4,158,424,426,266,2.6835443037974684,0,False,0,1.0,Ba La La Fe Fe O O O O O F F F F 0 9 oo- 0 9 o+o 0 9 +oo 0 9 +++ 0 6 o-- 0 6 ooo 0 8 oo- 0 8 o+o 0 7 oo- 0 7 +oo 0 5 -o- 0 5 ooo 1 10 ooo 1 10 +o+ 1 11 ooo 1 11 o++ 1 7 ooo 1 7 +o+ 1 8 ooo 1 8 o++ 1 12 o++ 1 12 ooo 1 12 +++ 1 12 +o+ 2 11 -oo 2 11 oo+ 2 10 o-o 2 10 oo+ 2 5 -oo 2 5 oo+ 2 6 o-o 2 6 oo+ 2 13 --o 2 13 -o+ 2 13 o-+ 2 13 oo+ 3 9 ++o 3 13 ooo 3 6 oo- 3 6 +oo 3 5 oo- 3 5 o+o 4 9 ooo 4 12 ooo 4 8 -o- 4 8 ooo 4 7 o-- 4 7 ooo
mp-1227939,BaLa3(NiO4)2,158,429,431,271,2.7151898734177213,0,False,0,1.0,Ba La La La Ni Ni O O O O O O O O 0 7 ooo 0 8 ooo 0 8 +oo 0 9 ooo 0 9 o+o 0 13 +o- 0 11 +o- 0 12 oo- 0 10 oo- 1 6 ooo 1 11 oo- 1 10 o+- 1 12 oo- 1 13 o+- 1 9 o+o 1 9 -+o 1 8 ooo 1 8 o+o 2 9 ooo 2 11 o-o 2 10 ooo 2 13 ooo 2 12 o-o 2 7 o-o 2 7 ooo 2 6 o-o 2 6 +-o 3 8 ooo 3 12 -oo 3 10 -oo 3 13 ooo 3 11 ooo 3 7 -oo 3 7 ooo 3 6 ooo 3 6 o-o 4 10 oo- 4 12 oo- 4 13 oo- 4 11 oo- 4 7 oo- 4 8 ooo 5 12 o-- 5 10 oo- 5 13 +o- 5 11 +-- 5 9 ooo 5 6 +--
mp-39249,BaLaMgRuO6,106,279,281,173,2.6320754716981134,0,False,0,1.0,Ba La Mg Ru O O O O O O 0 8 ooo 0 8 -oo 0 5 --- 0 5 ooo 0 6 oo- 0 6 o-- 0 9 --o 0 9 --- 0 4 -oo 0 4 --- 0 7 ooo 0 7 -o- 1 9 ooo 1 8 ooo 1 5 oo- 1 6 oo- 1 4 -o- 1 4 ooo 1 7 oo- 1 7 o+o 2 7 o+o 2 4 -oo 2 9 -oo 2 5 ooo 2 8 o++ 2 6 oo- 3 4 ooo 3 7 ooo 3 6 +oo 3 8 ooo 3 5 ooo 3 9 o-o
mp-40356,BaLaMnMoO6,118,311,313,193,2.635593220338983,0,False,0,1.0,Ba La Mn Mo O O O O O O 0 5 ooo 0 5 -oo 0 8 ooo 0 8 o-o 0 6 ooo 0 6 oo- 0 9 oo- 0 9 o-o 0 4 oo- 0 4 -oo 0 7 -oo 0 7 o-o 1 9 +oo 1 9 ooo 1 7 oo+ 1 7 ooo 1 4 o+o 1 4 ooo 1 5 o+o 1 5 oo+ 1 6 +oo 1 6 o+o 1 8 oo+ 1 8 +oo 2 6 oo- 2 8 o-o 2 5 -oo 2 7 --o 2 4 -o- 2 9 o-- 3 4 ooo 3 9 ooo 3 7 ooo 3 6 ooo 3 5 ooo 3 8 ooo
mp-1272796,BaLaMnRuO6,97,255,257,158,2.6288659793814433,0,False,0,1.0,Ba La Mn Ru O O O O O O 0 4 oo+ 0 4 o+o 0 7 ooo 0 7 oo+ 0 6 o+o 0 6 -o+ 0 8 o+o 0 8 ooo 0 9 -+o 0 9 o+o 0 5 -oo 0 5 o+o 1 5 o+- 1 6 ooo 1 7 +oo 1 9 o+o 1 8 ooo 2 7 o-o 2 6 ooo 2 5 oo- 2 4 ooo 2 9 o+- 2 8 oo- 3 4 ooo 3 9 -oo 3 8 ooo 3 6 -oo 3 7 ooo 3 5 -oo
mp-39259,BaLaZnRuO6,97,255,257,158,2.6288659793814433,0,False,0,1.0,Ba La Zn Ru O O O O O O 0 7 oo- 0 7 +oo 0 9 ++o 0 9 oo- 0 8 ooo 0 8 o+o 0 5 ooo 0 5 oo- 0 4 +oo 0 4 ooo 0 6 -oo 0 6 o+o 1 6 oo+ 1 5 ooo 1 4 o-o 1 9 ooo 1 8 ooo 2 5 o-o 2 9 +oo 2 6 oo+ 2 7 +-o 2 4 +-+ 2 8 +o+ 3 7 +oo 3 8 ooo 3 4 +oo 3 9 +oo 3 5 +oo 3 6 ooo
mp-677191,BaLaZnRuO6,106,279,281,173,2.6320754716981134,0,False,0,1.0,Ba La Zn Ru O O O O O O 0 6 ooo 0 6 +oo 0 5 ooo 0 5 --- 0 9 oo- 0 9 ooo 0 8 oo- 0 8 o+- 0 7 o-- 0 7 ooo 0 4 +oo 0 4 oo- 1 5 --o 1 6 ooo 1 9 --- 1 8 oo- 1 7 o-o 1 7 --- 1 4 o-- 1 4 ooo 2 6 +o+ 2 9 ooo 2 8 oo- 2 5 o-o 2 4 +oo 2 7 o-o 3 6 ooo 3 8 o+o 3 9 ooo 3 5 -oo 3 7 ooo 3 4 ooo
mp-1033061,BaMg6AlO8,160,447,449,287,2.79375,0,False,0,1.0,Ba Mg Mg Mg Mg Mg Mg Al O O O O O O O O 0 14 oo+ 0 14 ooo 0 12 o+o 0 12 ooo 0 10 ooo 0 11 -oo 1 8 ooo 1 9 ooo 1 15 o-o 1 15 ooo 1 13 oo- 1 13 ooo 2 10 ooo 2 11 ooo 2 15 oo+ 2 15 ooo 2 13 o+o 2 13 ooo 3 13 ooo 3 12 ooo 3 10 o-o 3 10 ooo 3 8 ooo 3 8 oo+ 4 13 ooo 4 12 +oo 4 11 o-o 4 11 ooo 4 9 ooo 4 9 oo+ 5 15 ooo 5 14 ooo 5 10 oo- 5 10 ooo 5 8 ooo 5 8 o+o 6 15 ooo 6 14 +oo 6 11 ooo 6 11 oo- 6 9 ooo 6 9 o+o 7 9 -oo 7 8 ooo 7 12 oo- 7 12 ooo 7 14 o-o 7 14 ooo
mp-1214454,BaMoO2,136,379,381,243,2.786764705882353,0,False,0,1.0,Ba Ba Ba Ba Mo Mo Mo Mo O O O O O O O O 0 9 +oo 0 11 ooo 0 13 oo- 0 8 +oo 0 15 +oo 0 12 ooo 1 13 ooo 1 8 ooo 1 9 ooo 1 11 oo+ 1 14 ooo 1 10 ooo 2 15 ooo 2 12 ooo 2 10 oo- 2 14 ooo 2 11 ooo 2 8 ooo 3 10 ooo 3 12 oo+ 3 15 o-o 3 14 o-o 3 13 ooo 3 9 o-o 4 8 ooo 4 13 ooo 4 9 o-- 4 11 o-o 5 9 +-o 5 11 o-o 5 8 +o+ 5 13 ooo 6 12 ooo 6 14 o-- 6 10 +oo 6 15 +-o 7 15 +o+ 7 10 +oo 7 14 ooo 7 12 ooo
mp-961774,BaNaSb,45,120,122,75,2.6666666666666665,0,False,0,1.0,Ba Na Sb 0 2 o+o 0 2 o++ 0 2 oo+ 0 2 ++o 0 2 +oo 0 2 +o+ 0 1 o-o 0 1 oo- 0 1 -oo 0 1 ooo 1 2 ++o 1 2 +o+ 1 2 o++ 1 2 +++
mp-1522954,BaNdNiBiO6,118,311,313,193,2.635593220338983,0,False,0,1.0,Ba Nd Ni Bi O O O O O O 0 8 ooo 0 8 oo+ 0 9 o+o 0 9 +oo 0 5 ooo 0 5 +oo 0 4 oo+ 0 4 o+o 0 6 ooo 0 6 o+o 0 7 +oo 0 7 oo+ 1 6 -oo 1 6 oo- 1 4 -oo 1 4 ooo 1 9 ooo 1 9 oo- 1 5 oo- 1 5 o-o 1 7 o-o 1 7 ooo 1 8 -oo 1 8 o-o 2 4 ooo 2 7 ooo 2 9 ooo 2 8 ooo 2 5 ooo 2 6 ooo 3 7 o-o 3 5 o-- 3 8 --o 3 9 oo- 3 4 -oo 3 6 -o-
mp-613910,BaNiF6,62,161,163,99,2.596774193548387,0,False,0,1.0,Ba Ni F F F F F F 0 4 ooo 0 4 o-o 0 3 ooo 0 3 o+o 0 7 ooo 0 7 +oo 0 6 ooo 0 6 -oo 0 2 ooo 0 2 oo+ 0 5 ooo 0 5 oo- 1 7 o-- 1 6 -oo 1 2 --o 1 5 oo- 1 3 -o- 1 4 o-o
mp-1182093,BaPdO5,104,277,279,173,2.6634615384615383,0,False,0,1.0,Ba Ba Pd Pd O O O O O O O O O O 0 12 ooo 0 12 o+o 0 5 ooo 0 4 ooo 0 10 oo+ 0 11 ooo 0 8 -oo 0 9 -oo 1 13 ooo 1 13 o+o 1 7 ooo 1 6 ooo 1 8 oo- 1 9 ooo 1 11 +oo 1 10 +oo 2 12 oo- 2 13 -oo 2 10 o-o 2 8 -o- 2 7 ooo 2 5 --- 3 13 -oo 3 12 ooo 3 11 ooo 3 9 --o 3 6 o-o 3 4 -oo 4 5 o-o 6 7 o+o
mp-4009,BaPdS2,80,211,213,131,2.6375,0,False,0,1.0,Ba Ba Pd Pd S S S S 0 6 oo+ 0 6 ooo 0 4 o-o 0 4 ooo 0 5 +oo 0 5 ooo 0 7 +oo 0 7 ooo 1 7 oo- 1 7 ooo 1 5 o+o 1 5 ooo 1 4 ooo 1 4 -oo 1 6 ooo 1 6 -oo 2 4 o-- 2 5 ooo 2 7 o-- 2 6 ooo 3 5 ooo 3 4 --- 3 6 -oo 3 7 o--
mp-20212,BaPr2CuO5,198,559,561,361,2.823232323232323,0,True,49,0.9123434704830053,Ba Ba Pr Pr Pr Pr Cu Cu O O O O O O O O O O 0 17 oo- 0 17 ooo 0 8 ooo 0 11 ooo 0 10 ooo 0 12 oo- 0 9 ooo 0 14 oo- 0 13 oo- 0 15 oo- 1 16 ooo 1 16 oo- 1 8 o-o 1 13 --- 1 15 -o- 1 12 o-- 1 9 -oo 1 11 --o 1 14 oo- 1 10 ooo 2 8 ooo 2 12 ooo 2 16 o+o 2 17 ooo 2 14 o+o 2 10 o+o 2 13 ooo 2 11 ooo 3 11 ooo 3 13 ooo 3 17 ooo 3 16 ++o 3 15 ooo 3 9 ooo 3 12 +oo 3 8 +oo 4 10 ooo 4 14 ooo 4 16 ooo 4 17 ooo 4 15 -oo 4 9 -oo 4 8 ooo 4 12 ooo 5 9 ooo 5 15 ooo 5 17 ooo 5 16 +oo 5 13 o-o 5 11 o-o 5 14 ooo 5 10 ooo 6 15 -o- 6 8 ooo 6 12 oo- 6 9 -oo 7 14 oo- 7 13 o-- 7 10 ooo 7 11 o-o
mp-1227893,BaPr3(NiO4)2,158,429,431,271,2.7151898734177213,0,False,0,1.0,Ba Pr Pr Pr Ni Ni O O O O O O O O 0 7 ooo 0 8 +oo 0 8 o-o 0 9 oo+ 0 9 ooo 0 13 o-o 0 11 o-o 0 10 +oo 0 12 +oo 1 6 ooo 1 10 oo- 1 11 ooo 1 13 oo- 1 12 ooo 1 9 -oo 1 9 o+o 1 8 oo- 1 8 ooo 2 9 ooo 2 11 ooo 2 13 oo- 2 12 ooo 2 10 oo- 2 6 +oo 2 6 o-o 2 7 ooo 2 7 oo- 3 8 ooo 3 12 o+o 3 10 o+o 3 13 -oo 3 11 -oo 3 7 o+o 3 7 -oo 3 6 ooo 3 6 oo+ 4 10 ooo 4 12 ooo 4 13 ooo 4 11 ooo 4 7 ooo 4 8 ooo 5 11 o-o 5 12 +oo 5 13 o-- 5 10 +o- 5 9 ooo 5 6 +-o
mp-3163,BaSnO3,59,155,157,96,2.6271186440677967,0,False,0,1.0,Ba Sn O O O 0 4 ooo 0 4 oo+ 0 4 o+o 0 4 o++ 0 3 ooo 0 3 ++o 0 3 +oo 0 3 o+o 0 2 +o+ 0 2 +oo 0 2 ooo 0 2 oo+ 1 2 o-o 1 2 ooo 1 3 ooo 1 3 oo- 1 4 ooo 1 4 -oo
mp-1097264,BaSrLi2,16,43,45,27,2.6875,0,False,0,1.0,Ba Sr Li Li 0 3 o-o 0 2 oo- 1 2 -o- 1 3 o-o
mp-2232119,BaSrMg(FeO2)4,117,321,323,204,2.7435897435897436,0,False,0,1.0,Ba Sr Mg Fe Fe Fe Fe O O O O O O O O 0 13 --o 0 13 o-o 0 13 ooo 0 14 ooo 0 14 --o 0 14 -oo 1 11 -oo 1 12 ooo 1 8 -oo 1 10 --o 1 7 ooo 1 9 --o 2 9 ooo 2 8 ooo 2 10 ooo 2 12 ooo 2 7 ooo 2 11 ooo 3 14 ooo 3 10 ooo 3 12 ooo 3 11 ooo 4 14 oo+ 4 9 ooo 4 7 ooo 4 8 ooo 5 7 ooo 5 8 o+o 5 9 -oo 5 13 oo+ 6 11 -oo 6 12 o+o 6 10 ooo 6 13 ooo
mp-1100434,BaSrSi,45,120,122,75,2.6666666666666665,0,False,0,1.0,Ba Sr Si 0 1 ooo 0 1 -oo 0 1 o-o 0 1 oo- 0 2 o-- 0 2 -o- 0 2 --o 0 2 oo- 0 2 o-o 0 2 -oo 1 2 ooo 1 2 -oo 1 2 o-o 1 2 oo-
mp-1096608,BaSrTl2,16,43,45,27,2.6875,0,False,0,1.0,Ba Sr Tl Tl 0 3 ooo 0 2 ooo 1 2 ooo 1 3 o--
mp-1227303,BaTaNO2,59,155,157,96,2.6271186440677967,0,False,0,1.0,Ba Ta N O O 0 4 oo- 0 4 o-o 0 4 o-- 0 4 ooo 0 3 oo- 0 3 ooo 0 3 -o- 0 3 -oo 0 2 o-o 0 2 --o 0 2 -oo 0 2 ooo 1 4 ooo 1 4 +oo 1 3 ooo 1 3 o+o 1 2 ooo 1 2 oo+
mp-1520935,BaTbEuSbO6,118,311,313,193,2.635593220338983,0,False,0,1.0,Ba Tb Eu Sb O O O O O O 0 8 ooo 0 8 oo+ 0 4 o+o 0 4 oo+ 0 7 +oo 0 7 oo+ 0 6 ooo 0 6 o+o 0 9 +oo 0 9 o+o 0 5 +oo 0 5 ooo 1 5 ooo 1 9 ooo 1 8 ooo 1 4 ooo 1 7 ooo 1 6 ooo 2 6 -oo 2 6 oo- 2 7 ooo 2 7 o-o 2 9 oo- 2 9 ooo 2 8 -oo 2 8 o-o 2 5 oo- 2 5 o-o 2 4 ooo 2 4 -oo 3 6 -o- 3 7 o-o 3 5 o-- 3 8 --o 3 9 oo- 3 4 -oo
mp-1206598,BaThN2,80,211,213,131,2.6375,0,False,0,1.0,Ba Ba Th Th N N N N 0 6 o-o 0 6 +oo 0 6 ooo 0 5 +oo 0 5 o-o 0 5 ooo 1 7 o+o 1 7 -oo 1 7 ooo 1 4 -oo 1 4 o+o 1 4 ooo 2 6 o-- 2 6 oo- 2 6 --- 2 7 -oo 2 7 --o 2 7 ooo 3 5 o-o 3 5 ooo 3 5 --o 3 4 -oo 3 4 ooo 3 4 --o
mp-644497,BaTiO3,32,83,85,51,2.59375,0,False,0,1.0,Ba Ti O O O 0 2 ooo 0 2 oo- 0 4 +o- 0 4 +oo 0 3 o+o 0 3 o+- 1 4 o-o 1 3 -oo 1 2 ooo
mp-1227472,BaYCoCuO5,198,557,559,359,2.813131313131313,0,True,47,0.9156193895870736,Ba Ba Y Y Co Co Cu Cu O O O O O O O O O O 0 16 -oo 0 16 ooo 0 17 oo- 0 17 o-- 0 15 -oo 0 12 ooo 0 10 o-- 0 8 oo- 0 14 o-o 0 13 --o 0 11 -o- 0 9 --- 1 16 ooo 1 16 o+o 1 17 oo- 1 17 +o- 1 14 ooo 1 13 ooo 1 11 oo- 1 9 oo- 1 15 ooo 1 12 ooo 1 8 oo- 1 10 oo- 2 8 ooo 2 10 o-o 2 12 ooo 2 15 -oo 2 11 -oo 2 9 --o 2 13 --o 2 14 o-o 3 9 ooo 3 11 ooo 3 13 ooo 3 14 ooo 3 10 ooo 3 12 ooo 3 8 ooo 3 15 ooo 4 17 ooo 4 10 ooo 4 8 ooo 4 11 -oo 4 9 -oo 5 16 ooo 5 15 ooo 5 12 ooo 5 13 o-o 5 14 o-o 6 9 o-o 6 11 ooo 6 8 ooo 6 10 o-o 6 16 oo+ 7 13 -oo 7 14 ooo 7 15 -oo 7 12 ooo 7 17 oo-
mp-542205,BaYFe2O5,198,557,559,359,2.813131313131313,0,True,47,0.9156193895870736,Ba Ba Y Y Fe Fe Fe Fe O O O O O O O O O O 0 12 -oo 0 12 ooo 0 17 --o 0 17 o-o 0 15 ooo 0 9 o-o 0 10 ooo 0 10 -oo 0 14 o-o 0 14 --o 0 13 ooo 0 16 o-o 1 12 -oo 1 12 ooo 1 17 --- 1 17 o-- 1 15 ooo 1 9 o-- 1 8 ooo 1 8 -oo 1 11 --- 1 11 o-- 1 13 oo- 1 16 o-o 2 16 ooo 2 13 ooo 2 14 ooo 2 14 -oo 2 10 -oo 2 10 ooo 2 15 ooo 2 9 ooo 3 16 ooo 3 13 oo- 3 11 -o- 3 11 oo- 3 8 ooo 3 8 -oo 3 15 ooo 3 9 oo- 4 13 ooo 4 13 +oo 4 10 ooo 4 8 oo+ 4 17 o-o 5 12 ooo 5 8 ooo 5 10 ooo 5 15 ooo 5 15 +oo 6 17 ooo 6 11 ooo 6 14 ooo 6 9 ooo 6 9 +oo 7 16 ooo 7 16 +oo 7 14 ooo 7 11 oo- 7 12 o+o
mp-42020,BaYMnCoO5,198,557,559,359,2.813131313131313,0,True,47,0.9156193895870736,Ba Ba Y Y Mn Mn Co Co O O O O O O O O O O 0 8 oo- 0 8 o+- 0 13 +oo 0 13 ooo 0 10 oo- 0 9 ooo 0 15 oo- 0 11 ooo 0 17 oo- 0 16 ooo 0 12 oo- 0 14 ooo 1 13 o-o 1 13 ooo 1 8 -o- 1 8 oo- 1 17 oo- 1 16 ooo 1 14 o-o 1 12 -o- 1 10 --- 1 15 o-- 1 9 --o 1 11 -oo 2 10 ooo 2 15 ooo 2 11 ooo 2 9 ooo 2 16 ooo 2 17 ooo 2 12 ooo 2 14 ooo 3 14 o-o 3 12 -oo 3 16 ooo 3 17 ooo 3 15 o-o 3 10 --o 3 9 --o 3 11 -oo 4 17 ooo 4 12 ooo 4 10 o-o 4 15 o-o 4 8 ooo 5 14 ooo 5 16 ooo 5 11 -oo 5 9 -oo 5 13 ooo 6 9 o-o 6 11 ooo 6 14 o-o 6 16 ooo 6 8 oo- 7 15 ooo 7 10 -oo 7 12 -oo 7 17 ooo 7 13 oo+
mp-998427,BaZrSe3,200,579,581,379,2.895,0,True,69,0.8808290155440415,Ba Ba Ba Ba Zr Zr Zr Zr Se Se Se Se Se Se Se Se Se Se Se Se 0 16 +oo 0 16 ooo 0 18 +oo 0 18 ooo 0 11 +oo 0 11 ooo 0 13 ooo 0 10 oo- 0 15 ooo 1 17 -oo 1 17 ooo 1 19 -oo 1 19 ooo 1 10 ooo 1 10 -oo 1 12 ooo 1 11 oo+ 1 14 ooo 2 18 +oo 2 18 ooo 2 16 o-o 2 16 +-o 2 9 ooo 2 9 +oo 2 15 o-o 2 8 o-o 2 13 ooo 3 19 -oo 3 19 ooo 3 17 -+o 3 17 o+o 3 8 ooo 3 8 -oo 3 14 o+o 3 9 o+o 3 12 ooo 4 16 ooo 4 8 -oo 4 8 ooo 4 13 ooo 4 13 -oo 4 12 ooo 5 17 ooo 5 9 ooo 5 9 +oo 5 12 +oo 5 12 ooo 5 13 ooo 6 18 ooo 6 10 oo- 6 10 -o- 6 15 --o 6 15 o-o 6 14 oo- 7 19 ooo 7 11 +o+ 7 11 oo+ 7 14 o+o 7 14 ++o 7 15 oo+
mp-1183429,Be2Si2O5,75,197,199,122,2.6266666666666665,0,False,0,1.0,Be Be Si Si O O O O O 0 8 ooo 0 4 o+o 0 4 ooo 0 6 +oo 0 6 ooo 1 8 ooo 1 7 ooo 1 7 +oo 1 5 o+o 1 5 ooo 2 4 -oo 2 4 ooo 2 5 -o- 2 5 oo- 2 7 o-- 2 7 oo- 2 6 o-o 2 6 ooo 3 8 --o 3 8 -oo 3 8 ooo 3 8 o-o
mp-1093936,Be2ZnOs,16,43,45,27,2.6875,0,False,0,1.0,Be Be Zn Os 0 3 ooo 0 2 +oo 1 3 ooo 1 2 ooo
mp-1182215,BeO2,60,159,161,99,2.65,0,False,0,1.0,Be Be Be Be O O O O O O O O 0 4 ooo 0 5 oo- 0 8 oo- 1 5 ooo 1 4 ooo 1 9 ooo 2 6 ooo 2 7 o++ 2 10 oo+ 2 8 -oo 3 7 ooo 3 6 o-o 3 11 ooo 3 9 ooo 8 10 oo+ 9 11 +oo
mp-1008524,BeSe,40,107,109,67,2.675,0,False,0,1.0,Be Be Se Se 0 3 -oo 0 3 --o 0 3 ooo 0 2 o-o 0 2 --o 0 2 ooo 1 3 -o- 1 3 --- 1 3 oo- 1 2 o-o 1 2 --o 1 2 ooo
mp-570930,Bi2Pb2Se5,81,218,220,137,2.691358024691358,0,False,0,1.0,Bi Bi Pb Pb Se Se Se Se Se 0 4 -oo 0 4 --o 0 4 ooo 0 5 o-o 0 5 --o 0 5 ooo 1 8 o-o 1 8 ooo 1 8 --o 1 6 -oo 1 6 --o 1 6 ooo 2 6 -oo 2 6 o+o 2 6 ooo 2 7 o+o 2 7 ++o 2 7 ooo 3 5 +oo 3 5 o-o 3 5 ooo 3 7 +o+ 3 7 oo+ 3 7 +++
mp-675543,Bi2PbSe4,61,164,166,103,2.6885245901639343,0,False,0,1.0,Bi Bi Pb Se Se Se Se 0 3 +oo 0 3 o+o 0 3 oo+ 0 5 o-o 0 5 -oo 0 5 oo- 1 6 o-o 1 6 -oo 1 6 oo- 1 4 o+o 1 4 +oo 1 4 oo+ 2 4 -oo 2 4 o-o 2 4 oo- 2 5 o-- 2 5 -o- 2 5 --o
mp-1227440,Bi2Sb2(TeSe)3,82,221,223,139,2.6951219512195124,0,False,0,1.0,Bi Bi Sb Sb Te Te Te Se Se Se 0 9 --o 0 9 o-- 0 9 -o- 0 8 oo- 0 8 -oo 0 8 o-o 1 7 oo- 1 7 o-o 1 7 -oo 1 4 oo+ 1 4 +oo 1 4 o+o 2 7 --o 2 7 -o- 2 7 o-- 2 5 oo- 2 5 -oo 2 5 o-o 3 8 oo+ 3 8 o+o 3 8 +oo 3 6 ++o 3 6 o++ 3 6 +o+
mp-541837,Bi2Se3,41,110,112,69,2.682926829268293,0,False,0,1.0,Bi Bi Se Se Se 0 4 -oo 0 4 o-o 0 4 oo- 0 2 +oo 0 2 o+o 0 2 oo+ 1 3 +oo 1 3 o+o 1 3 oo+ 1 2 o++ 1 2 +o+ 1 2 ++o
mp-552098,Bi2SeO2,53,140,142,87,2.641509433962264,0,False,0,1.0,Bi Bi Se O O 0 4 o-o 0 4 ooo 0 3 -oo 0 3 ooo 0 2 oo+ 0 2 o++ 0 2 +o+ 0 2 +++ 1 3 o+o 1 3 ooo 1 4 +oo 1 4 ooo 1 2 ++o 1 2 +oo 1 2 o+o 1 2 ooo
mp-2647012,Bi2Te2O,88,235,237,147,2.6704545454545454,0,False,0,1.0,Bi Bi Bi Bi Te Te Te Te O O 0 6 ooo 0 4 -oo 0 4 --o 0 4 o-o 0 4 ooo 1 7 ooo 1 5 +oo 1 5 o+o 1 5 ooo 1 5 ++o 2 8 o+o 2 8 ooo 2 9 ooo 2 9 +oo 2 6 +oo 2 6 ooo 2 6 o+o 2 6 ++o 3 8 -oo 3 8 ooo 3 9 o-o 3 9 ooo 3 7 ooo 3 7 o-o 3 7 -oo 3 7 --o
mp-27910,Bi2Te2S,41,109,111,68,2.658536585365854,0,False,0,1.0,Bi Bi Te Te S 0 4 oo+ 0 4 +oo 0 4 o+o 0 2 oo- 0 2 o-o 0 2 -oo 1 4 ++o 1 4 o++ 1 4 +o+ 1 3 oo+ 1 3 o+o 1 3 +oo
mp-1182783,Bi2Te3,38,102,104,64,2.6842105263157894,0,False,0,1.0,Bi Bi Te Te Te 0 2 o+o 0 1 -o- 0 1 oo+ 0 3 ooo 1 2 +oo 1 4 ooo 2 4 o-+ 2 4 --- 2 3 -o- 2 3 oo+ 3 4 o-o
mp-34202,Bi2Te3,41,110,112,69,2.682926829268293,0,False,0,1.0,Bi Bi Te Te Te 0 4 o-o 0 4 -oo 0 4 oo- 0 3 +oo 0 3 o+o 0 3 oo+ 1 2 +oo 1 2 o+o 1 2 oo+ 1 3 +o+ 1 3 o++ 1 3 ++o
mp-676250,Bi2Te4Pb,61,164,166,103,2.6885245901639343,0,False,0,1.0,Bi Bi Te Te Te Te Pb 0 2 oo+ 0 2 +oo 0 2 o+o 0 4 oo- 0 4 -oo 0 4 o-o 1 5 oo- 1 5 o-o 1 5 -oo 1 3 oo+ 1 3 o+o 1 3 +oo 3 6 oo+ 3 6 o+o 3 6 +oo 4 6 ++o 4 6 o++ 4 6 +o+
mp-1227356,Bi2TeSe2,41,110,112,69,2.682926829268293,0,False,0,1.0,Bi Bi Te Se Se 0 3 --o 0 3 -o- 0 3 o-- 0 2 oo- 0 2 o-o 0 2 -oo 1 4 o+o 1 4 +oo 1 4 oo+ 1 3 o-o 1 3 -oo 1 3 oo-
mp-2633954,Bi2WO8,68,177,179,109,2.6029411764705883,0,False,0,1.0,Bi Bi W O O O O O O O O 0 5 o+o 0 9 ooo 0 8 o+- 0 6 ooo 0 4 oo- 0 7 oo- 1 8 o+o 1 9 ooo 1 10 ooo 1 4 +oo 1 6 ooo 1 3 ++o 1 7 ooo 2 3 ooo 2 5 ooo 2 10 -oo 2 7 ooo 2 6 ooo 2 4 ooo
mp-1227438,Bi4(TeSe)3,82,221,223,139,2.6951219512195124,0,False,0,1.0,Bi Bi Bi Bi Te Te Te Se Se Se 0 9 -o- 0 9 o-- 0 9 --o 0 8 -oo 0 8 o-o 0 8 oo- 1 7 o-o 1 7 -oo 1 7 oo- 1 4 o+o 1 4 +oo 1 4 oo+ 2 7 o-- 2 7 -o- 2 7 --o 2 5 o-o 2 5 -oo 2 5 oo- 3 8 +oo 3 8 o+o 3 8 oo+ 3 6 +o+ 3 6 o++ 3 6 ++o
mp-1227439,Bi4(TeSe)3,82,221,223,139,2.6951219512195124,0,False,0,1.0,Bi Bi Bi Bi Te Te Te Se Se Se 0 9 o-o 0 9 -oo 0 7 oo- 0 8 -oo 0 8 o-o 0 4 ooo 1 9 oo+ 1 7 +oo 1 7 o+o 1 8 ooo 1 4 o+o 1 4 +oo 2 7 o+- 2 7 +o- 2 8 ooo 2 5 o-o 2 5 -oo 2 6 oo- 3 7 ++o 3 8 +oo 3 8 o+o 3 5 ooo 3 6 o+o 3 6 +oo
mp-1227568,Bi4O5,120,336,338,216,2.8,0,False,0,1.0,Bi Bi Bi Bi Bi Bi Bi Bi O O O O O O O O O O 0 9 ooo 0 17 o-o 0 16 ooo 1 17 ooo 1 12 oo+ 1 8 ooo 1 16 ooo 2 9 -oo 2 10 o-o 2 15 ooo 2 14 ooo 2 13 o-o 3 8 ooo 3 13 ooo 3 15 ooo 3 11 oo+ 3 14 ooo 4 11 ooo 4 16 oo- 4 14 oo- 4 8 ooo 4 15 ooo 5 10 o-o 5 9 -o- 5 14 oo- 5 15 ooo 5 16 -o- 6 12 ooo 6 17 ooo 6 11 ooo 6 13 ooo 7 10 ooo 7 12 -oo 7 13 ooo
mp-1246357,Bi4Se3N2,162,459,461,297,2.8333333333333335,0,False,0,1.0,Bi Bi Bi Bi Bi Bi Bi Bi Se Se Se Se Se Se N N N N 0 15 ooo 0 14 o+o 0 9 +++ 0 9 ++o 0 13 oo+ 0 13 ooo 1 14 ooo 1 15 o-o 1 9 oo+ 1 9 ooo 1 12 ooo 1 12 oo+ 2 17 -oo 2 16 ooo 2 8 ooo 2 8 oo- 2 11 oo- 2 11 ooo 3 16 +oo 3 17 ooo 3 8 ooo 3 8 oo- 3 10 ooo 3 10 oo- 4 17 ooo 4 17 oo+ 4 11 +oo 4 13 oo+ 4 13 ooo 4 8 ooo 5 16 oo+ 5 16 ooo 5 10 -oo 5 12 ooo 5 12 oo+ 5 8 ooo 6 15 oo- 6 15 ooo 6 13 ooo 6 11 ooo 6 11 oo- 6 9 o+o 7 14 oo- 7 14 ooo 7 12 ooo 7 10 ooo 7 10 oo- 7 9 +oo
mp-1247172,Bi4Se3N2,63,168,170,105,2.6666666666666665,0,False,0,1.0,Bi Bi Bi Bi Se Se Se N N 0 7 ooo 0 8 ooo 0 8 o+o 0 4 o++ 1 8 ooo 1 7 ooo 1 7 o-o 1 4 +oo 2 7 ooo 2 4 ++o 2 4 +oo 2 6 ooo 2 6 o+o 3 8 ooo 3 4 oo+ 3 4 o++ 3 5 ooo 3 5 o-o
mp-23005,Bi4Te7Pb,102,284,286,182,2.784313725490196,0,False,0,1.0,Bi Bi Bi Bi Te Te Te Te Te Te Te Pb 0 10 o+o 0 10 ooo 0 10 ++o 0 8 -oo 0 8 o+o 0 8 ooo 1 7 +oo 1 7 o-o 1 7 ooo 1 9 +oo 1 9 ++o 1 9 ooo 2 6 +oo 2 6 ++o 2 6 ooo 2 5 +oo 2 5 o-o 2 5 ooo 3 4 -oo 3 4 o+o 3 4 ooo 3 9 o+o 3 9 ++o 3 9 ooo 5 11 o+o 5 11 ooo 5 11 ++o 8 11 +o+ 8 11 oo+ 8 11 +++
mp-1106025,Bi6Te10Pb,143,404,406,261,2.825174825174825,0,False,0,1.0,Bi Bi Bi Bi Bi Bi Te Te Te Te Te Te Te Te Te Te Pb 0 9 -oo 0 9 o-o 0 9 --o 0 7 -oo 0 7 o-o 0 7 ooo 1 8 +oo 1 8 o+o 1 8 ++o 1 6 +oo 1 6 o+o 1 6 ooo 2 11 o-o 2 11 -oo 2 11 ooo 2 13 -oo 2 13 o-o 2 13 --o 3 10 o+o 3 10 +oo 3 10 ooo 3 12 +oo 3 12 o+o 3 12 ++o 4 15 -oo 4 15 o-o 4 15 ooo 4 12 +oo 4 12 o+o 4 12 ooo 5 14 o+o 5 14 +oo 5 14 ooo 5 13 -oo 5 13 o-o 5 13 ooo 6 16 o++ 6 16 +o+ 6 16 oo+ 7 16 +oo 7 16 o+o 7 16 ++o
mp-1047384,BiF5,60,157,159,97,2.6166666666666667,0,False,0,1.0,Bi Bi F F F F F F F F F F 0 8 ooo 0 9 ooo 0 3 ooo 0 2 ooo 0 4 o+o 0 4 -oo 0 5 +oo 0 5 o-o 1 6 oo- 1 7 ooo 1 2 ooo 1 3 oo- 1 11 +oo 1 11 o-o 1 10 o+- 1 10 -o-
mp-950217,BiI4,46,117,119,71,2.5434782608695654,0,False,0,1.0,Bi Bi I I I I I I I I 0 3 ooo 0 7 --o 0 8 -oo 0 4 o-o 0 6 ooo 0 5 --o 1 2 ooo 1 9 -o- 1 4 ooo 1 8 -o- 1 5 -oo 1 6 oo-
mp-1103374,BiOsSe,96,267,269,171,2.78125,0,False,0,1.0,Bi Bi Bi Bi Os Os Os Os Se Se Se Se 0 8 ooo 0 4 +oo 0 7 ooo 0 5 o+o 1 9 -oo 1 5 ooo 1 6 -o- 1 4 o-o 2 10 ooo 2 6 -oo 2 5 ooo 2 7 o-o 3 11 +oo 3 7 ooo 3 4 +o+ 3 6 o+o 4 8 ooo 4 9 -oo 4 11 ooo 5 9 ooo 5 8 ooo 5 10 oo- 6 10 ooo 6 11 +oo 6 9 ooo 7 11 ooo 7 10 ooo 7 8 oo+
mp-1093726,BiPd2Au,16,43,45,27,2.6875,0,False,0,1.0,Bi Pd Pd Au 0 2 ooo 0 1 ooo 1 3 ooo 2 3 o++
mp-573119,BiRhO3,188,531,533,343,2.824468085106383,0,True,21,0.96045197740113,Bi Bi Bi Bi Rh Rh Rh Rh O O O O O O O O O O O O 0 15 -+o 0 17 o+o 0 18 o+o 0 11 -oo 0 12 -o+ 0 13 -oo 0 10 ooo 0 16 ooo 1 11 ooo 1 10 ooo 1 16 ooo 1 15 ooo 1 8 oo+ 1 9 ooo 1 17 ooo 1 18 ooo 2 14 +-o 2 13 o-o 2 12 o-o 2 19 +oo 2 18 +oo 2 17 +o- 2 9 ooo 2 8 ooo 3 19 ooo 3 9 ooo 3 8 ooo 3 14 ooo 3 16 ooo 3 10 oo- 3 13 ooo 3 12 ooo 4 11 -oo 4 19 ooo 4 18 ooo 4 13 -oo 4 16 ooo 4 9 -oo 5 11 -o- 5 19 ooo 5 12 -oo 5 17 oo- 5 10 oo- 5 8 -oo 6 15 ooo 6 14 o-o 6 16 o-o 6 9 ooo 6 18 ooo 6 13 o-o 7 14 o-o 7 15 oo- 7 10 o-- 7 8 ooo 7 17 oo- 7 12 o-o
mp-1103098,BiRhS,96,263,265,167,2.7395833333333335,0,False,0,1.0,Bi Bi Bi Bi Rh Rh Rh Rh S S S S 0 8 -o+ 0 5 -oo 0 7 o++ 0 6 ooo 1 9 o+- 1 6 oo- 1 7 ++o 1 4 ooo 2 10 +-o 2 4 o-o 2 5 ooo 2 7 +o+ 3 11 ooo 3 4 o-o 3 5 -oo 3 6 oo- 4 10 ooo 4 9 o+o 4 11 ooo 5 8 ooo 5 10 +oo 5 11 ooo 6 9 ooo 6 8 oo+ 6 11 ooo 7 8 -oo 7 9 oo- 7 10 o-o
mp-1227463,BiSbTe2,93,257,259,164,2.763440860215054,0,False,0,1.0,Bi Bi Bi Sb Sb Sb Te Te Te Te Te Te 0 8 -oo 0 8 o+o 0 8 ooo 0 7 o+o 0 7 ooo 0 7 ++o 1 9 o+o 1 9 ++o 1 9 ooo 1 6 -oo 1 6 o+o 1 6 ooo 2 3 +oo 2 3 ooo 2 3 ++o 4 10 -oo 4 10 o+o 4 10 ooo 4 7 o+o 4 7 ++o 4 7 ooo 5 11 o+o 5 11 ooo 5 11 ++o 5 6 o+o 5 6 -oo 5 6 ooo
mp-1227372,BiTeIr,96,271,273,175,2.8229166666666665,0,False,0,1.0,Bi Bi Bi Bi Te Te Te Te Ir Ir Ir Ir 0 11 -o- 0 10 ooo 0 9 o+o 0 4 -+o 1 11 o-- 1 8 ooo 1 10 +oo 1 5 +o- 2 9 ooo 2 11 --o 2 8 oo+ 2 6 o-+ 3 9 o+o 3 10 +oo 3 8 oo+ 3 7 ooo 4 11 o-o 4 10 +oo 4 9 ooo 5 8 oo+ 5 10 ooo 5 11 -oo 6 11 oo- 6 8 ooo 6 9 o+o 7 8 ooo 7 9 ooo 7 10 ooo
mp-1095534,C,60,155,157,95,2.5833333333333335,0,False,0,1.0,C C C C C C C C C C C C 0 11 ooo 0 4 oo- 0 1 +oo 0 1 ooo 1 10 oo- 1 5 ooo 2 9 o-o 2 6 ooo 2 3 -oo 2 3 ooo 3 8 ooo 3 7 o-o 4 6 +oo 5 7 -oo 8 11 ooo 9 10 ooo
mp-1188937,CN3Cl,74,193,195,119,2.608108108108108,0,False,0,1.0,C C C C N N N N N N N N N N N N Cl Cl Cl Cl 0 12 ooo 0 8 ooo 0 4 oo- 1 13 ooo 1 9 ooo 1 5 ooo 2 14 ooo 2 10 ooo 2 6 oo+ 3 15 ooo 3 11 ooo 3 7 ooo 4 6 o++ 5 7 +-o 8 16 ooo 9 17 ooo 10 18 ooo 11 19 ooo
mp-1047132,Ca(AgO2)2,86,231,233,145,2.686046511627907,0,False,0,1.0,Ca Ca Ag Ag Ag Ag O O O O O O O O 0 11 oo- 0 13 ooo 0 9 oo- 0 10 ooo 1 7 ooo 1 8 ooo 1 6 ooo 1 12 ooo 2 10 ooo 2 9 +oo 2 6 o-- 2 12 +-o 3 13 o-o 3 11 ooo 3 8 ooo 3 7 o-- 4 6 ooo 4 12 +o+ 4 10 ooo 4 9 +oo 5 8 +o+ 5 13 o-o 5 7 +-o 5 11 ooo
mp-10289,Ca(BC)2,142,373,375,231,2.6267605633802815,0,False,0,1.0,Ca Ca B B B B C C C C 0 7 -oo 0 7 -+o 0 9 oo+ 0 9 ooo 0 6 -oo 0 6 ooo 0 8 o++ 0 8 -oo 0 2 o+o 0 2 ooo 0 5 -oo 0 5 -o+ 0 3 ooo 0 3 -oo 0 4 -oo 0 4 o++ 1 9 ooo 1 9 o-o 1 7 -o- 1 7 -oo 1 8 ooo 1 8 -oo 1 6 --- 1 6 ooo 1 5 --o 1 5 -oo 1 2 ooo 1 2 oo- 1 4 -oo 1 4 ooo 1 3 ooo 1 3 --- 2 7 -oo 2 6 ooo 2 8 oo+ 3 6 ooo 3 7 o+o 3 9 ooo 4 8 ooo 4 9 o-o 4 7 ooo 5 9 +oo 5 8 ooo 5 6 oo-
mp-1045327,Ca(BiO3)2,138,381,383,243,2.760869565217391,0,False,0,1.0,Ca Ca Bi Bi Bi Bi O O O O O O O O O O O O 0 14 ooo 0 13 ooo 0 6 ooo 0 16 ooo 0 11 ooo 0 8 ooo 0 10 ooo 0 9 ooo 1 15 -oo 1 7 ooo 1 12 oo- 1 17 -oo 1 9 oo- 1 10 ooo 1 8 -o- 1 11 -oo 2 13 o+o 2 16 ooo 2 12 ooo 2 15 oo+ 2 8 ooo 2 9 ooo 3 12 o-o 3 17 -o+ 3 13 -oo 3 14 ooo 3 9 ooo 3 8 -oo 4 7 o-o 4 17 -oo 4 6 -oo 4 14 ooo 4 10 ooo 4 11 -oo 5 6 o+o 5 16 ooo 5 7 ooo 5 15 ooo 5 11 ooo 5 10 ooo
mp-1105258,Ca(ClO2)2,77,201,203,124,2.6103896103896105,0,False,0,1.0,Ca Ca Cl Cl Cl Cl O O O O O O O O 0 10 ooo 0 6 --o 0 7 oo- 0 5 ooo 0 8 ooo 0 4 ooo 0 4 --o 0 12 -oo 1 11 ooo 1 7 ++o 1 6 oo+ 1 4 ooo 1 9 ooo 1 5 ooo 1 5 ++o 1 13 +oo 2 11 ooo 3 10 ooo 6 7 ++- 8 12 ooo 9 13 ooo
mp-1041927,Ca(CoO2)2,110,297,299,187,2.7,0,False,0,1.0,Ca Ca Co Co Co Co O O O O O O O O 0 13 oo+ 0 6 -o- 0 12 ooo 0 8 -oo 0 7 -oo 0 11 ooo 1 12 oo- 1 8 ooo 1 6 oo- 1 13 ooo 1 10 oo- 1 9 ooo 2 12 o+o 2 13 ooo 2 11 ooo 2 10 -o- 3 8 o-o 3 6 ooo 3 7 ooo 3 9 +o+ 4 6 oo- 4 13 o-o 4 7 ooo 4 10 o-- 4 9 ooo 4 11 o-- 5 8 ooo 5 12 ooo 5 10 ooo 5 9 ooo 5 7 ooo 5 11 ooo
mp-1079772,Ca(InP)2,82,217,219,135,2.6463414634146343,0,False,0,1.0,Ca Ca In In In In P P P P 0 7 -o- 0 7 --- 0 7 oo- 0 6 o-o 0 6 ooo 0 6 --o 1 8 -oo 1 8 ooo 1 8 --o 1 9 o-o 1 9 --o 1 9 ooo 2 6 o-o 2 6 +oo 2 6 ooo 3 7 -oo 3 7 o+o 3 7 ooo 4 8 o+o 4 8 -oo 4 8 ooo 5 9 +oo 5 9 o-o 5 9 ooo
mp-29208,Ca(MgBi)2,47,126,128,79,2.6808510638297873,0,False,0,1.0,Ca Mg Mg Bi Bi 0 4 -o- 0 4 oo- 0 4 --- 0 3 o-o 0 3 --o 0 3 ooo 1 3 +oo 1 3 o-o 1 3 ooo 1 4 ooo 2 4 -oo 2 4 o+o 2 4 ooo 2 3 ooo
mp-1328967,Ca(MnS2)2,110,297,299,187,2.7,0,False,0,1.0,Ca Ca Mn Mn Mn Mn S S S S S S S S 0 13 ooo 0 9 oo- 0 11 oo- 0 10 ooo 1 7 ooo 1 6 ooo 1 12 ooo 1 8 ooo 2 12 +-o 2 9 +oo 2 10 ooo 2 6 o-- 2 8 +oo 2 13 o-o 3 8 ooo 3 11 ooo 3 7 o-- 3 13 o-o 3 12 o-o 3 10 ooo 4 12 +o+ 4 10 ooo 4 9 +oo 4 6 ooo 4 11 ooo 4 7 +oo 5 13 o-o 5 7 +-o 5 8 +o+ 5 11 ooo 5 6 o-o 5 9 +oo
mp-1232722,Ca(MnSb)2,94,253,255,159,2.6914893617021276,0,False,0,1.0,Ca Ca Mn Mn Mn Mn Sb Sb Sb Sb 0 6 o+o 0 8 ooo 0 9 +oo 0 9 ooo 0 7 -+o 0 7 o+o 1 7 oo- 1 9 +-o 1 8 +-- 1 8 o-- 1 6 ooo 1 6 +oo 2 9 ooo 2 8 ooo 2 8 -oo 2 6 oo+ 3 6 oo+ 3 7 -oo 3 7 ooo 3 9 ooo 4 8 oo- 4 9 +oo 4 9 ooo 4 7 ooo 5 7 ooo 5 6 ooo 5 6 +oo 5 8 oo-
mp-11168,Ca(PIr)2,186,514,516,328,2.763440860215054,0,True,4,0.9922178988326849,Ca Ca Ca P P P P P P Ir Ir Ir Ir Ir Ir 0 6 ooo 0 8 ooo 0 3 -oo 0 4 o-o 0 9 ooo 0 5 ooo 0 7 ooo 0 14 ooo 0 10 ooo 0 12 ooo 0 13 ooo 1 7 oo- 1 4 o-o 1 5 +oo 1 6 o-o 1 10 ooo 1 8 o-- 1 3 ooo 1 9 o-o 1 14 +o- 1 12 +oo 1 11 o-o 2 5 oo+ 2 3 -oo 2 7 o+o 2 8 -oo 2 14 ooo 2 6 -o+ 2 4 ooo 2 9 -oo 2 10 o++ 2 13 o+o 2 11 -o+ 3 12 +oo 3 13 ooo 3 9 o-o 3 14 +oo 4 13 o+o 4 12 ooo 4 9 -oo 4 10 o+o 5 12 ooo 5 11 ooo 5 10 ooo 5 14 oo- 6 11 ooo 6 12 +oo 6 10 ++o 6 9 ooo 7 13 ooo 7 11 oo+ 7 14 ooo 7 10 oo+ 8 11 oo+ 8 13 o+o 8 14 ++o 8 9 ooo
mp-1042036,Ca(WO2)2,110,293,295,183,2.6636363636363636,0,False,0,1.0,Ca Ca W W W W O O O O O O O O 0 6 oo- 0 13 ooo 0 8 ooo 0 12 oo- 0 11 ooo 0 7 oo- 1 6 ooo 1 8 oo+ 1 12 -o- 1 13 -oo 1 10 ooo 1 9 -oo 2 10 ooo 2 11 oo+ 2 13 ooo 2 12 o+o 3 9 ooo 3 7 oo- 3 6 ooo 3 8 o-o 4 6 ooo 4 13 --o 4 7 ooo 4 11 --o 4 10 o-o 4 9 -oo 5 12 -o- 5 8 ooo 5 7 oo- 5 11 -oo 5 10 ooo 5 9 -o-
mp-9571,Ca(ZnAs)2,47,126,128,79,2.6808510638297873,0,False,0,1.0,Ca Zn Zn As As 0 4 -o- 0 4 --- 0 4 oo- 0 3 o-o 0 3 ooo 0 3 --o 1 4 o+o 1 4 -oo 1 4 ooo 1 3 ooo 2 3 o-o 2 3 +oo 2 3 ooo 2 4 ooo
mp-1093656,Ca2AgRh,16,43,45,27,2.6875,0,False,0,1.0,Ca Ca Ag Rh 0 3 ooo 0 2 ooo 1 3 o++ 1 2 ooo
mp-1096012,Ca2CdHg,16,43,45,27,2.6875,0,False,0,1.0,Ca Ca Cd Hg 0 3 ooo 0 2 ooo 1 3 ooo 1 2 +o+
mp-1246775,Ca2CdN2,164,477,479,313,2.908536585365854,0,False,0,1.0,Ca Ca Ca Ca Ca Ca Ca Ca Cd Cd Cd Cd N N N N N N N N 0 19 oo+ 0 16 ooo 0 15 oo+ 0 13 ooo 1 18 ooo 1 17 ooo 1 14 o+o 1 12 ooo 2 17 oo- 2 18 ooo 2 13 oo- 2 15 ooo 3 16 ooo 3 19 ooo 3 12 o-o 3 14 ooo 4 16 +oo 4 19 +o+ 4 17 o-o 4 14 ooo 4 13 ooo 5 17 -oo 5 18 -oo 5 16 ooo 5 15 oo+ 5 12 ooo 6 18 -oo 6 17 -o- 6 19 o+o 6 12 ooo 6 15 ooo 7 19 +oo 7 16 +oo 7 18 ooo 7 13 oo- 7 14 ooo 8 18 ooo 8 13 ooo 8 14 ooo 9 19 o++ 9 12 ooo 9 15 oo+ 10 16 ooo 10 15 ooo 10 12 ooo 11 17 o-- 11 14 ooo 11 13 oo-
mp-569267,Ca2CdSb2,260,761,763,501,2.9269230769230767,0,True,251,0.6701708278580815,Ca Ca Ca Ca Ca Ca Ca Ca Cd Cd Cd Cd Sb Sb Sb Sb Sb Sb Sb Sb 0 19 +oo 0 19 ooo 0 13 +oo 0 13 ooo 0 18 o+o 0 18 ooo 0 9 ooo 1 15 -o+ 1 15 oo+ 1 16 ooo 1 16 -oo 1 17 ooo 1 17 o+o 1 8 oo+ 2 19 ooo 2 12 -oo 2 12 ooo 2 16 -oo 2 16 ooo 2 10 ooo 2 10 -oo 2 9 -oo 2 9 ooo 3 15 ooo 3 14 o+o 3 14 ++o 3 13 +oo 3 13 ooo 3 11 ++o 3 11 o+o 3 8 +oo 3 8 ooo 4 17 +o- 4 17 oo- 4 14 +oo 4 14 ooo 4 15 ooo 4 15 o-o 4 10 oo- 5 18 -oo 5 18 ooo 5 12 ooo 5 12 -oo 5 19 o-o 5 19 ooo 5 11 ooo 6 18 ooo 6 13 +oo 6 13 ooo 6 14 +oo 6 14 ooo 6 8 ooo 6 8 +oo 6 11 ooo 6 11 +oo 7 17 ooo 7 16 o-o 7 16 --o 7 12 ooo 7 12 -oo 7 9 --o 7 9 o-o 7 10 -oo 7 10 ooo 8 15 -oo 8 15 ooo 8 14 ooo 8 13 ooo 9 19 +oo 9 19 ooo 9 12 o+o 9 16 ooo 10 17 +oo 10 17 ooo 10 16 ooo 10 12 ooo 11 18 -oo 11 18 ooo 11 13 o-o 11 14 ooo
mp-1404745,Ca2Cr3O8,103,278,280,175,2.6990291262135924,0,False,0,1.0,Ca Ca Cr Cr Cr O O O O O O O O 0 6 ooo 0 9 ooo 0 10 ooo 0 7 oo- 0 12 o+o 0 11 +oo 1 5 ooo 1 12 ooo 1 11 ooo 1 8 oo+ 1 9 o-o 1 10 -oo 2 9 o-o 2 11 o-o 2 12 -oo 2 10 -oo 2 7 --o 2 8 ooo 3 6 ooo 3 5 oo- 3 12 ooo 3 10 oo- 3 7 o-- 3 8 +oo 4 5 oo- 4 6 ooo 4 11 ooo 4 9 oo- 4 7 -o- 4 8 o+o
mp-1372293,Ca2CuSbO6,164,463,465,299,2.823170731707317,0,False,0,1.0,Ca Ca Ca Ca Cu Cu Sb Sb O O O O O O O O O O O O 0 16 ooo 0 18 ooo 0 17 ooo 0 10 ooo 0 13 ooo 0 11 ooo 0 8 ooo 0 15 +oo 1 19 ooo 1 14 ooo 1 15 ooo 1 8 ooo 1 12 ooo 1 9 ooo 1 10 -oo 1 17 ooo 2 13 o+- 2 11 o+- 2 16 oo- 2 18 ooo 2 9 +oo 2 12 ooo 3 12 o-+ 3 9 o-+ 3 19 oo+ 3 14 ooo 3 11 ooo 3 13 -oo 4 8 oo- 4 17 ooo 4 19 ooo 4 16 oo- 5 15 oo- 5 10 -oo 5 16 -o- 5 19 ooo 6 11 ooo 6 12 o-o 6 18 o-o 6 14 ooo 6 17 ooo 6 8 o-o 7 13 -oo 7 9 o-o 7 14 ooo 7 18 --o 7 10 -oo 7 15 o-o
mp-1227586,Ca2Fe2O5,162,455,457,293,2.808641975308642,0,False,0,1.0,Ca Ca Ca Ca Fe Fe Fe Fe O O O O O O O O O O 0 16 ooo 0 12 o-o 0 10 ooo 0 14 ooo 0 8 ooo 0 11 ooo 0 9 ooo 1 17 oo+ 1 13 o+o 1 9 ooo 1 15 ooo 1 11 ooo 1 8 ooo 1 10 ooo 2 17 ooo 2 14 o+o 2 10 ooo 2 12 ooo 2 8 +oo 2 11 o+o 2 9 ++o 3 16 oo+ 3 15 o-o 3 9 ooo 3 13 ooo 3 11 -oo 3 8 o-o 3 10 --o 4 11 ooo 4 8 o-o 4 9 ooo 4 10 o-o 4 13 ooo 4 12 o-o 5 11 -oo 5 8 ooo 5 9 ooo 5 10 -oo 5 15 ooo 5 14 -oo 6 12 ooo 6 15 oo- 6 16 ooo 6 17 -oo 7 13 oo- 7 14 ooo 7 17 ooo 7 16 +oo
mp-1517097,Ca2FeBiO6,118,311,313,193,2.635593220338983,0,False,0,1.0,Ca Ca Fe Bi O O O O O O 0 6 -oo 0 6 oo- 0 7 ooo 0 7 o-o 0 5 o-o 0 5 oo- 0 8 o-o 0 8 -oo 0 4 ooo 0 4 -oo 0 9 oo- 0 9 ooo 1 6 o+o 1 6 ooo 1 5 +oo 1 5 ooo 1 8 oo+ 1 8 ooo 1 7 +oo 1 7 oo+ 1 4 oo+ 1 4 o+o 1 9 +oo 1 9 o+o 2 9 ooo 2 4 ooo 2 6 ooo 2 5 ooo 2 7 ooo 2 8 ooo 3 8 --o 3 6 -o- 3 9 oo- 3 7 o-o 3 4 -oo 3 5 o--
mp-1096103,Ca2HgPt,16,43,45,27,2.6875,0,False,0,1.0,Ca Ca Hg Pt 0 3 ooo 0 2 ooo 1 3 o++ 1 2 ooo
mp-1227467,Ca2LaNdMn4O12,188,531,533,343,2.824468085106383,0,True,21,0.96045197740113,Ca Ca La Nd Mn Mn Mn Mn O O O O O O O O O O O O 0 16 ooo 0 13 ooo 0 11 ooo 0 17 ooo 0 12 ooo 0 10 ooo 0 15 ooo 0 9 ooo 1 19 o++ 1 8 oo+ 1 14 -o+ 1 18 o+o 1 9 -oo 1 15 ooo 1 12 o+o 1 10 -+o 2 18 ooo 2 9 -oo 2 15 ooo 2 19 ooo 2 14 -oo 2 8 ooo 2 13 -oo 2 11 ooo 3 17 o-- 3 10 oo- 3 12 oo- 3 16 o-o 3 13 ooo 3 11 ooo 3 14 o-o 3 8 o-o 4 16 o-o 4 15 o-o 4 18 ooo 4 12 ooo 4 11 ooo 4 8 o-o 5 17 ooo 5 9 ooo 5 19 +o+ 5 10 ooo 5 14 oo+ 5 13 oo+ 6 16 o-o 6 9 o-o 6 18 +oo 6 10 ooo 6 13 ooo 6 14 o-o 7 17 ooo 7 15 ooo 7 19 oo+ 7 12 ooo 7 8 oo+ 7 11 oo+
mp-1227546,Ca2LaRuO6,188,533,535,345,2.8351063829787235,0,True,23,0.9568480300187617,Ca Ca Ca Ca La La Ru Ru O O O O O O O O O O O O 0 15 +-o 0 18 o-o 0 9 o-o 0 12 +oo 0 17 ooo 0 10 ooo 0 11 +o- 0 16 +oo 1 14 ooo 1 19 ooo 1 8 ooo 1 13 ooo 1 16 ooo 1 11 ooo 1 10 ooo 1 17 oo+ 2 10 ooo 2 16 ooo 2 8 o-o 2 15 o-o 2 13 ooo 2 18 o-o 3 11 ooo 3 17 -o+ 3 9 -o+ 3 14 -oo 3 12 oo+ 3 19 ooo 4 13 -+o 4 16 o+o 4 11 o+o 4 14 -oo 4 19 ooo 4 8 ooo 4 9 -o+ 4 18 -oo 5 12 ooo 5 17 ooo 5 10 ooo 5 15 ooo 5 18 ooo 5 9 ooo 5 8 ooo 5 19 oo- 6 10 -oo 6 8 ooo 6 14 -oo 6 16 ooo 6 12 ooo 6 18 -oo 7 11 oo- 7 9 o-o 7 15 o-o 7 17 ooo 7 13 oo- 7 19 o--
mp-1038760,Ca2Mg,204,563,565,359,2.7598039215686274,0,True,53,0.9058614564831261,Ca Ca Ca Ca Ca Ca Ca Ca Mg Mg Mg Mg 0 10 -oo 0 10 ooo 0 3 oo+ 0 3 --+ 0 3 -o+ 0 3 o-+ 0 6 o-o 0 6 ooo 0 0 o+o 0 1 oo+ 0 1 o-+ 1 9 -+o 1 9 o+o 1 9 ooo 1 9 -oo 1 3 -oo 1 3 ooo 1 2 ooo 1 2 o+o 1 1 o+o 2 8 o-o 2 8 --o 2 8 -oo 2 8 ooo 2 9 ooo 2 9 -oo 2 4 o-o 2 4 ooo 2 2 o+o 3 9 ooo 3 9 o+o 3 10 oo- 3 10 o+- 3 3 o+o 4 8 ooo 4 8 -oo 4 7 ooo 4 7 -oo 4 7 o+o 4 7 -+o 4 4 o+o 4 5 o+o 4 5 ooo 5 11 o-o 5 11 --o 5 11 ooo 5 11 -oo 5 7 -oo 5 7 ooo 5 6 ooo 5 6 o-o 5 5 o+o 6 10 -+o 6 10 ooo 6 10 -oo 6 10 o+o 6 11 -oo 6 11 ooo 6 6 o+o 7 11 o-o 7 11 ooo 7 8 ooo 7 8 o-o 7 7 o+o
mp-1395042,Ca2Mo3O8,103,278,280,175,2.6990291262135924,0,False,0,1.0,Ca Ca Mo Mo Mo O O O O O O O O 0 6 ooo 0 10 ooo 0 9 ooo 0 7 oo- 0 12 o+o 0 11 +oo 1 5 ooo 1 11 ooo 1 12 ooo 1 8 oo+ 1 10 -oo 1 9 o-o 2 9 o-o 2 11 o-o 2 10 -oo 2 12 -oo 2 7 --o 2 8 ooo 3 10 oo- 3 12 ooo 3 6 ooo 3 5 oo- 3 8 +oo 3 7 o-- 4 11 ooo 4 9 oo- 4 6 ooo 4 5 oo- 4 8 o+o 4 7 -o-
mp-1227481,Ca2NdRuO6,188,533,535,345,2.8351063829787235,0,True,23,0.9568480300187617,Ca Ca Ca Ca Nd Nd Ru Ru O O O O O O O O O O O O 0 18 ooo 0 16 o-o 0 8 ooo 0 15 o-o 0 13 ooo 0 10 o-o 1 19 ooo 1 17 -o+ 1 9 -o+ 1 14 -oo 1 12 oo+ 1 11 ooo 2 15 +-o 2 10 o-o 2 17 o-o 2 12 +oo 2 9 ooo 2 18 ooo 2 19 +o- 2 8 +oo 3 14 ooo 3 11 ooo 3 16 ooo 3 13 ooo 3 8 ooo 3 19 ooo 3 18 ooo 3 9 oo+ 4 13 -+o 4 8 o+o 4 19 o+o 4 14 -oo 4 11 ooo 4 16 ooo 4 17 -o+ 4 10 -oo 5 12 ooo 5 9 ooo 5 18 ooo 5 15 ooo 5 10 ooo 5 17 ooo 5 16 ooo 5 11 oo- 6 16 ooo 6 18 -oo 6 14 -oo 6 8 ooo 6 10 -oo 6 12 ooo 7 17 o-o 7 19 oo- 7 15 o-o 7 9 ooo 7 11 o-- 7 13 oo-
mp-1341170,Ca2SbWO6,188,529,531,341,2.8138297872340425,0,True,19,0.9640831758034026,Ca Ca Ca Ca Sb Sb W W O O O O O O O O O O O O 0 18 ooo 0 17 ooo 0 10 ooo 0 16 ooo 0 13 ooo 0 11 ooo 0 15 +oo 0 8 ooo 1 14 ooo 1 8 ooo 1 15 ooo 1 19 ooo 1 12 ooo 1 9 ooo 1 17 ooo 1 10 -oo 2 16 oo- 2 13 o+- 2 11 o+- 2 18 ooo 2 12 ooo 2 9 +oo 2 17 o+o 2 10 o+o 3 19 oo+ 3 9 o-+ 3 12 o-+ 3 14 ooo 3 11 ooo 3 13 -oo 3 8 o-o 3 15 o-o 4 14 ooo 4 18 o-o 4 11 ooo 4 12 o-o 4 17 ooo 4 8 o-o 5 14 ooo 5 18 --o 5 13 -oo 5 9 o-o 5 10 -oo 5 15 o-o 6 8 oo- 6 17 ooo 6 12 ooo 6 11 oo- 6 16 oo- 6 19 ooo 7 15 oo- 7 10 -oo 7 9 ooo 7 13 -o- 7 19 ooo 7 16 -o-
mp-1009733,Ca2Si,27,72,74,45,2.6666666666666665,0,False,0,1.0,Ca Ca Si 0 2 o+o 0 2 ooo 0 2 oo+ 0 2 +oo 1 2 ++o 1 2 +o+ 1 2 o++ 1 2 +++
mp-1009730,Ca2Sn,27,72,74,45,2.6666666666666665,0,False,0,1.0,Ca Ca Sn 0 2 +oo 0 2 o+o 0 2 oo+ 0 2 ooo 1 2 +++ 1 2 ++o 1 2 +o+ 1 2 o++
mp-1346992,Ca2TaAgO6,176,497,499,321,2.8238636363636362,0,False,0,1.0,Ca Ca Ca Ca Ta Ta Ag Ag O O O O O O O O O O O O 0 16 o+- 0 17 oo- 0 10 oo- 0 14 ooo 0 9 ooo 0 19 o+o 0 8 o+o 0 15 ++o 1 16 ooo 1 14 ooo 1 9 ooo 1 19 ooo 1 11 +oo 1 13 ooo 2 18 ooo 2 13 ooo 2 11 ooo 2 12 ooo 2 9 ooo 2 14 -oo 3 18 o-+ 3 15 oo+ 3 8 oo+ 3 13 ooo 3 11 ooo 3 12 o-o 3 10 o-o 3 17 --o 4 11 ooo 4 14 --o 4 19 -oo 4 12 o-o 4 15 ooo 4 17 --o 5 9 o-o 5 13 ooo 5 19 ooo 5 12 o-o 5 8 ooo 5 10 o-o 6 17 -o- 6 15 ooo 6 18 ooo 6 16 -o- 6 11 oo- 6 14 -oo 7 10 oo- 7 8 ooo 7 18 ooo 7 16 oo- 7 9 ooo 7 13 oo-
mp-1377373,Ca2TaCoO6,188,532,534,344,2.8297872340425534,0,True,22,0.9586466165413534,Ca Ca Ca Ca Ta Ta Co Co O O O O O O O O O O O O 0 10 oo- 0 17 oo- 0 16 o+- 0 19 o+o 0 14 ooo 0 9 ooo 0 15 ++o 0 8 o+o 1 19 ooo 1 14 ooo 1 9 ooo 1 16 ooo 1 10 ooo 1 17 ooo 1 11 +oo 1 13 ooo 2 12 ooo 2 13 ooo 2 11 ooo 2 18 ooo 2 15 ooo 2 8 ooo 2 9 ooo 2 14 -oo 3 15 oo+ 3 8 oo+ 3 18 o-+ 3 12 o-o 3 13 ooo 3 11 ooo 3 17 --o 3 10 o-o 4 11 ooo 4 14 --o 4 15 ooo 4 17 --o 4 19 -oo 4 12 o-o 5 9 o-o 5 13 ooo 5 8 ooo 5 10 o-o 5 12 o-o 5 19 ooo 6 18 ooo 6 16 -o- 6 17 -o- 6 15 ooo 6 11 oo- 6 14 -oo 7 16 oo- 7 18 ooo 7 10 oo- 7 8 ooo 7 9 ooo 7 13 oo-
mp-1373426,Ca2TaVO6,188,530,532,342,2.8191489361702127,0,True,20,0.9622641509433962,Ca Ca Ca Ca Ta Ta V V O O O O O O O O O O O O 0 17 oo- 0 10 oo- 0 16 o+- 0 19 o+o 0 14 ooo 0 9 ooo 0 15 ++o 0 8 o+o 1 19 ooo 1 14 ooo 1 9 ooo 1 16 ooo 1 17 ooo 1 10 ooo 1 11 +oo 1 13 ooo 2 12 ooo 2 13 ooo 2 11 ooo 2 18 ooo 2 8 ooo 2 15 ooo 2 9 ooo 2 14 -oo 3 8 oo+ 3 15 oo+ 3 18 o-+ 3 12 o-o 3 13 ooo 3 11 ooo 3 10 o-o 3 17 --o 4 11 ooo 4 14 --o 4 15 ooo 4 17 --o 4 12 o-o 4 19 -oo 5 9 o-o 5 13 ooo 5 10 o-o 5 8 ooo 5 19 ooo 5 12 o-o 6 18 ooo 6 16 -o- 6 15 ooo 6 17 -o- 6 11 oo- 6 14 -oo 7 18 ooo 7 16 oo- 7 10 oo- 7 8 ooo 7 9 ooo 7 13 oo-
mp-1517296,Ca2TbFeO6,118,311,313,193,2.635593220338983,0,False,0,1.0,Ca Ca Tb Fe O O O O O O 0 9 ooo 0 9 oo- 0 7 o-o 0 7 ooo 0 6 -oo 0 6 oo- 0 5 o-o 0 5 oo- 0 8 -oo 0 8 o-o 0 4 -oo 0 4 ooo 1 6 ooo 1 6 o+o 1 8 ooo 1 8 oo+ 1 9 o+o 1 9 +oo 1 5 ooo 1 5 +oo 1 7 oo+ 1 7 +oo 1 4 oo+ 1 4 o+o 2 7 ooo 2 8 ooo 2 9 ooo 2 4 ooo 2 6 ooo 2 5 ooo 3 9 oo- 3 8 --o 3 5 o-- 3 7 o-o 3 6 -o- 3 4 -oo
mp-1367801,Ca2TiWO6,188,529,531,341,2.8138297872340425,0,True,19,0.9640831758034026,Ca Ca Ca Ca Ti Ti W W O O O O O O O O O O O O 0 17 o-o 0 14 ooo 0 9 ooo 0 16 ooo 0 8 ooo 0 15 ooo 0 12 o-+ 0 11 ooo 1 16 ++o 1 15 +oo 1 8 +oo 1 17 ooo 1 9 ooo 1 14 ooo 1 13 o+o 1 10 oo+ 2 18 o+o 2 12 ooo 2 11 ooo 2 19 ooo 2 10 ooo 2 13 ooo 2 14 o+- 2 9 ooo 3 19 --o 3 13 -oo 3 10 -oo 3 18 ooo 3 11 ooo 3 12 ooo 3 15 o-o 3 8 oo- 4 13 ooo 4 15 o-o 4 17 o-o 4 18 ooo 4 11 ooo 4 9 o-o 5 12 o-o 5 14 -o- 5 19 --o 5 16 oo- 5 8 oo- 5 10 --o 6 10 ooo 6 8 oo- 6 18 ooo 6 17 oo- 6 14 oo- 6 12 ooo 7 9 -oo 7 11 ooo 7 19 -oo 7 16 ooo 7 15 ooo 7 13 -oo
mp-1379764,Ca2VIrO6,188,531,533,343,2.824468085106383,0,True,21,0.96045197740113,Ca Ca Ca Ca V V Ir Ir O O O O O O O O O O O O 0 14 o+o 0 9 ooo 0 10 ooo 0 19 ooo 0 12 ooo 0 11 ooo 0 18 oo+ 0 17 o+o 1 19 --o 1 12 -oo 1 11 -oo 1 14 ooo 1 9 ooo 1 10 ooo 1 16 ooo 1 15 o-+ 2 8 ++o 2 15 +oo 2 16 +oo 2 13 ooo 2 17 ooo 2 18 ooo 2 11 ooo 2 12 o+- 3 13 o-o 3 17 ooo 3 18 ooo 3 8 ooo 3 15 ooo 3 16 ooo 3 10 oo- 3 9 o-o 4 19 --o 4 8 ooo 4 17 -oo 4 9 o-o 4 16 ooo 4 11 --o 5 13 o-o 5 14 oo- 5 12 oo- 5 15 o-o 5 10 oo- 5 18 o-o 6 8 ooo 6 19 -o- 6 18 -oo 6 10 oo- 6 15 ooo 6 12 -o- 7 14 ooo 7 13 ooo 7 11 ooo 7 16 ooo 7 9 ooo 7 17 ooo
mp-1402016,Ca2W3O8,103,275,277,172,2.6699029126213594,0,False,0,1.0,Ca Ca W W W O O O O O O O O 0 6 ooo 0 10 ooo 0 9 ooo 0 7 oo- 0 12 o+o 0 11 +oo 1 5 ooo 1 11 ooo 1 12 ooo 1 8 oo+ 1 10 -oo 1 9 o-o 2 9 o-o 2 11 o-o 2 12 -oo 2 10 -oo 2 7 --o 2 8 ooo 3 10 oo- 3 12 ooo 3 6 ooo 3 5 oo- 3 8 +oo 3 7 o-- 4 9 oo- 4 11 ooo 4 6 ooo 4 5 oo- 4 7 -o- 4 8 o+o
mp-1095974,Ca2ZnCd,16,43,45,27,2.6875,0,False,0,1.0,Ca Ca Zn Cd 0 3 ooo 0 2 ooo 1 3 ooo 1 2 +o+
mp-31149,Ca3BiN,59,157,159,98,2.6610169491525424,0,False,0,1.0,Ca Ca Ca Bi N 0 4 o-o 0 4 ooo 0 3 +oo 0 3 ooo 0 3 oo+ 0 3 +o+ 1 4 ooo 1 4 -oo 1 3 o++ 1 3 ooo 1 3 o+o 1 3 oo+ 2 4 oo- 2 4 ooo 2 3 +oo 2 3 ++o 2 3 o+o 2 3 ooo
mp-1013547,Ca3P2,23,60,62,37,2.608695652173913,0,False,0,1.0,Ca Ca Ca P P 0 4 ooo 0 4 -oo 1 4 ooo 1 4 o-o 2 4 oo- 2 4 ooo
mp-1013544,Ca3SbAs,59,158,160,99,2.6779661016949152,0,False,0,1.0,Ca Ca Ca Sb As 0 4 -oo 0 4 ooo 0 3 ooo 0 3 oo+ 0 3 o+o 0 3 o++ 1 4 o-o 1 4 ooo 1 3 +oo 1 3 ooo 1 3 oo+ 1 3 +o+ 2 4 oo- 2 4 ooo 2 3 +oo 2 3 ooo 2 3 o+o 2 3 ++o
mp-1013548,Ca3SbN,59,157,159,98,2.6610169491525424,0,False,0,1.0,Ca Ca Ca Sb N 0 4 -oo 0 4 ooo 0 3 oo+ 0 3 o++ 0 3 o+o 0 3 ooo 1 4 o-o 1 4 ooo 1 3 +o+ 1 3 oo+ 1 3 +oo 1 3 ooo 2 4 ooo 2 4 oo- 2 3 +oo 2 3 ++o 2 3 o+o 2 3 ooo
mp-1247344,Ca3ScN3,122,333,335,211,2.7295081967213113,0,False,0,1.0,Ca Ca Ca Ca Ca Ca Sc Sc N N N N N N 0 12 +oo 0 13 ooo 0 8 ooo 0 8 oo- 0 11 +oo 1 13 o-o 1 11 +oo 1 9 oo- 1 9 ooo 1 12 o-o 2 11 ooo 2 12 o-o 2 10 ooo 2 10 oo- 2 13 ooo 3 9 -oo 3 10 ooo 3 11 oo+ 3 11 ooo 3 8 -oo 4 10 o+o 4 8 -oo 4 12 oo+ 4 12 ooo 4 9 o+o 5 8 ooo 5 9 o+o 5 13 ooo 5 13 oo+ 5 10 ooo 6 8 ooo 6 9 ooo 6 10 ooo 7 11 ooo 7 12 ooo 7 13 ooo
mp-568050,Ca3SiBr2,60,159,161,99,2.65,0,False,0,1.0,Ca Ca Ca Si Br Br 0 4 ooo 0 4 -o- 0 3 o+o 0 3 oo- 0 5 o-- 0 5 ooo 1 3 -o- 1 3 ooo 1 5 ooo 1 5 o-- 1 4 --- 1 4 -oo 2 5 +oo 2 5 oo- 2 3 o+o 2 3 oo- 2 4 oo- 2 4 o+o
mp-1345521,Ca3Ta2Mn2O12,163,455,457,292,2.791411042944785,0,False,0,1.0,Ca Ca Ca Ta Ta Mn Mn O O O O O O O O O O O O 0 15 o++ 0 9 oo+ 0 16 oo+ 0 18 o+o 0 8 ooo 0 13 ooo 0 7 o+o 0 14 o+o 1 11 ooo 1 10 ooo 1 12 -oo 1 17 ooo 1 7 -oo 1 14 ooo 1 13 ooo 1 8 -oo 2 17 o-- 2 14 oo- 2 7 -o- 2 11 o-o 2 10 ooo 2 12 -oo 2 16 o-o 2 9 --o 3 18 o+o 3 13 ooo 3 16 ooo 3 10 o+o 3 14 o+o 3 11 ooo 4 18 o+o 4 8 ooo 4 9 ooo 4 12 o+o 4 7 o+o 4 11 +oo 5 10 ooo 5 16 ooo 5 15 ooo 5 13 oo- 5 14 oo- 5 17 oo- 6 12 ooo 6 9 ooo 6 15 ooo 6 8 oo- 6 7 oo- 6 17 +o-
mp-1093571,CaAgAu2,16,43,45,27,2.6875,0,False,0,1.0,Ca Ag Au Au 0 2 ooo 0 3 o-- 1 2 ooo 1 3 ooo
mp-1234955,CaAl2V4O8,141,383,385,242,2.7163120567375887,0,False,0,1.0,Ca Al Al V V V V O O O O O O O O 0 8 oo- 0 12 ooo 0 14 -o- 0 7 +oo 0 9 ooo 0 11 oo- 1 14 -+- 1 7 ooo 1 10 oo- 1 13 -+o 1 8 -o- 1 12 o+o 2 11 o+- 2 9 ooo 2 10 oo- 2 13 o+o 2 8 oo- 2 12 o+o 3 12 ooo 3 8 o-o 3 14 ooo 3 7 o-o 3 9 o-o 3 11 ooo 4 12 ooo 4 8 ooo 4 13 -oo 4 10 +oo 4 11 ooo 4 9 ooo 5 14 ooo 5 7 +o+ 5 11 ooo 5 9 +o+ 5 10 +oo 5 13 oo+ 6 12 ooo 6 8 +oo 6 13 ooo 6 10 +oo 6 7 +oo 6 14 ooo
mp-568177,CaAlSiH,34,90,92,56,2.6470588235294117,0,False,0,1.0,Ca Al Si H 0 3 -o+ 0 3 oo+ 0 3 --+ 0 2 o-o 0 2 --o 0 2 ooo 1 3 ooo 1 2 +oo 1 2 o-o 1 2 ooo
mp-1213985,CaAlSiO5,118,323,325,205,2.73728813559322,0,False,0,1.0,Ca Ca Al Al Si Si O O O O O O O O O O 0 6 ooo 0 10 +oo 0 8 o-o 0 14 ooo 0 12 ooo 0 11 ooo 0 9 oo+ 1 7 ooo 1 9 o+o 1 11 -oo 1 15 ooo 1 13 ooo 1 8 oo- 1 10 ooo 2 7 o-o 2 6 -oo 2 12 --o 2 13 ooo 2 10 o-o 2 11 -oo 3 7 o-o 3 6 -o- 3 14 oo- 3 15 --o 3 9 -oo 3 8 o-- 4 8 ooo 4 10 ooo 4 14 ooo 4 12 ooo 5 11 ooo 5 9 ooo 5 13 ooo 5 15 ooo
mp-1188146,CaAs,148,423,425,275,2.858108108108108,0,False,0,1.0,Ca Ca Ca Ca Ca Ca Ca Ca As As As As As As As As 0 13 +oo 0 13 ooo 0 11 ++o 0 15 oo- 0 9 oo- 1 12 ooo 1 12 +oo 1 10 ooo 1 14 ooo 1 8 o+o 2 15 ooo 2 15 -oo 2 9 ooo 2 13 oo+ 2 11 o++ 3 14 -oo 3 14 ooo 3 8 -+o 3 12 ooo 3 10 ooo 4 9 -oo 4 9 ooo 4 15 --o 4 11 oo+ 4 13 oo+ 5 8 ooo 5 8 -oo 5 14 ooo 5 10 ooo 5 12 o-o 6 11 ooo 6 11 +oo 6 13 ooo 6 9 oo- 6 15 o-- 7 10 +oo 7 10 ooo 7 12 +-o 7 8 ooo 7 14 ooo 8 12 +-o 9 13 oo+ 10 14 ooo 11 15 ---
mp-1214130,CaAsO6,94,251,253,157,2.6702127659574466,0,False,0,1.0,Ca Ca As As O O O O O O O O O O O O 0 13 oo+ 0 7 +oo 0 8 ooo 0 6 o+o 0 12 ooo 0 14 ooo 0 10 oo+ 0 5 ++o 1 12 ooo 1 6 o+- 1 9 oo- 1 7 +oo 1 13 ooo 1 15 ooo 1 11 ooo 1 4 ++o 2 14 ooo 2 12 ooo 2 6 -oo 2 5 ooo 3 15 ooo 3 13 ooo 3 7 o-o 3 4 ooo 4 10 o-o 5 11 -oo
mp-1084760,CaBO3,70,181,183,111,2.585714285714286,0,False,0,1.0,Ca Ca B B O O O O O O 0 4 ooo 0 8 o-o 0 8 ooo 0 7 --o 0 7 -oo 0 6 oo+ 0 9 oo+ 1 5 ooo 1 9 ++o 1 9 +oo 1 6 o+o 1 6 ooo 1 8 oo- 1 7 oo- 2 4 ooo 2 9 ooo 2 6 ooo 3 5 ooo 3 7 ooo 3 8 ooo
mp-1347348,CaBiAsO6,126,347,349,221,2.753968253968254,0,False,0,1.0,Ca Ca Bi Bi As As O O O O O O O O O O O O 0 16 o-o 0 6 ooo 0 10 oo+ 0 14 oo+ 0 7 ooo 0 13 ooo 0 15 oo+ 1 14 o+o 1 11 ooo 1 12 oo- 1 16 -o- 1 15 ooo 1 9 ooo 1 7 -o- 2 6 ooo 2 9 ooo 2 17 -oo 2 13 -oo 2 11 ooo 2 12 ooo 2 7 -oo 3 11 +oo 3 13 ooo 3 8 ooo 3 9 ooo 3 6 ooo 3 10 ooo 3 15 ooo 4 12 ooo 4 16 ooo 4 7 ooo 4 17 ooo 5 10 -oo 5 14 ooo 5 15 ooo 5 8 ooo
mp-753287,CaCdO2,40,105,107,65,2.625,0,False,0,1.0,Ca Cd O O 0 2 ooo 0 2 oo+ 0 3 ++o 0 3 o+o 0 3 +oo 0 3 ooo 1 3 oo- 1 3 ooo 1 2 ooo 1 2 --o 1 2 -oo 1 2 o-o
mp-1227227,CaCeN2,40,105,107,65,2.625,0,False,0,1.0,Ca Ce N N 0 2 oo- 0 2 ooo 0 3 -oo 0 3 o-o 0 3 --o 0 3 ooo 1 3 oo+ 1 3 ooo 1 2 ++o 1 2 o+o 1 2 ooo 1 2 +oo
mp-1233911,CaCo6(OF5)2,139,387,389,248,2.7841726618705036,0,False,0,1.0,Ca Co Co Co Co Co Co O O F F F F F F F F F F 0 12 oo- 0 17 oo- 0 16 ooo 0 8 o-o 0 9 o-o 0 10 o-- 1 12 oo- 1 9 ooo 1 8 -oo 1 10 oo- 1 16 -oo 2 7 ooo 2 15 --o 2 18 -oo 2 11 o-o 2 16 -oo 2 9 o-o 3 18 ooo 3 11 +-o 3 14 o-o 3 13 +oo 3 17 ooo 3 10 +-o 4 7 ooo 4 15 ooo 4 16 ooo 4 8 ooo 4 9 ooo 5 13 ooo 5 14 ooo 5 17 ooo 5 10 ooo 5 8 oo+ 5 12 ooo 6 7 ooo 6 13 ooo 6 14 ooo 6 11 ooo 6 15 ooo 6 18 ooo
mp-1347137,CaCoO2,133,370,372,237,2.781954887218045,0,False,0,1.0,Ca Ca Ca Ca Co Co Co Co O O O O O O O O 0 13 +oo 0 9 o+o 0 9 ++o 0 11 +oo 0 11 ooo 0 14 oo- 1 8 +oo 1 8 ooo 1 15 ooo 1 14 ooo 1 12 +o+ 1 12 oo+ 2 15 oo- 2 9 ooo 2 9 +oo 2 12 +oo 2 12 ooo 2 14 o-- 3 8 ooo 3 8 +oo 3 9 ooo 3 10 +oo 3 10 ooo 4 11 +oo 4 11 ooo 4 12 ooo 4 12 +oo 5 13 +oo 5 13 ooo 5 10 ooo 5 10 +oo 5 11 ooo 6 15 ooo 6 15 -oo 6 13 o-o 6 8 ooo 7 14 ooo 7 14 -oo 7 10 ooo
mp-1214943,CaCr3F6,52,135,137,83,2.5961538461538463,0,False,0,1.0,Ca Cr Cr Cr F F F F F F 0 7 ooo 0 6 --- 0 8 --- 0 9 ooo 0 4 oo- 0 5 --o 1 7 ooo 1 6 --o 2 8 oo- 2 9 ooo 2 4 oo- 2 5 ooo 3 5 -oo 3 4 oo-
mp-20772,CaCrO3,188,533,535,345,2.8351063829787235,0,True,23,0.9568480300187617,Ca Ca Ca Ca Cr Cr Cr Cr O O O O O O O O O O O O 0 9 +-o 0 19 o-o 0 14 o-o 0 11 +oo 0 12 ooo 0 16 ooo 0 13 +oo 0 17 +o- 1 8 ooo 1 18 ooo 1 15 ooo 1 10 ooo 1 13 ooo 1 17 ooo 1 12 ooo 1 16 oo+ 2 11 ooo 2 16 ooo 2 12 ooo 2 9 ooo 2 14 ooo 2 19 ooo 2 15 oo- 2 18 ooo 3 10 -+o 3 17 o+o 3 13 o+o 3 8 -oo 3 15 ooo 3 18 ooo 3 14 -o+ 3 19 -oo 4 17 ooo 4 14 o-+ 4 10 ooo 4 9 o-+ 4 16 oo+ 4 15 o-o 5 15 oo- 5 16 -oo 5 11 ooo 5 8 -o- 5 14 -oo 5 17 oo- 6 18 +oo 6 12 ooo 6 8 ooo 6 11 +oo 6 19 ooo 6 13 +oo 7 13 ooo 7 19 o-o 7 9 o-o 7 10 ooo 7 18 o-o 7 12 ooo
mp-18190,CaCu3(SnO3)4,164,463,465,299,2.823170731707317,0,False,0,1.0,Ca Cu Cu Cu Sn Sn Sn Sn O O O O O O O O O O O O 0 11 ooo 0 12 ooo 0 16 ooo 0 17 --- 0 15 --- 0 10 --- 0 14 -o- 0 18 o-- 0 9 --o 0 19 o-o 0 13 -oo 0 8 oo- 1 19 o-o 1 14 ooo 1 17 o-o 1 11 ooo 2 8 oo- 2 9 ooo 2 10 oo- 2 16 ooo 3 18 ooo 3 13 -oo 3 15 -oo 3 12 ooo 4 10 ooo 4 15 ooo 4 17 ooo 4 12 ooo 4 11 ooo 4 16 ooo 5 13 ooo 5 18 o-- 5 17 o-- 5 11 ooo 5 9 o-o 5 8 oo- 6 19 ooo 6 14 -o- 6 10 -o- 6 16 ooo 6 18 oo- 6 13 -oo 7 8 ooo 7 9 --o 7 15 --o 7 12 ooo 7 14 -oo 7 19 o-o
mp-1522072,CaEuHfZrO6,118,311,313,193,2.635593220338983,0,False,0,1.0,Ca Eu Hf Zr O O O O O O 0 5 +oo 0 5 ooo 0 8 oo+ 0 8 ooo 0 6 o+o 0 6 ooo 0 4 oo+ 0 4 o+o 0 9 o+o 0 9 +oo 0 7 oo+ 0 7 +oo 1 4 ooo 1 4 -oo 1 6 oo- 1 6 -oo 1 8 -oo 1 8 o-o 1 5 oo- 1 5 o-o 1 9 oo- 1 9 ooo 1 7 ooo 1 7 o-o 2 8 --o 2 7 o-o 2 5 o-- 2 6 -o- 2 9 oo- 2 4 -oo 3 4 ooo 3 8 ooo 3 9 ooo 3 7 ooo 3 6 ooo 3 5 ooo
mp-1519892,CaEuZrSnO6,118,311,313,193,2.635593220338983,0,False,0,1.0,Ca Eu Zr Sn O O O O O O 0 8 oo+ 0 8 ooo 0 5 +oo 0 5 ooo 0 7 +oo 0 7 oo+ 0 9 +oo 0 9 o+o 0 6 o+o 0 6 ooo 0 4 oo+ 0 4 o+o 1 5 o-o 1 5 oo- 1 6 oo- 1 6 -oo 1 7 o-o 1 7 ooo 1 9 oo- 1 9 ooo 1 8 -oo 1 8 o-o 1 4 ooo 1 4 -oo 2 7 ooo 2 4 ooo 2 5 ooo 2 9 ooo 2 8 ooo 2 6 ooo 3 8 --o 3 5 o-- 3 6 -o- 3 9 oo- 3 7 o-o 3 4 -oo
mp-1233171,CaFe6(OF2)4,139,388,390,249,2.79136690647482,0,False,0,1.0,Ca Fe Fe Fe Fe Fe Fe O O O O F F F F F F F F 0 12 ooo 0 11 ooo 0 18 oo+ 0 13 o-o 0 15 ooo 0 17 ooo 1 16 +oo 1 8 ooo 1 9 +oo 1 10 +oo 1 11 o+o 1 15 ooo 2 11 ooo 2 8 oo- 2 14 ooo 2 18 ooo 2 15 ooo 2 17 ooo 3 7 o+o 3 12 ooo 3 16 ooo 3 13 ooo 4 14 -oo 4 10 ooo 4 9 ooo 4 7 ooo 4 17 ooo 4 12 oo- 5 8 oo- 5 7 o+o 5 13 oo- 5 18 o+o 5 17 ooo 5 15 ooo 6 10 +oo 6 14 o+o 6 9 ++- 6 16 +o- 6 18 o+o 6 13 +o-
mp-611630,CaFeClO2,61,159,161,98,2.6065573770491803,0,False,0,1.0,Ca Ca Fe Fe Cl Cl O O O O 0 8 ooo 0 8 +oo 0 7 ooo 0 5 ooo 1 9 -+o 1 9 o+o 1 5 -oo 1 5 ooo 1 4 ooo 2 6 ooo 2 9 ooo 2 4 ooo 2 4 o-o 3 8 o+- 3 6 -+o 3 7 -o- 3 7 oo-
mp-1018093,CaGaGeH,34,90,92,56,2.6470588235294117,0,False,0,1.0,Ca Ga Ge H 0 3 o+- 0 3 ++- 0 3 oo- 0 2 o+o 0 2 -oo 0 2 ooo 1 3 ooo 1 2 -oo 1 2 --o 1 2 ooo
mp-1097452,CaHg2Pd,16,43,45,27,2.6875,0,False,0,1.0,Ca Hg Hg Pd 0 2 o-- 0 1 ooo 1 3 ooo 2 3 ooo
mp-1273234,CaLa2FeO6,200,567,569,367,2.835,0,True,57,0.8994708994708994,Ca Ca La La La La Fe Fe O O O O O O O O O O O O 0 16 ooo 0 14 ooo 0 18 o+o 0 10 ooo 0 12 ooo 0 8 ooo 1 13 ooo 1 9 ooo 1 11 o-o 1 19 ooo 1 17 ooo 1 15 ooo 2 9 ooo 2 12 +-o 2 10 ooo 2 14 ooo 2 14 o-o 2 18 +oo 2 18 ooo 2 17 ooo 2 16 o-o 3 13 +oo 3 8 oo+ 3 11 ooo 3 16 oo+ 3 15 o+o 3 15 ooo 3 19 +oo 3 19 ooo 3 17 ooo 4 16 -oo 4 15 oo- 4 18 ooo 4 13 oo- 4 8 o-o 4 8 ooo 4 10 -oo 4 10 ooo 4 12 ooo 5 14 ooo 5 17 -+o 5 19 ooo 5 9 ooo 5 9 o+o 5 11 -oo 5 11 ooo 5 12 ooo 5 13 o+o 6 11 ooo 6 18 +oo 6 17 ooo 6 12 +oo 6 14 ooo 6 9 +oo 7 19 ooo 7 10 -++ 7 8 oo+ 7 15 -+o 7 13 o+o 7 16 -o+
mp-1638745,CaLaFeNiO6,188,533,535,345,2.8351063829787235,0,True,23,0.9568480300187617,Ca Ca La La Fe Fe Ni Ni O O O O O O O O O O O O 0 9 ooo 0 11 ooo 0 13 ooo 0 15 ooo 0 17 ooo 0 19 ooo 0 18 oo- 0 16 ooo 1 8 +-o 1 12 +oo 1 10 +oo 1 14 o-o 1 18 ooo 1 16 ooo 1 17 o-+ 1 19 o-o 2 15 -+o 2 19 -oo 2 17 -oo 2 9 o+o 2 13 ooo 2 11 ooo 2 10 o+- 2 12 o+o 3 14 ooo 3 16 ooo 3 18 ooo 3 8 ooo 3 10 ooo 3 12 ooo 3 13 oo+ 3 11 ooo 4 8 +oo 4 15 ooo 4 16 ooo 4 19 ooo 4 12 +oo 4 11 +oo 5 18 o+- 5 9 o+o 5 14 oo- 5 17 ooo 5 10 o+- 5 13 ooo 6 9 ooo 6 14 o-o 6 19 o-o 6 16 ooo 6 12 ooo 6 11 o-o 7 18 -oo 7 17 -o+ 7 13 oo+ 7 10 ooo 7 8 ooo 7 15 -o+
mp-1227068,CaLaFeO4,79,208,210,129,2.632911392405063,0,False,0,1.0,Ca La Fe O O O O 0 3 ooo 0 5 ooo 0 5 -o- 0 6 ooo 0 6 o-- 0 4 o+o 0 4 oo- 0 4 +++ 0 4 +oo 1 4 ooo 1 5 -o- 1 5 ooo 1 6 ooo 1 6 o-- 1 3 -oo 1 3 oo+ 1 3 o-o 1 3 --- 2 6 --- 2 6 o-o 2 5 --- 2 5 -oo 2 4 ooo 2 3 --o
mp-1234878,CaMn4(CoO6)2,145,405,407,260,2.793103448275862,0,False,0,1.0,Ca Mn Mn Mn Mn Co Co O O O O O O O O O O O O 0 11 +oo 0 17 ooo 0 15 o+o 0 8 ooo 0 14 +oo 0 12 o+o 1 9 ooo 1 10 ooo 1 16 ooo 1 8 -o+ 1 14 oo+ 1 15 oo+ 2 18 ooo 2 7 -+o 2 12 o+o 2 13 ooo 2 17 ooo 2 11 ooo 3 7 ooo 3 18 o-o 3 13 ooo 3 11 +-o 3 12 ooo 3 17 ooo 4 9 +oo 4 16 ooo 4 10 o+o 4 8 oo+ 4 15 o++ 4 14 oo+ 5 10 +oo 5 16 ooo 5 15 oo+ 5 14 +-+ 5 9 +-o 5 8 oo+ 6 13 ooo 6 7 -oo 6 18 -oo 6 17 -oo 6 11 ooo 6 12 ooo
mp-1233019,CaMn6(OF2)4,142,395,397,253,2.7816901408450705,0,False,0,1.0,Ca Mn Mn Mn Mn Mn Mn O O O O F F F F F F F F 0 13 -oo 0 17 oo+ 0 18 o-o 0 10 ooo 0 15 o-+ 0 12 -oo 0 11 -oo 1 10 ooo 1 8 o-o 1 18 o-o 1 12 ooo 1 15 o-o 1 13 ooo 2 9 ooo 2 14 oo- 2 7 oo- 2 8 ooo 3 9 oo+ 3 10 ooo 3 17 oo+ 3 11 ooo 3 13 ooo 3 14 ooo 4 7 ooo 4 16 +oo 4 14 +oo 4 8 ooo 4 18 +oo 4 11 ooo 5 9 -oo 5 16 ooo 5 10 ooo 5 17 ooo 5 11 -oo 5 12 -oo 6 15 +oo 6 7 oo- 6 12 o+o 6 8 ooo 6 18 +oo 6 13 o+-
mp-1234281,CaMn6O5F7,133,369,371,236,2.774436090225564,0,False,0,1.0,Ca Mn Mn Mn Mn Mn Mn O O O O O F F F F F F F 0 12 o+o 0 16 ooo 0 7 ooo 0 9 o+o 0 11 o+o 0 18 ooo 1 17 +oo 1 16 oo+ 1 10 +oo 1 7 ooo 1 18 ooo 2 8 ooo 2 7 ooo 2 15 ooo 2 16 ooo 2 9 ooo 2 12 ooo 3 13 ooo 3 7 ooo 3 10 ooo 3 15 ooo 3 14 ooo 4 8 -oo 4 15 ooo 4 11 ooo 4 18 -oo 4 17 ooo 4 13 oo- 5 11 oo+ 5 12 ooo 5 9 oo+ 5 14 o-o 5 13 ooo 6 10 +-o 6 9 oo+ 6 8 oo+ 6 14 +-o 6 17 +oo
mp-19201,CaMnO3,188,533,535,345,2.8351063829787235,0,True,23,0.9568480300187617,Ca Ca Ca Ca Mn Mn Mn Mn O O O O O O O O O O O O 0 9 ooo 0 13 ooo 0 19 ooo 0 8 ooo 0 18 ooo 0 12 ooo 0 17 ooo 0 15 oo- 1 8 +-o 1 18 o-o 1 12 o-o 1 9 +oo 1 13 ooo 1 19 ooo 1 14 +oo 1 16 +o- 2 11 ooo 2 15 ooo 2 17 ooo 2 10 ooo 2 16 ooo 2 14 ooo 2 19 oo+ 2 13 ooo 3 10 -+o 3 16 o+o 3 14 o+o 3 11 -oo 3 15 ooo 3 17 ooo 3 12 -o+ 3 18 -oo 4 9 ooo 4 11 -o- 4 12 -oo 4 16 oo- 4 15 oo- 4 19 -oo 5 10 ooo 5 8 o-o 5 13 ooo 5 17 o-o 5 14 ooo 5 18 o-o 6 11 -oo 6 9 ooo 6 14 ooo 6 18 -oo 6 17 ooo 6 13 -oo 7 8 o-o 7 10 oo- 7 19 ooo 7 15 o-- 7 12 o-o 7 16 oo-
mp-1227051,CaMnS2,40,105,107,65,2.625,0,False,0,1.0,Ca Mn S S 0 3 --o 0 3 -o- 0 3 o-- 0 2 oo- 0 2 o-o 0 2 -oo 1 3 oo- 1 3 o-o 1 3 -oo 1 2 oo+ 1 2 +oo 1 2 o+o
mp-1227053,CaMnSe2,40,107,109,67,2.675,0,False,0,1.0,Ca Mn Se Se 0 2 oo- 0 2 o-o 0 2 -oo 0 3 --o 0 3 -o- 0 3 o-- 1 2 oo+ 1 2 +oo 1 2 o+o 1 3 oo- 1 3 o-o 1 3 -oo
mp-1345,CaP,129,355,357,226,2.751937984496124,0,False,0,1.0,Ca Ca Ca Ca Ca Ca P P P P P P 0 8 ooo 0 9 ooo 0 7 -oo 0 6 -oo 0 11 o+o 0 10 o+o 1 8 ooo 1 9 ooo 1 7 ooo 1 6 ooo 1 10 ooo 1 11 ooo 2 7 ooo 2 6 ooo 2 9 o-o 2 8 o-o 2 11 +oo 2 10 +oo 3 11 ooo 3 10 oo- 3 7 -o- 3 6 -oo 3 8 oo- 3 9 ooo 4 11 ++o 4 10 ++- 4 6 ooo 4 7 oo- 4 9 ooo 4 8 oo- 5 10 oo- 5 11 ooo 5 9 o-o 5 8 o-- 5 7 oo- 5 6 ooo 6 7 oo- 8 9 oo+ 10 11 ooo
mp-1147781,CaPr2Mn3O9,117,318,320,201,2.717948717948718,0,False,0,1.0,Ca Pr Pr Mn Mn Mn O O O O O O O O O 0 11 ooo 0 12 ooo 0 8 ooo 0 7 ooo 0 14 ooo 0 10 ooo 0 6 ooo 1 9 o-- 1 11 o-o 1 6 +-o 1 10 o-o 1 8 ooo 1 13 oo- 1 14 ooo 2 11 oo+ 2 13 ooo 2 12 ooo 2 9 ooo 2 6 oo+ 2 7 ooo 2 8 oo+ 3 11 -oo 3 8 ooo 3 14 -oo 3 6 ooo 3 13 -o- 4 13 ooo 4 7 +oo 4 14 ooo 4 12 ooo 5 10 o-o 5 9 o-o 5 7 ooo 5 12 o-o
mp-1043016,CaSn2O5,112,305,307,193,2.7232142857142856,0,False,0,1.0,Ca Ca Sn Sn Sn Sn O O O O O O O O O O 0 14 ++o 0 12 ++o 0 7 ooo 0 7 +oo 0 9 ooo 0 10 ooo 1 15 --o 1 13 --o 1 6 ooo 1 6 -oo 1 11 ooo 1 8 ooo 2 12 ooo 2 7 ooo 2 10 ooo 2 10 -oo 2 11 ooo 3 13 ooo 3 6 ooo 3 11 ooo 3 11 +oo 3 10 ooo 4 15 ooo 4 6 ooo 4 8 ooo 4 8 +oo 4 9 oo- 5 14 ooo 5 7 ooo 5 9 ooo 5 9 -oo 5 8 oo+
mp-1100356,CaSn2S5,124,341,343,217,2.75,0,False,0,1.0,Ca Ca Sn Sn Sn Sn S S S S S S S S S S 0 8 -o- 0 8 oo- 0 9 oo- 0 9 -o- 0 15 ooo 0 15 -oo 0 11 ooo 0 10 ooo 1 6 +o+ 1 6 oo+ 1 7 +o+ 1 7 oo+ 1 14 +oo 1 14 ooo 1 13 ooo 1 12 ooo 2 6 ooo 2 12 -oo 2 12 ooo 2 14 ooo 2 10 o-o 3 7 ooo 3 13 -oo 3 13 ooo 3 14 ooo 3 11 ooo 4 8 ooo 4 10 +oo 4 10 ooo 4 15 ooo 4 12 o+o 5 9 ooo 5 11 ooo 5 11 +oo 5 15 ooo 5 13 ooo
mp-1376202,CaSnO2,118,328,330,210,2.7796610169491527,0,False,0,1.0,Ca Ca Ca Ca Sn Sn Sn Sn O O O O O O O O 0 14 ++o 0 14 o+o 0 13 +oo 0 13 ooo 0 11 +oo 0 11 ooo 1 12 --o 1 12 o-o 1 15 -oo 1 15 ooo 1 8 -oo 1 8 ooo 2 15 -oo 2 15 ooo 2 10 ooo 2 10 -oo 2 14 ooo 3 13 +oo 3 13 ooo 3 9 ooo 3 9 +oo 3 12 ooo 4 12 ooo 4 11 oo+ 4 9 ooo 5 10 ooo 5 11 ooo 5 13 ooo 6 9 ooo 6 8 ooo 6 15 ooo 7 14 ooo 7 8 oo- 7 10 ooo
mp-1100345,CaSnS3,76,199,201,123,2.6184210526315788,0,False,0,1.0,Ca Ca Sn Sn S S S S S S 0 9 oo- 0 9 o+- 0 4 ooo 0 4 o+o 0 8 oo- 0 6 ++o 1 7 oo+ 1 7 o-+ 1 5 ooo 1 5 o-o 1 6 oo+ 1 8 o-o 2 9 ooo 2 6 ++o 2 6 +oo 2 4 ooo 2 5 +oo 3 7 ooo 3 8 o-o 3 8 ooo 3 5 ooo 3 4 ooo
mp-866519,CaSnS3,64,167,169,103,2.609375,0,False,0,1.0,Ca Ca Sn Sn S S S S S S 0 4 -oo 0 5 o-o 0 6 oo- 1 9 +oo 1 7 o+o 1 8 oo+ 2 5 ooo 2 7 ooo 2 6 ooo 2 8 ooo 2 4 ooo 2 9 ooo 3 8 o-o 3 6 -o- 3 7 -oo 3 5 o-- 3 9 oo- 3 4 --o
mp-866850,CaSnS3,94,247,249,153,2.627659574468085,0,False,0,1.0,Ca Ca Sn Sn S S S S S S 0 4 -oo 0 4 o+o 0 8 -oo 0 8 o+o 0 6 -oo 0 6 o+o 0 9 oo+ 0 7 ooo 1 5 o-o 1 5 +oo 1 7 o-o 1 7 +oo 1 9 o-o 1 9 +oo 1 6 ooo 1 8 oo- 2 4 -oo 2 5 o-o 2 6 ooo 2 6 --o 2 7 ooo 2 7 --o 3 4 -o- 3 5 o-o 3 9 ooo 3 9 --o 3 8 --- 3 8 oo-
mp-1522105,CaTbEuNbO6,118,311,313,193,2.635593220338983,0,False,0,1.0,Ca Tb Eu Nb O O O O O O 0 7 ooo 0 7 o-o 0 9 ooo 0 9 oo- 0 4 -oo 0 4 ooo 0 6 -oo 0 6 oo- 0 5 o-o 0 5 oo- 0 8 -oo 0 8 o-o 1 7 ooo 1 4 ooo 1 8 ooo 1 6 ooo 1 5 ooo 1 9 ooo 2 9 o+o 2 9 +oo 2 7 +oo 2 7 oo+ 2 6 o+o 2 6 ooo 2 8 ooo 2 8 oo+ 2 5 ooo 2 5 +oo 2 4 oo+ 2 4 o+o 3 4 -oo 3 5 o-- 3 8 --o 3 7 o-o 3 9 oo- 3 6 -o-
mp-989638,CaTcN3,79,207,209,128,2.6202531645569622,0,False,0,1.0,Ca Ca Tc Tc N N N N N N 0 7 ooo 0 7 -oo 0 9 oo+ 0 8 ++o 0 8 o+o 0 4 ooo 1 4 ooo 1 4 +oo 1 5 oo- 1 6 --o 1 6 o-o 1 7 ooo 2 4 ooo 2 8 ooo 2 9 oo+ 2 5 -oo 2 5 ooo 3 7 ooo 3 6 ooo 3 5 oo- 3 9 +oo 3 9 ooo 6 8 ++-
mp-1233812,CaTiH6(OF3)2,88,237,239,149,2.6931818181818183,0,False,0,1.0,Ca Ti H H H H H H O O F F F F F F 0 10 o-- 0 13 ooo 0 11 o-o 0 14 o-- 0 12 ooo 0 15 oo- 1 14 o-- 1 12 ooo 1 15 oo- 1 10 --- 1 13 -oo 1 11 --o 2 8 ooo 2 11 ooo 3 8 ooo 3 13 ooo 4 9 ooo 4 14 ooo 5 8 ooo 5 10 ooo 6 9 ooo 6 15 ooo 7 9 ooo 7 12 ooo
mp-1181852,CaTlCu3Se4,69,186,188,117,2.6956521739130435,0,False,0,1.0,Ca Tl Cu Cu Cu Se Se Se Se 0 7 ooo 0 6 ooo 0 8 ooo 0 5 ooo 1 5 ooo 1 6 --o 1 8 -o- 1 7 o-- 2 6 -oo 2 7 oo- 2 5 ooo 2 8 -o- 3 8 -oo 3 7 o-o 3 5 ooo 3 6 --o 4 6 o-o 4 8 oo- 4 5 ooo 4 7 o--
mp-1233358,CaV6O11F,139,380,382,241,2.7338129496402876,0,False,0,1.0,Ca V V V V V V O O O O O O O O O O O F 0 12 ooo 0 18 ooo 0 18 -oo 0 9 ooo 0 9 o-o 0 15 -oo 0 13 -o+ 1 16 -+o 1 7 ooo 1 9 oo- 1 10 o+o 1 13 -oo 2 17 o+o 2 8 +oo 2 7 +oo 2 14 ooo 2 11 ++o 2 16 o+o 3 12 +oo 3 15 o-o 3 17 ooo 3 8 +-o 3 18 ooo 4 7 ooo 4 14 ooo 4 10 ooo 4 16 ooo 4 11 ooo 4 13 ooo 5 15 ooo 5 18 o+o 5 13 oo+ 5 10 o++ 5 9 ooo 5 9 +oo 6 11 ooo 6 8 ooo 6 12 ooo 6 17 ooo 6 14 ooo
mp-1374254,CaVBiO6,120,329,331,209,2.7416666666666667,0,False,0,1.0,Ca Ca V V Bi Bi O O O O O O O O O O O O 0 11 o+o 0 12 ooo 0 17 ooo 0 16 +o- 0 15 oo- 0 13 ooo 0 14 +o- 1 14 o-o 1 10 ooo 1 16 ooo 1 17 oo+ 1 7 oo+ 1 6 -oo 1 11 oo+ 2 17 ooo 2 11 ooo 2 8 ooo 2 7 +oo 3 16 ooo 3 14 ooo 3 9 ooo 3 15 ooo 4 12 -oo 4 13 ooo 4 8 ooo 4 6 -oo 4 10 ooo 4 7 ooo 5 10 ooo 5 6 ooo 5 9 +oo 5 13 ooo 5 12 ooo 5 15 ooo
mp-22608,CaVO3,188,529,531,341,2.8138297872340425,0,True,19,0.9640831758034026,Ca Ca Ca Ca V V V V O O O O O O O O O O O O 0 9 +-o 0 14 o-o 0 19 o-o 0 11 +oo 0 16 ooo 0 12 ooo 0 17 +oo 0 13 +o+ 1 8 ooo 1 15 ooo 1 18 ooo 1 10 ooo 1 17 ooo 1 13 ooo 1 16 ooo 1 12 oo- 2 11 ooo 2 16 ooo 2 12 ooo 2 9 ooo 2 14 ooo 2 19 ooo 2 15 ooo 2 18 oo+ 3 10 -+o 3 17 o+o 3 13 o+o 3 8 -oo 3 15 ooo 3 18 ooo 3 14 -oo 3 19 -o- 4 15 o-o 4 16 ooo 4 9 o-o 4 10 ooo 4 17 ooo 4 14 o-o 5 14 -oo 5 17 ooo 5 8 -oo 5 11 ooo 5 16 -oo 5 15 ooo 6 12 -o- 6 18 ooo 6 8 -oo 6 11 oo- 6 19 -o- 6 13 ooo 7 13 ooo 7 19 o-- 7 9 o-- 7 10 ooo 7 18 o-o 7 12 oo-
mp-1517951,CaVSnWO6,82,213,215,131,2.597560975609756,0,False,0,1.0,Ca V Sn W O O O O O O 0 7 o-o 0 7 ooo 0 4 ooo 0 4 -oo 0 5 oo- 0 5 o-o 0 8 o-o 0 8 -oo 0 6 oo- 0 6 -oo 0 9 ooo 0 9 oo- 1 7 o-o 1 4 -oo 1 9 oo- 1 5 o-- 1 8 --o 1 6 -o- 3 5 ooo 3 6 ooo 3 9 ooo 3 7 ooo 3 4 ooo 3 8 ooo
mp-1317719,CaYMn2O6,188,531,533,343,2.824468085106383,0,True,21,0.96045197740113,Ca Ca Y Y Mn Mn Mn Mn O O O O O O O O O O O O 0 10 ooo 0 16 ooo 0 19 ooo 0 8 ooo 0 12 ooo 0 15 ooo 0 13 oo- 0 14 ooo 1 11 -+o 1 18 o+o 1 17 o+o 1 9 -oo 1 14 ooo 1 13 ooo 1 15 -oo 1 12 -o+ 2 8 +-o 2 12 o-o 2 15 o-o 2 10 +oo 2 16 ooo 2 19 ooo 2 17 +oo 2 18 +o- 3 9 ooo 3 14 ooo 3 13 ooo 3 11 ooo 3 18 ooo 3 17 ooo 3 19 oo+ 3 16 ooo 4 11 o+o 4 15 ooo 4 8 ooo 4 17 o+o 4 14 ooo 4 16 o+o 5 13 ooo 5 12 oo+ 5 19 o++ 5 18 o+o 5 11 o+o 5 8 oo+ 6 10 ooo 6 13 oo- 6 9 -o- 6 19 -oo 6 12 -oo 6 18 oo- 7 15 -oo 7 14 ooo 7 17 ooo 7 16 -oo 7 10 ooo 7 9 -oo
mp-1029267,CaZrN2,40,105,107,65,2.625,0,False,0,1.0,Ca Zr N N 0 2 -o- 0 2 o-- 0 2 --o 0 3 o-o 0 3 -oo 0 3 oo- 1 3 o+o 1 3 +oo 1 3 oo+ 1 2 o-o 1 2 -oo 1 2 oo-
mp-754454,Cd(AgO2)2,86,231,233,145,2.686046511627907,0,False,0,1.0,Cd Cd Ag Ag Ag Ag O O O O O O O O 0 11 o-- 0 6 ooo 0 8 --- 0 9 o-o 1 12 +oo 1 10 o-o 1 13 ooo 1 7 ooo 2 10 oo+ 2 7 ooo 2 11 ooo 2 6 ooo 3 11 +oo 3 7 oo- 3 6 +oo 3 10 ooo 4 13 oo+ 4 9 o-o 4 12 ooo 4 8 o-o 5 8 ooo 5 12 oo- 5 9 ooo 5 13 ooo
mp-755449,Cd(AgO2)2,86,231,233,145,2.686046511627907,0,False,0,1.0,Cd Cd Ag Ag Ag Ag O O O O O O O O 0 9 o+o 0 6 +oo 0 12 ooo 0 8 oo+ 1 10 ooo 1 7 ooo 1 13 ooo 1 11 ooo 2 8 o-o 2 12 -oo 2 7 o-o 2 10 -oo 3 11 o+o 3 13 +o- 3 6 +oo 3 9 o+- 4 9 oo- 4 6 ooo 4 13 oo- 4 11 ooo 5 10 -o+ 5 7 o-o 5 8 o-+ 5 12 -oo
mp-1303588,Cd(CoO2)2,110,297,299,187,2.7,0,False,0,1.0,Cd Cd Co Co Co Co O O O O O O O O 0 6 o+o 0 11 o+- 0 8 -oo 0 9 ooo 1 10 ooo 1 7 oo+ 1 12 +oo 1 13 ooo 2 10 ooo 2 6 ooo 2 11 ooo 2 7 ooo 2 8 ooo 2 12 o-o 3 7 ooo 3 11 +oo 3 6 +oo 3 10 ooo 3 13 o-o 3 9 +oo 4 12 ooo 4 8 ooo 4 9 ooo 4 13 ooo 4 7 o+o 4 11 ooo 5 8 oo+ 5 12 ooo 5 13 ooo 5 9 oo+ 5 10 o+o 5 6 oo+
mp-772099,Cd(CuO2)2,110,297,299,187,2.7,0,False,0,1.0,Cd Cd Cu Cu Cu Cu O O O O O O O O 0 11 +-o 0 9 ooo 0 7 ooo 0 6 ooo 0 13 +-- 0 12 ooo 0 8 ooo 0 10 o-o 1 8 -+o 1 10 ooo 1 13 ooo 1 12 ooo 1 6 -++ 1 7 ooo 1 11 ooo 1 9 o+o 2 9 oo- 2 10 o-o 2 6 ooo 2 13 o-- 3 13 oo- 3 6 ooo 3 8 oo- 3 11 ooo 4 12 oo- 4 7 -oo 4 10 -oo 4 9 oo- 5 11 ooo 5 8 -oo 5 7 -oo 5 12 ooo
mp-1226959,Cd2InAgTe4,56,151,153,95,2.6964285714285716,0,False,0,1.0,Cd Cd In Ag Te Te Te Te 0 4 ooo 0 6 -oo 0 7 o+o 0 5 ooo 1 6 ooo 1 5 ooo 1 4 o-o 1 7 +oo 2 5 ooo 2 7 ooo 2 4 oo- 2 6 oo- 3 5 --o 3 7 ooo 3 6 -o- 3 4 o--
mp-1093594,Cd2RhAu,16,43,45,27,2.6875,0,False,0,1.0,Cd Cd Rh Au 0 3 ooo 0 2 ooo 1 3 ooo 1 2 o++
mp-1227013,Cd2Sb6S11,130,366,368,236,2.8153846153846156,0,False,0,1.0,Cd Cd Sb Sb Sb Sb Sb Sb S S S S S S S S S S S 0 10 +oo 0 10 ooo 0 14 o+o 0 12 ooo 0 12 +oo 1 11 ooo 1 11 -oo 1 15 ooo 1 18 ooo 2 14 ooo 2 8 ooo 2 8 +oo 2 16 ooo 2 16 +oo 3 9 -oo 3 9 ooo 3 18 ooo 4 17 ooo 4 17 -oo 4 12 oo+ 4 11 -oo 4 11 ooo 5 13 ooo 5 16 +oo 5 16 ooo 5 18 ooo 5 18 +oo 6 16 ooo 6 13 ooo 6 13 -oo 6 14 -oo 6 14 ooo 7 15 o+o 7 15 ++o 7 17 ooo 7 12 oo+ 7 12 +o+
mp-5966,Cd2SnO4,122,329,331,207,2.69672131147541,0,False,0,1.0,Cd Cd Cd Cd Sn Sn O O O O O O O O 0 11 o-o 0 7 +-o 0 7 o-o 0 9 ooo 0 9 +oo 0 10 ooo 1 10 o+o 1 6 ++o 1 6 o+o 1 8 ooo 1 8 +oo 1 11 ooo 2 13 ooo 2 8 +oo 2 8 ooo 2 6 +oo 2 6 ooo 2 12 oo+ 3 12 ooo 3 9 +oo 3 9 ooo 3 7 ooo 3 7 +oo 3 13 oo- 4 7 o-o 4 6 oo- 4 13 o-- 4 13 --- 4 12 -oo 4 12 ooo 5 8 ooo 5 9 ooo 5 11 ooo 5 11 -oo 5 10 -oo 5 10 ooo
mp-1226952,Cd2TeSe,28,75,77,47,2.6785714285714284,0,False,0,1.0,Cd Cd Te Se 0 3 oo+ 0 3 o-+ 0 2 ooo 0 2 +oo 1 3 ooo 1 3 -oo 1 2 o+o 1 2 ooo
mp-1226811,Cd4Te3Se,56,151,153,95,2.6964285714285716,0,False,0,1.0,Cd Cd Cd Cd Te Te Te Se 0 7 ooo 0 6 o-o 0 6 -oo 0 6 oo- 1 7 +o+ 1 7 o++ 1 7 ++o 1 4 ooo 2 4 o-o 2 4 -oo 2 4 oo- 2 5 ooo 3 5 -oo 3 5 o-o 3 5 oo- 3 6 ooo
mp-1226768,Cd4TeSe3,56,151,153,95,2.6964285714285716,0,False,0,1.0,Cd Cd Cd Cd Te Se Se Se 0 6 o+o 0 5 -oo 0 5 ooo 0 4 o+- 1 7 ooo 1 5 ooo 1 6 +oo 1 6 ooo 2 6 o+o 2 7 ooo 2 7 -oo 2 4 o+o 3 5 oo+ 3 7 ooo 3 4 ooo 3 4 +oo
mp-1226820,Cd5TeS4,70,185,187,115,2.642857142857143,0,False,0,1.0,Cd Cd Cd Cd Cd Te S S S S 0 9 +oo 0 9 oo- 0 5 o+o 0 5 oo- 1 6 o-- 1 6 ooo 1 5 ooo 1 5 -o- 2 6 oo- 2 6 +oo 2 7 oo- 2 7 o+o 3 7 ooo 3 7 -o- 3 8 -oo 3 8 --- 4 9 o-- 4 9 ooo 4 8 -o- 4 8 ooo
mp-1226754,CdAsP,42,111,113,69,2.642857142857143,0,False,0,1.0,Cd Cd As As P P 0 4 ooo 0 5 -oo 0 3 oo- 0 2 --- 1 4 o-- 1 5 o-o 1 3 ooo 1 2 ooo 2 5 ooo 2 4 ooo 3 5 oo+ 3 4 o-o
mp-1213938,CdCoF5,80,211,213,131,2.6375,0,False,0,1.0,Cd Cd Co Co F F F F F F F F F F 0 8 -oo 0 9 o-o 0 11 -oo 0 10 o-o 0 6 ooo 0 7 --o 1 8 -o- 1 9 o-o 1 13 -oo 1 12 o-- 1 5 oo- 1 4 --o 2 5 ooo 2 7 ooo 2 12 ooo 2 10 ooo 2 8 ooo 3 6 ooo 3 4 ooo 3 13 ooo 3 11 ooo 3 9 ooo
mp-13982,CdCu2GeS4,112,311,313,199,2.7767857142857144,0,False,0,1.0,Cd Cd Cu Cu Cu Cu Ge Ge S S S S S S S S 0 10 o+o 0 12 ooo 0 13 ooo 0 8 ooo 1 11 o-o 1 14 ooo 1 15 oo- 1 9 -oo 2 11 oo+ 2 15 ooo 2 8 ooo 2 12 -oo 3 10 ooo 3 13 ooo 3 9 ooo 3 14 ooo 4 10 ooo 4 12 ooo 4 9 oo+ 4 15 ooo 5 11 ooo 5 14 ooo 5 8 ooo 5 13 -oo 6 15 ooo 6 14 ooo 6 8 o-o 6 10 -oo 7 13 ooo 7 12 oo- 7 9 o+o 7 11 ooo
mp-1189879,CdCu2SiSe4,112,319,321,207,2.8482142857142856,0,False,0,1.0,Cd Cd Cu Cu Cu Cu Si Si Se Se Se Se Se Se Se Se 0 10 ooo 0 8 +oo 0 12 ooo 0 13 ooo 1 11 -oo 1 9 ooo 1 15 -o- 1 14 -oo 2 11 -oo 2 14 --o 2 8 ooo 2 12 ooo 3 11 -o+ 3 15 --o 3 8 ooo 3 13 ooo 4 10 ooo 4 12 o+o 4 9 ooo 4 14 ooo 5 10 ooo 5 13 o+o 5 9 oo+ 5 15 ooo 6 14 -oo 6 15 -oo 6 8 ooo 6 10 ooo 7 12 ooo 7 13 oo- 7 9 ooo 7 11 ooo
mp-1226893,CdGa4HgTe8,86,239,241,153,2.7790697674418605,0,False,0,1.0,Cd Ga Ga Ga Ga Hg Te Te Te Te Te Te Te Te 0 11 +oo 0 9 +oo 0 6 ooo 0 12 ooo 1 8 oo- 1 7 ooo 1 10 ooo 1 12 -oo 2 13 -oo 2 6 ooo 2 9 ooo 2 11 o+o 3 10 oo+ 3 13 ooo 3 8 +oo 3 6 ooo 4 7 ooo 4 12 ooo 4 11 ooo 4 9 +-o 5 7 -oo 5 13 --- 5 10 o-o 5 8 oo-
mp-2695851,CdHgO2,28,73,75,45,2.607142857142857,0,False,0,1.0,Cd Hg O O 0 3 -oo 0 3 o-o 0 3 --o 0 2 -o- 0 2 o-- 0 2 oo- 1 3 ooo 1 2 ooo
mp-9146,CdHgO2,28,73,75,45,2.607142857142857,0,False,0,1.0,Cd Hg O O 0 2 -o- 0 2 o-- 0 2 --- 0 3 o-o 0 3 -oo 0 3 ooo 1 3 ooo 1 2 ooo
mp-1097258,CdHgPd2,16,43,45,27,2.6875,0,False,0,1.0,Cd Hg Pd Pd 0 2 ooo 0 3 o-- 1 3 ooo 1 2 ooo
mp-1188912,CdI2O7,92,249,251,157,2.7065217391304346,0,False,0,1.0,Cd Cd I I I I O O O O O O O O O O O O O O 0 14 ooo 0 16 o+o 0 10 ooo 0 7 ooo 0 18 ooo 0 17 ooo 1 15 ooo 1 17 o-o 1 11 ooo 1 6 ooo 1 19 ooo 1 16 ooo 2 6 +oo 2 10 ooo 2 8 oo+ 3 7 -oo 3 11 ooo 3 9 oo- 4 12 ooo 4 16 ooo 4 14 ooo 5 13 ooo 5 17 ooo 5 15 ooo
mp-3078,CdSiAs2,56,151,153,95,2.6964285714285716,0,False,0,1.0,Cd Cd Si Si As As As As 0 6 ooo 0 4 ooo 0 7 o+o 0 5 -oo 1 6 ooo 1 5 --o 1 4 o-- 1 7 -o- 2 7 ooo 2 4 +oo 2 5 o-o 2 6 ooo 3 5 ooo 3 7 oo- 3 4 oo- 3 6 ooo
mp-38564,Ce(Mo3S4)2,129,355,357,226,2.751937984496124,0,False,0,1.0,Ce Mo Mo Mo Mo Mo Mo S S S S S S S S 0 12 ooo 0 9 --- 0 10 -o- 0 11 o-o 0 8 --o 0 13 oo- 0 14 -oo 0 7 o-- 1 9 ooo 1 7 ooo 1 11 ooo 1 13 o+o 1 8 ooo 2 9 ooo 2 10 ooo 2 13 ooo 2 14 oo+ 2 7 ooo 3 9 ooo 3 8 ooo 3 14 ooo 3 11 +oo 3 10 ooo 4 12 ooo 4 13 ooo 4 7 ooo 4 10 -oo 4 11 ooo 5 12 ooo 5 11 ooo 5 8 ooo 5 7 oo- 5 14 ooo 6 12 ooo 6 14 ooo 6 10 ooo 6 8 o-o 6 13 ooo
mp-1025437,CeBi2SeO4,80,211,213,131,2.6375,0,False,0,1.0,Ce Bi Bi Se O O O O 0 4 ooo 0 4 o-o 0 6 ooo 0 6 -oo 0 7 oo- 0 7 -o- 0 5 oo- 0 5 o-- 1 6 o+o 1 6 ooo 1 4 +oo 1 4 ooo 1 3 +oo 1 3 o+o 1 3 ooo 1 3 ++o 2 7 ooo 2 7 o+o 2 5 +oo 2 5 ooo 2 3 o+o 2 3 ooo 2 3 ++o 2 3 +oo
mp-1213837,CeHfF7,102,275,277,173,2.696078431372549,0,False,0,1.0,Ce Ce Hf Hf F F F F F F F F F F F F F F 0 4 ooo 0 5 ooo 0 6 ooo 0 8 ooo 0 16 ooo 0 12 ooo 0 10 +oo 0 14 ooo 1 5 ooo 1 4 -oo 1 7 -oo 1 9 ooo 1 17 -oo 1 13 ooo 1 11 ooo 1 15 ooo 2 12 oo- 2 11 ooo 2 14 ooo 2 7 o+o 2 9 o+o 2 17 ooo 3 13 oo+ 3 10 ooo 3 15 ooo 3 6 o-o 3 8 --o 3 16 ooo
mp-1232197,CeMgS3,82,215,217,133,2.6219512195121952,0,False,0,1.0,Ce Ce Mg Mg S S S S S S 0 7 o+o 0 4 +oo 0 9 ooo 0 8 ooo 0 6 +o- 0 5 o+- 1 6 o-o 1 5 -oo 1 8 ooo 1 9 ooo 1 7 -o+ 1 4 o-+ 2 6 oo- 2 4 ooo 2 9 ooo 2 8 oo- 2 7 -oo 2 5 o+- 3 7 ooo 3 5 oo- 3 9 ooo 3 8 oo- 3 4 o-o 3 6 +o-
mp-1226927,CeN2,78,204,206,126,2.6153846153846154,0,False,0,1.0,Ce Ce Ce N N N N N N 0 6 oo- 0 3 oo- 0 5 ooo 0 5 +oo 0 8 +oo 0 8 ooo 0 4 o-o 0 7 o-o 1 6 ooo 1 3 ooo 1 8 ++o 1 7 +oo 1 7 ooo 1 4 ooo 1 4 +oo 2 7 ooo 2 4 oo+ 2 6 o+o 2 5 oo+ 2 3 ooo 2 3 -oo 4 7 ooo 5 8 ooo
mp-1040452,CeSe2,21,56,58,35,2.6666666666666665,0,False,0,1.0,Ce Se Se 0 2 +-+ 0 2 +-o 0 2 oo+ 0 1 +-+ 0 1 +-o 0 1 oo+
mp-1080260,CeSe2,30,81,83,51,2.7,0,False,0,1.0,Ce Ce Se Se Se Se 0 4 ooo 0 5 --- 0 2 -o- 0 3 o-o 1 2 ooo 1 5 ooo 1 4 +oo 1 3 o-o
mp-1080264,CeSe2,84,233,235,149,2.7738095238095237,0,False,0,1.0,Ce Ce Ce Ce Se Se Se Se Se Se Se Se 0 7 o-o 0 10 o-o 0 5 ooo 0 11 o-o 0 8 ooo 0 9 ooo 1 6 o-+ 1 11 o-+ 1 4 ooo 1 10 o-o 1 9 ooo 1 8 oo+ 2 6 ooo 2 5 +oo 2 10 o-o 2 4 ooo 2 9 +oo 2 8 ooo 3 7 ooo 3 4 -oo 3 11 o-+ 3 5 oo+ 3 8 -o+ 3 9 ooo
mp-1080279,CeSe2,21,56,58,35,2.6666666666666665,0,False,0,1.0,Ce Se Se 0 1 o-o 0 1 ooo 0 1 --o 0 2 o-- 0 2 oo- 0 2 ---
mp-1080280,CeSe2,21,56,58,35,2.6666666666666665,0,False,0,1.0,Ce Se Se 0 2 oo- 0 2 -+o 0 2 -+- 0 1 oo- 0 1 -+o 0 1 -+-
mp-1080299,CeSe2,72,201,203,129,2.7916666666666665,0,False,0,1.0,Ce Ce Ce Ce Se Se Se Se Se Se Se Se 0 5 o-- 0 8 ooo 0 9 o-- 0 10 oo- 0 11 ooo 0 6 o-o 1 10 +oo 1 4 ooo 1 5 o-o 1 7 +-o 1 9 +-o 2 7 o-o 2 4 ooo 2 6 o-o 2 11 ooo 3 8 -oo 3 9 oo- 3 10 oo- 3 11 ooo 3 6 ooo
mp-1080300,CeSe2,84,233,235,149,2.7738095238095237,0,False,0,1.0,Ce Ce Ce Ce Se Se Se Se Se Se Se Se 0 5 ooo 0 10 ooo 0 11 ooo 0 7 oo- 0 6 oo- 0 9 oo- 1 6 ooo 1 8 ooo 1 11 ooo 1 7 o-o 1 10 o-o 1 4 o-o 2 9 ooo 2 4 ooo 2 11 ooo 2 7 -oo 2 8 -oo 2 5 -oo 3 6 oo- 3 4 o-o 3 8 -o- 3 10 --o 3 9 o-- 3 5 -oo
mp-1080305,CeSe2,42,113,115,71,2.6904761904761907,0,False,0,1.0,Ce Ce Se Se Se Se 0 4 +oo 0 4 o+o 0 4 oo+ 0 3 +oo 0 3 o+o 0 3 oo+ 1 5 -oo 1 5 o-o 1 5 oo- 1 2 -o- 1 2 o-- 1 2 --o
mp-1080306,CeSe2,84,231,233,147,2.75,0,False,0,1.0,Ce Ce Ce Ce Se Se Se Se Se Se Se Se 0 10 -oo 0 8 ooo 0 7 --o 0 7 ooo 0 4 ooo 0 5 -oo 1 11 +oo 1 9 ooo 1 6 ++o 1 6 ooo 1 5 ooo 1 4 +oo 2 9 o-o 2 10 oo+ 2 4 +oo 2 4 o-o 2 6 ooo 2 7 o-o 3 8 o+o 3 11 oo- 3 5 -oo 3 5 o+o 3 7 ooo 3 6 o+o
mp-1080324,CeSe2,63,175,177,112,2.7777777777777777,0,False,0,1.0,Ce Ce Ce Ce Se Se Se Se Se Se Se Se 0 8 +oo 0 11 ooo 0 4 oo- 0 6 ooo 0 9 o+o 1 7 ooo 1 8 ooo 1 5 oo- 1 9 ooo 2 10 o+o 2 4 ooo 2 6 ooo 2 5 o+o 3 7 +oo 3 11 ooo 3 10 ooo 3 9 ooo
mp-1080334,CeSe2,81,225,227,144,2.7777777777777777,0,False,0,1.0,Ce Ce Ce Ce Se Se Se Se Se Se Se Se 0 4 ooo 0 7 +o+ 0 8 o++ 0 6 o+o 0 9 +oo 0 10 ooo 1 11 ooo 1 5 ooo 1 6 ooo 1 4 ooo 1 10 ooo 2 5 ooo 2 9 oo- 2 4 oo- 2 7 ooo 2 10 ooo 2 8 o+o 3 11 ooo 3 7 o-o 3 9 o-o 3 6 -oo 3 8 -oo 3 10 --o
mp-1080350,CeSe2,69,186,188,117,2.6956521739130435,0,False,0,1.0,Ce Ce Ce Se Se Se Se Se Se 0 4 ooo 0 3 ooo 0 8 +oo 0 6 +oo 0 5 ooo 0 5 +oo 1 7 ooo 1 7 -oo 1 3 o+o 1 8 oo- 1 4 -oo 1 6 oo- 1 5 ooo 2 4 o++ 2 3 o+o 2 7 oo+ 2 8 ++o 2 6 ooo 2 6 +oo 2 5 ooo
mp-1098704,CeSe2,90,257,259,167,2.8555555555555556,0,False,0,1.0,Ce Ce Ce Ce Ce Ce Se Se Se Se Se Se Se Se Se Se Se Se 0 12 ooo 0 13 ooo 0 7 -oo 0 11 ooo 1 13 +oo 1 14 ooo 1 8 ooo 1 9 oo- 2 14 ooo 2 12 ooo 2 6 ooo 2 10 o+o 3 15 ooo 3 17 ooo 3 11 ooo 3 7 ooo 4 16 ooo 4 15 -oo 4 9 -oo 4 8 oo+ 5 17 ooo 5 16 ooo 5 10 -oo 5 6 o-o
mp-1247786,CeSe2,84,233,235,149,2.7738095238095237,0,False,0,1.0,Ce Ce Ce Ce Se Se Se Se Se Se Se Se 0 6 ++o 0 6 +oo 0 6 ooo 0 4 +oo 0 4 ooo 0 4 ++o 1 7 --o 1 7 -oo 1 7 ooo 1 5 -o+ 1 5 oo+ 1 5 --+ 2 10 ooo 2 10 o-o 2 10 --o 2 8 o-o 2 8 --o 2 8 ooo 3 11 ooo 3 11 o+o 3 11 ++o 3 9 o+o 3 9 ++o 3 9 ooo
mp-1181907,Co(BrO3)2,60,155,157,95,2.5833333333333335,0,False,0,1.0,Co Co Br Br Br Br O O O O O O O O O O O O 0 8 -oo 0 9 oo- 0 2 -o- 0 3 ooo 1 8 ooo 1 9 oo- 1 2 oo- 1 3 ooo 4 14 ooo 5 15 ooo 6 10 ooo 7 11 ooo 12 16 ooo 13 17 ooo
mp-1213770,Co(H3Cl)2,36,90,92,54,2.5,0,False,0,1.0,Co H H H H H H Cl Cl 0 8 ooo 0 7 --- 0 3 --o 0 2 --o 0 4 oo- 0 1 oo- 1 4 ooo 2 3 ooo 5 6 ooo
mp-1340191,Co(SiO3)2,102,279,281,177,2.735294117647059,0,False,0,1.0,Co Co Si Si Si Si O O O O O O O O O O O O 0 12 ooo 0 7 ooo 0 11 o-o 0 16 +oo 0 13 o-o 0 8 +oo 1 10 oo- 1 17 ooo 1 13 -oo 1 8 o+- 1 11 -o- 1 16 o+o 2 9 ooo 2 15 ooo 2 7 ooo 2 13 ooo 3 6 ooo 3 14 oo- 3 10 oo- 3 16 ooo 4 14 ooo 4 6 ooo 4 12 ooo 4 8 ooo 5 15 ooo 5 9 oo+ 5 17 oo+ 5 11 ooo
mp-1341839,Co(SiO3)2,102,281,283,179,2.7549019607843137,0,False,0,1.0,Co Co Si Si Si Si O O O O O O O O O O O O 0 11 ooo 0 10 ooo 0 15 o-+ 0 14 +oo 0 16 +oo 0 17 o-o 1 12 ooo 1 13 ooo 1 16 o+- 1 17 -oo 1 14 o+o 1 15 -oo 2 6 ooo 2 9 ooo 2 10 ooo 2 16 ooo 3 7 ooo 3 8 oo+ 3 11 ooo 3 17 ooo 4 9 ooo 4 6 oo- 4 13 ooo 4 14 ooo 5 8 ooo 5 7 ooo 5 12 ooo 5 15 ooo
mp-2237174,Co2HgO4,110,297,299,187,2.7,0,False,0,1.0,Co Co Co Co Hg Hg O O O O O O O O 0 12 oo- 0 10 o-o 0 6 ooo 0 11 oo- 0 9 ooo 0 7 oo- 1 8 ooo 1 13 o-o 1 6 ooo 1 11 ooo 1 7 ooo 1 9 ooo 2 6 o+o 2 11 ooo 2 13 ooo 2 8 ooo 2 12 ooo 2 10 ooo 3 9 o+o 3 7 -oo 3 12 -oo 3 10 ooo 3 13 ooo 3 8 -oo 4 8 ooo 4 12 oo- 4 7 o+- 4 11 ++- 5 13 oo- 5 10 ooo 5 9 ooo 5 6 -oo
mp-1301334,Co2OF3,84,225,227,141,2.6785714285714284,0,False,0,1.0,Co Co Co Co O O F F F F F F 0 5 ooo 0 8 +o+ 0 10 o++ 0 9 +oo 0 11 o+o 0 6 ++o 1 4 ooo 1 10 -oo 1 8 o-o 1 11 -oo 1 9 o-o 1 7 --o 2 10 ooo 2 8 ooo 2 4 ooo 2 5 oo- 2 6 oo- 2 7 ooo 3 4 ooo 3 5 ooo 3 11 ooo 3 9 ooo 3 7 ooo 3 6 ooo
mp-1275789,Co3(OF2)2,126,347,349,221,2.753968253968254,0,False,0,1.0,Co Co Co Co Co Co O O O O F F F F F F F F 0 7 ooo 0 12 -o- 0 6 -oo 0 14 -oo 0 13 oo- 0 17 oo- 1 6 ooo 1 13 ooo 1 7 ooo 1 15 ooo 1 12 ooo 1 16 ooo 2 6 ooo 2 15 +oo 2 16 oo- 2 13 +o- 2 10 ooo 2 9 +o- 3 7 ooo 3 14 ooo 3 17 ooo 3 12 ooo 3 11 o+o 3 8 ooo 4 8 o-o 4 10 oo+ 4 17 +-o 4 14 o-+ 4 9 +oo 4 11 +o+ 5 9 ooo 5 11 ooo 5 16 ooo 5 15 ooo 5 8 o-o 5 10 ooo
mp-752609,Co3(OF2)2,126,347,349,221,2.753968253968254,0,False,0,1.0,Co Co Co Co Co Co O O O O F F F F F F F F 0 9 ooo 0 16 +oo 0 6 o+o 0 10 o++ 0 15 +o+ 0 11 ++o 1 8 ooo 1 17 o-o 1 7 -oo 1 10 -oo 1 15 o-o 1 14 --o 2 13 o-o 2 12 +oo 2 6 ooo 2 7 ooo 2 16 +-o 2 17 +-o 3 15 ooo 3 10 ooo 3 8 ooo 3 9 oo- 3 14 ooo 3 11 oo- 4 6 ooo 4 11 ooo 4 13 ooo 4 9 ooo 4 12 ooo 4 16 ooo 5 7 ooo 5 14 ooo 5 12 ooo 5 8 ooo 5 13 ooo 5 17 ooo
mp-755334,Co3(OF2)2,126,347,349,221,2.753968253968254,0,False,0,1.0,Co Co Co Co Co Co O O O O F F F F F F F F 0 9 o+o 0 15 ooo 0 12 ooo 0 8 ooo 0 13 o+o 0 11 ooo 1 6 o-o 1 13 ooo 1 14 ooo 1 7 ooo 1 15 o-o 1 16 ooo 2 17 ooo 2 10 oo- 2 14 ooo 2 12 oo- 2 7 ooo 2 8 oo- 3 14 ooo 3 12 --- 3 17 o-o 3 10 -o- 3 6 --o 3 9 oo- 4 7 ooo 4 11 ooo 4 17 +oo 4 6 ooo 4 16 +oo 4 15 +oo 5 8 ooo 5 16 ooo 5 10 -oo 5 9 ooo 5 11 -oo 5 13 -oo
mp-755897,Co3OF5,126,347,349,221,2.753968253968254,0,False,0,1.0,Co Co Co Co Co Co O O F F F F F F F F F F 0 10 oo- 0 12 ooo 0 15 ooo 0 9 ooo 0 16 o-o 0 17 -oo 1 7 ooo 1 12 ooo 1 10 ooo 1 14 ooo 1 8 ooo 1 11 ooo 2 15 -oo 2 9 o-o 2 10 oo- 2 13 --o 2 7 oo- 2 6 --o 3 7 ooo 3 6 --o 3 17 -oo 3 16 o-o 3 8 -oo 3 14 o-o 4 13 oo+ 4 11 ooo 4 9 oo+ 4 15 oo+ 4 14 +oo 4 8 o+o 5 6 ooo 5 11 ooo 5 13 ooo 5 17 ooo 5 16 ooo 5 12 ooo
mp-752587,Co6O5F7,126,347,349,221,2.753968253968254,0,False,0,1.0,Co Co Co Co Co Co O O O O O F F F F F F F 0 7 ooo 0 10 ooo 0 16 oo- 0 8 oo- 0 12 ooo 0 14 oo- 1 15 o-o 1 13 ooo 1 11 ooo 1 12 ooo 1 10 ooo 1 9 o-o 2 9 ooo 2 6 o+o 2 8 ooo 2 17 ooo 2 13 o+o 2 14 ooo 3 8 ooo 3 6 ooo 3 16 +oo 3 11 ooo 3 17 +oo 3 13 +oo 4 10 ooo 4 15 ooo 4 11 -oo 4 7 -oo 4 9 -oo 4 17 ooo 5 6 o+o 5 14 +oo 5 12 o++ 5 7 oo+ 5 15 +o+ 5 16 ++o
mp-754785,Co6O5F7,126,347,349,221,2.753968253968254,0,False,0,1.0,Co Co Co Co Co Co O O O O O F F F F F F F 0 6 ooo 0 13 ooo 0 14 oo- 0 10 ooo 0 7 oo- 0 16 oo- 1 9 ooo 1 10 ooo 1 13 ooo 1 11 ooo 1 15 o-o 1 8 o-o 2 8 ooo 2 14 ooo 2 9 o+o 2 7 ooo 2 12 o+o 2 17 ooo 3 7 -oo 3 9 ooo 3 12 -oo 3 16 ooo 3 17 ooo 3 11 -oo 4 11 ooo 4 10 +oo 4 6 ooo 4 15 +oo 4 17 +oo 4 8 ooo 5 13 o+o 5 14 +o- 5 12 o+- 5 15 +oo 5 6 ooo 5 16 ++-
mp-1188346,CoBiO3,188,533,535,345,2.8351063829787235,0,True,23,0.9568480300187617,Co Co Co Co Bi Bi Bi Bi O O O O O O O O O O O O 0 8 o-o 0 10 oo- 0 19 ooo 0 15 o-- 0 16 oo- 0 12 o-o 1 11 -oo 1 9 ooo 1 18 -oo 1 14 ooo 1 17 ooo 1 13 -oo 2 10 ooo 2 8 o-o 2 13 ooo 2 17 o-o 2 14 ooo 2 18 o-o 3 11 -o- 3 9 ooo 3 12 -oo 3 16 oo- 3 15 oo- 3 19 -oo 4 9 ooo 4 13 ooo 4 19 ooo 4 8 ooo 4 18 ooo 4 12 ooo 4 15 oo- 4 17 ooo 5 8 +-o 5 18 o-o 5 12 o-o 5 9 +oo 5 13 ooo 5 19 ooo 5 16 +o- 5 14 +oo 6 11 ooo 6 17 ooo 6 15 ooo 6 10 ooo 6 14 ooo 6 16 ooo 6 13 ooo 6 19 oo+ 7 10 -+o 7 16 o+o 7 14 o+o 7 11 -oo 7 17 ooo 7 15 ooo 7 18 -oo 7 12 -o+
mp-1181833,CoC(N3Cl)2,92,251,253,159,2.7282608695652173,0,False,0,1.0,Co Co C C N N N N N N N N N N N N Cl Cl Cl Cl 0 4 ooo 0 11 o-o 0 8 -oo 0 14 ooo 0 12 ooo 1 5 ooo 1 10 +oo 1 9 o+o 1 13 ooo 1 15 ooo 2 11 +oo 2 8 o+o 2 6 ooo 3 10 o-o 3 9 -oo 3 7 ooo 12 18 o-o 12 16 -oo 13 18 +oo 13 16 o+o 14 17 -oo 14 19 o-o 15 19 +o+ 15 17 o++
mp-860537,CoF3,66,174,176,108,2.6363636363636362,0,False,0,1.0,Co Co Co F F F F F F F F F 0 9 ooo 0 3 ooo 0 5 ooo 0 10 ooo 0 8 +oo 0 6 ooo 1 4 --o 1 5 --- 1 11 ooo 1 3 oo- 1 7 o-o 1 9 -o- 2 7 ooo 2 11 ooo 2 4 ooo 2 8 ooo 2 10 o+o 2 6 ooo
mp-1283838,CoHO2,112,307,309,195,2.7410714285714284,0,False,0,1.0,Co Co Co Co H H H H O O O O O O O O 0 10 ooo 0 15 -oo 0 12 -oo 0 8 ooo 0 14 -oo 0 11 oo+ 1 9 +oo 1 12 o+o 1 14 ooo 1 10 ++o 1 13 o+o 1 8 +oo 2 14 -oo 2 11 ooo 2 9 ooo 2 13 -oo 2 10 ooo 2 15 -o- 3 13 ooo 3 8 +-- 3 11 +oo 3 15 o-- 3 9 +-o 3 12 oo- 4 8 ooo 4 12 o+o 5 13 ooo 5 9 o-o 6 10 ooo 6 14 ooo 7 15 ooo 7 11 oo+
mp-12422,CoHgC4(SeN)4,62,165,167,103,2.661290322580645,0,False,0,1.0,Co Hg C C C C Se Se Se Se N N N N 0 11 ooo 0 12 ooo 0 10 ooo 0 13 ooo 1 9 ooo 1 7 --- 1 8 --o 1 6 oo- 2 10 o-o 2 6 +oo 3 11 +oo 3 7 ooo 4 13 +oo 4 8 o-o 5 12 o-o 5 9 ooo
mp-1182276,CoN4Cl2O3,80,211,213,131,2.6375,0,False,0,1.0,Co Co N N N N N N N N Cl Cl Cl Cl O O O O O O 0 2 o+o 0 15 oo+ 0 14 ++o 0 4 ++o 0 8 ooo 1 3 o-o 1 14 oo- 1 15 --o 1 5 --o 1 9 ooo 2 12 ooo 3 13 ooo 4 11 o-o 4 6 ooo 5 10 o+o 5 7 ooo 6 16 ooo 7 17 ooo 8 19 ooo 9 18 ooo
mp-14285,CoP2,96,259,261,163,2.6979166666666665,0,False,0,1.0,Co Co Co Co P P P P P P P P 0 11 ooo 0 8 oo- 0 10 ooo 0 4 ooo 0 5 o+o 0 7 ooo 1 10 ooo 1 9 ooo 1 11 -oo 1 5 -oo 1 4 o-o 1 6 -o- 2 9 ooo 2 10 oo+ 2 8 ooo 2 6 ooo 2 7 o-o 2 5 ooo 3 8 ooo 3 11 ooo 3 9 +oo 3 7 +oo 3 6 o+o 3 4 +o+ 4 11 -oo 5 10 ooo 6 9 +oo 7 8 ooo
mp-1246895,CoSi2N3,84,229,231,145,2.7261904761904763,0,False,0,1.0,Co Co Si Si Si Si N N N N N N 0 11 ooo 0 10 ooo 0 9 o+o 0 8 -oo 1 10 ooo 1 11 oo+ 1 7 --o 1 6 ooo 2 11 ooo 2 8 ooo 2 6 ooo 2 9 ooo 3 11 ++o 3 9 o+o 3 7 ooo 3 8 ooo 4 10 +oo 4 6 ooo 4 8 oo+ 4 7 ooo 5 10 o-o 5 7 o-o 5 9 oo+ 5 6 ooo
mp-1215120,CoSn3F6,28,71,73,43,2.5357142857142856,0,False,0,1.0,Co Sn Sn Sn F F F F F F 1 7 o-o 1 6 -oo 2 8 o-- 2 9 ooo 3 5 -o- 3 4 ooo
mp-1974700,CoWO4,84,223,225,139,2.6547619047619047,0,False,0,1.0,Co Co W W O O O O O O O O 0 11 ooo 0 6 ooo 0 8 ooo 0 5 ooo 0 7 ooo 0 4 o+o 1 9 ooo 1 4 ooo 1 10 ooo 1 7 o-o 1 5 ooo 1 6 ooo 2 7 +oo 2 6 ooo 2 10 o+o 2 9 +oo 2 8 oo+ 2 11 +o+ 3 5 +oo 3 4 ooo 3 8 ooo 3 11 +-o 3 10 oo- 3 9 +o-
mp-1443279,Cr(OF)3,28,70,72,42,2.5,0,False,0,1.0,Cr O O O F F F 0 3 o-- 0 1 ooo 0 2 ooo 0 4 -oo 0 6 o-o 2 4 -oo 2 5 ooo
mp-1226382,Cr2CdSeS3,110,299,301,189,2.7181818181818183,0,False,0,1.0,Cr Cr Cr Cr Cd Cd Se Se S S S S S S 0 11 ooo 0 12 ooo 0 13 oo+ 0 9 ooo 0 8 ooo 0 7 ooo 1 10 ooo 1 12 oo- 1 13 ooo 1 9 o+o 1 8 o+o 1 6 o+o 2 10 ooo 2 11 oo- 2 13 ooo 2 9 ooo 2 7 ooo 2 6 ooo 3 10 oo+ 3 11 ooo 3 12 ooo 3 8 -oo 3 7 -oo 3 6 -oo 4 11 o+o 4 10 ooo 4 12 ooo 4 13 -oo 5 9 ooo 5 8 -o- 5 6 -oo 5 7 ---
mp-546035,Cr3CuO8,72,192,194,120,2.6666666666666665,0,False,0,1.0,Cr Cr Cr Cu O O O O O O O O 0 9 ooo 0 5 ooo 0 8 ooo 0 10 ooo 1 7 ooo 1 11 ooo 1 4 ooo 1 6 ooo 2 9 ooo 2 7 --o 2 4 o-o 2 6 -oo 2 10 -oo 2 8 o-o 3 11 --o 3 5 oo- 3 4 o-o 3 6 -oo 3 10 -o- 3 8 o--
mp-560181,Cr3InO8,72,191,193,119,2.6527777777777777,0,False,0,1.0,Cr Cr Cr In O O O O O O O O 0 7 ooo 0 5 ooo 0 9 ooo 0 4 ooo 1 10 ooo 1 11 ooo 1 8 ooo 1 6 ooo 2 7 ooo 2 10 --o 2 8 -oo 2 6 o-o 2 9 -oo 2 4 o-o 3 5 oo- 3 11 --o 3 8 -oo 3 6 o-o 3 9 -o- 3 4 o--
mp-1213779,Cr3NO8,54,142,144,88,2.6296296296296298,0,False,0,1.0,Cr Cr Cr N O O O O O O O O 0 9 o-- 0 7 o-o 0 6 -o- 0 8 -oo 0 11 --o 0 10 oo- 1 4 ooo 1 10 ooo 1 9 ooo 1 6 ooo 2 5 ooo 2 11 ooo 2 8 ooo 2 7 ooo
mp-3532,CrAgSe2,34,91,93,57,2.676470588235294,0,False,0,1.0,Cr Ag Se Se 0 2 -oo 0 2 o-o 0 2 oo- 0 3 o-- 0 3 -o- 0 3 --o 1 2 ooo 1 3 --o 1 3 -o- 1 3 o--
mp-22946,CrClO,42,109,111,67,2.5952380952380953,0,False,0,1.0,Cr Cr Cl Cl O O 0 5 o-o 0 5 ooo 0 4 -o- 0 4 oo- 0 3 -oo 0 3 ooo 1 4 o+o 1 4 ooo 1 5 +o+ 1 5 oo+ 1 2 +oo 1 2 ooo
mp-754623,CrCo3O8,84,225,227,141,2.6785714285714284,0,False,0,1.0,Cr Co Co Co O O O O O O O O 0 8 ooo 0 9 ooo 0 7 ooo 0 6 ooo 0 10 ooo 0 5 ooo 1 5 ooo 1 10 o-o 1 6 ooo 1 9 o-o 1 11 o-o 1 4 ooo 2 5 ooo 2 10 -oo 2 7 ooo 2 8 -oo 2 11 -oo 2 4 ooo 3 6 ooo 3 7 ooo 3 9 oo- 3 8 oo- 3 11 oo- 3 4 ooo
mp-756950,CrCo5O12,126,347,349,221,2.753968253968254,0,False,0,1.0,Cr Co Co Co Co Co O O O O O O O O O O O O 0 16 ooo 0 14 --- 0 7 -oo 0 15 o-o 0 6 -o- 0 13 o-- 1 12 +oo 1 9 o-o 1 17 +oo 1 11 o-o 1 8 ooo 1 10 ooo 2 13 oo- 2 15 ooo 2 16 ooo 2 14 oo- 2 6 -o- 2 7 o+o 3 6 oo- 3 7 ooo 3 16 ooo 3 14 oo- 3 15 +oo 3 13 o-- 4 10 o+o 4 8 -oo 4 17 o+o 4 11 -oo 4 9 ooo 4 12 ooo 5 17 ooo 5 11 ooo 5 12 ooo 5 10 ooo 5 9 ooo 5 8 ooo
mp-1387939,CrF4,34,85,87,51,2.5,0,False,0,1.0,Cr Cr F F F F F F F F 0 2 o-o 0 6 ooo 0 4 ooo 0 3 o-o 1 8 -oo 1 7 ooo 1 5 ooo 1 9 -oo
mp-1178414,CrO,84,229,231,145,2.7261904761904763,0,False,0,1.0,Cr Cr Cr Cr Cr Cr O O O O O O 0 7 o-o 0 7 ooo 0 6 oo- 0 6 o+- 1 11 ooo 1 11 oo- 1 10 -oo 1 10 -o- 2 8 o-o 2 8 ooo 2 9 oo- 2 9 o+- 3 8 ooo 3 8 oo+ 3 7 ooo 3 7 oo+ 4 10 o+o 4 10 ooo 4 9 ooo 4 9 o+o 5 11 o+o 5 11 ooo 5 6 ooo 5 6 o+o
mp-754983,CrO,112,311,313,199,2.7767857142857144,0,False,0,1.0,Cr Cr Cr Cr Cr Cr Cr Cr O O O O O O O O 0 10 ooo 0 14 -oo 0 8 o-o 0 12 --o 1 11 ooo 1 15 -oo 1 9 o-o 1 13 --o 2 8 ooo 2 9 ooo 2 14 -oo 2 15 -oo 3 8 ooo 3 9 oo- 3 10 ooo 3 11 oo- 4 13 ooo 4 12 ooo 4 9 ooo 4 8 ooo 5 12 o-o 5 13 o-- 5 10 ooo 5 11 oo- 6 11 ooo 6 10 ooo 6 15 ooo 6 14 ooo 7 14 ooo 7 15 oo- 7 12 ooo 7 13 oo-
mp-25302,CrO2,21,54,56,33,2.5714285714285716,0,False,0,1.0,Cr O O 0 2 oo+ 0 2 o+o 0 2 +oo 0 1 oo- 0 1 -oo 0 1 o-o
mp-714929,CrO2,42,109,111,67,2.5952380952380953,0,False,0,1.0,Cr Cr O O O O 0 3 oo- 0 3 ooo 0 3 -o- 0 5 oo- 0 5 ooo 0 5 +oo 1 2 oo+ 1 2 ooo 1 2 -oo 1 4 ooo 1 4 oo+ 1 4 +o+
mp-11191,CrSi2,144,386,388,242,2.6805555555555554,0,False,0,1.0,Cr Cr Cr Si Si Si Si Si Si 0 6 ooo 0 3 -oo 0 7 -oo 0 4 ooo 0 8 -oo 0 8 o+o 0 8 ooo 0 5 ooo 0 5 --o 0 5 -oo 1 3 oo+ 1 6 oo+ 1 8 ooo 1 5 ooo 1 7 ooo 1 7 o+o 1 7 -oo 1 4 ooo 1 4 o-o 1 4 +oo 2 5 o-o 2 8 ooo 2 4 o-- 2 7 oo- 2 3 ooo 2 3 o-o 2 3 --o 2 6 o-o 2 6 ooo 2 6 +oo 3 5 ooo 3 4 +o- 3 6 ++o 3 6 +oo 3 6 ooo 4 8 o+o 4 7 -+o 4 7 -oo 4 7 o+o 5 7 o+o 5 8 ++o 5 8 ooo 5 8 o+o 6 8 ooo 6 7 -o-
mp-1222,CrSi2,144,386,388,242,2.6805555555555554,0,False,0,1.0,Cr Cr Cr Si Si Si Si Si Si 0 4 ooo 0 7 o-o 0 6 ooo 0 3 o-o 0 5 ooo 0 5 --o 0 5 o-o 0 8 o-o 0 8 +oo 0 8 ooo 1 8 ooo 1 5 -oo 1 3 oo- 1 6 -o- 1 7 ooo 1 7 --o 1 7 -oo 1 4 -oo 1 4 o+o 1 4 ooo 2 5 ooo 2 8 ooo 2 7 oo+ 2 4 oo+ 2 3 ooo 2 3 o-o 2 3 +oo 2 6 ooo 2 6 o+o 2 6 -oo 3 5 -oo 3 4 o++ 3 6 -+o 3 6 -oo 3 6 o+o 4 8 ooo 4 7 --o 4 7 o-o 4 7 ooo 5 7 ooo 5 8 ++o 5 8 +oo 5 8 ooo 6 8 +oo 6 7 o-+
mp-561786,Cs(TeO3)2,126,347,349,221,2.753968253968254,0,False,0,1.0,Cs Cs Te Te Te Te O O O O O O O O O O O O 0 15 oo+ 0 13 o+o 0 16 +oo 0 9 +o+ 0 17 ++o 0 6 o++ 1 10 oo- 1 12 o-o 1 7 -oo 1 8 -o- 1 14 --o 1 11 o-- 2 13 ooo 2 12 o-o 2 14 o-o 2 17 ooo 2 11 o-o 2 6 ooo 3 15 ooo 3 10 oo- 3 9 ooo 3 8 oo- 3 6 ooo 3 11 oo- 4 7 ooo 4 16 ooo 4 13 ooo 4 12 ooo 4 15 ooo 4 10 ooo 5 16 ooo 5 7 -oo 5 17 ooo 5 14 -oo 5 8 -oo 5 9 ooo
mp-567776,Cs2AgAuCl6,112,295,297,183,2.6339285714285716,0,False,0,1.0,Cs Cs Ag Au Cl Cl Cl Cl Cl Cl 0 4 +o+ 0 4 ooo 0 8 oo+ 0 8 o-o 0 5 oo+ 0 5 ooo 0 7 ooo 0 7 o-o 0 9 ooo 0 9 +oo 0 6 o-o 0 6 +o+ 1 4 o++ 1 4 ooo 1 8 -oo 1 8 oo+ 1 7 ooo 1 7 -oo 1 9 ooo 1 9 o+o 1 6 oo+ 1 6 ooo 1 5 -oo 1 5 o++ 2 4 ooo 2 8 ooo 2 6 ooo 2 5 ooo 2 9 oo- 2 7 ooo 3 5 -oo 3 9 ooo 3 7 --- 3 6 o-o
mp-1112941,Cs2AgSbI6,118,311,313,193,2.635593220338983,0,False,0,1.0,Cs Cs Ag Sb I I I I I I 0 4 oo+ 0 4 o+o 0 5 +oo 0 5 o+o 0 7 oo+ 0 7 +oo 0 6 ooo 0 6 +oo 0 9 ooo 0 9 oo+ 0 8 ooo 0 8 o+o 1 9 o-o 1 9 -oo 1 7 ooo 1 7 o-o 1 4 ooo 1 4 -oo 1 5 oo- 1 5 ooo 1 6 o-o 1 6 oo- 1 8 oo- 1 8 -oo 2 4 ooo 2 7 ooo 2 5 ooo 2 9 ooo 2 8 ooo 2 6 ooo 3 8 -o- 3 5 oo- 3 6 o-- 3 7 o-o 3 9 --o 3 4 -oo
mp-15557,Cs2As3,136,365,367,229,2.6838235294117645,0,False,0,1.0,Cs Cs Cs Cs As As As As As As 0 6 ooo 0 4 ooo 0 5 o-o 0 7 +oo 0 8 ooo 0 8 o-o 0 9 ooo 0 9 +oo 1 6 ooo 1 4 ooo 1 5 -oo 1 7 o+o 1 8 ooo 1 8 -oo 1 9 ooo 1 9 o+o 2 5 ooo 2 5 -oo 2 7 oo- 2 7 o+- 2 4 oo- 2 4 -o- 2 6 ooo 2 6 o+o 2 8 -o- 2 9 o+o 3 7 ooo 3 7 +oo 3 5 oo+ 3 5 o-+ 3 4 ooo 3 4 o-o 3 6 oo+ 3 6 +o+ 3 8 o-o 3 9 +o+ 4 5 oo+ 4 8 ooo 5 9 ++o 6 7 oo- 6 9 ooo 7 8 --o
mp-1112619,Cs2AsAuCl6,118,311,313,193,2.635593220338983,0,False,0,1.0,Cs Cs As Au Cl Cl Cl Cl Cl Cl 0 6 +oo 0 6 ooo 0 8 o+o 0 8 ooo 0 9 oo+ 0 9 ooo 0 4 oo+ 0 4 o+o 0 5 +oo 0 5 o+o 0 7 +oo 0 7 oo+ 1 7 ooo 1 7 o-o 1 4 ooo 1 4 -oo 1 5 ooo 1 5 oo- 1 6 o-o 1 6 oo- 1 8 oo- 1 8 -oo 1 9 -oo 1 9 o-o 2 4 -oo 2 7 o-o 2 5 oo- 2 6 o-- 2 9 --o 2 8 -o- 3 8 ooo 3 9 ooo 3 6 ooo 3 5 ooo 3 4 ooo 3 7 ooo
mp-1080693,Cs2Bi2Pd,124,333,335,209,2.685483870967742,0,False,0,1.0,Cs Cs Cs Cs Bi Bi Bi Bi Pd Pd 0 7 ooo 0 4 ooo 0 6 ooo 0 6 oo+ 0 5 oo+ 0 5 ooo 1 6 ooo 1 5 ooo 1 7 ooo 1 7 oo- 1 4 ooo 1 4 oo- 2 9 o+o 2 8 o++ 2 4 ooo 2 7 ooo 2 5 -o+ 2 5 -oo 2 6 o++ 2 6 o+o 3 9 +oo 3 8 +oo 3 5 ooo 3 6 ooo 3 4 o-- 3 4 o-o 3 7 +oo 3 7 +o- 4 8 +++ 4 9 ++o 4 7 ++o 5 9 ++o 5 8 ++o 5 6 ++o 6 9 ooo 6 8 ooo 7 9 ooo 7 8 oo+
mp-1112930,Cs2BiAuBr6,118,311,313,193,2.635593220338983,0,False,0,1.0,Cs Cs Bi Au Br Br Br Br Br Br 0 6 +oo 0 6 ooo 0 8 o+o 0 8 ooo 0 9 oo+ 0 9 ooo 0 4 oo+ 0 4 o+o 0 7 oo+ 0 7 +oo 0 5 o+o 0 5 +oo 1 7 ooo 1 7 o-o 1 6 oo- 1 6 o-o 1 4 ooo 1 4 -oo 1 8 -oo 1 8 oo- 1 9 -oo 1 9 o-o 1 5 oo- 1 5 ooo 2 5 oo- 2 8 -o- 2 9 --o 2 7 o-o 2 4 -oo 2 6 o-- 3 7 ooo 3 9 ooo 3 8 ooo 3 4 ooo 3 6 ooo 3 5 ooo
mp-1113070,Cs2CuBiI6,118,311,313,193,2.635593220338983,0,False,0,1.0,Cs Cs Cu Bi I I I I I I 0 9 oo+ 0 9 ooo 0 8 o+o 0 8 ooo 0 7 oo+ 0 7 +oo 0 4 o+o 0 4 oo+ 0 5 o+o 0 5 +oo 0 6 +oo 0 6 ooo 1 4 ooo 1 4 -oo 1 7 ooo 1 7 o-o 1 9 o-o 1 9 -oo 1 8 oo- 1 8 -oo 1 5 oo- 1 5 ooo 1 6 oo- 1 6 o-o 2 9 ooo 2 6 ooo 2 8 ooo 2 7 ooo 2 5 ooo 2 4 ooo 3 7 o-o 3 4 -oo 3 5 oo- 3 6 o-- 3 8 -o- 3 9 --o
mp-1112273,Cs2CuMoBr6,118,311,313,193,2.635593220338983,0,False,0,1.0,Cs Cs Cu Mo Br Br Br Br Br Br 0 6 o-o 0 6 -oo 0 9 -oo 0 9 ooo 0 7 ooo 0 7 o-o 0 8 -oo 0 8 oo- 0 5 oo- 0 5 o-o 0 4 ooo 0 4 oo- 1 4 o+o 1 4 +oo 1 5 ooo 1 5 +oo 1 8 o+o 1 8 ooo 1 7 oo+ 1 7 +oo 1 6 ooo 1 6 oo+ 1 9 o+o 1 9 oo+ 2 7 ooo 2 4 ooo 2 9 ooo 2 6 ooo 2 8 ooo 2 5 ooo 3 7 o-o 3 9 -oo 3 5 o-- 3 4 oo- 3 8 -o- 3 6 --o
mp-1111879,Cs2CuSbBr6,118,311,313,193,2.635593220338983,0,False,0,1.0,Cs Cs Cu Sb Br Br Br Br Br Br 0 9 oo+ 0 9 ooo 0 6 +oo 0 6 ooo 0 8 o+o 0 8 ooo 0 4 o+o 0 4 oo+ 0 7 oo+ 0 7 +oo 0 5 +oo 0 5 o+o 1 4 ooo 1 4 -oo 1 7 ooo 1 7 o-o 1 5 ooo 1 5 oo- 1 9 o-o 1 9 -oo 1 8 oo- 1 8 -oo 1 6 o-o 1 6 oo- 2 9 ooo 2 8 ooo 2 6 ooo 2 5 ooo 2 7 ooo 2 4 ooo 3 4 -oo 3 5 oo- 3 7 o-o 3 6 o-- 3 8 -o- 3 9 --o
mp-1229172,Cs2GaFeS4,80,211,213,131,2.6375,0,False,0,1.0,Cs Cs Ga Fe S S S S 0 4 oo- 0 4 o+- 0 5 ooo 0 5 -oo 0 7 o+- 0 7 o+o 0 6 -oo 0 6 -o- 1 7 ooo 1 7 +oo 1 6 ooo 1 6 o-o 1 5 o-+ 1 5 o-o 1 4 +o- 1 4 +oo 2 5 ooo 2 4 oo- 2 6 oo- 2 7 ooo 3 6 ooo 3 7 ooo 3 5 ooo 3 4 ooo
mp-1112787,Cs2KCeBr6,118,310,312,192,2.6271186440677967,0,False,0,1.0,Cs Cs K Ce Br Br Br Br Br Br 0 9 ooo 0 9 oo+ 0 8 ooo 0 8 o+o 0 4 oo+ 0 4 o+o 0 7 +oo 0 7 oo+ 0 6 ooo 0 6 +oo 0 5 +oo 0 5 o+o 1 8 -oo 1 8 oo- 1 7 o-o 1 7 ooo 1 6 oo- 1 6 o-o 1 5 oo- 1 5 ooo 1 4 -oo 1 4 ooo 1 9 o-o 1 9 -oo 2 7 ooo 2 6 ooo 2 4 ooo 2 5 ooo 2 8 ooo 2 9 ooo 3 9 --o 3 8 -o- 3 6 o-- 3 4 -oo 3 5 oo- 3 7 o-o
mp-1110986,Cs2KCeF6,118,310,312,192,2.6271186440677967,0,False,0,1.0,Cs Cs K Ce F F F F F F 0 4 oo- 0 4 ooo 0 9 -oo 0 9 ooo 0 7 o-o 0 7 ooo 0 8 oo- 0 8 -oo 0 6 -oo 0 6 o-o 0 5 o-o 0 5 oo- 1 5 ooo 1 5 +oo 1 6 ooo 1 6 oo+ 1 9 oo+ 1 9 o+o 1 8 ooo 1 8 o+o 1 7 +oo 1 7 oo+ 1 4 +oo 1 4 o+o 2 9 ooo 2 7 ooo 2 4 ooo 2 6 ooo 2 5 ooo 2 8 ooo 3 6 --o 3 5 o-- 3 7 o-o 3 9 -oo 3 8 -o- 3 4 oo-
mp-1205635,Cs2KPdF6,118,310,312,192,2.6271186440677967,0,False,0,1.0,Cs Cs K Pd F F F F F F 0 9 o-o 0 9 oo+ 0 8 +o+ 0 8 ooo 0 4 +oo 0 4 ooo 0 6 +o+ 0 6 o-o 0 7 ooo 0 7 oo+ 0 5 ooo 0 5 o-o 1 9 oo+ 1 9 -oo 1 8 ooo 1 8 o++ 1 7 o++ 1 7 -oo 1 6 oo+ 1 6 ooo 1 5 ooo 1 5 -oo 1 4 o+o 1 4 ooo 2 9 ooo 2 8 ooo 2 6 ooo 2 5 ooo 2 7 ooo 2 4 oo- 3 7 -oo 3 6 o-o 3 5 --- 3 4 ooo 3 8 ooo 3 9 --o
mp-2884,Cs2Mn3S4,186,535,537,349,2.8763440860215055,0,True,25,0.9532710280373832,Cs Cs Cs Cs Mn Mn Mn Mn Mn Mn S S S S S S S S 0 17 ooo 0 13 ooo 0 14 o-o 0 11 oo+ 0 16 o-o 0 16 --o 0 12 oo+ 0 12 -o+ 1 12 oo+ 1 16 o-o 1 10 ooo 1 15 ooo 1 13 +oo 1 13 ooo 1 17 +oo 1 17 ooo 2 14 oo- 2 11 o+o 2 17 ooo 2 13 ooo 2 15 -oo 2 15 ooo 2 10 -oo 2 10 ooo 3 10 ooo 3 15 ooo 3 12 o+o 3 16 oo- 3 11 o+o 3 11 ++o 3 14 oo- 3 14 +o- 4 13 ooo 4 11 ooo 4 12 ooo 4 10 -oo 5 15 ooo 5 16 ooo 5 14 ooo 5 17 +oo 6 10 ooo 6 12 ooo 6 17 +o- 6 14 oo- 7 11 +oo 7 13 ooo 7 16 o-o 7 15 o-o 8 16 -oo 8 15 ooo 8 11 o+o 8 13 o+o 9 17 ooo 9 14 ooo 9 10 -o+ 9 12 oo+
mp-1112588,Cs2MnHgF6,118,311,313,193,2.635593220338983,0,False,0,1.0,Cs Cs Mn Hg F F F F F F 0 7 ooo 0 7 -oo 0 5 o-o 0 5 -oo 0 6 oo- 0 6 -oo 0 8 oo- 0 8 o-o 0 4 ooo 0 4 o-o 0 9 ooo 0 9 oo- 1 8 ooo 1 8 +oo 1 9 o+o 1 9 +oo 1 4 oo+ 1 4 +oo 1 7 oo+ 1 7 o+o 1 6 ooo 1 6 o+o 1 5 ooo 1 5 oo+ 2 9 oo- 2 4 o-o 2 5 --o 2 6 -o- 2 7 -oo 2 8 o-- 3 5 ooo 3 6 ooo 3 9 ooo 3 4 ooo 3 8 ooo 3 7 ooo
mp-22235,Cs2MnSnTe4,160,455,457,295,2.84375,0,False,0,1.0,Cs Cs Cs Cs Mn Mn Sn Sn Te Te Te Te Te Te Te Te 0 9 +o- 0 10 o+o 0 15 ooo 0 12 ooo 0 13 o+o 0 13 +o- 0 14 +o- 0 14 o+o 1 11 -o+ 1 8 o-o 1 13 ooo 1 14 ooo 1 15 o-o 1 15 -o+ 1 12 -o+ 1 12 o-o 2 14 oo- 2 13 ooo 2 8 oo- 2 11 ooo 2 10 -+o 2 10 oo- 2 9 +-- 2 9 ooo 3 12 -oo 3 15 o-o 3 10 -oo 3 9 o-o 3 8 o-- 3 8 -oo 3 11 -o+ 3 11 o-o 4 13 +oo 4 15 oo+ 4 14 o+o 4 12 ooo 5 11 ooo 5 10 ooo 5 9 ooo 5 8 ooo 6 12 -oo 6 14 oo- 6 13 ooo 6 15 o-o 7 8 o-- 7 11 -oo 7 9 o-- 7 10 -oo
mp-1079458,Cs2NaCeCl6,118,311,313,193,2.635593220338983,0,False,0,1.0,Cs Cs Na Ce Cl Cl Cl Cl Cl Cl 0 6 +oo 0 6 ooo 0 8 o+o 0 8 ooo 0 9 oo+ 0 9 ooo 0 7 +oo 0 7 oo+ 0 5 o+o 0 5 +oo 0 4 o+o 0 4 oo+ 1 4 ooo 1 4 -oo 1 7 ooo 1 7 o-o 1 5 ooo 1 5 oo- 1 8 oo- 1 8 -oo 1 6 o-o 1 6 oo- 1 9 -oo 1 9 o-o 2 8 ooo 2 9 ooo 2 6 ooo 2 5 ooo 2 7 ooo 2 4 ooo 3 4 -oo 3 7 o-o 3 5 oo- 3 6 o-- 3 9 --o 3 8 -o-
mp-571448,Cs2PuCl6,99,260,262,161,2.6262626262626263,0,False,0,1.0,Cs Cs Pu Cl Cl Cl Cl Cl Cl 0 5 ooo 0 5 oo- 0 8 ooo 0 8 oo- 0 3 ooo 0 3 oo- 0 6 +oo 0 6 ooo 0 7 o-o 0 7 +oo 0 4 o-o 0 4 ooo 1 4 ooo 1 4 oo+ 1 6 ooo 1 6 oo+ 1 7 ooo 1 7 oo+ 1 8 -oo 1 8 ooo 1 3 o+o 1 3 -oo 1 5 o+o 1 5 ooo 2 7 o-o 2 3 -o- 2 4 --o 2 5 oo- 2 6 ooo 2 8 ---
mp-1112926,Cs2SbAuCl6,118,311,313,193,2.635593220338983,0,False,0,1.0,Cs Cs Sb Au Cl Cl Cl Cl Cl Cl 0 9 oo+ 0 9 ooo 0 6 +oo 0 6 ooo 0 8 o+o 0 8 ooo 0 4 oo+ 0 4 o+o 0 7 oo+ 0 7 +oo 0 5 +oo 0 5 o+o 1 5 ooo 1 5 oo- 1 4 ooo 1 4 -oo 1 7 ooo 1 7 o-o 1 8 -oo 1 8 oo- 1 6 o-o 1 6 oo- 1 9 -oo 1 9 o-o 2 5 oo- 2 7 o-o 2 4 -oo 2 6 o-- 2 9 --o 2 8 -o- 3 9 ooo 3 6 ooo 3 8 ooo 3 7 ooo 3 4 ooo 3 5 ooo
mp-1111310,Cs2TaCuF6,100,263,265,163,2.63,0,False,0,1.0,Cs Cs Ta Cu F F F F F F 0 6 -oo 0 6 oo- 0 7 -oo 0 7 ooo 0 5 -oo 0 5 o-o 0 8 oo- 0 8 o-o 0 9 oo- 0 9 ooo 0 4 o-o 0 4 ooo 1 4 +oo 1 4 oo+ 1 8 +oo 1 8 ooo 1 9 +oo 1 9 o+o 1 7 oo+ 1 7 o+o 1 5 oo+ 1 5 ooo 1 6 o+o 1 6 ooo 2 6 ooo 2 4 ooo 2 9 ooo 2 5 ooo 2 7 ooo 2 8 ooo
mp-1104010,Cs2Te5,158,437,439,279,2.7658227848101267,0,False,0,1.0,Cs Cs Cs Cs Te Te Te Te Te Te Te Te Te Te 0 12 ooo 0 6 oo- 0 4 ooo 0 11 oo- 0 9 ooo 0 5 ooo 0 8 ooo 0 7 ooo 0 10 ooo 1 13 ooo 1 7 oo+ 1 5 ooo 1 10 oo+ 1 8 ooo 1 4 ooo 1 6 ooo 1 9 ooo 1 11 ooo 2 12 +-o 2 4 +oo 2 6 +o- 2 9 o-o 2 11 o-- 2 5 ooo 2 8 ooo 2 7 ooo 2 10 ooo 3 13 -+o 3 7 o++ 3 10 -o+ 3 5 o+o 3 8 -oo 3 4 ooo 3 6 ooo 3 9 ooo 3 11 ooo 4 5 ooo 4 13 -oo 5 12 o-o 6 7 oo+ 6 13 -oo 7 12 o-o 8 9 ooo 8 12 +oo 9 13 o+o 10 11 oo- 10 12 +oo 11 13 o+o
mp-989553,Cs2TlGaH6,100,263,265,163,2.63,0,False,0,1.0,Cs Cs Tl Ga H H H H H H 0 5 ooo 0 5 o-o 0 8 ooo 0 8 oo- 0 9 ooo 0 9 -oo 0 4 o-o 0 4 oo- 0 6 -oo 0 6 oo- 0 7 o-o 0 7 -oo 1 7 oo+ 1 7 ooo 1 6 o+o 1 6 ooo 1 4 +oo 1 4 ooo 1 9 oo+ 1 9 o+o 1 8 +oo 1 8 o+o 1 5 oo+ 1 5 +oo 3 7 ooo 3 4 ooo 3 6 ooo 3 8 ooo 3 5 ooo 3 9 ooo
mp-996945,Cs2TlInH6,100,263,265,163,2.63,0,False,0,1.0,Cs Cs Tl In H H H H H H 0 5 ooo 0 5 o-o 0 9 ooo 0 9 -oo 0 6 oo- 0 6 -oo 0 8 oo- 0 8 ooo 0 7 -oo 0 7 o-o 0 4 oo- 0 4 o-o 1 7 ooo 1 7 oo+ 1 4 ooo 1 4 +oo 1 6 ooo 1 6 o+o 1 8 o+o 1 8 +oo 1 9 oo+ 1 9 o+o 1 5 oo+ 1 5 +oo 3 5 ooo 3 4 ooo 3 8 ooo 3 6 ooo 3 7 ooo 3 9 ooo
mp-1226525,Cs2WSO4,160,437,439,277,2.73125,0,False,0,1.0,Cs Cs Cs Cs W W S S O O O O O O O O 0 11 oo+ 0 13 oo+ 0 12 oo+ 0 14 ooo 0 8 o-o 0 8 ooo 0 10 -oo 0 10 ooo 0 9 o-o 0 9 -oo 1 10 oo- 1 8 oo- 1 9 oo- 1 15 ooo 1 13 +oo 1 13 ooo 1 11 o+o 1 11 ooo 1 12 +oo 1 12 o+o 2 13 ooo 2 11 ooo 2 12 ooo 2 6 ooo 2 15 ooo 2 15 -oo 2 15 o-o 2 7 --o 2 7 o-o 2 7 -oo 3 10 ooo 3 8 ooo 3 9 ooo 3 7 ooo 3 14 ooo 3 14 +oo 3 14 o+o 3 6 ++o 3 6 +oo 3 6 o+o 4 9 --o 4 8 o-o 4 10 -oo 4 6 ooo 5 12 ++o 5 13 +oo 5 11 o+o 5 7 ooo
mp-1214772,Cs3(SeO4)2,127,343,345,216,2.7007874015748032,0,False,0,1.0,Cs Cs Cs Se Se O O O O O O O O 0 12 --o 0 11 oo- 0 7 o-o 0 8 -o- 0 5 o-- 0 6 -oo 0 10 o-o 0 10 -oo 0 9 -o- 0 9 o-- 1 5 o-o 1 8 -oo 1 9 oo- 1 7 o-o 1 7 ooo 1 6 -oo 1 6 ooo 1 11 ooo 1 12 -oo 1 12 o-o 2 6 o+o 2 7 +oo 2 10 oo+ 2 5 +oo 2 5 ooo 2 8 o+o 2 8 ooo 2 12 ooo 2 11 o+o 2 11 +oo 3 5 ooo 3 8 ooo 3 11 ooo 3 9 ooo 4 7 ooo 4 6 ooo 4 12 ooo 4 10 ooo
mp-1112370,Cs3CeCl6,46,119,121,73,2.5869565217391304,0,False,0,1.0,Cs Cs Cs Ce Cl Cl Cl Cl Cl Cl 2 5 ooo 2 7 ooo 2 4 ooo 2 6 ooo 2 9 ooo 2 8 ooo 3 7 o-o 3 8 -o- 3 9 --o 3 5 oo- 3 6 o-- 3 4 -oo
mp-1226409,Cs3Cl5O,168,457,459,289,2.7202380952380953,0,False,0,1.0,Cs Cs Cs Cs Cs Cs Cl Cl Cl Cl Cl Cl Cl Cl Cl Cl O O 0 12 ooo 0 11 +oo 0 13 ooo 0 13 oo+ 0 6 +oo 0 8 oo+ 0 9 +oo 0 7 ooo 1 10 +oo 1 12 o-o 1 14 ooo 1 14 oo+ 1 6 o-o 1 8 oo+ 1 9 o-o 1 7 ooo 2 11 o-o 2 10 ooo 2 15 ooo 2 15 oo+ 2 6 ooo 2 8 oo+ 2 9 ooo 2 7 ooo 3 15 ooo 3 14 -oo 3 10 oo- 3 10 ooo 3 7 -oo 3 9 ooo 3 8 -oo 3 6 oo- 4 13 -oo 4 15 o+o 4 11 oo- 4 11 ooo 4 7 o+o 4 9 ooo 4 8 o+o 4 6 oo- 5 14 o+o 5 13 ooo 5 12 oo- 5 12 ooo 5 7 ooo 5 9 ooo 5 8 ooo 5 6 oo- 6 9 ooo 7 8 ooo
mp-2052153,Cs3EuF6,82,215,217,133,2.6219512195121952,0,False,0,1.0,Cs Cs Cs Eu F F F F F F 0 6 ooo 0 7 ooo 0 5 +oo 0 4 +oo 0 9 oo+ 0 9 o-o 0 8 +o+ 0 8 ooo 1 7 o+o 1 6 o+o 1 5 ooo 1 4 ooo 1 8 o++ 1 8 ooo 1 9 oo+ 1 9 -oo 2 8 ooo 2 9 ooo 3 4 ooo 3 5 o-- 3 7 -o- 3 6 ooo 3 8 ooo 3 9 --o
mp-630851,Cs3NaPb4,220,631,633,411,2.868181818181818,0,True,121,0.8082408874801902,Cs Cs Cs Cs Cs Cs Na Na Pb Pb Pb Pb Pb Pb Pb Pb 0 10 ooo 0 11 ooo 0 12 ooo 0 14 ooo 0 8 ooo 0 13 o-o 0 13 +oo 1 9 ooo 1 12 ooo 1 11 ooo 1 14 oo+ 1 8 oo+ 1 15 +o+ 1 15 o-+ 2 13 ooo 2 8 ooo 2 14 ooo 2 11 ooo 2 12 ooo 2 10 -oo 2 10 o+o 3 15 ooo 3 14 ooo 3 8 ooo 3 11 oo- 3 12 oo- 3 9 -o- 3 9 o+- 4 10 ooo 4 9 oo- 4 13 +oo 4 13 o-o 4 15 +oo 4 15 o-o 4 14 ooo 4 8 ooo 5 15 oo+ 5 13 ooo 5 9 o+o 5 9 -oo 5 10 o+o 5 10 -oo 5 12 ooo 5 11 ooo 6 13 o-o 6 10 -oo 6 8 ooo 6 14 --o 6 11 ooo 6 12 --o 7 9 -o- 7 15 o-o 7 11 oo- 7 14 --o 7 8 ooo 7 12 --- 8 15 o-o 8 13 o-o 8 14 --o 9 10 ooo 9 12 o-o 9 11 +oo 10 12 o-o 10 11 +oo 11 12 --o 13 15 ooo 13 14 -oo 14 15 +oo
mp-561672,Cs4IrO4,81,214,216,133,2.6419753086419755,0,False,0,1.0,Cs Cs Cs Cs Ir O O O O 0 7 ooo 0 5 ooo 0 6 -oo 0 8 o-o 1 6 ooo 1 6 -oo 1 8 ooo 1 8 o-o 1 5 oo+ 1 7 oo+ 2 5 ooo 2 5 +oo 2 7 ooo 2 7 o+o 2 6 oo- 2 8 oo- 3 8 ooo 3 6 ooo 3 5 +oo 3 7 o+o 4 7 -oo 4 8 o-- 4 5 o-o 4 6 -o-
mp-2229996,Cs4MgTi2(AgS2)4,196,565,567,369,2.88265306122449,0,True,55,0.9026548672566371,Cs Cs Cs Cs Mg Ti Ti Ag Ag Ag Ag S S S S S S S S 0 18 oo- 0 18 o+- 0 14 ooo 0 14 o+o 0 15 oo- 0 15 +o- 0 17 ooo 0 17 +oo 0 10 ooo 0 8 oo- 0 7 oo- 0 9 ooo 1 4 ooo 1 4 o+o 1 11 ooo 1 13 ooo 1 12 o+o 1 16 o+o 2 12 ooo 2 16 ooo 2 4 +oo 2 11 o-o 2 11 ooo 2 13 o-o 2 13 ooo 3 15 oo- 3 15 o-- 3 17 ooo 3 17 o-o 3 18 oo- 3 18 -o- 3 14 ooo 3 14 -oo 4 12 ooo 4 16 ooo 5 15 ooo 5 18 ooo 5 11 ooo 5 12 ooo 6 17 ooo 6 14 ooo 6 13 ooo 6 16 ooo 7 11 ooo 7 12 +oo 7 18 ooo 7 15 +oo 8 12 o+o 8 11 ooo 8 15 ooo 8 18 o+o 9 13 ooo 9 16 +oo 9 14 ooo 9 17 +oo 10 16 o+o 10 13 ooo 10 17 ooo 10 14 o+o
mp-9697,Cs6GaSb3,230,695,697,465,3.0217391304347827,0,True,185,0.7338129496402878,Cs Cs Cs Cs Cs Cs Cs Cs Cs Cs Cs Cs Ga Ga Sb Sb Sb Sb Sb Sb 0 17 oo- 0 18 oo- 0 16 +oo 0 16 ooo 0 19 +oo 0 19 ooo 1 16 oo+ 1 19 oo+ 1 17 ooo 1 17 -oo 1 18 ooo 1 18 -oo 2 16 +oo 2 16 ooo 2 15 ooo 2 18 oo- 3 17 ooo 3 17 -oo 3 14 ooo 3 19 oo+ 4 16 ooo 4 14 ooo 4 15 -oo 4 15 ooo 4 17 -oo 4 17 ooo 5 17 ooo 5 15 ooo 5 14 ooo 5 14 +oo 5 16 +oo 5 16 ooo 6 18 -o- 6 18 oo- 6 16 ooo 6 19 o+o 7 19 +o+ 7 19 oo+ 7 17 ooo 7 18 o-o 8 14 o+o 8 12 ooo 8 12 -oo 8 18 -oo 8 18 ooo 8 15 -oo 8 15 ooo 9 15 o-o 9 13 +oo 9 13 ooo 9 19 +oo 9 19 ooo 9 14 +oo 9 14 ooo 10 15 -oo 10 15 ooo 10 19 o+o 10 14 o+o 10 16 ooo 11 14 ooo 11 14 +oo 11 18 o-o 11 15 o-o 11 17 ooo 12 17 ooo 12 15 ooo 12 18 ooo 13 16 ooo 13 14 ooo 13 19 ooo
mp-22506,Cs6InAs3,194,585,587,391,3.015463917525773,0,True,75,0.8717948717948718,Cs Cs Cs Cs Cs Cs Cs Cs Cs Cs Cs Cs In In As As As As As As 0 19 oo- 0 15 oo- 0 18 ooo 0 18 +oo 1 18 oo+ 1 14 oo+ 1 19 -oo 1 19 ooo 2 18 +oo 2 18 ooo 2 17 ooo 3 19 ooo 3 19 -oo 3 16 ooo 4 18 ooo 4 16 ooo 4 17 ooo 4 17 -oo 5 19 ooo 5 17 ooo 5 16 +oo 5 16 ooo 6 18 ooo 6 15 oo- 6 15 -o- 6 14 o+o 7 19 ooo 7 14 +o+ 7 14 oo+ 7 15 o-o 8 16 o+o 8 13 ooo 8 13 -oo 8 15 ooo 8 15 -oo 8 17 -oo 8 17 ooo 9 17 o-o 9 12 ooo 9 12 +oo 9 14 ooo 9 14 +oo 9 16 ooo 9 16 +oo 10 14 o+o 10 16 o+o 10 17 -oo 10 17 ooo 11 15 o-o 11 17 o-o 11 16 +oo 11 16 ooo 12 18 ooo 12 16 ooo 12 14 ooo 13 19 ooo 13 17 ooo 13 15 ooo
mp-561902,CsAg3S2,102,287,289,185,2.8137254901960786,0,False,0,1.0,Cs Cs Ag Ag Ag Ag Ag Ag S S S S 0 11 o-- 0 11 --- 0 8 -oo 0 8 ooo 0 9 oo- 0 10 ooo 0 10 -oo 1 10 o++ 1 10 +++ 1 9 ooo 1 9 +oo 1 8 oo+ 1 11 ooo 1 11 +oo 2 10 -oo 2 10 ooo 2 9 ooo 3 11 +oo 3 11 ooo 3 8 ooo 4 10 o+o 4 8 -oo 4 8 ooo 5 11 o-o 5 9 ooo 5 9 +oo 6 8 ooo 6 10 ooo 7 9 ooo 7 11 ooo
mp-1213692,CsAg3Te2,114,323,325,209,2.8333333333333335,0,False,0,1.0,Cs Cs Ag Ag Ag Ag Ag Ag Te Te Te Te 0 9 +oo 0 9 o+o 0 11 o+- 0 11 +o- 0 8 oo- 0 10 +oo 0 10 o+o 1 8 -oo 1 8 o-o 1 10 o-+ 1 10 -o+ 1 9 oo+ 1 11 o-o 1 11 -oo 2 10 ooo 2 9 o+o 2 9 +oo 3 11 ooo 3 8 o-o 3 8 -oo 4 10 o+o 4 10 +oo 4 8 ooo 5 11 -oo 5 11 o-o 5 9 ooo 6 8 ooo 6 11 ooo 6 9 o+o 6 9 +oo 7 9 ooo 7 10 ooo 7 8 -oo 7 8 o-o
mp-1246389,CsCdN,84,235,237,151,2.7976190476190474,0,False,0,1.0,Cs Cs Cs Cs Cd Cd Cd Cd N N N N 0 9 ooo 0 8 ooo 0 11 oo- 0 11 o-- 1 8 -oo 1 9 ooo 1 10 ooo 1 10 o-o 2 11 ooo 2 10 ooo 2 9 oo+ 2 9 o++ 3 10 +oo 3 11 ooo 3 8 ooo 3 8 o+o 4 11 ooo 4 11 o-o 5 10 o-o 5 10 ooo 6 9 o+o 6 9 ooo 7 8 o+o 7 8 ooo
mp-1189724,CsCoO2,136,379,381,243,2.786764705882353,0,False,0,1.0,Cs Cs Cs Cs Co Co Co Co O O O O O O O O 0 8 ooo 0 10 ooo 0 11 ooo 0 11 -oo 0 14 -oo 0 13 ooo 1 9 ooo 1 11 ooo 1 10 ooo 1 10 +oo 1 12 +oo 1 15 ooo 2 10 ooo 2 8 oo- 2 9 -oo 2 9 ooo 2 15 oo- 2 12 oo- 3 11 ooo 3 9 oo+ 3 8 +oo 3 8 ooo 3 13 oo+ 3 14 oo+ 4 15 ooo 4 12 ooo 4 11 o+o 4 10 ooo 5 13 ooo 5 14 ooo 5 10 o-o 5 11 ooo 6 14 -oo 6 13 ooo 6 9 --o 6 8 oo- 7 12 +oo 7 15 ooo 7 8 ++o 7 9 oo+
mp-1021518,CsCr5S8,116,313,315,197,2.6982758620689653,0,False,0,1.0,Cs Cr Cr Cr Cr Cr S S S S S S S S 0 9 ooo 0 8 --o 0 11 ooo 0 10 --o 1 9 ooo 1 8 --- 1 6 -oo 1 6 o-o 1 7 -o- 1 7 o-- 2 9 +oo 2 9 o+o 2 7 oo- 2 12 ooo 2 13 o+- 2 13 +o- 3 8 o-o 3 8 -oo 3 6 oo+ 3 13 ooo 3 12 -o+ 3 12 o-+ 4 11 o+o 4 11 +oo 4 10 ooo 4 13 +oo 4 13 o+o 4 7 ooo 5 10 o-o 5 10 -oo 5 11 ooo 5 12 -oo 5 12 o-o 5 6 ooo
mp-540569,CsCr5S8,134,363,365,229,2.708955223880597,0,False,0,1.0,Cs Cr Cr Cr Cr Cr S S S S S S S S 0 9 +oo 0 9 ooo 0 8 -o- 0 8 oo- 0 10 -o- 0 10 oo- 0 11 +oo 0 11 ooo 0 6 oo- 0 7 ooo 1 9 +o+ 1 8 o+o 1 7 +++ 1 7 o++ 1 6 ooo 1 6 +oo 2 9 +oo 2 9 ooo 2 7 o+o 2 12 ooo 2 13 ++o 2 13 o+o 3 8 -oo 3 8 ooo 3 6 o-o 3 13 ooo 3 12 --o 3 12 o-o 4 11 ooo 4 11 +oo 4 10 ooo 4 7 ooo 4 13 ooo 4 13 +oo 5 10 ooo 5 10 -oo 5 11 ooo 5 6 ooo 5 12 ooo 5 12 -oo
mp-561033,CsCu5S3,168,485,487,317,2.886904761904762,0,False,0,1.0,Cs Cs Cu Cu Cu Cu Cu Cu Cu Cu Cu Cu S S S S S S 0 16 oo- 0 16 -o- 0 12 -oo 0 12 ooo 0 13 ooo 0 17 --o 0 17 o-o 0 14 --o 0 14 o-o 0 2 --o 0 2 o-o 1 17 -oo 1 17 ooo 1 14 -o+ 1 14 oo+ 1 15 ooo 1 12 o+o 1 12 -+o 1 16 -+o 1 16 o+o 1 11 o+o 1 11 -+o 2 17 ooo 2 14 ooo 3 14 oo+ 3 15 ooo 3 15 +oo 4 13 ooo 4 14 ooo 4 14 -oo 5 12 ooo 5 13 ooo 5 13 +oo 6 16 oo- 6 13 ooo 6 13 +oo 7 15 ooo 7 16 ooo 7 16 -oo 8 15 ooo 8 12 -oo 8 12 ooo 9 17 ooo 9 15 ooo 9 15 +oo 10 13 ooo 10 17 -oo 10 17 ooo 11 12 ooo 11 16 ooo
mp-27336,CsCuBr3,236,671,673,435,2.843220338983051,0,True,161,0.7600596125186289,Cs Cs Cs Cs Cu Cu Cu Cu Br Br Br Br Br Br Br Br Br Br Br Br 0 15 --- 0 17 --o 0 9 oo- 0 9 o-- 0 19 ooo 0 19 -oo 0 11 ooo 0 11 --o 0 12 -oo 0 13 o-- 0 16 oo- 0 14 ooo 1 14 ++o 1 16 ++o 1 18 ooo 1 18 +oo 1 8 ooo 1 8 o+o 1 10 ooo 1 10 ++o 1 12 o+o 1 13 +oo 1 17 ooo 1 15 ooo 2 15 ooo 2 15 o-o 2 16 ooo 2 16 +oo 2 8 ooo 2 19 oo+ 2 13 +oo 2 13 o-o 2 9 +oo 2 18 o-o 2 10 ooo 2 11 oo+ 3 14 ooo 3 14 o+o 3 17 ooo 3 17 -oo 3 18 ooo 3 9 oo- 3 12 -oo 3 12 o+o 3 19 o+o 3 8 -oo 3 11 ooo 3 10 ooo 4 19 ooo 4 17 ooo 4 11 ooo 4 12 ooo 4 14 ooo 4 9 +o- 5 18 ooo 5 16 ooo 5 10 ooo 5 13 ooo 5 15 ooo 5 8 -oo 6 9 ooo 6 15 ooo 6 11 oo+ 6 13 ooo 6 16 ooo 6 19 o++ 7 8 ooo 7 14 ooo 7 10 ooo 7 12 ooo 7 17 ooo 7 18 o-o
mp-863759,CsK2Bi,70,185,187,115,2.642857142857143,0,False,0,1.0,Cs K K Bi 0 2 -oo 0 2 oo- 0 2 o-o 0 2 ooo 0 1 -o- 0 1 o-- 0 1 --- 0 1 --o 0 3 -o- 0 3 --o 0 3 oo- 0 3 o-- 0 3 o-o 0 3 -oo 1 3 o+o 1 3 +oo 1 3 oo+ 1 3 ooo 2 3 -oo 2 3 o-o 2 3 ooo 2 3 oo-
mp-1093922,CsKNa2,16,42,44,26,2.625,0,False,0,1.0,Cs K Na Na 0 3 oo- 0 2 o-o 1 2 --o 1 3 oo-
mp-1033571,CsMg6CO8,142,394,396,252,2.7746478873239435,0,False,0,1.0,Cs Mg Mg Mg Mg Mg Mg C O O O O O O O O 0 12 ooo 0 12 oo- 0 14 o-o 0 14 ooo 0 9 -oo 0 8 ooo 1 9 ooo 1 8 ooo 1 15 o-o 1 15 ooo 1 13 ooo 1 13 oo- 2 10 ooo 2 11 ooo 2 15 ooo 2 15 oo+ 2 13 o+o 2 13 ooo 3 13 ooo 3 10 o-o 3 10 ooo 3 8 oo+ 3 8 ooo 3 12 ooo 4 13 ooo 4 11 ooo 4 11 o-o 4 9 ooo 4 9 oo+ 4 12 +oo 5 15 ooo 5 10 oo- 5 10 ooo 5 8 o+o 5 8 ooo 5 14 ooo 6 15 ooo 6 11 oo- 6 11 ooo 6 9 o+o 6 9 ooo 6 14 +oo
mp-2233846,CsMgAl(MoO4)2,85,226,228,141,2.6588235294117646,0,False,0,1.0,Cs Mg Al Mo Mo O O O O O O O O 0 5 o-o 0 5 ooo 0 5 --o 0 8 --o 0 7 ooo 0 9 o-o 0 6 -o+ 0 6 --+ 0 6 oo+ 1 5 oo- 2 10 --o 2 12 ooo 2 11 -oo 2 7 ooo 2 8 --o 2 9 o-o 3 5 ooo 3 9 ooo 3 7 ooo 3 8 ooo 4 6 ooo 4 11 ooo 4 10 ooo 4 12 ooo
mp-1245941,CsMgN,72,201,203,129,2.7916666666666665,0,False,0,1.0,Cs Cs Cs Cs Mg Mg Mg Mg N N N N 0 9 ooo 0 8 ooo 1 8 -oo 1 9 ooo 2 11 ooo 2 10 ooo 3 10 +oo 3 11 ooo 4 11 ooo 4 11 o-o 4 9 ooo 5 10 ooo 5 10 o-o 5 8 -o+ 6 9 o+o 6 9 ooo 6 11 ooo 7 8 ooo 7 8 o+o 7 10 +o-
mp-1225959,CsMgNiF6,126,347,349,221,2.753968253968254,0,False,0,1.0,Cs Cs Mg Mg Ni Ni F F F F F F F F F F F F 0 13 ooo 0 17 ooo 0 15 ooo 0 14 ooo 0 16 oo+ 0 12 ooo 1 7 ooo 1 11 ooo 1 9 ooo 1 8 ooo 1 10 oo- 1 6 ooo 2 13 ooo 2 7 --o 2 15 o-o 2 9 -oo 2 10 ooo 2 16 --o 3 13 oo- 3 7 -oo 3 8 ooo 3 14 -o- 3 11 -o- 3 17 ooo 4 17 ooo 4 11 --- 4 9 -oo 4 15 o-- 4 12 --- 4 6 ooo 5 14 ooo 5 8 o-o 5 16 o-o 5 10 ooo 5 12 o-o 5 6 ooo
mp-1190594,CsMn(OF2)2,112,303,305,191,2.705357142857143,0,False,0,1.0,Cs Cs Mn Mn O O O O F F F F F F F F 0 10 oo+ 0 11 ooo 0 13 ooo 0 12 ooo 0 14 o-+ 0 15 +oo 0 9 ooo 0 8 ooo 0 5 +-o 0 4 +-o 1 9 ooo 1 8 oo- 1 14 ooo 1 15 ooo 1 13 -oo 1 12 o+- 1 10 ooo 1 11 ooo 1 6 -+o 1 7 -+o 2 8 oo- 2 10 -oo 2 14 -oo 2 12 oo- 2 4 oo- 2 6 -oo 3 11 ooo 3 9 o-o 3 13 o-o 3 15 ooo 3 7 ooo 3 5 o-o
mp-1147682,CsNbC6,35,89,91,54,2.5428571428571427,0,False,0,1.0,Cs Nb C C C C C C 1 7 ooo 1 3 ooo 1 5 oo- 1 6 ooo 1 2 -oo 1 4 o-o 2 3 ooo 4 6 ooo 5 7 ooo
mp-1232310,CsNiO2,104,275,277,171,2.644230769230769,0,False,0,1.0,Cs Cs Ni Ni O O O O 0 5 ooo 0 5 oo+ 0 5 o+o 0 6 ooo 0 6 +oo 0 6 o+o 0 4 o+o 0 4 +oo 0 4 oo+ 0 7 ooo 0 7 +oo 0 7 oo+ 1 5 o+o 1 5 oo+ 1 5 o++ 1 7 +oo 1 7 oo+ 1 7 +o+ 1 4 ++o 1 4 +o+ 1 4 o++ 1 6 +oo 1 6 o+o 1 6 ++o 2 6 oo- 2 4 ooo 2 7 o-o 2 5 -oo 3 5 ooo 3 6 ooo 3 4 ooo 3 7 ooo
mp-2037681,CsO2,72,189,191,117,2.625,0,False,0,1.0,Cs Cs O O O O 0 2 ooo 0 5 oo- 0 4 o-- 0 4 oo- 0 4 --- 0 4 -o- 0 3 -oo 0 3 --o 0 3 ooo 0 3 o-o 1 4 ooo 1 3 ooo 1 5 ++o 1 5 +oo 1 5 o+o 1 5 ooo 1 2 o+o 1 2 ooo 1 2 +oo 1 2 ++o 2 5 ooo 3 4 oo-
mp-1097089,CsRbNa2,16,43,45,27,2.6875,0,False,0,1.0,Cs Rb Na Na 0 2 oo- 0 3 o-o 1 3 o-o 1 2 -o-
mp-1068320,CsSO3,41,106,108,65,2.5853658536585367,0,False,0,1.0,Cs S O O O 0 4 ++o 0 4 o++ 0 4 o+o 0 3 ++o 0 3 +o+ 0 3 +oo 0 2 +o+ 0 2 o++ 0 2 oo+ 1 2 ooo 1 3 ooo 1 4 ooo
mp-614013,CsSnI3,59,155,157,96,2.6271186440677967,0,False,0,1.0,Cs Sn I I I 0 4 +oo 0 4 +o+ 0 4 oo+ 0 4 ooo 0 3 +oo 0 3 o+o 0 3 ooo 0 3 ++o 0 2 oo+ 0 2 ooo 0 2 o+o 0 2 o++ 1 4 o-o 1 4 ooo 1 3 ooo 1 3 oo- 1 2 -oo 1 2 ooo
mp-2747986,CsU2O6,126,343,345,217,2.7222222222222223,0,False,0,1.0,Cs Cs U U U U O O O O O O O O O O O O 0 10 oo- 0 12 -oo 0 11 o-o 0 8 -o- 0 6 o-- 0 9 --o 1 15 --o 1 14 -o- 1 7 o-- 1 17 -oo 1 13 o-o 1 16 oo- 2 10 oo- 2 15 ooo 2 13 ooo 2 8 oo- 2 6 oo- 2 17 ooo 3 17 ooo 3 6 o-o 3 14 ooo 3 11 o-o 3 16 ooo 3 9 o-o 4 13 ooo 4 8 -oo 4 12 -oo 4 7 ooo 4 16 ooo 4 9 -oo 5 10 ooo 5 15 ooo 5 12 ooo 5 7 ooo 5 11 ooo 5 14 ooo
mp-865424,CsUO3,59,154,156,95,2.610169491525424,0,False,0,1.0,Cs U O O O 0 3 -oo 0 3 -o- 0 3 ooo 0 3 oo- 0 4 o-o 0 4 oo- 0 4 o-- 0 4 ooo 0 2 --o 0 2 -oo 0 2 ooo 0 2 o-o 1 4 ooo 1 4 +oo 1 3 o+o 1 3 ooo 1 2 oo+ 1 2 ooo
mp-22977,CsVCl3,118,309,311,191,2.6186440677966103,0,False,0,1.0,Cs Cs V V Cl Cl Cl Cl Cl Cl 0 8 +oo 0 8 ooo 0 5 o-o 0 5 +oo 0 6 o-o 0 6 ooo 0 4 oo- 0 4 ooo 0 9 ooo 0 9 oo- 0 7 ooo 0 7 oo- 1 4 -oo 1 4 ooo 1 9 o+o 1 9 -oo 1 7 o+o 1 7 ooo 1 8 ooo 1 8 oo+ 1 5 ooo 1 5 oo+ 1 6 ooo 1 6 oo+ 2 7 ooo 2 6 --o 2 5 o-o 2 9 -oo 2 8 ooo 2 4 --o 3 7 oo- 3 6 --o 3 5 o-o 3 9 -o- 3 8 ooo 3 4 ---
mp-27234,Cu(IO3)2,102,275,277,173,2.696078431372549,0,False,0,1.0,Cu Cu I I I I O O O O O O O O O O O O 0 8 ooo 0 15 ooo 0 11 o+o 0 12 ooo 0 17 o+o 0 7 ooo 1 9 -oo 1 14 -oo 1 10 o-o 1 13 ooo 1 16 --o 1 6 ooo 2 17 ooo 2 15 ooo 2 13 oo- 2 16 o-- 3 16 -oo 3 14 -oo 3 12 -o+ 3 17 o++ 4 7 -oo 4 9 -oo 4 11 -oo 4 6 ooo 5 6 ooo 5 8 ooo 5 10 ooo 5 7 ooo
mp-556582,Cu(IO3)2,102,275,277,173,2.696078431372549,0,False,0,1.0,Cu Cu I I I I O O O O O O O O O O O O 0 12 ooo 0 16 ooo 0 9 ooo 0 8 ooo 0 10 ooo 0 17 ooo 1 7 ooo 1 6 o-o 1 8 ooo 1 9 o-o 1 10 ooo 1 17 o-o 2 15 ooo 2 14 ooo 2 9 ooo 3 10 -oo 3 12 ooo 3 7 ooo 3 14 -oo 3 15 --o 4 17 +oo 4 16 ooo 4 6 ooo 4 11 +oo 4 13 ++o 5 13 ooo 5 11 ooo 5 8 ooo
mp-1213188,Cu2AgH(SO5)2,106,288,290,182,2.7169811320754715,0,False,0,1.0,Cu Cu Ag H S S O O O O O O O O O O 0 6 o-o 0 7 ooo 0 9 o-o 0 8 ooo 0 15 ooo 0 14 o-o 1 6 -oo 1 7 ooo 1 10 -oo 1 11 ooo 1 15 ooo 1 14 -oo 2 12 ooo 2 13 --- 2 8 -oo 2 11 o-o 2 10 -o- 2 9 o-- 2 14 --o 2 15 oo- 3 6 --o 3 7 ooo 4 13 oo- 4 14 ooo 4 8 ooo 4 11 ooo 5 12 oo+ 5 15 ooo 5 9 ooo 5 10 ooo
mp-1213178,Cu2AgH(SeO5)2,100,270,272,170,2.7,0,False,0,1.0,Cu Cu Ag H Se Se O O O O O O O O O O 0 6 o-o 0 7 ooo 0 8 ooo 0 9 o-o 0 13 ooo 0 12 o-o 1 6 -oo 1 7 ooo 1 11 ooo 1 10 -oo 1 13 ooo 1 12 -oo 2 11 o-o 2 8 -oo 2 9 o-- 2 10 -o- 2 14 ooo 2 15 --- 3 7 ooo 3 6 --o 4 15 oo- 4 12 ooo 4 8 ooo 4 11 ooo 5 14 oo+ 5 13 ooo 5 9 ooo 5 10 ooo
mp-568598,Cu2HgI4,43,112,114,69,2.604651162790698,0,False,0,1.0,Cu Cu Hg I I I I 0 5 ooo 0 3 ooo 0 4 -oo 0 6 -oo 1 5 o-o 1 4 o-o 1 6 ooo 1 3 ooo 2 3 ooo 2 5 o-- 2 6 -o- 2 4 --o
mp-673698,Cu2HgI4,86,231,233,145,2.686046511627907,0,False,0,1.0,Cu Cu Cu Cu Hg Hg I I I I I I I I 0 12 ooo 0 7 ooo 0 11 oo- 0 8 oo- 1 11 oo- 1 7 -oo 1 8 -o- 1 12 ooo 2 6 ooo 2 9 ooo 2 10 ooo 2 13 ooo 3 9 ooo 3 13 o-o 3 10 o-o 3 6 ooo 4 6 -oo 4 10 ooo 4 13 ooo 4 9 -oo 5 7 ooo 5 8 oo- 5 11 o-- 5 12 o-o
mp-1106310,Cu2SiHgS4,112,311,313,199,2.7767857142857144,0,False,0,1.0,Cu Cu Cu Cu Si Si Hg Hg S S S S S S S S 0 9 oo+ 0 14 ooo 0 10 ooo 0 12 ooo 1 9 ooo 1 15 ooo 1 10 ooo 1 13 ooo 2 8 -oo 2 12 -oo 2 11 -o+ 2 14 ooo 3 8 -oo 3 13 -oo 3 11 -oo 3 15 ooo 4 15 ooo 4 14 ooo 4 10 o+o 4 8 ooo 5 13 -oo 5 12 -o- 5 11 --o 5 9 ooo 6 10 ooo 6 13 -oo 6 12 -oo 6 8 --o 7 11 ooo 7 15 ooo 7 14 oo- 7 9 o+o
mp-2214791,Cu3(MoO3)4,127,353,355,226,2.779527559055118,0,False,0,1.0,Cu Cu Cu Mo Mo Mo Mo O O O O O O O O O O O O 0 16 oo- 0 10 ooo 0 13 ooo 0 18 oo- 1 8 +oo 1 7 ooo 1 9 ooo 1 15 +oo 2 14 ooo 2 11 o+o 2 17 o+o 2 12 ooo 3 18 ooo 3 13 --o 3 15 ooo 3 9 --o 3 17 -oo 3 12 o-o 4 12 +o+ 4 17 ooo 4 8 +oo 4 7 oo+ 4 16 ooo 4 10 +o+ 5 14 ooo 5 11 ooo 5 16 ooo 5 10 ooo 5 15 ooo 5 9 ooo 6 7 oo+ 6 8 o-o 6 18 ooo 6 13 o-+ 6 14 o-o 6 11 oo+
mp-1188402,Cu3Mo2(HO5)2,95,259,261,164,2.7263157894736842,0,False,0,1.0,Cu Cu Cu Mo Mo H H O O O O O O O O O O 0 15 -oo 0 11 o-o 0 16 o-- 0 13 ooo 0 8 ooo 1 16 +oo 1 12 o+o 1 15 o++ 1 14 ooo 1 7 ooo 2 15 -oo 2 16 oo- 2 9 -oo 2 10 oo- 2 13 ooo 2 14 -o- 3 9 ooo 3 13 ooo 3 11 ooo 3 7 ooo 4 10 ooo 4 14 ooo 4 12 ooo 4 8 ooo 5 7 ooo 6 8 ooo
mp-1225791,Cu3P(SeS)2,112,313,315,201,2.794642857142857,0,False,0,1.0,Cu Cu Cu Cu Cu Cu P P Se Se Se Se S S S S 0 15 ooo 0 14 ooo 0 8 o+o 0 10 ooo 1 12 ooo 1 13 oo- 1 9 o-o 1 11 -oo 2 14 ooo 2 12 ooo 2 8 ooo 2 11 ooo 3 15 ooo 3 13 ooo 3 8 ooo 3 11 oo+ 4 12 +oo 4 14 ooo 4 9 +oo 4 10 +oo 5 13 +oo 5 15 ooo 5 9 +o+ 5 10 +oo 6 13 ooo 6 12 ooo 6 10 o-o 6 8 -oo 7 14 ooo 7 15 oo- 7 11 o+o 7 9 ooo
mp-29643,CuAsSe2,28,75,77,47,2.6785714285714284,0,False,0,1.0,Cu As Se Se 0 3 ooo 0 2 +oo 0 2 o+o 0 2 oo+ 1 2 +++ 1 3 +oo 1 3 o+o 1 3 oo+
mp-22982,CuBiS2,124,345,347,221,2.782258064516129,0,False,0,1.0,Cu Cu Cu Cu Bi Bi Bi Bi S S S S S S S S 0 11 o-o 0 9 ooo 0 13 -oo 0 13 ooo 1 9 ooo 1 11 ooo 1 15 -oo 1 15 ooo 2 10 o+o 2 8 ooo 2 14 +oo 2 14 ooo 3 8 ooo 3 10 ooo 3 12 +oo 3 12 ooo 4 12 o+o 4 8 -oo 4 8 ooo 4 15 -oo 4 15 ooo 5 15 o-o 5 9 ooo 5 9 +oo 5 12 +oo 5 12 ooo 6 14 ooo 6 10 ooo 6 10 -oo 6 13 -o- 6 13 oo- 7 13 ooo 7 11 ooo 7 11 +oo 7 14 oo+ 7 14 +o+
mp-23116,CuBiSeO,56,149,151,93,2.6607142857142856,0,False,0,1.0,Cu Cu Bi Bi Se Se O O 0 4 ooo 0 4 -oo 0 5 o-o 0 5 ooo 1 4 o+o 1 4 ooo 1 5 +oo 1 5 ooo 2 7 oo+ 2 7 o++ 2 6 oo+ 2 6 -o+ 3 7 +oo 3 7 ooo 3 6 ooo 3 6 o-o
mp-22913,CuBr,14,36,38,22,2.5714285714285716,0,False,0,1.0,Cu Br 0 1 +++ 0 1 +oo 0 1 ooo 0 1 ++o
mp-23227,CuBr,22,57,59,35,2.590909090909091,0,False,0,1.0,Cu Cu Br Br 0 2 -oo 0 2 ooo 0 2 --o 1 3 o-o 1 3 --o 1 3 ooo
mp-32880,CuBr,14,36,38,22,2.5714285714285716,0,False,0,1.0,Cu Br 0 1 o++ 0 1 o+o 0 1 ooo 0 1 +++
mp-997011,CuBrO2,38,97,99,59,2.5526315789473686,0,False,0,1.0,Cu Cu Br Br O O O O 0 6 ooo 0 4 oo- 0 3 oo- 0 2 ooo 1 5 ooo 1 7 ooo 1 2 ooo 1 3 ooo 4 5 --o 6 7 --o
mp-23287,CuCl,112,311,313,199,2.7767857142857144,0,False,0,1.0,Cu Cu Cu Cu Cu Cu Cu Cu Cl Cl Cl Cl Cl Cl Cl Cl 0 10 o+o 0 9 ooo 0 11 oo- 0 12 ooo 1 8 +oo 1 11 o-o 1 10 ooo 1 13 ooo 2 11 -oo 2 9 oo+ 2 8 ooo 2 14 ooo 3 9 ooo 3 10 ooo 3 8 ooo 3 15 ooo 4 14 o-o 4 13 ooo 4 15 oo+ 4 8 ooo 5 12 -oo 5 15 o+o 5 14 ooo 5 9 ooo 6 13 oo- 6 15 +oo 6 12 ooo 6 10 ooo 7 12 ooo 7 14 ooo 7 13 ooo 7 11 ooo
mp-571386,CuCl,20,52,54,32,2.6,0,False,0,1.0,Cu Cl 0 1 -oo 0 1 o-- 0 1 oo- 0 1 o-o 0 1 -o- 0 1 --o
mp-2896844,CuGeI3,32,83,85,51,2.59375,0,False,0,1.0,Cu Ge I I I 0 3 o+o 0 3 o+- 0 4 +oo 0 4 +o- 0 2 ooo 1 2 oo+ 1 2 ooo 1 4 ooo 1 3 ooo
mp-23875,CuH4(ClO)2,66,179,181,113,2.712121212121212,0,False,0,1.0,Cu Cu H H H H H H H H Cl Cl Cl Cl O O O O 0 16 ooo 0 15 ooo 0 12 ooo 0 10 -oo 1 17 ooo 1 14 oo- 1 11 ooo 1 13 --o 2 14 ooo 3 16 ooo 4 17 ++o 5 15 +oo 6 15 ooo 7 14 ++o 8 16 +oo 9 17 ooo
mp-23795,CuH4(OF)2,45,114,116,69,2.533333333333333,0,False,0,1.0,Cu H H H H O O F F 0 8 ooo 0 7 --- 0 5 -oo 0 6 o-o 1 6 ooo 1 8 ooo 2 5 ooo 2 8 ooo 3 5 oo+ 3 7 ooo 4 6 oo+ 4 7 ooo
mp-542426,CuHgSI,112,311,313,199,2.7767857142857144,0,False,0,1.0,Cu Cu Cu Cu Hg Hg Hg Hg S S S S I I I I 0 9 o-o 0 10 ooo 0 12 o-o 0 13 -oo 1 8 o+o 1 11 ooo 1 13 o+o 1 12 ooo 2 11 ooo 2 8 ooo 2 14 oo+ 2 15 ooo 3 10 ooo 3 9 ooo 3 15 oo- 3 14 -oo 4 9 o-+ 4 8 -oo 4 15 ooo 4 12 o-o 5 8 o+- 5 9 ooo 5 14 ooo 5 13 o+o 6 11 ooo 6 10 ooo 6 13 ooo 6 14 ooo 7 10 ooo 7 11 -oo 7 12 ooo 7 15 ooo
mp-567720,CuHgSeBr,100,279,281,179,2.79,0,False,0,1.0,Cu Cu Cu Cu Hg Hg Hg Hg Se Se Se Se Br Br Br Br 0 13 ooo 0 11 oo- 0 11 -o- 0 15 ooo 1 13 ooo 1 9 -oo 1 9 ooo 1 15 ooo 2 12 ooo 2 8 -oo 2 8 ooo 2 14 ooo 3 12 ooo 3 10 oo+ 3 10 -o+ 3 14 ooo 4 8 ooo 4 10 ooo 4 13 ++o 4 13 o+o 5 9 ooo 5 8 ooo 6 11 ooo 6 9 ooo 6 12 +-o 6 12 o-o 7 11 oo- 7 10 ooo
mp-908109,CuMoF6,32,81,83,49,2.53125,0,False,0,1.0,Cu Mo F F F F F F 0 6 --- 0 7 ooo 0 2 oo- 0 3 --o 1 4 ooo 1 5 o-o 1 2 ooo 1 3 o-o
mp-20331,CuSbSe2,100,286,288,186,2.86,0,False,0,1.0,Cu Cu Cu Cu Sb Sb Sb Sb Se Se Se Se Se Se Se Se 0 13 ooo 0 13 +oo 0 15 o+o 0 10 ooo 1 9 ooo 1 9 -oo 1 11 o-o 1 8 ooo 2 14 ooo 2 14 +oo 2 10 ooo 2 15 ooo 3 12 ooo 3 12 -oo 3 8 ooo 3 11 ooo 4 9 ooo 4 11 +oo 4 11 ooo 5 14 o+o 5 10 ooo 5 10 -oo 6 12 o-o 6 8 +oo 6 8 ooo 7 13 ooo 7 15 ooo 7 15 -oo
mp-770931,CuTeO4,84,225,227,141,2.6785714285714284,0,False,0,1.0,Cu Cu Te Te O O O O O O O O 0 7 oo- 0 4 -o- 0 11 ooo 0 8 -oo 0 5 oo- 0 9 -oo 1 7 ooo 1 4 -oo 1 8 --o 1 11 o-o 1 6 ooo 1 10 --o 2 11 ooo 2 4 -oo 2 6 ooo 2 5 ooo 2 9 -oo 2 10 -oo 3 8 ooo 3 7 oo- 3 6 oo- 3 9 ooo 3 10 ooo 3 5 oo-
mp-2220539,Dy2MgNb2O8,109,294,296,185,2.697247706422018,0,False,0,1.0,Dy Dy Mg Nb Nb O O O O O O O O 0 7 ooo 0 5 ooo 0 10 ooo 0 9 ooo 0 6 oo- 0 8 ooo 0 12 o-o 0 11 +oo 1 10 oo+ 1 9 ooo 1 11 ooo 1 12 oo+ 1 6 ooo 1 8 ooo 1 5 o++ 1 7 -oo 2 12 ooo 2 11 ooo 2 6 oo- 2 8 ooo 2 9 ooo 2 10 ooo 3 8 o-o 3 6 +oo 3 5 oo+ 3 7 ooo 4 10 -oo 4 9 o+o 4 11 ooo 4 12 ooo 4 5 -+o 4 7 -+o
mp-1237349,Dy2MnCoO6,164,463,465,299,2.823170731707317,0,False,0,1.0,Dy Dy Dy Dy Mn Mn Co Co O O O O O O O O O O O O 0 17 ooo 0 17 o-o 0 14 ooo 0 15 o-o 0 16 ooo 0 8 o-o 0 9 ooo 1 16 +oo 1 16 ++o 1 15 ooo 1 14 ++o 1 17 ooo 1 9 o+o 1 8 +oo 2 19 ooo 2 19 o+o 2 10 ooo 2 11 o+o 2 18 ooo 2 12 o+o 2 13 ooo 3 18 -oo 3 18 --o 3 11 ooo 3 10 --o 3 19 ooo 3 13 o-o 3 12 -oo 4 17 o-o 4 19 ooo 4 9 ooo 4 13 o-o 4 14 ooo 4 10 o-o 5 16 oo- 5 18 --o 5 8 o-- 5 12 -oo 5 11 ooo 5 15 --- 6 15 oo- 6 11 ooo 6 12 ooo 6 8 oo- 7 14 ooo 7 10 -oo 7 13 ooo 7 9 -oo
mp-7368,Dy2Se3,200,579,581,379,2.895,0,True,69,0.8808290155440415,Dy Dy Dy Dy Dy Dy Dy Dy Se Se Se Se Se Se Se Se Se Se Se Se 0 17 ooo 0 17 -oo 0 10 o-o 0 10 --o 0 13 -oo 0 13 ooo 0 16 o-+ 0 8 ooo 1 16 o-o 1 16 +-o 1 11 +oo 1 11 ooo 1 12 +-o 1 12 o-o 1 17 oo- 1 9 o-o 2 19 +oo 2 19 ooo 2 8 +oo 2 8 ooo 2 15 +oo 2 15 ooo 2 18 ooo 2 10 ooo 3 18 -oo 3 18 ooo 3 9 ooo 3 9 -oo 3 14 ooo 3 14 -oo 3 19 ooo 3 11 ooo 4 13 -oo 4 13 ooo 4 18 -oo 4 18 ooo 4 11 ooo 4 8 ooo 4 12 o-o 5 12 +oo 5 12 ooo 5 19 +oo 5 19 ooo 5 10 ooo 5 9 ooo 5 13 o+o 6 15 +o- 6 15 oo- 6 16 +oo 6 16 ooo 6 9 ooo 6 10 oo- 6 14 ooo 7 14 oo+ 7 14 -o+ 7 17 -oo 7 17 ooo 7 8 ooo 7 11 oo+ 7 15 ooo
mp-1247085,Dy3Mg2MoS8,110,297,299,187,2.7,0,False,0,1.0,Dy Dy Dy Mg Mg Mo S S S S S S S S 0 8 ooo 0 10 ooo 0 13 ooo 0 9 ooo 0 11 ooo 0 7 ooo 1 10 oo- 1 8 ooo 1 12 ooo 1 6 oo- 1 9 ooo 1 11 oo- 2 10 -oo 2 8 ooo 2 12 ooo 2 7 ooo 2 6 -oo 2 13 -oo 3 10 o+o 3 11 +oo 3 13 oo+ 3 6 ooo 4 8 o-o 4 7 oo- 4 9 -oo 4 12 ooo 5 13 o-o 5 7 ooo 5 11 o-o 5 9 ooo 5 12 ooo 5 6 o-o
mp-1103799,Dy3SbO3,134,363,365,229,2.708955223880597,0,False,0,1.0,Dy Dy Dy Dy Dy Dy Sb Sb O O O O O O 0 13 o-o 0 13 -oo 0 12 ooo 0 9 ooo 0 6 o-o 0 6 -oo 0 7 o-o 0 7 -oo 1 12 o+o 1 12 +oo 1 13 ooo 1 8 ooo 1 6 o+o 1 6 +oo 1 7 o+o 1 7 +oo 2 12 ooo 2 8 o-o 2 8 -oo 2 10 ooo 2 7 -oo 2 7 o-o 3 13 ooo 3 9 +oo 3 9 o+o 3 11 ooo 3 6 o+o 3 6 +oo 4 9 ++o 4 10 o++ 4 10 +o+ 4 11 ooo 4 6 o+o 4 6 +oo 5 8 --o 5 11 -o- 5 11 o-- 5 10 ooo 5 7 -oo 5 7 o-o
mp-1225337,Dy4MnS7,108,292,294,184,2.7037037037037037,0,False,0,1.0,Dy Dy Dy Dy Mn S S S S S S S 0 9 +oo 0 9 o+o 0 6 +oo 0 6 o+o 0 7 +oo 0 7 o+o 0 8 oo- 1 10 o-o 1 10 -oo 1 8 o-o 1 8 -oo 1 5 -oo 1 5 o-o 1 7 oo+ 2 9 ++o 2 10 oo- 2 8 +o- 2 8 o+- 2 7 o+o 2 7 +oo 3 11 o-o 3 11 -oo 3 6 ooo 3 10 --o 3 5 -oo 3 5 o-o 4 9 ++o 4 11 +oo 4 11 o+o 4 6 o+o 4 6 +oo 4 5 ooo
mp-1225351,Dy4MnSe7,108,299,301,191,2.7685185185185186,0,False,0,1.0,Dy Dy Dy Dy Mn Se Se Se Se Se Se Se 0 9 +oo 0 9 o+o 0 6 +oo 0 6 o+o 0 7 +oo 0 7 o+o 0 8 oo- 1 10 -oo 1 10 o-o 1 8 o-o 1 8 -oo 1 5 -oo 1 5 o-o 1 7 oo+ 2 9 ++o 2 10 oo- 2 8 +o- 2 8 o+- 2 7 o+o 2 7 +oo 3 11 o-o 3 11 -oo 3 6 ooo 3 10 --o 3 5 -oo 3 5 o-o 4 9 ++o 4 11 o+o 4 11 +oo 4 6 +oo 4 6 o+o 4 5 ooo
mp-1095026,DyAgSe2,74,199,201,125,2.689189189189189,0,False,0,1.0,Dy Dy Ag Ag Se Se Se Se 0 5 ooo 0 5 o+o 0 7 -oo 0 7 ooo 0 4 ooo 0 6 ooo 1 4 --- 1 4 o-- 1 6 o-o 1 6 ooo 1 5 ooo 1 7 --- 2 6 +o+ 2 7 o-o 2 7 ooo 2 5 +oo 2 5 ooo 3 7 ooo 3 6 ooo 3 6 +oo 3 4 oo- 3 4 o--
mp-2029542,DyAsS,144,393,395,249,2.7291666666666665,0,False,0,1.0,Dy Dy Dy Dy As As As As S S S S 0 11 -+o 0 11 o+o 0 11 -oo 0 11 ooo 0 8 ooo 0 7 ooo 0 7 o+o 0 5 -o- 0 5 oo- 1 10 ooo 1 10 -oo 1 10 o+o 1 10 -+o 1 9 ooo 1 6 o+o 1 6 ooo 1 4 -oo 1 4 ooo 2 9 +-o 2 9 o-o 2 9 +oo 2 9 ooo 2 10 ooo 2 5 ooo 2 5 o-o 2 7 oo+ 2 7 +o+ 3 8 +oo 3 8 ooo 3 8 +-o 3 8 o-o 3 11 ooo 3 4 o-o 3 4 ooo 3 6 +oo 3 6 ooo 4 6 o+o 4 6 ++o 4 6 ooo 4 6 +oo 5 7 oo+ 5 7 +o+ 5 7 +++ 5 7 o++
mp-1212971,DyBeNF6,102,277,279,175,2.715686274509804,0,False,0,1.0,Dy Dy Be Be N N F F F F F F F F F F F F 0 7 ooo 0 8 -oo 0 10 ooo 0 16 ooo 0 13 oo- 0 14 oo- 0 12 ooo 0 15 -oo 1 9 +oo 1 6 ooo 1 11 ooo 1 17 ooo 1 15 oo+ 1 12 oo+ 1 14 +oo 1 13 ooo 2 10 ooo 2 16 o+o 2 9 ooo 2 6 ooo 3 11 ooo 3 17 o-o 3 8 ooo 3 7 ooo 4 13 ooo 4 14 ooo 5 15 ooo 5 12 ooo
mp-22103,DyMnO3,188,531,533,343,2.824468085106383,0,True,21,0.96045197740113,Dy Dy Dy Dy Mn Mn Mn Mn O O O O O O O O O O O O 0 17 -+o 0 9 o+o 0 14 o+o 0 19 -oo 0 11 ooo 0 12 ooo 0 10 -o+ 0 13 -oo 1 16 ooo 1 8 ooo 1 15 ooo 1 18 ooo 1 13 ooo 1 10 ooo 1 11 oo- 1 12 ooo 2 19 ooo 2 11 ooo 2 12 ooo 2 17 ooo 2 9 ooo 2 14 ooo 2 15 oo+ 2 8 ooo 3 18 +-o 3 13 o-o 3 10 o-o 3 16 +oo 3 8 ooo 3 15 ooo 3 9 +oo 3 14 +o- 4 9 ooo 4 13 o-o 4 18 o-o 4 17 ooo 4 8 ooo 4 12 o-o 5 12 ooo 5 8 -oo 5 19 -oo 5 16 ooo 5 13 -oo 5 9 ooo 6 11 oo- 6 15 -oo 6 19 -o- 6 16 ooo 6 10 -oo 6 14 oo- 7 10 o-o 7 14 oo- 7 17 oo- 7 18 o-o 7 15 ooo 7 11 o--
mp-4510,DyNiSb,45,120,122,75,2.6666666666666665,0,False,0,1.0,Dy Ni Sb 0 1 +oo 0 1 o+o 0 1 ooo 0 1 oo+ 0 2 oo+ 0 2 o++ 0 2 +o+ 0 2 ++o 0 2 o+o 0 2 +oo 1 2 +oo 1 2 o+o 1 2 ooo 1 2 oo+
mp-1212803,DyTeAs,132,367,369,235,2.7803030303030303,0,False,0,1.0,Dy Dy Dy Dy Te Te Te Te As As As As 0 5 -oo 0 5 ooo 0 6 ooo 0 6 -oo 0 11 o+o 0 8 ooo 0 10 -o+ 0 10 oo+ 0 4 oo+ 1 4 +oo 1 4 ooo 1 7 +oo 1 7 ooo 1 10 o-o 1 9 ooo 1 11 +o- 1 11 oo- 1 5 oo- 2 7 ++o 2 7 o+o 2 4 +oo 2 4 ooo 2 9 ooo 2 10 ooo 2 8 +oo 2 8 ooo 2 6 ooo 3 6 --o 3 6 o-o 3 5 ooo 3 5 -oo 3 8 ooo 3 11 ooo 3 9 ooo 3 9 -oo 3 7 ooo 8 9 ooo 8 9 -oo 10 11 ++- 10 11 o+-
mp-1189663,Er(CO3)2,102,273,275,171,2.676470588235294,0,False,0,1.0,Er Er C C C C O O O O O O O O O O O O 0 10 ooo 0 8 o+o 0 12 ooo 0 16 -oo 0 14 -oo 0 7 ooo 0 7 -oo 0 13 o+o 0 15 -+o 1 11 o-o 1 9 ooo 1 13 ooo 1 17 -oo 1 15 -oo 1 6 ooo 1 6 -oo 1 12 ooo 1 14 -oo 2 9 oo- 2 8 ooo 3 10 ooo 3 11 oo- 4 14 ooo 4 6 ooo 4 12 ooo 5 15 o+o 5 7 ooo 5 13 o+o
mp-1212805,Er(ZnP)3,116,319,321,203,2.75,0,False,0,1.0,Er Er Zn Zn Zn Zn Zn Zn P P P P P P 0 10 -oo 0 10 ooo 0 10 --o 0 11 o-- 0 11 --- 0 11 oo- 1 9 -oo 1 9 --o 1 9 ooo 1 8 o-o 1 8 --o 1 8 ooo 2 13 -oo 2 13 o+o 2 13 ooo 3 12 +oo 3 12 o-o 3 12 ooo 4 10 -oo 4 10 o+o 4 10 ooo 4 12 ooo 5 11 o-o 5 11 +oo 5 11 ooo 5 13 ooo 6 8 +oo 6 8 o-o 6 8 ooo 6 13 ooo 7 9 -oo 7 9 o+o 7 9 ooo 7 12 ooo
mp-754834,Er2TeO2,47,124,126,77,2.6382978723404253,0,False,0,1.0,Er Er Te O O 0 3 oo- 0 4 o-o 0 4 +oo 0 4 ooo 0 2 +oo 0 2 ++o 0 2 ooo 1 4 oo+ 1 3 -oo 1 3 o+o 1 3 ooo 1 2 o+o 1 2 ++o 1 2 ooo
mp-1105955,Er3Cu3Sb4,308,897,899,589,2.9123376623376624,0,True,387,0.568561872909699,Er Er Er Er Er Er Cu Cu Cu Cu Cu Cu Sb Sb Sb Sb Sb Sb Sb Sb 0 8 +oo 0 11 oo- 0 10 ooo 0 9 o-o 0 19 +oo 0 12 ooo 0 18 +oo 0 13 oo- 0 17 +oo 0 15 o-- 0 14 +oo 0 16 ooo 1 8 ooo 1 11 o+o 1 10 ooo 1 9 ooo 1 15 ooo 1 14 +oo 1 16 o+o 1 17 ooo 1 18 ++o 1 19 ooo 1 12 ooo 1 13 o+o 2 6 ooo 2 11 -oo 2 10 oo+ 2 7 o-o 2 14 o-o 2 13 ooo 2 17 oo+ 2 19 oo+ 2 16 oo+ 2 12 oo+ 2 15 --o 2 18 ooo 3 10 ooo 3 6 ooo 3 7 +oo 3 11 ooo 3 15 ooo 3 12 oo+ 3 16 ooo 3 18 +oo 3 17 +o+ 3 13 ooo 3 19 ooo 3 14 +oo 4 8 ooo 4 7 oo- 4 9 -oo 4 6 o+o 4 16 o+o 4 14 ooo 4 12 -oo 4 19 o+o 4 18 o+o 4 13 o+o 4 17 ooo 4 15 -o- 5 9 oo+ 5 7 ooo 5 8 ooo 5 6 ooo 5 13 o+o 5 15 ooo 5 17 oo+ 5 18 ooo 5 16 o++ 5 19 ooo 5 14 ooo 5 12 oo+ 6 13 ooo 6 12 oo+ 6 18 ooo 6 19 ooo 7 17 oo+ 7 14 ooo 7 16 o++ 7 15 -oo 8 17 ooo 8 19 ooo 8 13 o+o 8 14 ooo 9 15 oo- 9 18 ++o 9 16 o+o 9 12 ooo 10 16 ooo 10 19 ooo 10 12 ooo 10 14 +oo 11 15 o-o 11 17 +o+ 11 13 ooo 11 18 +oo
mp-1225522,Er3S3OF,74,194,196,120,2.6216216216216215,0,False,0,1.0,Er Er Er S S S O F 0 3 -oo 0 3 oo+ 0 3 --- 0 3 o-o 0 4 --o 0 5 ooo 1 7 oo- 1 7 o+o 1 6 +oo 1 6 oo- 1 5 o+o 1 5 oo- 1 5 +++ 1 5 +oo 2 7 -o- 2 7 ooo 2 6 ooo 2 6 o-- 2 4 o-o 2 4 oo+ 2 4 -oo 2 4 ---
mp-1105583,Er7CoI12,146,407,409,261,2.787671232876712,0,False,0,1.0,Er Er Er Er Er Er Er Co I I I I I I I I I I I I 0 9 ooo 0 12 ooo 0 13 ooo 0 10 ooo 0 11 ooo 0 8 ooo 1 7 ooo 1 14 o-- 1 19 oo- 1 9 ooo 1 8 ooo 1 17 ooo 2 7 ooo 2 15 -o- 2 17 -oo 2 10 ooo 2 9 ooo 2 18 ooo 3 7 ooo 3 16 --o 3 18 o-o 3 8 ooo 3 10 ooo 3 19 ooo 4 7 +++ 4 17 o++ 4 16 oo+ 4 12 ooo 4 11 ooo 4 14 ooo 5 7 +++ 5 18 +o+ 5 14 +oo 5 13 ooo 5 12 ooo 5 15 ooo 6 7 +++ 6 19 ++o 6 15 o+o 6 11 ooo 6 13 ooo 6 16 ooo
mp-1105808,Er7IrI12,146,407,409,261,2.787671232876712,0,False,0,1.0,Er Er Er Er Er Er Er Ir I I I I I I I I I I I I 0 7 ooo 0 12 --o 0 8 o-o 0 14 ooo 0 16 ooo 0 9 ooo 1 7 ooo 1 13 o-- 1 9 oo- 1 15 ooo 1 14 ooo 1 10 ooo 2 7 ooo 2 11 -o- 2 10 -oo 2 16 ooo 2 15 ooo 2 8 ooo 3 7 +++ 3 9 ++o 3 11 o+o 3 17 ooo 3 19 ooo 3 12 ooo 4 7 +++ 4 10 o++ 4 12 oo+ 4 18 ooo 4 17 ooo 4 13 ooo 5 7 +++ 5 8 +o+ 5 13 +oo 5 19 ooo 5 18 ooo 5 11 ooo 6 16 ooo 6 19 ooo 6 14 ooo 6 17 ooo 6 15 ooo 6 18 ooo
mp-33882,ErAgSe2,80,215,217,135,2.6875,0,False,0,1.0,Er Er Ag Ag Se Se Se Se 0 6 ooo 0 6 -o- 0 7 -oo 0 7 --- 0 4 ooo 0 5 --o 1 4 +o+ 1 4 ooo 1 5 oo+ 1 5 o-o 1 7 ooo 1 6 ooo 2 7 ooo 2 7 -o- 2 6 oo- 2 6 o+o 2 5 ooo 2 4 ooo 3 5 oo+ 3 5 -oo 3 4 ooo 3 4 o++ 3 6 o+o 3 7 -oo
mp-2053129,ErAsS,144,393,395,249,2.7291666666666665,0,False,0,1.0,Er Er Er Er As As As As S S S S 0 11 o-o 0 11 --o 0 11 -oo 0 11 ooo 0 8 ooo 0 7 ooo 0 7 o-o 0 5 -o+ 0 5 oo+ 1 10 -oo 1 10 ooo 1 10 --o 1 10 o-o 1 9 ooo 1 6 o-o 1 6 ooo 1 4 -oo 1 4 ooo 2 9 o+o 2 9 ++o 2 9 +oo 2 9 ooo 2 10 ooo 2 5 ooo 2 5 o+o 2 7 +o- 2 7 oo- 3 8 +oo 3 8 ooo 3 8 ++o 3 8 o+o 3 11 ooo 3 4 o+o 3 4 ooo 3 6 +oo 3 6 ooo 4 6 +-o 4 6 o-o 4 6 +oo 4 6 ooo 5 7 +o- 5 7 oo- 5 7 +-- 5 7 o--
mp-1213048,ErAsSe,144,397,399,253,2.7569444444444446,0,False,0,1.0,Er Er Er Er As As As As Se Se Se Se 0 11 +-o 0 11 o-o 0 11 +oo 0 11 ooo 0 8 ooo 0 7 ooo 0 7 o-o 0 5 oo+ 0 5 +o+ 1 10 +oo 1 10 ooo 1 10 +-o 1 10 o-o 1 9 ooo 1 6 o-o 1 6 ooo 1 4 +oo 1 4 ooo 2 9 -+o 2 9 o+o 2 9 ooo 2 9 -oo 2 10 ooo 2 5 ooo 2 5 o+o 2 7 -o- 2 7 oo- 3 8 -oo 3 8 ooo 3 8 o+o 3 8 -+o 3 11 ooo 3 4 o+o 3 4 ooo 3 6 -oo 3 6 ooo 4 6 o-o 4 6 --o 4 6 -oo 4 6 ooo 5 7 -o- 5 7 oo- 5 7 --- 5 7 o--
mp-19240,ErCrO4,84,225,227,141,2.6785714285714284,0,False,0,1.0,Er Er Cr Cr O O O O O O O O 0 6 -o- 0 11 oo- 0 9 o+o 0 5 ooo 0 7 -oo 0 8 o+o 0 4 -oo 0 10 o+o 1 10 +o+ 1 4 o-o 1 8 ooo 1 7 oo+ 1 5 o-o 1 11 +oo 1 6 o-o 1 9 +oo 2 5 ooo 2 6 ooo 2 9 ooo 2 11 ooo 3 8 ooo 3 10 ooo 3 4 ooo 3 7 ooo
mp-1206650,ErCuTe2,46,123,125,77,2.6739130434782608,0,False,0,1.0,Er Cu Te Te 0 2 -o- 0 2 oo- 0 2 --- 0 3 o-o 0 3 ooo 0 3 --o 0 1 ooo 0 1 oo- 1 3 o-o 1 3 ooo 1 3 --o 1 2 -oo 1 2 --o 1 2 ooo
mp-1189736,ErNiO3,188,533,535,345,2.8351063829787235,0,True,23,0.9568480300187617,Er Er Er Er Ni Ni Ni Ni O O O O O O O O O O O O 0 11 o+o 0 15 ooo 0 18 ooo 0 8 ooo 0 17 ooo 0 12 ooo 0 13 oo+ 0 16 o+o 1 10 ++o 1 14 +oo 1 19 +oo 1 9 ooo 1 16 ooo 1 13 ooo 1 12 ooo 1 17 o+- 2 9 o-o 2 13 ooo 2 16 ooo 2 10 ooo 2 19 ooo 2 14 ooo 2 15 oo- 2 18 o-o 3 8 --o 3 12 -oo 3 17 -oo 3 11 ooo 3 18 ooo 3 15 ooo 3 14 ooo 3 19 o-+ 4 11 ooo 4 9 ooo 4 18 ooo 4 16 ooo 4 12 ooo 4 14 ooo 5 10 ooo 5 8 -o- 5 19 ooo 5 17 -o- 5 13 -oo 5 15 oo- 6 9 o-o 6 11 oo- 6 15 oo- 6 13 o-o 6 17 oo- 6 19 o-o 7 8 --o 7 10 ooo 7 14 ooo 7 12 --o 7 16 -oo 7 18 o-o
mp-1101873,ErS2,126,341,343,215,2.7063492063492065,0,False,0,1.0,Er Er Er Er S S S S S S S S 0 6 ooo 0 6 -oo 0 5 ooo 0 5 -oo 0 4 ooo 0 8 -oo 0 8 ooo 0 9 oo- 0 10 oo- 1 7 +-o 1 7 o-o 1 4 +oo 1 4 ooo 1 5 ooo 1 9 ooo 1 9 +oo 1 8 oo+ 1 11 o-+ 2 4 ooo 2 4 +oo 2 7 ooo 2 7 +oo 2 6 ooo 2 10 +oo 2 10 ooo 2 11 oo+ 2 8 oo+ 3 5 -+o 3 5 o+o 3 6 -oo 3 6 ooo 3 7 ooo 3 11 ooo 3 11 -oo 3 10 oo- 3 9 o+- 8 10 +o- 9 11 o-+
mp-1212634,ErTeAs,132,367,369,235,2.7803030303030303,0,False,0,1.0,Er Er Er Er Te Te Te Te As As As As 0 5 -oo 0 5 ooo 0 6 ooo 0 6 -oo 0 11 o+o 0 8 ooo 0 10 oo+ 0 10 -o+ 0 4 oo+ 1 4 ooo 1 4 +oo 1 7 +oo 1 7 ooo 1 10 o-o 1 9 ooo 1 11 oo- 1 11 +o- 1 5 oo- 2 7 o+o 2 7 ++o 2 4 ooo 2 4 +oo 2 9 ooo 2 10 ooo 2 8 ooo 2 8 +oo 2 6 ooo 3 6 o-o 3 6 --o 3 5 ooo 3 5 -oo 3 8 ooo 3 11 ooo 3 9 ooo 3 9 -oo 3 7 ooo 8 9 -oo 8 9 ooo 10 11 o+- 10 11 ++-
mp-676200,Eu(ErS2)2,158,429,431,271,2.7151898734177213,0,False,0,1.0,Eu Eu Er Er Er Er S S S S S S S S 0 13 +oo 0 7 ooo 0 12 o-o 0 9 ooo 0 6 ooo 0 10 o-o 0 11 ooo 0 8 +oo 1 10 ooo 1 11 oo- 1 8 oo- 1 6 ooo 1 9 oo- 1 13 oo- 1 7 ooo 1 12 ooo 2 12 --o 2 10 ooo 2 6 -oo 2 13 oo- 2 7 ooo 2 8 ooo 2 11 -o- 2 9 -o- 3 11 o+o 3 9 -oo 3 7 o++ 3 8 ooo 3 6 -oo 3 13 o+o 3 10 oo+ 3 12 oo+ 4 8 ooo 4 13 ++o 4 9 ooo 4 10 ooo 4 11 o+o 4 12 oo+ 4 7 ooo 4 6 ooo 5 7 o+o 5 6 -oo 5 11 o+o 5 12 -oo 5 9 -o- 5 10 ooo 5 13 o+o 5 8 o+o
mp-1105072,Eu(GaS2)2,110,297,299,187,2.7,0,False,0,1.0,Eu Eu Ga Ga Ga Ga S S S S S S S S 0 8 oo+ 0 7 ooo 0 6 ooo 0 9 oo+ 0 11 +oo 0 11 ooo 0 10 ooo 0 10 o+o 1 9 ooo 1 7 ooo 1 6 ooo 1 8 ooo 1 12 ooo 1 12 o+o 1 13 ooo 1 13 +oo 2 7 o-o 2 6 ooo 2 13 +oo 2 11 +oo 3 6 o+o 3 7 ooo 3 13 ooo 3 11 ooo 4 9 +oo 4 8 ooo 4 10 oo- 4 12 ooo 5 8 -oo 5 9 ooo 5 10 o+- 5 12 o+o
mp-34255,Eu(LuS2)2,158,429,431,271,2.7151898734177213,0,False,0,1.0,Eu Eu Lu Lu Lu Lu S S S S S S S S 0 13 o+o 0 10 ooo 0 7 -oo 0 11 ooo 0 6 o+o 0 9 -oo 0 8 ooo 0 12 ooo 1 12 o-o 1 6 -o- 1 9 --- 1 8 ooo 1 10 ooo 1 7 --o 1 11 --- 1 13 oo- 2 12 o-o 2 7 ooo 2 8 +oo 2 13 oo- 2 10 ooo 2 9 ooo 2 6 oo- 2 11 o-- 3 13 ooo 3 9 ooo 3 11 ooo 3 12 o-o 3 6 ooo 3 7 oo+ 3 10 ooo 3 8 ooo 4 11 ooo 4 6 -oo 4 10 oo+ 4 9 -oo 4 8 ooo 4 13 ooo 4 7 -o+ 4 12 oo+ 5 8 ++o 5 10 ooo 5 6 o+o 5 7 ooo 5 11 oo- 5 12 ooo 5 9 ooo 5 13 ++o
mp-21386,Eu(PIr)2,186,514,516,328,2.763440860215054,0,True,4,0.9922178988326849,Eu Eu Eu P P P P P P Ir Ir Ir Ir Ir Ir 0 8 ooo 0 6 ooo 0 4 o-o 0 3 -oo 0 7 ooo 0 5 ooo 0 9 ooo 0 14 ooo 0 10 ooo 0 12 ooo 0 13 ooo 1 7 o+- 1 4 ooo 1 6 ooo 1 5 ++o 1 8 oo- 1 3 o+o 1 10 o+o 1 14 ++- 1 9 ooo 1 12 ++o 1 11 ooo 2 5 oo+ 2 3 -oo 2 7 o+o 2 8 -oo 2 6 -o+ 2 4 ooo 2 14 ooo 2 9 -oo 2 10 o++ 2 13 o+o 2 11 -o+ 3 12 +oo 3 13 ooo 3 9 o-o 3 14 +oo 4 13 o+o 4 12 ooo 4 9 -oo 4 10 o+o 5 12 ooo 5 11 ooo 5 10 ooo 5 14 oo- 6 11 ooo 6 12 +oo 6 10 ++o 6 9 ooo 7 13 ooo 7 11 oo+ 7 14 ooo 7 10 oo+ 8 11 oo+ 8 13 o+o 8 14 ++o 8 9 ooo
mp-754760,Eu(ReO4)2,53,138,140,85,2.6037735849056602,0,False,0,1.0,Eu Re Re O O O O O O O O 0 6 ooo 0 7 --o 0 9 --o 0 4 ooo 0 3 o-o 0 10 -oo 1 5 oo+ 1 3 ooo 1 4 ooo 1 7 ooo 2 8 oo- 2 10 ooo 2 9 ooo 2 6 ooo
mp-38971,Eu(YS2)2,158,425,427,267,2.689873417721519,0,False,0,1.0,Eu Eu Y Y Y Y S S S S S S S S 0 10 ooo 0 11 oo- 0 7 ooo 0 9 oo- 0 8 oo- 0 6 oo- 0 13 ooo 0 12 ooo 1 8 +oo 1 12 ooo 1 6 ooo 1 13 o-o 1 10 o-o 1 7 ooo 1 9 +oo 1 11 ooo 2 13 --o 2 10 ooo 2 7 -oo 2 8 oo- 2 12 ooo 2 9 ooo 2 11 -o- 2 6 -o- 3 12 o+o 3 7 -oo 3 13 -oo 3 11 o+o 3 6 -o- 3 10 ooo 3 8 o+o 3 9 o+o 4 11 o+o 4 6 -oo 4 9 ooo 4 12 o++ 4 7 -oo 4 8 o+o 4 10 oo+ 4 13 oo+ 5 9 ooo 5 8 ++o 5 6 ooo 5 10 ooo 5 11 o+o 5 13 oo+ 5 12 ooo 5 7 ooo
mp-1103850,Eu2GeS4,122,331,333,209,2.7131147540983607,0,False,0,1.0,Eu Eu Eu Eu Ge Ge S S S S S S S S 0 8 o-o 0 11 +o- 0 12 oo- 0 6 o-- 0 10 ooo 0 13 +oo 0 7 ooo 1 9 o+o 1 10 oo+ 1 13 oo+ 1 7 o++ 1 11 ooo 1 12 ooo 1 6 -oo 2 8 o-o 2 6 o-o 2 12 ooo 2 11 +oo 2 9 ooo 2 10 ooo 2 13 +oo 3 9 o+o 3 7 o+o 3 13 ooo 3 10 ooo 3 8 -oo 3 11 ooo 3 12 ooo 4 13 +oo 4 6 oo- 4 10 ooo 4 8 ooo 5 12 ooo 5 7 oo+ 5 11 ooo 5 9 ooo
mp-1520691,Eu2HfZrO6,118,311,313,193,2.635593220338983,0,False,0,1.0,Eu Eu Hf Zr O O O O O O 0 9 oo- 0 9 ooo 0 5 oo- 0 5 o-o 0 6 oo- 0 6 -oo 0 8 o-o 0 8 -oo 0 7 ooo 0 7 o-o 0 4 ooo 0 4 -oo 1 4 oo+ 1 4 o+o 1 5 ooo 1 5 +oo 1 7 oo+ 1 7 +oo 1 8 ooo 1 8 oo+ 1 9 +oo 1 9 o+o 1 6 ooo 1 6 o+o 2 6 -o- 2 5 o-- 2 7 o-o 2 9 oo- 2 4 -oo 2 8 --o 3 7 ooo 3 9 ooo 3 5 ooo 3 4 ooo 3 6 ooo 3 8 ooo
mp-644292,Eu2MgH6,99,260,262,161,2.6262626262626263,0,False,0,1.0,Eu Eu Mg H H H H H H 0 8 ooo 0 8 -oo 0 6 ooo 0 6 -oo 0 7 ooo 0 7 -oo 0 4 oo- 0 4 ooo 0 3 o+o 0 3 ooo 0 5 o+o 0 5 oo- 1 5 ooo 1 5 +oo 1 3 ooo 1 3 +oo 1 4 ooo 1 4 +oo 1 7 oo+ 1 7 ooo 1 6 o-o 1 6 ooo 1 8 oo+ 1 8 o-o 2 8 --o 2 5 oo- 2 7 -oo 2 4 o-- 2 6 --- 2 3 ooo
mp-1516440,Eu2MnWO6,118,310,312,192,2.6271186440677967,0,False,0,1.0,Eu Eu Mn W O O O O O O 0 5 oo- 0 5 o-o 0 7 o-o 0 7 ooo 0 8 -oo 0 8 o-o 0 9 oo- 0 9 ooo 0 4 -oo 0 4 ooo 0 6 oo- 0 6 -oo 1 5 ooo 1 5 +oo 1 8 ooo 1 8 oo+ 1 6 ooo 1 6 o+o 1 9 o+o 1 9 +oo 1 4 o+o 1 4 oo+ 1 7 +oo 1 7 oo+ 2 8 --o 2 6 -o- 2 9 oo- 2 5 o-- 2 4 -oo 2 7 o-o 3 5 ooo 3 7 ooo 3 6 ooo 3 8 ooo 3 4 ooo 3 9 ooo
mp-1516804,Eu2NbInO6,118,311,313,193,2.635593220338983,0,False,0,1.0,Eu Eu Nb In O O O O O O 0 7 ooo 0 7 o-o 0 5 oo- 0 5 o-o 0 9 ooo 0 9 oo- 0 4 ooo 0 4 -oo 0 6 -oo 0 6 oo- 0 8 o-o 0 8 -oo 1 9 o+o 1 9 +oo 1 7 +oo 1 7 oo+ 1 8 oo+ 1 8 ooo 1 6 o+o 1 6 ooo 1 4 oo+ 1 4 o+o 1 5 ooo 1 5 +oo 2 6 ooo 2 9 ooo 2 5 ooo 2 8 ooo 2 4 ooo 2 7 ooo 3 4 -oo 3 9 oo- 3 7 o-o 3 5 o-- 3 8 --o 3 6 -o-
mp-1516887,Eu2NiWO6,118,310,312,192,2.6271186440677967,0,False,0,1.0,Eu Eu Ni W O O O O O O 0 9 oo- 0 9 ooo 0 7 o-o 0 7 ooo 0 4 ooo 0 4 -oo 0 5 o-o 0 5 oo- 0 6 oo- 0 6 -oo 0 8 -oo 0 8 o-o 1 5 +oo 1 5 ooo 1 8 oo+ 1 8 ooo 1 6 o+o 1 6 ooo 1 9 +oo 1 9 o+o 1 4 o+o 1 4 oo+ 1 7 oo+ 1 7 +oo 2 5 o-- 2 6 -o- 2 8 --o 2 9 oo- 2 4 -oo 2 7 o-o 3 4 ooo 3 9 ooo 3 7 ooo 3 5 ooo 3 8 ooo 3 6 ooo
mp-1205947,Eu2TaAlO6,118,311,313,193,2.635593220338983,0,False,0,1.0,Eu Eu Ta Al O O O O O O 0 4 ooo 0 4 -oo 0 7 oo- 0 7 -oo 0 9 o-o 0 9 -oo 0 8 ooo 0 8 oo- 0 6 ooo 0 6 o-o 0 5 o-o 0 5 oo- 1 4 oo+ 1 4 o+o 1 8 o+o 1 8 +oo 1 5 +oo 1 5 ooo 1 7 o+o 1 7 ooo 1 9 oo+ 1 9 ooo 1 6 +oo 1 6 oo+ 2 8 ooo 2 4 ooo 2 6 ooo 2 5 ooo 2 9 ooo 2 7 ooo 3 6 o-o 3 4 -oo 3 8 oo- 3 7 -o- 3 9 --o 3 5 o--
mp-1520585,Eu2VWO6,118,309,311,191,2.6186440677966103,0,False,0,1.0,Eu Eu V W O O O O O O 0 9 oo- 0 9 ooo 0 4 -oo 0 4 ooo 0 7 o-o 0 7 ooo 0 8 o-o 0 8 -oo 0 5 o-o 0 5 oo- 0 6 oo- 0 6 -oo 1 8 ooo 1 8 oo+ 1 5 ooo 1 5 +oo 1 9 +oo 1 9 o+o 1 4 oo+ 1 4 o+o 1 7 +oo 1 7 oo+ 1 6 o+o 1 6 ooo 2 5 o-- 2 8 --o 2 7 o-o 2 6 -o- 2 9 oo- 2 4 -oo 3 9 ooo 3 7 ooo 3 8 ooo 3 4 ooo 3 6 ooo 3 5 ooo
mp-1523086,Eu2ZnWO6,118,310,312,192,2.6271186440677967,0,False,0,1.0,Eu Eu Zn W O O O O O O 0 8 -oo 0 8 o-o 0 9 ooo 0 9 oo- 0 4 -oo 0 4 ooo 0 5 o-o 0 5 oo- 0 6 -oo 0 6 oo- 0 7 ooo 0 7 o-o 1 5 +oo 1 5 ooo 1 7 oo+ 1 7 +oo 1 9 o+o 1 9 +oo 1 6 ooo 1 6 o+o 1 8 ooo 1 8 oo+ 1 4 o+o 1 4 oo+ 2 7 o-o 2 5 o-- 2 8 --o 2 6 -o- 2 9 oo- 2 4 -oo 3 7 ooo 3 4 ooo 3 9 ooo 3 6 ooo 3 8 ooo 3 5 ooo
mp-1212716,EuCN2,112,307,309,195,2.7410714285714284,0,False,0,1.0,Eu Eu Eu Eu C C C C N N N N N N N N 0 14 +oo 0 14 ooo 0 11 ooo 0 10 ooo 0 10 +oo 0 12 ooo 1 15 -oo 1 15 ooo 1 10 ooo 1 11 -oo 1 11 ooo 1 13 ooo 2 12 -oo 2 12 ooo 2 9 o+o 2 8 -o- 2 8 oo- 2 14 oo- 3 13 +oo 3 13 ooo 3 8 o-o 3 9 oo+ 3 9 +o+ 3 15 oo+ 4 12 ooo 4 8 ooo 5 13 ooo 5 9 ooo 6 14 oo- 6 10 ooo 7 15 oo+ 7 11 ooo
mp-554518,EuCO3,164,459,461,295,2.798780487804878,0,False,0,1.0,Eu Eu Eu Eu C C C C O O O O O O O O O O O O 0 14 o-+ 0 16 ooo 0 17 -oo 0 13 ooo 0 8 -oo 0 18 oo+ 0 9 oo+ 0 12 -oo 0 12 ooo 1 11 ooo 1 19 +-o 1 10 o-o 1 18 +oo 1 9 ooo 1 13 ooo 1 8 ooo 1 15 ooo 1 15 +oo 2 12 o+- 2 9 ooo 2 18 +oo 2 10 ooo 2 19 +oo 2 17 oo- 2 16 oo- 2 14 +oo 2 14 ooo 3 15 ooo 3 8 -+o 3 13 o+o 3 17 -oo 3 16 ooo 3 10 ooo 3 19 ooo 3 11 ooo 3 11 -oo 4 9 ooo 4 18 ooo 4 15 ooo 5 16 ooo 5 17 ooo 5 11 ooo 6 8 ooo 6 13 ooo 6 12 ooo 7 19 ooo 7 10 ooo 7 14 ooo
mp-1070860,EuHCl,60,157,159,97,2.6166666666666667,0,False,0,1.0,Eu Eu H H Cl Cl 0 3 -o+ 0 3 oo+ 0 2 oo+ 0 2 o++ 0 4 ooo 0 5 -oo 0 5 ooo 0 5 -+o 0 5 o+o 1 3 o-o 1 3 ooo 1 2 +oo 1 2 ooo 1 5 ooo 1 4 ooo 1 4 +oo 1 4 +-o 1 4 o-o
mp-753781,EuHfO3,59,155,157,96,2.6271186440677967,0,False,0,1.0,Eu Hf O O O 0 2 ooo 0 2 o+- 0 2 o+o 0 2 oo- 0 4 ooo 0 4 ++o 0 4 o+o 0 4 +oo 0 3 o+o 0 3 ++- 0 3 ++o 0 3 o+- 1 3 o+o 1 3 ooo 1 2 ooo 1 2 -oo 1 4 oo+ 1 4 ooo
mp-20742,EuPSe3,158,453,455,295,2.867088607594937,0,False,0,1.0,Eu Eu Eu Eu P P P P Se Se Se Se Se Se Se Se Se Se Se Se 0 11 ++o 0 18 +oo 0 10 ooo 0 19 ooo 0 13 +oo 0 12 ooo 0 15 o+o 0 16 oo+ 1 10 o-o 1 19 ooo 1 11 ooo 1 18 ooo 1 12 ooo 1 13 ooo 1 14 o-+ 1 17 ooo 2 9 --o 2 16 -oo 2 8 ooo 2 17 ooo 2 15 -oo 2 14 ooo 2 13 o-o 2 18 oo- 3 8 o+o 3 17 ooo 3 9 ooo 3 16 ooo 3 14 ooo 3 15 ooo 3 12 o+- 3 19 ooo 4 15 ooo 4 19 ooo 4 11 +oo 4 6 +oo 5 14 oo+ 5 18 ooo 5 10 ooo 5 7 oo+ 6 13 ooo 6 17 ooo 6 9 -oo 7 12 oo- 7 16 ooo 7 8 ooo
mp-754557,EuY2O4,110,293,295,183,2.6636363636363636,0,False,0,1.0,Eu Eu Y Y Y Y O O O O O O O O 0 10 ooo 0 8 ooo 0 6 ooo 0 7 ooo 1 9 ooo 1 11 ooo 1 13 ooo 1 12 ooo 2 7 -oo 2 12 o-o 2 11 -oo 2 8 o-o 2 6 --o 2 13 ooo 3 13 ooo 3 6 -o- 3 10 -oo 3 9 oo- 3 8 oo- 3 11 -oo 4 6 o-- 4 13 ooo 4 10 o-o 4 9 oo- 4 12 o-o 4 7 oo- 5 12 o-o 5 7 -o- 5 8 o-- 5 11 -oo 5 9 oo- 5 10 --o
mp-771055,EuZrO3,59,155,157,96,2.6271186440677967,0,False,0,1.0,Eu Zr O O O 0 3 oo- 0 3 ooo 0 3 -o- 0 3 -oo 0 4 -oo 0 4 --o 0 4 o-o 0 4 ooo 0 2 oo- 0 2 o-o 0 2 o-- 0 2 ooo 1 2 ooo 1 2 +oo 1 3 ooo 1 3 o+o 1 4 oo+ 1 4 ooo
mp-1523415,F2,16,39,41,23,2.4375,0,False,0,1.0,F F F F 0 1 o+o 0 1 +oo 2 3 -oo 2 3 o-o
mp-725152,Fe(CO3)2,78,205,207,127,2.628205128205128,0,False,0,1.0,Fe Fe C C C C O O O O O O O O O O O O 0 15 o-o 0 14 ooo 0 11 -oo 0 10 -oo 0 6 ooo 0 7 ooo 1 17 o+o 1 16 ooo 1 13 +oo 1 12 +oo 1 8 ooo 1 9 ooo 2 6 ooo 2 10 ooo 3 7 ooo 3 11 ooo 4 8 ooo 4 12 ooo 5 9 ooo 5 13 ooo
mp-2017427,Fe2PO5,112,303,305,191,2.705357142857143,0,False,0,1.0,Fe Fe Fe Fe P P O O O O O O O O O O 0 6 ooo 0 8 ooo 0 12 o-o 0 11 o-o 0 15 ooo 0 7 o-o 1 6 ooo 1 8 ooo 1 12 o-o 1 11 +-o 1 15 +oo 1 7 +-o 2 7 ooo 2 14 oo+ 2 13 oo+ 2 9 o+o 2 10 o+o 2 6 o++ 3 7 ooo 3 14 oo+ 3 13 oo+ 3 10 ooo 3 9 ooo 3 6 oo+ 4 8 ooo 4 9 ooo 4 12 ooo 4 10 +oo 5 14 ooo 5 11 ooo 5 13 -oo 5 15 ooo
mp-2214664,Fe2Si2BiO9,83,220,222,137,2.6506024096385543,0,False,0,1.0,Fe Fe Si Si Bi O O O O O O O O O 0 10 ooo 0 5 +o+ 0 7 oo+ 0 6 oo+ 0 9 o-o 0 8 ooo 1 10 oo- 1 6 o+o 1 7 ooo 1 5 ooo 1 8 -o- 1 9 oo- 2 8 ooo 2 13 ooo 2 12 ooo 2 11 +oo 3 9 ooo 3 13 ooo 3 11 ooo 3 12 o+o 4 6 ooo 4 7 --o 4 5 ooo
mp-1024054,Fe2SiS4,110,297,299,187,2.7,0,False,0,1.0,Fe Fe Fe Fe Si Si S S S S S S S S 0 12 o-o 0 7 ooo 0 6 ooo 0 13 o-o 0 9 ooo 0 11 o-o 1 12 ooo 1 7 -oo 1 10 ooo 1 8 -oo 1 11 ooo 1 9 -oo 2 9 -o- 2 11 o-o 2 13 --o 2 8 --- 2 10 ooo 2 6 oo- 3 7 ooo 3 12 ooo 3 10 ooo 3 13 ooo 3 6 ooo 3 8 ooo 4 7 oo+ 4 9 ooo 4 8 ooo 4 6 ooo 5 12 oo- 5 11 ooo 5 13 ooo 5 10 ooo
mp-752624,Fe3(OF2)2,126,347,349,221,2.753968253968254,0,False,0,1.0,Fe Fe Fe Fe Fe Fe O O O O F F F F F F F F 0 11 o+o 0 7 ooo 0 16 ooo 0 13 ooo 0 8 o+o 0 14 ooo 1 6 ooo 1 7 oo- 1 12 ooo 1 14 oo- 1 17 oo- 1 9 ooo 2 8 ooo 2 9 ooo 2 15 o-o 2 10 ooo 2 13 o-o 2 12 ooo 3 17 ooo 3 11 -oo 3 7 -oo 3 16 ooo 3 8 ooo 3 10 -oo 4 6 -oo 4 9 ooo 4 10 -oo 4 15 ooo 4 16 ooo 4 13 -oo 5 12 o+o 5 14 +o- 5 11 o+- 5 17 ++- 5 6 ooo 5 15 +oo
mp-1225240,Fe3(PO5)2,93,247,249,154,2.6559139784946235,0,False,0,1.0,Fe Fe Fe P P O O O O O O O O O O 0 14 ooo 0 13 -oo 0 12 -oo 0 8 ooo 0 9 -oo 0 5 ooo 1 14 ooo 1 13 o-o 1 12 o-o 1 8 ooo 1 9 o-o 1 5 ooo 2 6 ooo 2 7 ooo 2 11 ooo 2 10 ooo 2 14 ooo 2 13 ooo 3 7 o+o 3 6 +oo 3 9 oo+ 3 12 ooo 4 10 -oo 4 11 o-o 4 5 oo- 4 8 ooo
mp-612405,Fe3O4,122,330,332,208,2.7049180327868854,0,False,0,1.0,Fe Fe Fe Fe Fe Fe O O O O O O O O 0 11 o-o 0 9 ooo 0 12 ooo 0 13 ooo 0 6 o-o 0 10 o-o 1 9 ooo 1 10 ooo 1 11 ooo 1 7 ooo 1 8 ooo 1 12 ooo 2 13 ooo 2 6 --o 2 12 -oo 2 8 o-o 2 7 -oo 2 11 o-o 3 7 -oo 3 9 ooo 3 8 ooo 3 13 ooo 3 6 -oo 3 10 -oo 4 13 ooo 4 9 oo+ 4 11 o-+ 4 7 -o+ 4 8 ooo 4 12 ooo 5 10 ooo 5 6 oo+ 5 12 o+o 5 8 +oo 5 7 oo+ 5 11 oo+
mp-752802,Fe5(OF2)4,107,290,292,183,2.710280373831776,0,False,0,1.0,Fe Fe Fe Fe Fe O O O O F F F F F F F F 0 8 +oo 0 5 o+o 0 6 oo+ 0 7 ooo 0 16 ooo 0 11 ooo 1 13 -oo 1 9 o-o 1 12 o-o 1 10 -oo 1 6 o-o 1 7 -oo 2 12 ooo 2 10 ooo 2 16 oo- 2 11 ooo 2 6 ooo 2 7 ooo 3 9 ooo 3 13 oo- 3 15 oo- 3 14 ooo 3 8 ooo 3 5 oo- 4 14 ooo 4 15 ooo 4 11 o-o 4 16 -oo 4 8 ooo 4 5 ooo
mp-1332209,Fe5OF11,89,240,242,151,2.696629213483146,0,False,0,1.0,Fe Fe Fe Fe Fe O F F F F F F F F F F F 0 5 ooo 0 12 o-o 0 8 ooo 0 14 --o 1 10 oo- 1 12 ooo 1 14 ooo 1 6 ooo 1 13 o+o 2 9 ooo 2 15 ooo 2 5 ooo 2 11 ooo 3 16 ooo 3 5 +oo 3 8 ooo 3 11 +oo 3 7 o-o 4 16 ooo 4 10 ooo 4 6 +o+ 4 13 oo+ 4 11 ooo 4 7 ooo
mp-1346391,Fe5OF11,86,232,234,146,2.697674418604651,0,False,0,1.0,Fe Fe Fe Fe Fe O F F F F F F F F F F F 0 7 ooo 0 15 ooo 0 14 ooo 0 11 ooo 1 11 ooo 1 13 oo- 1 6 ooo 1 15 ooo 2 8 ooo 2 5 ooo 2 9 ooo 2 12 ooo 2 16 -oo 3 10 oo+ 3 8 ooo 3 12 ooo 3 16 ooo 3 13 o-o 4 11 o-o 4 5 +oo 4 6 +-o 4 12 ooo 4 14 ooo
mp-755923,Fe6O7F5,126,347,349,221,2.753968253968254,0,False,0,1.0,Fe Fe Fe Fe Fe Fe O O O O O O O F F F F F 0 9 oo+ 0 12 oo+ 0 11 +oo 0 6 o+o 0 17 oo+ 0 14 ooo 1 14 ooo 1 8 ooo 1 6 ooo 1 15 ooo 1 16 ooo 1 11 ooo 2 15 ooo 2 9 ooo 2 7 ooo 2 14 ooo 2 13 ooo 2 10 ooo 3 8 oo- 3 12 ooo 3 10 o-o 3 7 -oo 3 17 ooo 3 15 ooo 4 11 ooo 4 10 ooo 4 6 -+o 4 7 -+o 4 13 -oo 4 16 o+o 5 12 ooo 5 13 o-o 5 16 +o- 5 8 +o- 5 9 o-o 5 17 +-o
mp-807827,Fe7(OF3)3,88,240,242,152,2.727272727272727,0,False,0,1.0,Fe Fe Fe Fe Fe Fe Fe O O O F F F F F F F F F 0 10 ooo 0 14 ooo 0 16 -oo 0 13 oo- 1 17 -oo 1 7 ooo 2 13 ooo 2 15 ooo 2 12 ooo 3 8 ooo 3 9 ooo 3 7 ooo 3 12 o+o 4 8 ooo 4 14 ooo 4 11 oo- 5 18 ooo 5 10 +oo 6 15 ooo 6 12 ooo 6 7 +oo 6 18 ooo 9 18 ooo
mp-25260,FeAs2O7,52,134,136,82,2.576923076923077,0,False,0,1.0,Fe As As O O O O O O O 0 5 ooo 0 8 oo- 0 4 +oo 0 7 o-- 0 3 +o- 0 6 o-o 1 3 ooo 1 4 ooo 1 5 ooo 1 9 ooo 2 6 ooo 2 7 ooo 2 8 ooo 2 9 ooo
mp-1101894,FeAsSe,96,267,269,171,2.78125,0,False,0,1.0,Fe Fe Fe Fe As As As As Se Se Se Se 0 11 oo- 0 9 ooo 0 8 ooo 0 4 ooo 0 7 ooo 0 5 o+o 1 10 ooo 1 8 -oo 1 9 ooo 1 5 -oo 1 6 -o- 1 4 o-o 2 9 oo+ 2 11 ooo 2 10 ooo 2 6 ooo 2 5 ooo 2 7 o-o 3 8 -oo 3 10 ooo 3 11 -oo 3 7 ooo 3 4 oo+ 3 6 -+o 4 8 -oo 5 9 ooo 6 10 +oo 7 11 ooo
mp-996994,FeAuO2,28,73,75,45,2.607142857142857,0,False,0,1.0,Fe Au O O 0 3 o-o 0 3 -oo 0 3 --o 0 2 -o- 0 2 o-- 0 2 oo- 1 3 ooo 1 2 ooo
mp-1095303,FeBi4S7,96,261,263,165,2.71875,0,False,0,1.0,Fe Bi Bi Bi Bi S S S S S S S 0 6 ooo 0 5 --o 0 10 -oo 0 10 o-o 0 9 -oo 0 9 o-o 1 8 o-o 1 8 -oo 1 11 -oo 1 11 o-o 1 7 oo- 1 5 --o 2 7 o+o 2 7 +oo 2 11 +o+ 2 11 o++ 2 8 oo+ 2 6 ++o 3 9 ooo 3 5 o-o 3 5 -oo 3 10 o-o 3 10 -oo 4 10 ooo 4 6 +oo 4 6 o+o 4 9 +oo 4 9 o+o
mp-1181372,FeBr(NO)3,58,149,151,91,2.5689655172413794,0,False,0,1.0,Fe Fe Br Br N N N N N N O O O O O O 0 6 ooo 0 4 ooo 0 5 ooo 0 2 ooo 1 9 ooo 1 7 ooo 1 8 ooo 1 3 oo- 4 10 ooo 5 11 ooo 6 12 ooo 7 13 ooo 8 14 ooo 9 15 ooo
mp-768499,FeNiO3,82,215,217,133,2.6219512195121952,0,False,0,1.0,Fe Fe Ni Ni O O O O O O 0 7 oo+ 0 4 ooo 0 8 -oo 0 6 -oo 0 5 ooo 0 9 ooo 1 9 ooo 1 6 oo- 1 5 +oo 1 7 +oo 1 8 ooo 1 4 ooo 2 8 oo- 2 4 ooo 2 7 ooo 2 6 --o 2 9 o-o 2 5 o-o 3 5 oo+ 3 9 ooo 3 6 ooo 3 4 o+o 3 7 ++o 3 8 o+o
mp-863316,FeO3,47,121,123,74,2.574468085106383,0,False,0,1.0,Fe Fe O O O O O O 0 2 o-o 0 2 -oo 0 7 -oo 0 7 o-o 0 3 ooo 0 6 ooo 1 4 o+o 1 4 +oo 1 3 +oo 1 3 o+o 1 7 ooo 1 5 ooo 5 6 ++-
mp-759283,FeOF,84,225,227,141,2.6785714285714284,0,False,0,1.0,Fe Fe Fe Fe O O O O F F F F 0 5 ooo 0 5 -oo 0 8 oo+ 0 9 o+o 0 10 -++ 0 10 o++ 1 4 -oo 1 4 ooo 1 7 o+o 1 6 ooo 1 11 -+o 1 11 o+o 2 4 ooo 2 7 +oo 2 7 ooo 2 10 ooo 2 8 ooo 2 8 +oo 3 6 +oo 3 6 ooo 3 5 ooo 3 11 ooo 3 9 +oo 3 9 ooo
mp-881183,FeOF,84,225,227,141,2.6785714285714284,0,False,0,1.0,Fe Fe Fe Fe O O O O F F F F 0 5 ooo 0 7 -+o 0 7 o+o 0 4 -o- 0 4 oo- 0 10 o+- 1 6 ooo 1 9 o+o 1 11 o+o 1 11 -+o 1 8 -oo 1 8 ooo 2 7 ooo 2 5 ooo 2 5 +oo 2 9 +oo 2 9 ooo 2 8 ooo 3 4 ooo 3 10 +oo 3 10 ooo 3 6 +oo 3 6 ooo 3 11 ooo
mp-20027,FeP2,42,109,111,67,2.5952380952380953,0,False,0,1.0,Fe Fe P P P P 0 3 ooo 0 2 ooo 0 4 ooo 0 4 +oo 0 5 +oo 0 5 ooo 1 5 o-- 1 4 ooo 1 3 --o 1 3 o-o 1 2 oo- 1 2 -o-
mp-1232490,FePS3,134,371,373,237,2.7686567164179103,0,False,0,1.0,Fe Fe Fe Fe P P P P S S S S S S S S S S S S 0 11 -oo 0 18 ooo 0 13 ooo 0 15 ooo 0 8 -oo 0 17 -oo 1 8 ooo 1 15 ooo 1 16 o+o 1 18 ooo 1 11 ooo 1 12 oo- 2 19 ooo 2 10 ooo 2 12 o-o 2 14 ooo 2 9 ooo 2 16 oo+ 3 9 +oo 3 14 ooo 3 17 ooo 3 19 ooo 3 10 +oo 3 13 +oo 4 12 -oo 4 9 o+o 4 18 oo+ 4 6 -++ 5 13 ooo 5 8 ooo 5 19 ooo 5 7 ooo 6 16 +oo 6 11 o-o 6 14 oo- 7 17 ooo 7 10 ooo 7 15 ooo
mp-226,FeS2,96,259,261,163,2.6979166666666665,0,False,0,1.0,Fe Fe Fe Fe S S S S S S S S 0 9 ooo 0 5 ooo 0 8 ooo 0 6 -oo 0 10 -oo 0 7 -oo 1 11 ooo 1 6 ooo 1 9 oo- 1 7 oo- 1 4 oo- 1 8 ooo 2 4 ooo 2 8 ooo 2 10 ooo 2 7 o-o 2 5 o-o 2 11 o-o 3 4 oo- 3 10 -o- 3 5 o-o 3 6 -oo 3 9 o-- 3 11 --o 4 11 o-+ 5 10 -+o 6 9 +o- 7 8 ooo
mp-760,FeSe2,42,113,115,71,2.6904761904761907,0,False,0,1.0,Fe Fe Se Se Se Se 0 2 ooo 0 3 o-- 0 5 oo- 0 5 -o- 0 4 o-o 0 4 --o 1 5 ooo 1 4 ooo 1 3 +oo 1 3 ooo 1 2 ooo 1 2 +oo
mp-1104227,FeSeO5,74,195,197,121,2.635135135135135,0,False,0,1.0,Fe Fe Se Se O O O O O O O O O O 0 13 ooo 0 12 --o 0 10 -oo 0 8 o-o 0 5 ooo 0 7 --o 1 12 ooo 1 13 oo- 1 9 ooo 1 11 oo- 1 6 oo- 1 4 ooo 2 4 ooo 2 5 ooo 2 8 ooo 2 9 -oo 3 7 ooo 3 6 ooo 3 11 +oo 3 10 ooo
mp-1224864,Ga2Ag2Se3S,56,150,152,94,2.6785714285714284,0,False,0,1.0,Ga Ga Ag Ag Se Se Se S 0 7 ooo 0 5 ooo 0 6 +oo 0 4 oo+ 1 7 ooo 1 6 ooo 1 5 o-o 1 4 ooo 2 7 ooo 2 6 o+o 2 5 oo- 2 4 -+o 3 7 ooo 3 5 -oo 3 6 oo+ 3 4 -++
mp-4152,Ga2CoS4,43,112,114,69,2.604651162790698,0,False,0,1.0,Ga Ga Co S S S S 0 5 oo- 0 3 oo- 0 4 ooo 0 6 ooo 1 3 oo- 1 4 -oo 1 6 o++ 1 5 ooo 2 5 ooo 2 3 o-- 2 6 -oo 2 4 ---
mp-1224839,Ga2HgTe4,43,116,118,73,2.697674418604651,0,False,0,1.0,Ga Ga Hg Te Te Te Te 0 4 o-o 0 3 oo+ 0 6 ooo 0 5 +oo 1 4 oo+ 1 5 o+o 1 3 -oo 1 6 ooo 2 4 o-o 2 6 --- 2 3 -oo 2 5 ooo
mp-1181342,Ga2O3,46,119,121,73,2.5869565217391304,0,False,0,1.0,Ga Ga Ga Ga O O O O O O 0 4 o-o 0 9 oo- 1 7 o+o 1 6 oo+ 2 9 ooo 2 4 oo+ 3 6 ooo 3 7 oo- 4 8 ooo 5 9 ooo 5 7 ooo 6 8 ooo
mp-1224873,Ga2Te3,26,70,72,44,2.6923076923076925,0,False,0,1.0,Ga Ga Te Te Te 0 3 o-o 0 4 +oo 0 4 ooo 1 2 -o- 1 2 oo- 1 3 ooo 1 4 ooo
mp-672204,Ga3Ru,112,323,325,211,2.8839285714285716,0,False,0,1.0,Ga Ga Ga Ga Ga Ga Ga Ga Ga Ga Ga Ga Ru Ru Ru Ru 0 13 oo+ 0 15 o+o 0 12 +oo 1 12 ooo 1 14 oo- 1 13 ooo 2 14 oo- 2 15 -oo 2 12 o-o 3 14 ooo 3 12 o-o 3 15 -oo 4 13 ooo 4 12 +oo 4 15 o+o 5 14 ooo 5 13 o-+ 6 12 ooo 6 14 ooo 6 13 oo+ 7 12 +oo 7 15 ooo 8 15 ooo 8 14 oo- 8 13 ooo 9 15 ooo 9 13 oo+ 9 14 ooo 10 15 o+o 10 12 ooo 11 14 +o- 11 13 ooo
mp-1212799,Ga4O5,114,319,321,205,2.7982456140350878,0,False,0,1.0,Ga Ga Ga Ga Ga Ga Ga Ga O O O O O O O O O O 0 12 oo+ 0 13 ooo 0 17 o-o 0 11 ooo 1 10 oo+ 1 11 ooo 1 17 ooo 1 13 ooo 2 9 oo- 2 15 ooo 2 17 +oo 2 14 ooo 3 15 ooo 3 9 ooo 3 16 +++ 3 8 +oo 4 8 oo- 4 14 ooo 4 17 ooo 4 15 ooo 5 14 o-o 5 8 +oo 5 16 +o+ 5 9 ooo 6 13 ooo 6 12 ooo 6 16 ooo 6 10 o-o 7 11 +oo 7 10 o-o 7 16 +oo 7 12 ooo
mp-1212666,Ga5CuSe8,86,239,241,153,2.7790697674418605,0,False,0,1.0,Ga Ga Ga Ga Ga Cu Se Se Se Se Se Se Se Se 0 13 -oo 0 12 ooo 0 6 ooo 0 7 -oo 1 11 o-o 1 10 ooo 1 9 ooo 1 8 o-o 2 11 -oo 2 10 ooo 2 8 ooo 2 9 -oo 3 13 ooo 3 12 o-o 3 6 ooo 3 7 o-o 4 6 ooo 4 8 o-- 4 7 --o 4 9 -o- 5 12 ooo 5 11 ooo 5 10 ooo 5 13 ooo
mp-1212671,Ga5CuTe8,86,239,241,153,2.7790697674418605,0,False,0,1.0,Ga Ga Ga Ga Ga Cu Te Te Te Te Te Te Te Te 0 13 -oo 0 12 ooo 0 7 -oo 0 6 ooo 1 11 o-o 1 10 ooo 1 9 ooo 1 8 o-o 2 11 -oo 2 10 ooo 2 8 ooo 2 9 -oo 3 12 o-o 3 13 ooo 3 7 o-o 3 6 ooo 4 7 --o 4 8 o-- 4 9 -o- 4 6 ooo 5 10 ooo 5 12 ooo 5 11 ooo 5 13 ooo
mp-1096976,GaAgO2,34,89,91,55,2.6176470588235294,0,False,0,1.0,Ga Ag O O 0 2 ++o 0 2 o++ 0 2 +o+ 0 3 oo+ 0 3 o+o 0 3 +oo 1 2 ooo 1 3 --o 1 3 o-- 1 3 -o-
mp-1224872,GaCuSeS,56,149,151,93,2.6607142857142856,0,False,0,1.0,Ga Ga Cu Cu Se Se S S 0 6 ooo 0 7 -oo 0 5 ooo 0 4 o+o 1 7 ooo 1 6 ooo 1 4 oo+ 1 5 oo+ 2 6 o-o 2 7 ooo 2 4 +oo 2 5 ooo 3 6 o-o 3 7 -oo 3 4 oo+ 3 5 --+
mp-1224922,GaCuSnSe4,43,116,118,73,2.697674418604651,0,False,0,1.0,Ga Cu Sn Se Se Se Se 0 4 +oo 0 3 ooo 0 5 oo+ 0 6 o-- 1 3 ooo 1 5 -oo 1 4 o+o 1 6 ooo 2 6 oo- 2 5 ooo 2 3 ooo 2 4 oo-
mp-2853,GaN,20,52,54,32,2.6,0,False,0,1.0,Ga N 0 1 --o 0 1 oo- 0 1 -oo 0 1 o-o 0 1 -o- 0 1 o--
mp-1097303,GaReGe2,16,43,45,27,2.6875,0,False,0,1.0,Ga Re Ge Ge 0 2 ooo 0 3 o-- 1 2 ooo 1 3 ooo
mp-1188567,Gd(Tl3Te2)3,124,355,357,231,2.8629032258064515,0,False,0,1.0,Gd Tl Tl Tl Tl Tl Tl Tl Tl Tl Te Te Te Te Te Te 0 10 ooo 0 11 --- 0 12 -oo 0 14 --o 0 13 o-o 0 15 ooo 1 11 ooo 1 10 oo- 1 12 ooo 1 13 ooo 1 15 ooo 1 14 ooo 2 12 ooo 2 14 o-o 2 15 ooo 3 13 o-o 3 15 ooo 3 14 o-o 4 14 -oo 4 13 ooo 4 12 -oo 5 15 ooo 5 12 -oo 5 13 ooo 6 13 oo+ 6 15 o++ 6 14 oo+ 7 12 o++ 7 14 oo+ 7 15 o++ 8 15 +o+ 8 12 oo+ 8 13 +o+ 9 14 oo+ 9 13 +o+ 9 12 oo+
mp-1188270,Gd2(SO4)3,95,253,255,158,2.663157894736842,0,False,0,1.0,Gd Gd S S S O O O O O O O O O O O O 0 13 o-o 0 5 +oo 0 9 ooo 0 10 ooo 0 6 ooo 0 7 ooo 0 15 ooo 0 16 ooo 1 14 o-o 1 8 ooo 1 6 ooo 1 7 oo+ 1 12 o-o 1 11 oo+ 1 10 oo+ 1 9 ooo 2 6 ooo 2 7 ooo 2 5 ooo 3 8 +oo 3 10 oo+ 3 9 ooo 4 13 ooo 4 11 ooo 4 12 oo- 15 16 ooo
mp-29394,Gd2CCl2,41,107,109,66,2.6097560975609757,0,False,0,1.0,Gd Gd C Cl Cl 0 2 o+o 0 2 ooo 0 2 ++o 0 4 o+o 0 4 -oo 0 4 ooo 1 2 +oo 1 2 ++o 1 2 ooo 1 3 o-o 1 3 +oo 1 3 ooo
mp-608146,Gd2S3,200,567,569,367,2.835,0,True,57,0.8994708994708994,Gd Gd Gd Gd Gd Gd Gd Gd S S S S S S S S S S S S 0 16 oo+ 0 16 -o+ 0 11 -oo 0 11 ooo 0 9 ooo 0 19 oo+ 0 13 ooo 1 18 ooo 1 18 -oo 1 14 -oo 1 14 ooo 1 10 ooo 1 16 -oo 1 16 ooo 1 19 ooo 2 17 ooo 2 17 +oo 2 10 +oo 2 10 ooo 2 14 ooo 2 8 ooo 2 12 o+o 3 11 -+o 3 11 o+o 3 8 -oo 3 8 ooo 3 15 oo+ 3 12 -+o 3 12 o+o 3 9 o+o 4 13 oo- 4 13 +o- 4 15 +oo 4 15 ooo 4 8 oo- 4 14 ooo 4 16 ooo 5 10 ooo 5 10 +oo 5 9 +oo 5 9 ooo 5 18 ooo 5 13 +oo 5 13 ooo 5 8 ooo 6 15 o-o 6 15 +-o 6 19 +oo 6 19 ooo 6 11 oo- 6 17 +-o 6 17 o-o 6 14 o-o 7 12 ooo 7 12 -oo 7 18 -oo 7 18 ooo 7 9 ooo 7 19 ooo 7 17 o-o
mp-1188175,Gd2Se3,200,579,581,379,2.895,0,True,69,0.8808290155440415,Gd Gd Gd Gd Gd Gd Gd Gd Se Se Se Se Se Se Se Se Se Se Se Se 0 12 ooo 0 12 -oo 0 10 -oo 0 10 ooo 0 17 ooo 0 16 ooo 0 14 o-o 1 13 oo+ 1 13 -o+ 1 11 -oo 1 11 ooo 1 16 ooo 1 17 oo+ 1 15 ooo 2 14 ooo 2 14 +oo 2 8 +oo 2 8 ooo 2 19 ooo 2 18 ooo 2 12 o+o 3 15 +o- 3 15 oo- 3 9 ooo 3 9 +oo 3 18 ooo 3 19 oo- 3 13 ooo 4 8 ooo 4 8 +oo 4 16 +oo 4 16 ooo 4 10 ooo 4 15 +oo 4 15 ooo 4 19 ooo 5 9 +-o 5 9 o-o 5 17 +oo 5 17 ooo 5 11 oo- 5 14 +-o 5 14 o-o 5 18 o-o 6 10 -oo 6 10 ooo 6 18 ooo 6 18 -oo 6 8 ooo 6 13 ooo 6 13 -oo 6 17 ooo 7 11 -+o 7 11 o+o 7 19 ooo 7 19 -oo 7 9 oo+ 7 12 o+o 7 12 -+o 7 16 o+o
mp-1189617,Gd3Cu3Sb4,308,897,899,589,2.9123376623376624,0,True,387,0.568561872909699,Gd Gd Gd Gd Gd Gd Cu Cu Cu Cu Cu Cu Sb Sb Sb Sb Sb Sb Sb Sb 0 10 ooo 0 11 oo- 0 9 o-o 0 8 +oo 0 12 ooo 0 18 +oo 0 19 +oo 0 13 oo- 0 15 o-- 0 14 +oo 0 17 +oo 0 16 ooo 1 11 o+o 1 8 ooo 1 9 ooo 1 10 ooo 1 14 +oo 1 17 ooo 1 15 ooo 1 16 o+o 1 18 ++o 1 13 o+o 1 12 ooo 1 19 ooo 2 10 oo+ 2 11 -oo 2 7 o-o 2 6 ooo 2 14 o-o 2 13 ooo 2 17 oo+ 2 19 oo+ 2 18 ooo 2 16 oo+ 2 12 oo+ 2 15 --o 3 10 ooo 3 6 ooo 3 11 ooo 3 7 +oo 3 16 ooo 3 12 oo+ 3 15 ooo 3 18 +oo 3 14 +oo 3 17 +o+ 3 19 ooo 3 13 ooo 4 8 ooo 4 7 oo- 4 6 o+o 4 9 -oo 4 14 ooo 4 16 o+o 4 12 -oo 4 19 o+o 4 18 o+o 4 15 -o- 4 17 ooo 4 13 o+o 5 9 oo+ 5 8 ooo 5 6 ooo 5 7 ooo 5 17 oo+ 5 13 o+o 5 18 ooo 5 15 ooo 5 16 o++ 5 19 ooo 5 14 ooo 5 12 oo+ 6 13 ooo 6 18 ooo 6 19 ooo 6 12 oo+ 7 14 ooo 7 15 -oo 7 16 o++ 7 17 oo+ 8 13 o+o 8 14 ooo 8 17 ooo 8 19 ooo 9 12 ooo 9 16 o+o 9 18 ++o 9 15 oo- 10 14 +oo 10 12 ooo 10 19 ooo 10 16 ooo 11 15 o-o 11 18 +oo 11 17 +o+ 11 13 ooo
mp-1188599,Gd3Sb4Au3,308,893,895,585,2.8993506493506493,0,True,383,0.5711086226203808,Gd Gd Gd Gd Gd Gd Sb Sb Sb Sb Sb Sb Sb Sb Au Au Au Au Au Au 0 19 oo- 0 17 o-o 0 18 ooo 0 16 +oo 0 13 +oo 0 12 +oo 0 6 ooo 0 7 oo- 0 8 +oo 0 11 +oo 0 9 o-- 0 10 ooo 1 17 ooo 1 16 ooo 1 18 ooo 1 19 o+o 1 9 ooo 1 11 ooo 1 10 o+o 1 8 +oo 1 6 ooo 1 7 o+o 1 12 ++o 1 13 ooo 2 14 ooo 2 15 o-o 2 19 -oo 2 18 oo+ 2 13 oo+ 2 11 oo+ 2 7 ooo 2 8 o-o 2 6 oo+ 2 10 oo+ 2 12 ooo 2 9 --o 3 14 ooo 3 18 ooo 3 19 ooo 3 15 +oo 3 9 ooo 3 10 ooo 3 12 +oo 3 6 oo+ 3 7 ooo 3 8 +oo 3 11 +o+ 3 13 ooo 4 15 oo- 4 16 ooo 4 17 -oo 4 14 o+o 4 13 o+o 4 10 o+o 4 6 -oo 4 8 ooo 4 7 o+o 4 12 o+o 4 9 -o- 4 11 ooo 5 16 ooo 5 15 ooo 5 14 ooo 5 17 oo+ 5 9 ooo 5 12 ooo 5 11 oo+ 5 7 o+o 5 8 ooo 5 6 oo+ 5 10 o++ 5 13 ooo 6 17 ooo 6 18 ooo 6 14 oo- 7 16 o-o 7 19 ooo 7 14 ooo 8 16 ooo 8 15 ooo 8 18 -oo 9 15 +oo 9 19 o+o 9 17 oo+ 10 18 ooo 10 17 o-o 10 15 o-- 11 16 ooo 11 15 oo- 11 19 -o- 12 14 ooo 12 17 --o 12 19 -oo 13 16 ooo 13 14 ooo 13 18 ooo
mp-554519,Gd4Ti(SeO)4,127,346,348,219,2.7244094488188977,0,False,0,1.0,Gd Gd Gd Gd Ti Se Se Se Se O O O O 0 12 ooo 0 11 o+o 0 11 +oo 0 5 o-o 0 5 -oo 0 6 oo+ 0 7 o+o 0 7 +oo 1 9 ooo 1 10 -oo 1 10 o-o 1 5 o-o 1 5 -oo 1 7 +oo 1 7 o+o 1 8 oo- 2 12 o-o 2 12 -oo 2 9 ooo 2 11 ooo 2 5 o-o 2 5 -oo 2 8 -oo 2 8 o-o 3 9 o+o 3 9 +oo 3 12 ooo 3 10 ooo 3 6 o+o 3 6 +oo 3 7 o+o 3 7 +oo 4 11 oo- 4 10 --o 4 6 o-o 4 6 -oo 4 8 o-- 4 8 -o-
mp-1184486,GdErO3,59,155,157,96,2.6271186440677967,0,False,0,1.0,Gd Er O O O 0 3 -o- 0 3 oo- 0 3 ooo 0 3 -oo 0 4 o-- 0 4 ooo 0 4 o-o 0 4 oo- 0 2 ooo 0 2 --o 0 2 o-o 0 2 -oo 1 4 ooo 1 4 +oo 1 3 o+o 1 3 ooo 1 2 oo+ 1 2 ooo
mp-510575,GdMnO3,188,533,535,345,2.8351063829787235,0,True,23,0.9568480300187617,Gd Gd Gd Gd Mn Mn Mn Mn O O O O O O O O O O O O 0 9 ooo 0 13 ooo 0 19 ooo 0 8 ooo 0 18 ooo 0 12 ooo 0 15 oo- 0 17 ooo 1 8 +-o 1 18 o-o 1 12 o-o 1 9 +oo 1 19 ooo 1 13 ooo 1 16 +o- 1 14 +oo 2 11 ooo 2 17 ooo 2 15 ooo 2 10 ooo 2 14 ooo 2 16 ooo 2 13 ooo 2 19 oo+ 3 10 -+o 3 16 o+o 3 14 o+o 3 11 -oo 3 17 ooo 3 15 ooo 3 12 -o+ 3 18 -oo 4 12 o-o 4 16 oo- 4 10 oo- 4 8 o-o 4 19 ooo 4 15 o-- 5 17 ooo 5 13 -oo 5 11 -oo 5 9 ooo 5 18 -oo 5 14 ooo 6 18 o-o 6 14 ooo 6 8 o-o 6 10 ooo 6 13 ooo 6 17 o-o 7 15 oo- 7 19 -oo 7 11 -o- 7 9 ooo 7 12 -oo 7 16 oo-
mp-550437,GdTe2ClO5,75,196,198,121,2.6133333333333333,0,False,0,1.0,Gd Te Te Cl O O O O O 0 5 o-o 0 5 ooo 0 4 -oo 0 4 ooo 0 6 o-- 0 6 oo- 0 8 -o- 0 8 oo- 0 7 o-o 0 7 -oo 0 7 --o 0 7 ooo 1 8 o+o 1 8 ooo 1 6 +oo 1 6 ooo 1 7 oo+ 2 5 +oo 2 5 ooo 2 4 ooo 2 4 o+o 2 7 ooo
mp-569393,GdTlSe2,40,107,109,67,2.675,0,False,0,1.0,Gd Tl Se Se 0 3 oo+ 0 3 o+o 0 3 +oo 0 2 oo- 0 2 o-o 0 2 -oo 1 3 oo- 1 3 o-o 1 3 -oo 1 2 --o 1 2 -o- 1 2 o--
mp-1224573,GdY3(FeO3)4,188,528,530,340,2.8085106382978724,0,True,18,0.9659090909090909,Gd Y Y Y Fe Fe Fe Fe O O O O O O O O O O O O 0 17 ooo 0 15 ooo 0 9 -oo 0 16 ooo 0 8 ooo 0 14 -oo 0 11 ooo 0 13 -oo 1 16 o-+ 1 8 oo+ 1 14 -o+ 1 17 o-o 1 15 ooo 1 9 -oo 1 12 o-o 1 10 --o 2 19 ooo 2 13 ooo 2 11 ooo 2 18 ooo 2 10 ooo 2 12 ooo 2 9 ooo 2 15 ooo 3 18 o+- 3 10 oo- 3 12 oo- 3 19 o+o 3 13 ooo 3 11 ooo 3 14 o+o 3 8 o+o 4 14 ooo 4 10 oo- 4 18 oo- 4 16 +oo 4 13 ooo 4 9 oo- 5 11 ooo 5 15 o+o 5 17 ooo 5 19 o+o 5 12 ooo 5 8 o+o 6 8 ooo 6 12 oo- 6 18 oo- 6 16 ooo 6 11 ooo 6 15 oo- 7 13 ooo 7 9 o+o 7 17 +oo 7 19 o+o 7 10 ooo 7 14 o+o
mp-137,Ge,84,235,237,151,2.7976190476190474,0,False,0,1.0,Ge Ge Ge Ge Ge Ge Ge Ge Ge Ge Ge Ge 0 5 o-- 0 7 -oo 0 10 oo- 0 4 ooo 1 9 ooo 1 10 ooo 1 5 ooo 1 8 ooo 2 11 ooo 2 4 ooo 2 7 ooo 2 6 ooo 3 8 +oo 3 6 o+o 3 11 ooo 3 9 ooo 4 6 -oo 4 5 oo- 5 9 -oo 6 9 ooo 7 10 oo- 7 11 o-o 8 10 o+o 8 11 ooo
mp-27948,Ge(BiTe2)2,61,164,166,103,2.6885245901639343,0,False,0,1.0,Ge Bi Bi Te Te Te Te 0 5 -o- 0 5 o-- 0 5 --o 0 6 o-o 0 6 -oo 0 6 oo- 1 3 -oo 1 3 o-o 1 3 oo- 1 6 +oo 1 6 o+o 1 6 oo+ 2 4 +oo 2 4 o+o 2 4 oo+ 2 5 -oo 2 5 o-o 2 5 oo-
mp-14790,Ge(Te2As)2,61,164,166,103,2.6885245901639343,0,False,0,1.0,Ge Te Te Te Te As As 0 4 -oo 0 4 o-o 0 4 oo- 0 2 o-- 0 2 -o- 0 2 --o 1 6 +oo 1 6 o+o 1 6 oo+ 2 5 o+o 2 5 +oo 2 5 oo+ 3 5 -oo 3 5 o-o 3 5 oo- 4 6 o-o 4 6 -oo 4 6 oo-
mp-14791,Ge2Te5As2,81,218,220,137,2.691358024691358,0,False,0,1.0,Ge Ge Te Te Te Te Te As As 0 2 ooo 0 2 -oo 0 2 o+o 0 5 ooo 0 5 o+o 0 5 ++o 1 6 ooo 1 6 o-o 1 6 +oo 1 5 oo+ 1 5 +++ 1 5 +o+ 2 7 o+o 2 7 ooo 2 7 -oo 3 7 o+o 3 7 -+o 3 7 -oo 4 8 ++o 4 8 +oo 4 8 ooo 6 8 ++o 6 8 ooo 6 8 o+o
mp-1043268,Ge2WO6,102,279,281,177,2.735294117647059,0,False,0,1.0,Ge Ge Ge Ge W W O O O O O O O O O O O O 0 9 ooo 0 6 ooo 0 13 ooo 0 14 ooo 1 8 ooo 1 7 oo+ 1 12 ooo 1 15 ooo 2 7 ooo 2 8 ooo 2 11 ooo 2 16 ooo 3 6 ooo 3 9 oo- 3 10 ooo 3 17 ooo 4 12 ooo 4 13 ooo 4 14 o+o 4 15 -oo 4 17 o+o 4 16 -o+ 5 11 ooo 5 10 ooo 5 17 +oo 5 16 o-o 5 14 +o- 5 15 o-o
mp-541312,Ge3(Te3As)2,101,278,280,177,2.7524752475247523,0,False,0,1.0,Ge Ge Ge Te Te Te Te Te Te As As 0 7 -oo 0 7 o-o 0 7 oo- 0 8 -o- 0 8 o-- 0 8 --o 1 4 o-- 1 4 -o- 1 4 --o 1 8 -oo 1 8 o-o 1 8 oo- 2 3 o++ 2 3 +o+ 2 3 ++o 2 7 o+o 2 7 +oo 2 7 oo+ 3 9 o-o 3 9 -oo 3 9 oo- 4 10 o+o 4 10 +oo 4 10 oo+ 5 10 -oo 5 10 o-o 5 10 oo- 6 9 +oo 6 9 o+o 6 9 oo+
mp-706531,Ge3Ru2,176,521,523,345,2.960227272727273,0,True,11,0.9788867562380038,Ge Ge Ge Ge Ge Ge Ge Ge Ge Ge Ge Ge Ru Ru Ru Ru Ru Ru Ru Ru 0 12 +oo 0 16 ooo 0 18 ooo 0 19 ooo 0 13 +++ 1 15 +oo 1 14 o-o 1 17 ooo 1 13 +oo 1 19 o-o 2 17 ooo 2 16 o-o 2 19 --o 2 15 ooo 3 18 ooo 3 14 oo+ 3 13 o++ 3 12 ooo 4 17 ooo 4 12 oo- 4 13 ooo 4 14 o-o 5 18 ooo 5 15 +oo 5 19 o-o 5 16 o-o 6 17 ooo 6 16 ooo 6 19 ooo 6 15 +oo 7 12 ooo 7 16 o-o 7 18 ooo 7 19 --o 7 13 oo+ 8 15 ooo 8 14 ooo 8 17 ooo 8 13 o+o 8 19 -oo 9 17 ooo 9 12 +o- 9 13 ++o 9 14 ooo 10 18 ooo 10 15 ooo 10 19 -oo 10 16 ooo 11 18 ooo 11 14 o-+ 11 13 +o+ 11 12 +oo
mp-1224326,Ge3Te2Se,60,161,163,101,2.683333333333333,0,False,0,1.0,Ge Ge Ge Te Te Se 0 3 o-o 0 3 --o 0 3 ooo 0 4 -oo 0 4 ooo 0 4 --o 1 5 o+o 1 5 ++o 1 5 ooo 1 4 -oo 1 4 o+o 1 4 ooo 2 5 +o+ 2 5 +++ 2 5 oo+ 2 3 o-o 2 3 +oo 2 3 ooo
mp-568730,Ge4Te7As2,121,338,340,217,2.793388429752066,0,False,0,1.0,Ge Ge Ge Ge Te Te Te Te Te Te Te As As 0 5 ++o 0 5 o++ 0 5 +o+ 0 10 oo+ 0 10 o+o 0 10 +oo 1 9 oo+ 1 9 +oo 1 9 o+o 1 8 ++o 1 8 +o+ 1 8 o++ 2 10 oo- 2 10 -oo 2 10 o-o 2 8 oo+ 2 8 +oo 2 8 o+o 3 6 --o 3 6 o-- 3 6 -o- 3 9 oo- 3 9 o-o 3 9 -oo 4 12 oo+ 4 12 o+o 4 12 +oo 5 12 oo- 5 12 o-o 5 12 -oo 6 11 oo+ 6 11 o+o 6 11 +oo 7 11 oo- 7 11 -oo 7 11 o-o
mp-1224356,Ge5Te4Se,100,269,271,169,2.69,0,False,0,1.0,Ge Ge Ge Ge Ge Te Te Te Te Se 0 6 +++ 0 6 +oo 0 6 oo- 0 6 o+o 0 7 ooo 0 5 ooo 1 7 o-o 1 7 -oo 1 7 --- 1 7 oo+ 1 6 ooo 1 8 ooo 2 9 ooo 2 8 +++ 2 8 oo- 2 8 o+o 2 8 +oo 2 7 ooo 3 9 --- 3 9 oo+ 3 9 o-o 3 9 -oo 3 5 --o 3 8 ooo 4 9 ooo 4 5 oo+ 4 5 o-o 4 5 --- 4 5 -oo 4 6 ooo
mp-1212530,GeC2(NF)6,51,129,131,78,2.5294117647058822,0,False,0,1.0,Ge C C N N N N N N F F F F F F 0 9 oo+ 0 10 ooo 0 13 ooo 0 14 ooo 0 11 ooo 0 12 ooo 1 3 ooo 1 4 ooo 1 8 ooo 2 5 o-- 2 7 o-o 2 6 ooo
mp-1245882,GeCN2,56,145,147,89,2.5892857142857144,0,False,0,1.0,Ge Ge C C N N N N 0 4 --o 0 4 -oo 0 4 ooo 0 5 oo- 0 5 o-- 0 5 --- 1 6 ooo 1 6 o-o 1 6 --o 1 7 --o 1 7 -oo 1 7 ooo 2 7 ooo 2 4 ooo 3 5 ooo 3 6 ooo
mp-1224374,GeNCl3,14,34,36,20,2.4285714285714284,0,False,0,1.0,Ge N Cl Cl Cl 0 4 ooo 0 2 ooo 0 3 ooo
mp-1095275,GeP,75,203,205,128,2.7066666666666666,0,False,0,1.0,Ge Ge Ge Ge Ge Ge P P P P P P 0 6 -oo 0 6 o-o 0 9 oo+ 0 2 ooo 1 7 o+o 1 7 +oo 1 8 oo- 1 3 ooo 2 10 ooo 2 8 -oo 2 8 o-o 3 11 ooo 3 9 o+o 3 9 +oo 4 10 o+o 4 10 +oo 4 6 ooo 4 5 ++o 5 11 o-o 5 11 -oo 5 7 ooo
mp-2612,GeTe,20,53,55,33,2.65,0,False,0,1.0,Ge Te 0 1 o-o 0 1 -oo 0 1 o-- 0 1 oo- 0 1 -o- 0 1 --o
mp-8645,GeTe7As4,102,287,289,185,2.8137254901960786,0,False,0,1.0,Ge Te Te Te Te Te Te Te As As As As 0 6 -oo 0 6 --o 0 6 ooo 0 5 o-o 0 5 ooo 0 5 --o 1 11 -oo 1 11 --o 1 11 ooo 2 10 o-o 2 10 --o 2 10 ooo 3 9 o-o 3 9 +oo 3 9 ooo 4 8 -oo 4 8 o+o 4 8 ooo 5 11 o+o 5 11 -oo 5 11 ooo 6 10 o-o 6 10 +oo 6 10 ooo 7 9 o-- 7 9 oo- 7 9 --- 7 8 -oo 7 8 --o 7 8 ooo
mp-690112,H(WO3)2,45,113,115,68,2.511111111111111,0,False,0,1.0,H W W O O O O O O 1 6 ooo 1 8 ooo 1 4 o+o 1 7 ooo 1 5 o++ 1 3 ooo 2 3 ooo 2 5 ooo 2 4 ooo 2 7 +oo 2 8 +o+ 2 6 +-o
mp-1097002,Hf(TeSe3)2,90,257,259,167,2.8555555555555556,0,False,0,1.0,Hf Hf Te Te Te Te Se Se Se Se Se Se Se Se Se Se Se Se 0 6 ooo 0 15 o-- 0 7 o-- 0 10 ooo 0 12 oo- 0 13 o-o 1 17 -oo 1 16 ooo 1 11 ooo 1 14 -oo 1 8 ooo 1 9 -oo 2 6 o+o 2 13 +oo 2 14 ooo 3 17 ooo 3 8 ooo 3 7 ooo 4 16 ooo 4 9 ooo 4 10 ooo 5 15 o-o 5 12 -oo 5 11 ooo
mp-1095963,Hf2MnZn,16,43,45,27,2.6875,0,False,0,1.0,Hf Hf Mn Zn 0 2 ooo 0 3 ooo 1 2 o++ 1 3 ooo
mp-1096095,Hf2ZnMo,16,43,45,27,2.6875,0,False,0,1.0,Hf Hf Zn Mo 0 3 ooo 0 2 ooo 1 3 ooo 1 2 o++
mp-1097087,HfCdAu2,16,43,45,27,2.6875,0,False,0,1.0,Hf Cd Au Au 0 3 ooo 0 2 ooo 1 2 ooo 1 3 o--
mp-1097490,HfCo2Sb,16,43,45,27,2.6875,0,False,0,1.0,Hf Co Co Sb 0 2 ooo 0 1 ooo 1 3 ooo 2 3 o++
mp-1239262,HfCrAgS4,61,160,162,99,2.622950819672131,0,False,0,1.0,Hf Cr Ag S S S S 0 6 oo- 0 6 +o- 0 3 +-o 0 3 o-o 0 5 o-- 0 4 ooo 1 4 ooo 1 4 -oo 1 5 -o- 1 5 oo- 1 3 ooo 1 6 oo- 2 3 ooo 2 6 ooo 2 5 -oo 2 5 ooo 2 4 ooo 2 4 -oo
mp-1239216,HfCrCuS4,122,331,333,209,2.7131147540983607,0,False,0,1.0,Hf Hf Cr Cr Cu Cu S S S S S S S S 0 13 -oo 0 6 -oo 0 10 ooo 0 8 ooo 0 12 ooo 0 7 ooo 1 11 ooo 1 9 o-o 1 7 ooo 1 12 o-o 1 10 ooo 1 8 o-o 2 13 ooo 2 6 ooo 2 12 ooo 2 7 ooo 2 11 ooo 2 9 ooo 3 13 -oo 3 6 -+o 3 8 ooo 3 10 o+o 3 9 -oo 3 11 -+o 4 6 oo+ 4 13 o-o 4 11 ooo 4 9 o-+ 4 10 +oo 4 8 +-+ 5 7 oo+ 5 12 o-o 5 8 o-+ 5 10 ooo 5 11 ooo 5 9 o-+
mp-1247303,HfCrCuS4,122,331,333,209,2.7131147540983607,0,False,0,1.0,Hf Hf Cr Cr Cu Cu S S S S S S S S 0 7 ooo 0 12 ooo 0 6 ooo 0 13 -oo 0 8 ooo 0 10 ooo 1 7 ooo 1 12 ooo 1 13 ooo 1 6 +oo 1 11 ooo 1 9 ooo 2 6 ++o 2 13 ooo 2 9 ooo 2 8 +oo 2 11 o+o 2 10 ++o 3 7 ooo 3 12 o-o 3 9 o-o 3 8 o-o 3 10 ooo 3 11 ooo 4 13 --o 4 6 oo+ 4 10 ooo 4 11 -oo 4 9 --+ 4 8 o-+ 5 12 o-- 5 7 ooo 5 8 o-o 5 9 o-o 5 10 oo- 5 11 oo-
mp-567817,HfGeTe4,84,233,235,149,2.7738095238095237,0,False,0,1.0,Hf Hf Ge Ge Te Te Te Te Te Te Te Te 0 6 -oo 0 6 ooo 0 2 ooo 0 7 ooo 0 7 -oo 0 5 ooo 0 9 -oo 0 9 ooo 1 4 +oo 1 4 ooo 1 3 ooo 1 10 ooo 1 10 +oo 1 11 ooo 1 8 +oo 1 8 ooo 2 11 ooo 2 11 -oo 2 4 ooo 3 5 oo+ 3 5 +o+ 3 6 oo+ 7 9 ooo 8 10 ooo
mp-1033223,HfMg6BO7,138,382,384,244,2.7681159420289854,0,False,0,1.0,Hf Mg Mg Mg Mg Mg Mg B O O O O O O O 0 8 ooo 0 12 oo- 0 12 ooo 0 14 ooo 0 14 o-o 1 11 o+o 1 11 ooo 1 13 ooo 1 13 oo+ 1 10 ooo 1 9 +oo 2 14 ooo 2 14 oo+ 2 12 o+o 2 12 ooo 2 9 ooo 2 10 ooo 3 11 -oo 3 9 ooo 3 9 o-o 3 12 ooo 4 11 ooo 4 10 ooo 4 10 o-o 4 8 oo+ 4 8 ooo 4 12 ooo 5 13 -oo 5 9 ooo 5 9 oo- 5 14 ooo 6 13 ooo 6 10 ooo 6 10 oo- 6 8 ooo 6 8 o+o 6 14 ooo 7 13 -oo 7 13 --o 7 11 -o- 7 11 -oo
mp-1033290,HfMg6BO7,129,357,359,228,2.7674418604651163,0,False,0,1.0,Hf Mg Mg Mg Mg Mg Mg B O O O O O O O 0 8 ooo 0 12 oo- 0 12 ooo 0 14 ooo 0 14 o-o 0 9 ooo 1 13 ooo 1 13 oo+ 1 11 ooo 1 11 o+o 1 10 ooo 2 10 ooo 2 12 o+o 2 12 ooo 2 14 ooo 2 14 oo+ 3 11 -oo 3 8 ooo 3 8 oo+ 4 11 ooo 4 10 o-o 4 10 ooo 4 9 oo+ 4 9 ooo 4 12 ooo 5 13 -oo 5 8 o+o 5 8 ooo 6 13 ooo 6 10 ooo 6 10 oo- 6 9 o+o 6 9 ooo 6 14 ooo 7 11 -o- 7 11 -oo 7 13 --o 7 13 -oo
mp-1033374,HfMg6BO7,141,388,390,247,2.75177304964539,0,False,0,1.0,Hf Mg Mg Mg Mg Mg Mg B O O O O O O O 0 9 ooo 0 10 -oo 0 11 -+o 0 11 -oo 0 13 -o+ 0 13 -oo 1 8 ooo 1 14 o-o 1 14 ooo 1 12 ooo 1 12 oo- 1 7 ooo 2 14 oo+ 2 14 ooo 2 12 o+o 2 12 ooo 2 10 ooo 2 9 ooo 3 12 ooo 3 9 o-o 3 9 ooo 3 11 -oo 3 7 oo+ 3 7 ooo 4 11 ooo 4 10 ooo 4 10 o-o 4 8 oo+ 4 8 ooo 4 12 ooo 5 14 ooo 5 9 ooo 5 9 oo- 5 13 -oo 5 7 ooo 5 7 o+o 6 13 ooo 6 10 ooo 6 10 oo- 6 8 ooo 6 8 o+o 6 14 ooo
mp-1033246,HfMg6BiO8,136,379,381,243,2.786764705882353,0,False,0,1.0,Hf Mg Mg Mg Mg Mg Mg Bi O O O O O O O O 0 9 ooo 0 8 ooo 0 15 o-o 0 15 ooo 0 13 oo- 0 13 ooo 1 14 ooo 1 14 oo+ 1 12 o+o 1 12 ooo 1 10 ooo 1 11 -oo 2 15 oo+ 2 15 ooo 2 13 o+o 2 13 ooo 3 10 o-o 3 10 ooo 3 8 oo+ 3 8 ooo 3 12 ooo 4 11 ooo 4 11 o-o 4 9 oo+ 4 9 ooo 4 12 +oo 5 10 ooo 5 10 oo- 5 8 ooo 5 8 o+o 5 14 ooo 6 11 oo- 6 11 ooo 6 9 o+o 6 9 ooo 6 14 +oo 7 14 ooo 7 14 o-o 7 12 oo- 7 12 ooo
mp-1031738,HfMg6CoO8,160,447,449,287,2.79375,0,False,0,1.0,Hf Mg Mg Mg Mg Mg Mg Co O O O O O O O O 0 9 ooo 0 8 ooo 0 13 ooo 0 13 oo- 0 15 o-o 0 15 ooo 1 14 oo+ 1 14 ooo 1 12 ooo 1 12 o+o 1 11 -oo 1 10 ooo 2 13 ooo 2 13 o+o 2 15 ooo 2 15 oo+ 2 11 ooo 2 10 ooo 3 12 ooo 3 10 o-o 3 10 ooo 3 8 oo+ 3 8 ooo 3 13 ooo 4 12 +oo 4 11 o-o 4 11 ooo 4 9 ooo 4 9 oo+ 4 13 ooo 5 14 ooo 5 10 oo- 5 10 ooo 5 8 o+o 5 8 ooo 5 15 ooo 6 14 +oo 6 11 ooo 6 11 oo- 6 9 o+o 6 9 ooo 6 15 ooo 7 12 ooo 7 12 oo- 7 14 ooo 7 14 o-o 7 9 -oo 7 8 ooo
mp-1033387,HfMg6CrO8,160,447,449,287,2.79375,0,False,0,1.0,Hf Mg Mg Mg Mg Mg Mg Cr O O O O O O O O 0 9 ooo 0 8 ooo 0 15 o-o 0 15 ooo 0 13 ooo 0 13 oo- 1 12 ooo 1 12 o+o 1 14 ooo 1 14 oo+ 1 10 ooo 1 11 -oo 2 15 ooo 2 15 oo+ 2 13 ooo 2 13 o+o 2 10 ooo 2 11 ooo 3 12 ooo 3 10 o-o 3 10 ooo 3 8 oo+ 3 8 ooo 3 13 ooo 4 12 +oo 4 11 ooo 4 11 o-o 4 9 ooo 4 9 oo+ 4 13 ooo 5 14 ooo 5 10 oo- 5 10 ooo 5 8 o+o 5 8 ooo 5 15 ooo 6 14 +oo 6 11 oo- 6 11 ooo 6 9 ooo 6 9 o+o 6 15 ooo 7 14 o-o 7 14 ooo 7 12 oo- 7 12 ooo 7 9 -oo 7 8 ooo
mp-1031357,HfMg6TiO8,160,447,449,287,2.79375,0,False,0,1.0,Hf Mg Mg Mg Mg Mg Mg Ti O O O O O O O O 0 14 oo+ 0 14 ooo 0 12 o+o 0 12 ooo 0 11 -oo 0 10 ooo 1 8 ooo 1 9 ooo 1 15 o-o 1 15 ooo 1 13 ooo 1 13 oo- 2 10 ooo 2 11 ooo 2 13 o+o 2 13 ooo 2 15 ooo 2 15 oo+ 3 13 ooo 3 10 o-o 3 10 ooo 3 8 oo+ 3 8 ooo 3 12 ooo 4 13 ooo 4 11 ooo 4 11 o-o 4 9 oo+ 4 9 ooo 4 12 +oo 5 15 ooo 5 10 oo- 5 10 ooo 5 8 o+o 5 8 ooo 5 14 ooo 6 15 ooo 6 11 ooo 6 11 oo- 6 9 o+o 6 9 ooo 6 14 +oo 7 14 ooo 7 14 o-o 7 12 oo- 7 12 ooo 7 8 ooo 7 9 -oo
mp-1031359,HfMg6TiO8,160,447,449,287,2.79375,0,False,0,1.0,Hf Mg Mg Mg Mg Mg Mg Ti O O O O O O O O 0 9 ooo 0 8 ooo 0 15 ooo 0 15 o-o 0 13 oo- 0 13 ooo 1 10 ooo 1 11 -oo 1 14 oo+ 1 14 ooo 1 12 ooo 1 12 o+o 2 13 o+o 2 13 ooo 2 15 oo+ 2 15 ooo 2 10 ooo 2 11 ooo 3 12 ooo 3 10 ooo 3 10 o-o 3 8 oo+ 3 8 ooo 3 13 ooo 4 12 +oo 4 11 ooo 4 11 o-o 4 9 oo+ 4 9 ooo 4 13 ooo 5 14 ooo 5 10 ooo 5 10 oo- 5 8 o+o 5 8 ooo 5 15 ooo 6 14 +oo 6 11 ooo 6 11 oo- 6 9 o+o 6 9 ooo 6 15 ooo 7 12 oo- 7 12 ooo 7 14 ooo 7 14 o-o 7 9 -oo 7 8 ooo
mp-1097250,HfMgHg2,16,43,45,27,2.6875,0,False,0,1.0,Hf Mg Hg Hg 0 3 ooo 0 2 ooo 1 2 ooo 1 3 o--
mp-924128,HfNiSn,45,120,122,75,2.6666666666666665,0,False,0,1.0,Hf Ni Sn 0 1 ooo 0 1 o-o 0 1 oo- 0 1 -oo 0 2 --o 0 2 oo- 0 2 -o- 0 2 -oo 0 2 o-- 0 2 o-o 1 2 ooo 1 2 o-o 1 2 oo- 1 2 -oo
mp-1093729,HfPtAu2,16,43,45,27,2.6875,0,False,0,1.0,Hf Pt Au Au 0 2 ooo 0 3 o-- 1 3 ooo 1 2 ooo
mp-15622,HfSe3,56,151,153,95,2.6964285714285716,0,False,0,1.0,Hf Hf Se Se Se Se Se Se 0 4 -oo 0 4 ooo 0 6 -oo 0 6 ooo 0 3 -oo 0 3 ooo 0 5 o+o 0 5 ooo 1 5 +oo 1 5 ooo 1 7 +oo 1 7 ooo 1 2 +oo 1 2 ooo 1 4 o-o 1 4 ooo
mp-9397,HfTlCuSe3,108,303,305,195,2.8055555555555554,0,False,0,1.0,Hf Hf Tl Tl Cu Cu Se Se Se Se Se Se 0 9 -oo 0 9 ooo 0 8 --o 0 8 o-o 0 10 ooo 0 11 --o 1 6 -oo 1 6 ooo 1 7 o-- 1 7 --- 1 10 oo- 1 11 --o 2 11 -oo 2 11 ooo 2 9 -oo 2 9 ooo 2 6 -oo 2 6 ooo 3 10 +oo 3 10 ooo 3 7 ooo 3 7 +oo 3 8 +oo 3 8 ooo 4 7 ooo 4 8 ooo 4 10 o+o 4 10 ++o 5 9 ooo 5 6 ooo 5 11 --o 5 11 o-o
mp-1097091,HfZnRh2,16,43,45,27,2.6875,0,False,0,1.0,Hf Zn Rh Rh 0 3 ooo 0 2 ooo 1 2 ooo 1 3 o--
mp-1546032,Hg,78,209,211,131,2.6794871794871793,0,False,0,1.0,Hg Hg Hg Hg Hg Hg 0 2 -oo 0 4 ooo 0 3 o+o 0 3 ooo 0 3 -oo 0 5 --o 0 5 -oo 0 5 ooo 1 3 ooo 1 5 --- 1 2 --- 1 2 -o- 1 2 oo- 1 4 ooo 1 4 o-o 1 4 --o 2 4 oo+ 2 4 o-+ 2 3 oo+ 2 3 ooo 3 5 o-o 3 5 ooo 4 5 oo- 4 5 ooo
mp-2629196,Hg,3,8,10,5,2.6666666666666665,0,False,0,1.0,Hg Hg Hg
mp-3167,Hg2GeSe4,43,116,118,73,2.697674418604651,0,False,0,1.0,Hg Hg Ge Se Se Se Se 0 3 oo- 0 4 ooo 0 6 ooo 0 5 oo- 1 4 -oo 1 3 ooo 1 5 o+o 1 6 ooo 2 5 ooo 2 6 ooo 2 4 o-o 2 3 +oo
mp-22999,Hg3(ClO)2,110,297,299,187,2.7,0,False,0,1.0,Hg Hg Hg Hg Hg Hg Cl Cl Cl Cl O O O O 0 10 ooo 0 11 +oo 0 13 oo- 0 7 +oo 0 6 oo- 1 11 ooo 1 10 ooo 1 12 ooo 1 6 oo- 1 7 ooo 2 12 ooo 2 13 -oo 2 11 oo+ 2 8 -oo 2 9 oo+ 3 13 ooo 3 12 ooo 3 10 ooo 3 9 oo+ 3 8 ooo 4 10 ooo 4 12 o-o 4 6 o-o 4 7 ooo 4 8 o-o 4 9 ooo 5 13 -o- 5 11 o-o 5 6 --- 5 7 oo- 5 8 --o 5 9 ooo
mp-974603,HgF2,42,109,111,67,2.5952380952380953,0,False,0,1.0,Hg Hg F F F F 0 3 --o 0 2 ooo 0 5 o-- 0 5 o-o 0 4 -o- 0 4 -oo 1 4 ooo 1 5 ooo 1 3 oo+ 1 3 ooo 1 2 oo+ 1 2 ooo
mp-557266,HgO2,48,127,129,79,2.6458333333333335,0,False,0,1.0,Hg Hg Hg Hg O O O O O O O O 0 5 ooo 0 11 o-o 1 9 --o 1 7 oo- 2 4 ooo 2 8 -oo 3 6 ooo 3 10 oo- 4 8 ooo 5 11 --o 6 10 -o- 7 9 o-+
mp-755333,HgO2,12,30,32,18,2.5,0,False,0,1.0,Hg O O 0 1 oo- 0 2 --o 1 2 ooo
mp-358,HgTe,42,113,115,71,2.6904761904761907,0,False,0,1.0,Hg Hg Hg Te Te Te 0 4 ooo 0 4 +oo 0 5 oo- 0 5 o+- 1 5 o+o 1 5 -oo 1 3 -oo 1 3 ooo 2 4 +oo 2 4 o-o 2 3 o-o 2 3 ooo
mp-1212366,Ho(ZnP)3,116,319,321,203,2.75,0,False,0,1.0,Ho Ho Zn Zn Zn Zn Zn Zn P P P P P P 0 10 -oo 0 10 ooo 0 10 --o 0 11 o-- 0 11 oo- 0 11 --- 1 8 o-o 1 8 ooo 1 8 --o 1 9 -oo 1 9 --o 1 9 ooo 2 13 -oo 2 13 o+o 2 13 ooo 3 12 +oo 3 12 o-o 3 12 ooo 4 10 -oo 4 10 o+o 4 10 ooo 4 12 ooo 5 11 o-o 5 11 +oo 5 11 ooo 5 13 ooo 6 8 o-o 6 8 +oo 6 8 ooo 6 13 ooo 7 9 -oo 7 9 o+o 7 9 ooo 7 12 ooo
mp-1189310,Ho3Cu3Sb4,308,897,899,589,2.9123376623376624,0,True,387,0.568561872909699,Ho Ho Ho Ho Ho Ho Cu Cu Cu Cu Cu Cu Sb Sb Sb Sb Sb Sb Sb Sb 0 9 o-o 0 8 +oo 0 10 ooo 0 11 oo- 0 12 ooo 0 19 +oo 0 18 +oo 0 13 oo- 0 17 +oo 0 16 ooo 0 15 o-- 0 14 +oo 1 8 ooo 1 9 ooo 1 10 ooo 1 11 o+o 1 14 +oo 1 16 o+o 1 17 ooo 1 15 ooo 1 18 ++o 1 19 ooo 1 13 o+o 1 12 ooo 2 11 -oo 2 7 o-o 2 6 ooo 2 10 oo+ 2 17 oo+ 2 13 ooo 2 14 o-o 2 19 oo+ 2 16 oo+ 2 12 oo+ 2 15 --o 2 18 ooo 3 11 ooo 3 6 ooo 3 7 +oo 3 10 ooo 3 18 +oo 3 15 ooo 3 12 oo+ 3 16 ooo 3 19 ooo 3 14 +oo 3 13 ooo 3 17 +o+ 4 9 -oo 4 8 ooo 4 7 oo- 4 6 o+o 4 19 o+o 4 16 o+o 4 14 ooo 4 12 -oo 4 13 o+o 4 15 -o- 4 18 o+o 4 17 ooo 5 6 ooo 5 7 ooo 5 8 ooo 5 9 oo+ 5 15 ooo 5 13 o+o 5 17 oo+ 5 18 ooo 5 14 ooo 5 12 oo+ 5 16 o++ 5 19 ooo 6 18 ooo 6 13 ooo 6 19 ooo 6 12 oo+ 7 17 oo+ 7 15 -oo 7 16 o++ 7 14 ooo 8 19 ooo 8 14 ooo 8 13 o+o 8 17 ooo 9 16 o+o 9 12 ooo 9 15 oo- 9 18 ++o 10 16 ooo 10 19 ooo 10 12 ooo 10 14 +oo 11 13 ooo 11 15 o-o 11 17 +o+ 11 18 +oo
mp-1104812,Ho3SbO3,134,363,365,229,2.708955223880597,0,False,0,1.0,Ho Ho Ho Ho Ho Ho Sb Sb O O O O O O 0 9 o-o 0 9 -oo 0 8 ooo 0 13 ooo 0 6 o-o 0 6 -oo 0 7 -oo 0 7 o-o 1 8 +oo 1 8 o+o 1 9 ooo 1 12 ooo 1 6 o+o 1 6 +oo 1 7 +oo 1 7 o+o 2 8 ooo 2 12 -oo 2 12 o-o 2 10 ooo 2 7 -oo 2 7 o-o 3 9 ooo 3 13 +oo 3 13 o+o 3 11 ooo 3 6 o+o 3 6 +oo 4 13 ++o 4 10 +o+ 4 10 o++ 4 11 ooo 4 6 o+o 4 6 +oo 5 12 --o 5 11 -o- 5 11 o-- 5 10 ooo 5 7 o-o 5 7 -oo
mp-1223970,Ho4MnS7,108,292,294,184,2.7037037037037037,0,False,0,1.0,Ho Ho Ho Ho Mn S S S S S S S 0 9 +oo 0 9 o+o 0 6 +oo 0 6 o+o 0 7 o+o 0 7 +oo 0 8 oo- 1 10 -oo 1 10 o-o 1 8 o-o 1 8 -oo 1 5 o-o 1 5 -oo 1 7 oo+ 2 9 ++o 2 10 oo- 2 8 +o- 2 8 o+- 2 7 +oo 2 7 o+o 3 11 o-o 3 11 -oo 3 6 ooo 3 10 --o 3 5 -oo 3 5 o-o 4 9 ++o 4 11 +oo 4 11 o+o 4 6 +oo 4 6 o+o 4 5 ooo
mp-2230947,Ho5Mg(MoO6)2,176,497,499,321,2.8238636363636362,0,False,0,1.0,Ho Ho Ho Ho Ho Mg Mo Mo O O O O O O O O O O O O 0 10 ooo 0 11 ooo 0 12 ooo 0 13 ooo 0 15 ooo 0 14 -oo 0 19 o+o 1 8 ooo 1 9 ooo 1 14 ooo 1 15 ooo 1 13 ooo 1 12 +oo 1 18 o-o 2 9 ooo 2 8 -oo 2 18 ooo 2 11 oo- 2 10 oo- 2 13 ooo 2 12 ooo 3 11 ooo 3 10 +oo 3 19 ooo 3 9 oo+ 3 8 oo+ 3 15 ooo 3 14 ooo 4 16 --o 4 17 ooo 4 13 --o 4 15 ooo 4 12 o-o 4 14 -oo 5 19 ooo 5 18 o-o 5 14 ooo 5 12 o-o 5 15 ooo 5 13 o-o 6 17 +o- 6 16 o-o 6 8 ooo 6 11 o-- 6 19 oo- 6 18 o-o 7 16 --o 7 17 oo- 7 10 o-- 7 9 ooo 7 18 o-o 7 19 oo-
mp-1079429,HoAgSe2,74,199,201,125,2.689189189189189,0,False,0,1.0,Ho Ho Ag Ag Se Se Se Se 0 5 ooo 0 5 o+o 0 4 ooo 0 7 ooo 0 7 -oo 0 6 ooo 1 4 --- 1 4 o-- 1 5 ooo 1 6 ooo 1 6 o-o 1 7 --- 2 6 +o+ 2 7 ooo 2 7 o-o 2 5 +oo 2 5 ooo 3 7 ooo 3 6 +oo 3 6 ooo 3 4 oo- 3 4 o--
mp-2011092,HoAsS,144,393,395,249,2.7291666666666665,0,False,0,1.0,Ho Ho Ho Ho As As As As S S S S 0 11 o-o 0 11 --o 0 11 ooo 0 11 -oo 0 8 ooo 0 7 ooo 0 7 o-o 0 5 oo+ 0 5 -o+ 1 10 ooo 1 10 -oo 1 10 --o 1 10 o-o 1 9 ooo 1 6 o-o 1 6 ooo 1 4 -oo 1 4 ooo 2 9 ++o 2 9 o+o 2 9 ooo 2 9 +oo 2 10 ooo 2 5 ooo 2 5 o+o 2 7 oo- 2 7 +o- 3 8 ooo 3 8 +oo 3 8 o+o 3 8 ++o 3 11 ooo 3 4 o+o 3 4 ooo 3 6 ooo 3 6 +oo 4 6 +-o 4 6 o-o 4 6 +oo 4 6 ooo 5 7 oo- 5 7 +o- 5 7 o-- 5 7 +--
mp-1206626,HoCuTe2,46,123,125,77,2.6739130434782608,0,False,0,1.0,Ho Cu Te Te 0 3 o-o 0 3 ooo 0 3 --o 0 2 -o- 0 2 oo- 0 2 --- 0 1 oo- 0 1 ooo 1 2 -oo 1 2 ooo 1 2 --o 1 3 o-o 1 3 --o 1 3 ooo
mp-22081,HoMnO3,188,531,533,343,2.824468085106383,0,True,21,0.96045197740113,Ho Ho Ho Ho Mn Mn Mn Mn O O O O O O O O O O O O 0 17 -+o 0 14 o+o 0 9 o+o 0 19 -oo 0 11 ooo 0 12 ooo 0 10 -o+ 0 13 -oo 1 16 ooo 1 8 ooo 1 15 ooo 1 18 ooo 1 13 ooo 1 10 ooo 1 12 ooo 1 11 oo- 2 19 ooo 2 11 ooo 2 12 ooo 2 17 ooo 2 14 ooo 2 9 ooo 2 15 oo+ 2 8 ooo 3 18 +-o 3 13 o-o 3 10 o-o 3 16 +oo 3 8 ooo 3 15 ooo 3 9 +oo 3 14 +o- 4 9 ooo 4 13 o-o 4 17 ooo 4 18 o-o 4 12 o-o 4 8 ooo 5 12 ooo 5 8 -oo 5 16 ooo 5 19 -oo 5 13 -oo 5 9 ooo 6 15 -oo 6 11 oo- 6 16 ooo 6 19 -o- 6 10 -oo 6 14 oo- 7 14 oo- 7 10 o-o 7 18 o-o 7 17 oo- 7 15 ooo 7 11 o--
mp-567418,HoSbPd,45,120,122,75,2.6666666666666665,0,False,0,1.0,Ho Sb Pd 0 1 oo- 0 1 -oo 0 1 ooo 0 1 o-o 0 2 -o- 0 2 oo- 0 2 o-o 0 2 o-- 0 2 --o 0 2 -oo 1 2 o-o 1 2 -oo 1 2 oo- 1 2 ooo
mp-1223909,In2AgTe3I,43,115,117,72,2.6744186046511627,0,False,0,1.0,In In Ag Te Te Te I 0 6 ooo 0 5 ooo 0 3 o++ 0 3 +o+ 1 4 o+o 1 4 +oo 1 5 oo- 1 3 ++o 2 6 ooo 2 5 -oo 2 5 o-o 2 4 ooo
mp-1224227,In2CuAg(SnS4)2,110,297,299,187,2.7,0,False,0,1.0,In In Cu Ag Sn Sn S S S S S S S S 0 8 +oo 0 9 +oo 0 7 +oo 0 13 ooo 0 12 oo- 0 11 ooo 1 8 ooo 1 9 ooo 1 6 ooo 1 12 ooo 1 13 oo+ 1 10 ooo 2 12 ooo 2 13 o-o 2 11 ooo 2 10 +oo 3 8 +o- 3 9 ++o 3 6 oo- 3 7 +oo 4 9 ooo 4 7 ooo 4 6 ooo 4 13 ooo 4 10 oo- 4 11 ooo 5 8 o-o 5 7 o-o 5 6 o-o 5 12 ooo 5 10 ooo 5 11 oo+
mp-1224081,In2CuSe3Br,43,115,117,72,2.6744186046511627,0,False,0,1.0,In In Cu Se Se Se Br 0 6 ooo 0 5 o+o 0 4 ooo 0 3 -oo 1 6 +-- 1 3 o-o 1 4 +oo 1 5 oo- 2 3 ooo 2 4 ooo 2 5 oo- 2 6 oo-
mp-22356,In2HgS4,110,297,299,187,2.7,0,False,0,1.0,In In In In Hg Hg S S S S S S S S 0 9 ooo 0 11 o-o 0 13 o-o 0 7 ooo 0 12 ooo 0 6 o-o 1 10 -oo 1 8 ooo 1 13 -oo 1 7 ooo 1 12 ooo 1 6 -oo 2 10 oo- 2 8 ooo 2 9 ooo 2 11 oo- 2 12 ooo 2 6 oo- 3 8 ooo 3 10 ooo 3 9 ooo 3 11 ooo 3 7 ooo 3 13 ooo 4 12 ooo 4 7 oo- 4 9 -oo 4 8 o-o 5 6 ooo 5 13 oo+ 5 11 +oo 5 10 o+o
mp-1096298,In2PdRh,16,43,45,27,2.6875,0,False,0,1.0,In In Pd Rh 0 3 ooo 0 2 ooo 1 3 o++ 1 2 ooo
mp-684944,In2S3,134,376,378,242,2.8059701492537314,0,False,0,1.0,In In In In In In In In S S S S S S S S S S S S 0 9 ooo 0 12 ooo 0 15 ooo 1 13 ooo 1 10 +oo 1 8 o+o 2 14 ooo 2 10 o-o 2 8 -oo 2 15 o-o 2 12 -oo 2 9 --o 3 11 ooo 3 16 ooo 3 17 ooo 3 18 ooo 3 12 -oo 3 15 o-o 4 11 o+o 4 19 ooo 4 16 ooo 4 9 -oo 4 18 ooo 4 15 ooo 5 14 ooo 5 18 ooo 5 10 ooo 5 8 ooo 6 11 +oo 6 19 ooo 6 17 ooo 6 9 o-o 6 18 ooo 6 12 ooo 7 19 ooo 7 16 +oo 7 17 o+o 7 13 oo-
mp-675930,In3AsSe3,86,238,240,152,2.7674418604651163,0,False,0,1.0,In In In In In In As As Se Se Se Se Se Se 0 8 ooo 0 10 oo+ 0 9 +oo 0 9 ooo 1 11 ooo 1 9 oo- 1 10 o+o 1 10 -+o 2 11 ooo 2 12 -+o 2 12 o+o 2 6 ooo 3 12 ooo 3 6 +oo 3 6 ooo 3 7 ooo 4 13 ooo 4 7 o+o 4 7 -+o 4 6 ooo 5 8 ooo 5 13 ooo 5 13 +oo 5 7 ooo
mp-1212167,In5CuSe8,86,239,241,153,2.7790697674418605,0,False,0,1.0,In In In In In Cu Se Se Se Se Se Se Se Se 0 12 ooo 0 13 -oo 0 7 -oo 0 6 ooo 1 11 o-o 1 10 ooo 1 8 o-o 1 9 ooo 2 10 ooo 2 11 -oo 2 8 ooo 2 9 -oo 3 13 ooo 3 12 o-o 3 6 ooo 3 7 o-o 4 9 -o- 4 7 --o 4 6 ooo 4 8 o-- 5 11 ooo 5 13 ooo 5 12 ooo 5 10 ooo
mp-558992,In7GeIrO8,131,366,368,235,2.7938931297709924,0,False,0,1.0,In In In In In In In Ge Ir O O O O O O O O 0 14 ooo 0 10 ooo 0 15 ooo 0 9 ooo 0 8 o++ 1 16 ooo 1 12 ooo 1 13 ooo 1 11 ooo 1 8 +oo 2 12 ooo 2 14 ooo 2 13 ooo 2 15 ooo 2 8 oo+ 3 16 ooo 3 14 ooo 3 13 ooo 3 9 ooo 3 8 o+o 4 16 ooo 4 10 ooo 4 9 ooo 4 11 ooo 4 8 ++o 5 12 ooo 5 10 ooo 5 11 ooo 5 15 ooo 5 8 +o+ 6 10 ooo 6 16 oo+ 6 12 o+o 6 14 +oo 7 11 -oo 7 13 ooo 7 9 o-o 7 15 oo-
mp-1096056,InAgPd2,16,43,45,27,2.6875,0,False,0,1.0,In Ag Pd Pd 0 2 ooo 0 3 ooo 1 2 ooo 1 3 o--
mp-1097000,InAgS2,34,89,91,55,2.6176470588235294,0,False,0,1.0,In Ag S S 0 2 +o+ 0 2 o++ 0 2 ++o 0 3 o+o 0 3 +oo 0 3 oo+ 1 2 ooo 1 3 o-- 1 3 -o- 1 3 --o
mp-19833,InAgS2,56,147,149,91,2.625,0,False,0,1.0,In In Ag Ag S S S S 0 5 oo- 0 4 ooo 0 7 oo- 0 6 ooo 1 4 o-o 1 7 +oo 1 6 ooo 1 5 ooo 2 6 ooo 2 4 -oo 2 5 o+o 2 7 ooo 3 7 o-- 3 6 ooo 3 5 -o- 3 4 --o
mp-1224102,InCuSnS4,110,297,299,187,2.7,0,False,0,1.0,In In Cu Cu Sn Sn S S S S S S S S 0 9 -oo 0 13 ooo 0 12 ooo 0 8 -oo 0 11 ooo 0 7 -oo 1 12 oo- 1 8 ooo 1 9 ooo 1 13 oo- 1 6 ooo 1 10 oo- 2 12 o+o 2 13 oo- 2 11 ooo 2 10 -o- 3 8 o-o 3 9 oo+ 3 7 ooo 3 6 +o+ 4 9 ooo 4 13 o-- 4 10 o-- 4 6 ooo 4 11 o-- 4 7 ooo 5 8 ooo 5 12 ooo 5 7 ooo 5 11 ooo 5 10 ooo 5 6 ooo
mp-1224129,InCuSnSe4,43,116,118,73,2.697674418604651,0,False,0,1.0,In Cu Sn Se Se Se Se 0 5 oo+ 0 3 ooo 0 4 +oo 0 6 o-- 1 6 ooo 1 5 -oo 1 4 o+o 1 3 ooo 2 3 ooo 2 4 oo- 2 5 ooo 2 6 oo-
mp-2646987,InO,22,57,59,35,2.590909090909091,0,False,0,1.0,In In O O 0 2 +oo 0 2 ++o 0 2 ooo 1 3 +oo 1 3 ++o 1 3 ooo
mp-20351,InP,14,36,38,22,2.5714285714285716,0,False,0,1.0,In P 0 1 o-o 0 1 oo- 0 1 ooo 0 1 -oo
mp-1105819,InRhO3,164,463,465,299,2.823170731707317,0,False,0,1.0,In In In In Rh Rh Rh Rh O O O O O O O O O O O O 0 9 ooo 0 13 ooo 0 19 ooo 0 8 ooo 0 12 ooo 0 18 ooo 1 8 +-o 1 12 o-o 1 18 o-o 1 9 +oo 1 19 ooo 1 13 ooo 2 11 ooo 2 15 ooo 2 17 ooo 2 10 ooo 2 14 ooo 2 16 ooo 3 10 -+o 3 16 o+o 3 14 o+o 3 11 -oo 3 17 ooo 3 15 ooo 4 16 oo- 4 12 -oo 4 15 oo- 4 19 -oo 4 9 ooo 4 11 -o- 5 13 ooo 5 17 o-o 5 18 o-o 5 14 ooo 5 10 ooo 5 8 o-o 6 14 ooo 6 18 -oo 6 17 ooo 6 13 -oo 6 9 ooo 6 11 -oo 7 19 ooo 7 15 o-- 7 12 o-o 7 16 oo- 7 8 o-o 7 10 oo-
mp-630528,InS,56,147,149,91,2.625,0,False,0,1.0,In In In In S S S S 0 6 o+o 0 5 ooo 0 5 o+o 0 5 o+- 1 5 o+o 1 6 oo+ 1 6 o++ 1 6 o+o 2 4 o-o 2 7 ooo 2 7 o-o 2 7 o-+ 3 7 o-o 3 4 oo- 3 4 o-- 3 4 o-o
mp-20485,InSe,44,119,121,75,2.7045454545454546,0,False,0,1.0,In In In In Se Se Se Se 0 6 -oo 0 6 o+o 0 6 ooo 1 7 +oo 1 7 o-o 1 7 ooo 2 4 +oo 2 4 o-o 2 4 ooo 3 5 -oo 3 5 o+o 3 5 ooo
mp-567931,InSiTe3,67,181,183,114,2.701492537313433,0,False,0,1.0,In In Si Si Te Te Te Te Te Te 0 9 ooo 0 7 ooo 0 6 ooo 0 8 o-o 0 4 +oo 0 5 ooo 1 5 ooo 1 8 ooo 1 4 ooo 1 7 o+o 1 6 -oo 1 9 ooo 2 4 o-o 2 5 ooo 2 8 --o 2 3 ooo 3 6 -oo 3 9 --o 3 7 ooo
mp-2017393,Ir(N2Cl3)2,35,87,89,52,2.4857142857142858,0,False,0,1.0,Ir N N N N Cl Cl Cl Cl Cl Cl 0 5 oo- 0 9 --- 0 6 ooo 0 10 -oo 0 7 o-o 0 8 --- 1 2 ooo 3 4 ooo
mp-1079049,Ir(NCl)4,33,82,84,49,2.484848484848485,0,False,0,1.0,Ir N N N N Cl Cl Cl Cl 0 4 ooo 0 3 ooo 0 1 ooo 0 5 ooo 0 6 ooo 1 8 ooo 2 7 ooo 2 8 ooo
mp-415,IrN2,96,259,261,163,2.6979166666666665,0,False,0,1.0,Ir Ir Ir Ir N N N N N N N N 0 11 ooo 0 8 ooo 0 10 o-o 0 5 ooo 0 7 oo- 0 4 ooo 1 10 ooo 1 9 oo- 1 11 ++o 1 4 ooo 1 6 +oo 1 5 +oo 2 9 ooo 2 10 ooo 2 8 o+o 2 7 ooo 2 5 oo+ 2 6 ooo 3 8 ooo 3 11 oo+ 3 9 --o 3 6 ooo 3 4 -oo 3 7 -oo 4 11 +oo 5 10 ooo 6 9 -oo 7 8 ooo
mp-1110949,K2AgSbI6,46,117,119,71,2.5434782608695654,0,False,0,1.0,K K Ag Sb I I I I I I 2 8 ooo 2 7 ooo 2 4 ooo 2 6 ooo 2 9 ooo 2 5 ooo 3 9 --o 3 7 o-o 3 5 oo- 3 8 -o- 3 6 o-- 3 4 -oo
mp-1079513,K2As2Pt,124,329,331,205,2.653225806451613,0,False,0,1.0,K K K K As As As As Pt Pt 0 7 ooo 0 4 ooo 0 5 oo+ 0 5 ooo 0 6 oo+ 0 6 ooo 1 6 ooo 1 5 ooo 1 4 oo- 1 4 ooo 1 7 oo- 1 7 ooo 2 4 ooo 2 7 ooo 2 9 o+o 2 8 o++ 2 5 -o+ 2 5 -oo 2 6 o++ 2 6 o+o 3 5 ooo 3 6 ooo 3 8 +oo 3 9 +oo 3 4 o-- 3 4 o-o 3 7 +oo 3 7 +o- 4 9 ++o 4 8 +++ 4 7 ++o 5 8 ++o 5 9 ++o 5 6 ++o 6 9 ooo 6 8 ooo 7 9 ooo 7 8 oo+
mp-1111995,K2BiAuBr6,46,117,119,71,2.5434782608695654,0,False,0,1.0,K K Bi Au Br Br Br Br Br Br 2 9 --o 2 7 o-o 2 8 -o- 2 6 o-- 2 5 oo- 2 4 -oo 3 8 ooo 3 9 ooo 3 5 ooo 3 6 ooo 3 7 ooo 3 4 ooo
mp-1112048,K2CeCuI6,46,117,119,71,2.5434782608695654,0,False,0,1.0,K K Ce Cu I I I I I I 2 6 ooo 2 9 ooo 2 8 ooo 2 5 ooo 2 4 ooo 2 7 ooo 3 5 oo- 3 7 o-o 3 4 -oo 3 6 o-- 3 8 -o- 3 9 --o
mp-722288,K2CoH4(SeO5)2,85,231,233,146,2.7176470588235295,0,False,0,1.0,K K Co H H H H Se Se O O O O O O O O O O 0 9 -oo 0 13 ooo 0 12 ooo 1 10 +oo 1 14 ooo 1 11 ooo 2 18 oo- 2 17 --o 2 10 o-o 2 9 -o- 3 17 oo+ 4 18 oo- 5 17 o-+ 6 18 o+- 7 13 ooo 7 15 ooo 7 11 ooo 7 9 ooo 8 14 ooo 8 16 ooo 8 12 ooo 8 10 ooo
mp-8388,K2CuF4,158,425,427,267,2.689873417721519,0,False,0,1.0,K K K K Cu Cu F F F F F F F F 0 12 o-o 0 9 o-o 0 7 oo- 0 8 o-o 0 6 oo- 0 13 ooo 0 13 o-o 0 11 ooo 0 11 +oo 1 13 ooo 1 7 +oo 1 9 +o+ 1 8 oo+ 1 6 ooo 1 12 ooo 1 12 o-o 1 10 +oo 1 10 ooo 2 10 ooo 2 8 -oo 2 6 -o- 2 7 oo- 2 9 ooo 2 11 ooo 2 11 o+o 2 13 -oo 2 13 ooo 3 11 o+o 3 6 o+o 3 8 oo+ 3 7 o+o 3 9 oo+ 3 10 ooo 3 10 o+o 3 12 ooo 3 12 -oo 4 9 o-o 4 6 -o- 4 12 --- 4 11 ooo 4 8 --o 4 7 oo- 5 8 ooo 5 7 oo- 5 10 oo- 5 13 ooo 5 9 ooo 5 6 oo-
mp-1110870,K2CuMoBr6,118,309,311,191,2.6186440677966103,0,False,0,1.0,K K Cu Mo Br Br Br Br Br Br 0 6 +oo 0 6 ooo 0 5 +oo 0 5 o+o 0 7 oo+ 0 7 +oo 0 4 o+o 0 4 oo+ 0 9 oo+ 0 9 ooo 0 8 o+o 0 8 ooo 1 6 oo- 1 6 o-o 1 9 -oo 1 9 o-o 1 8 -oo 1 8 oo- 1 5 ooo 1 5 oo- 1 4 -oo 1 4 ooo 1 7 ooo 1 7 o-o 2 6 ooo 2 8 ooo 2 9 ooo 2 5 ooo 2 4 ooo 2 7 ooo 3 7 o-o 3 5 oo- 3 4 -oo 3 9 --o 3 6 o-- 3 8 -o-
mp-1110906,K2CuSbBr6,118,309,311,191,2.6186440677966103,0,False,0,1.0,K K Cu Sb Br Br Br Br Br Br 0 6 ooo 0 6 -oo 0 7 oo- 0 7 -oo 0 5 -oo 0 5 o-o 0 8 ooo 0 8 o-o 0 9 ooo 0 9 oo- 0 4 o-o 0 4 oo- 1 4 ooo 1 4 +oo 1 8 oo+ 1 8 +oo 1 9 o+o 1 9 +oo 1 7 ooo 1 7 o+o 1 6 o+o 1 6 oo+ 1 5 oo+ 1 5 ooo 2 8 o-o 2 6 -oo 2 9 oo- 2 7 -o- 2 4 o-- 2 5 --o 3 7 ooo 3 5 ooo 3 4 ooo 3 6 ooo 3 9 ooo 3 8 ooo
mp-568816,K2FeCu(CN)6,94,257,259,163,2.734042553191489,0,False,0,1.0,K K Fe Cu C C C C C C N N N N N N 0 15 ooo 0 10 ooo 0 11 o+o 0 14 -oo 1 10 ooo 1 15 ooo 1 14 o-o 1 11 +oo 2 7 oo- 2 9 ooo 2 5 oo- 2 4 ooo 2 8 ooo 2 6 oo- 3 12 o-o 3 13 -o- 3 11 oo- 3 14 --o 3 15 ooo 3 10 --- 4 14 ooo 5 11 ooo 6 15 ooo 7 13 ooo 8 10 ooo 9 12 ooo
mp-1112163,K2GdCuCl6,118,309,311,191,2.6186440677966103,0,False,0,1.0,K K Gd Cu Cl Cl Cl Cl Cl Cl 0 9 oo+ 0 9 ooo 0 8 o+o 0 8 ooo 0 6 +oo 0 6 ooo 0 7 +oo 0 7 oo+ 0 5 +oo 0 5 o+o 0 4 oo+ 0 4 o+o 1 5 ooo 1 5 oo- 1 7 ooo 1 7 o-o 1 4 ooo 1 4 -oo 1 9 o-o 1 9 -oo 1 8 -oo 1 8 oo- 1 6 oo- 1 6 o-o 2 4 -oo 2 5 oo- 2 7 o-o 2 9 --o 2 6 o-- 2 8 -o- 3 8 ooo 3 9 ooo 3 6 ooo 3 5 ooo 3 7 ooo 3 4 ooo
mp-1111944,K2InAuF6,118,309,311,191,2.6186440677966103,0,False,0,1.0,K K In Au F F F F F F 0 6 +oo 0 6 ooo 0 8 o+o 0 8 ooo 0 9 oo+ 0 9 ooo 0 5 +oo 0 5 o+o 0 4 o+o 0 4 oo+ 0 7 oo+ 0 7 +oo 1 7 ooo 1 7 o-o 1 4 ooo 1 4 -oo 1 5 ooo 1 5 oo- 1 6 o-o 1 6 oo- 1 9 o-o 1 9 -oo 1 8 oo- 1 8 -oo 2 7 o-o 2 5 oo- 2 4 -oo 2 6 o-- 2 8 -o- 2 9 --o 3 8 ooo 3 9 ooo 3 6 ooo 3 7 ooo 3 5 ooo 3 4 ooo
mp-1111111,K2LiAuF6,118,309,311,191,2.6186440677966103,0,False,0,1.0,K K Li Au F F F F F F 0 8 o+o 0 8 ooo 0 6 +oo 0 6 ooo 0 9 oo+ 0 9 ooo 0 7 oo+ 0 7 +oo 0 5 o+o 0 5 +oo 0 4 oo+ 0 4 o+o 1 7 ooo 1 7 o-o 1 5 ooo 1 5 oo- 1 4 ooo 1 4 -oo 1 8 oo- 1 8 -oo 1 9 -oo 1 9 o-o 1 6 oo- 1 6 o-o 2 6 ooo 2 9 ooo 2 8 ooo 2 4 ooo 2 5 ooo 2 7 ooo 3 4 -oo 3 7 o-o 3 5 oo- 3 8 -o- 3 9 --o 3 6 o--
mp-1111675,K2LiCeCl6,118,309,311,191,2.6186440677966103,0,False,0,1.0,K K Li Ce Cl Cl Cl Cl Cl Cl 0 9 oo+ 0 9 ooo 0 8 o+o 0 8 ooo 0 6 +oo 0 6 ooo 0 4 o+o 0 4 oo+ 0 7 +oo 0 7 oo+ 0 5 +oo 0 5 o+o 1 7 ooo 1 7 o-o 1 4 ooo 1 4 -oo 1 5 ooo 1 5 oo- 1 6 oo- 1 6 o-o 1 9 o-o 1 9 -oo 1 8 oo- 1 8 -oo 2 6 ooo 2 8 ooo 2 9 ooo 2 4 ooo 2 5 ooo 2 7 ooo 3 7 o-o 3 4 -oo 3 5 oo- 3 8 -o- 3 9 --o 3 6 o--
mp-1236533,K2LiH2(SeO3)2,97,260,262,163,2.6804123711340204,0,False,0,1.0,K K Li H H Se Se O O O O O O 0 9 ooo 0 9 -oo 0 11 o+o 0 11 ooo 0 8 ooo 0 12 ooo 0 7 oo- 0 3 ooo 1 10 ooo 1 10 +oo 1 12 o-o 1 12 ooo 1 7 ooo 1 11 ooo 1 8 oo+ 1 4 ooo 2 7 oo- 2 8 -oo 2 10 oo- 2 9 -oo 3 7 oo- 4 8 oo+ 5 9 ooo 5 11 +oo 5 8 o-o 6 10 ooo 6 12 -oo 6 7 o+o
mp-1205646,K2LiPdF6,118,309,311,191,2.6186440677966103,0,False,0,1.0,K K Li Pd F F F F F F 0 9 oo+ 0 9 o-o 0 8 ooo 0 8 +o+ 0 7 ooo 0 7 oo+ 0 6 +o+ 0 6 o-o 0 4 +oo 0 4 ooo 0 5 o-o 0 5 ooo 1 8 ooo 1 8 o++ 1 9 oo+ 1 9 -oo 1 4 o+o 1 4 ooo 1 7 o++ 1 7 -oo 1 6 ooo 1 6 oo+ 1 5 -oo 1 5 ooo 2 9 ooo 2 8 ooo 2 5 ooo 2 4 oo- 2 6 ooo 2 7 ooo 3 7 -oo 3 6 o-o 3 4 ooo 3 5 --- 3 8 ooo 3 9 --o
mp-1112863,K2LiTaF6,118,309,311,191,2.6186440677966103,0,False,0,1.0,K K Li Ta F F F F F F 0 8 ooo 0 8 o++ 0 5 ooo 0 5 oo- 0 6 ooo 0 6 o+o 0 4 -oo 0 4 ooo 0 9 -oo 0 9 o++ 0 7 oo+ 0 7 -oo 1 7 oo+ 1 7 o-o 1 5 +oo 1 5 o-- 1 6 +oo 1 6 ooo 1 9 ooo 1 9 oo+ 1 4 ooo 1 4 o-o 1 8 +o+ 1 8 ooo 2 7 --o 2 8 ooo 2 6 ooo 2 5 o-- 2 9 -oo 2 4 --- 3 7 ooo 3 8 ooo 3 4 ooo 3 9 ooo 3 6 oo- 3 5 oo-
mp-2222759,K2Mg(CoO2)2,63,164,166,101,2.6031746031746033,0,False,0,1.0,K K Mg Co Co O O O O 0 8 o++ 0 8 -o+ 0 5 oo+ 1 5 o-o 1 5 +oo 1 8 ooo 2 6 ooo 2 6 --o 2 7 --o 2 7 ooo 3 5 ooo 3 8 -+o 3 7 o+o 3 7 -oo 4 8 oo+ 4 5 +-+ 4 6 o-o 4 6 +oo
mp-2229237,K2MgNb2(CuS2)4,137,385,387,248,2.81021897810219,0,False,0,1.0,K K Mg Nb Nb Cu Cu Cu Cu S S S S S S S S 0 15 ++o 0 15 o+o 0 9 oo+ 0 13 +oo 0 11 ooo 0 12 o+o 0 2 ooo 1 10 oo- 1 16 +-o 1 16 o-o 1 12 ooo 1 14 ooo 1 11 o-o 2 12 ooo 2 11 -oo 2 14 ooo 3 11 ooo 3 16 ooo 3 9 ooo 3 14 ooo 4 12 ooo 4 10 ooo 4 15 ooo 4 13 ooo 5 10 ooo 5 14 oo+ 5 13 ooo 5 9 oo+ 6 15 o+- 6 9 ooo 6 16 ooo 6 10 o+- 7 9 -oo 7 16 ooo 7 14 ooo 7 11 -oo 8 15 +oo 8 10 ooo 8 13 +oo 8 12 ooo
mp-1111955,K2MnHgF6,118,309,311,191,2.6186440677966103,0,False,0,1.0,K K Mn Hg F F F F F F 0 7 ooo 0 7 -oo 0 5 o-o 0 5 -oo 0 6 oo- 0 6 -oo 0 4 o-o 0 4 ooo 0 8 oo- 0 8 o-o 0 9 oo- 0 9 ooo 1 8 ooo 1 8 +oo 1 9 o+o 1 9 +oo 1 4 oo+ 1 4 +oo 1 6 o+o 1 6 ooo 1 7 oo+ 1 7 o+o 1 5 oo+ 1 5 ooo 2 9 oo- 2 5 --o 2 6 -o- 2 4 o-o 2 7 -oo 2 8 o-- 3 9 ooo 3 5 ooo 3 6 ooo 3 4 ooo 3 8 ooo 3 7 ooo
mp-1075956,K2Mo2O5,174,485,487,311,2.7873563218390807,0,False,0,1.0,K K K K Mo Mo Mo Mo O O O O O O O O O O 0 16 ooo 0 14 ooo 0 9 +oo 0 11 +oo 0 8 ooo 0 10 oo- 0 12 ooo 0 12 o-- 1 17 ooo 1 15 ooo 1 8 -oo 1 10 -o- 1 9 ooo 1 11 ooo 1 13 o++ 1 13 ooo 2 17 ooo 2 12 ooo 2 11 o+o 2 9 oo- 2 10 o+o 2 8 ooo 2 14 o++ 2 14 ooo 3 16 ooo 3 13 ooo 3 10 ooo 3 8 o-o 3 11 ooo 3 9 o-- 3 15 ooo 3 15 o-- 4 9 ooo 4 8 -oo 4 11 o++ 4 10 -+o 4 12 -oo 4 13 o++ 5 11 ooo 5 10 ooo 5 8 oo+ 5 9 ooo 5 14 oo+ 5 15 ooo 6 16 o+o 6 17 +oo 6 12 oo- 6 15 oo- 7 17 oo+ 7 16 -oo 7 14 oo+ 7 13 oo+
mp-1110935,K2NaCeBr6,46,117,119,71,2.5434782608695654,0,False,0,1.0,K K Na Ce Br Br Br Br Br Br 2 6 ooo 2 8 ooo 2 9 ooo 2 7 ooo 2 5 ooo 2 4 ooo 3 5 oo- 3 4 -oo 3 7 o-o 3 6 o-- 3 8 -o- 3 9 --o
mp-1110895,K2NaCeCl6,46,117,119,71,2.5434782608695654,0,False,0,1.0,K K Na Ce Cl Cl Cl Cl Cl Cl 2 8 ooo 2 6 ooo 2 9 ooo 2 7 ooo 2 4 ooo 2 5 ooo 3 9 --o 3 7 o-o 3 6 o-- 3 4 -oo 3 5 oo- 3 8 -o-
mp-1112246,K2NdCuF6,118,309,311,191,2.6186440677966103,0,False,0,1.0,K K Nd Cu F F F F F F 0 6 oo- 0 6 -oo 0 5 o-o 0 5 -oo 0 7 ooo 0 7 -oo 0 8 o-o 0 8 oo- 0 9 ooo 0 9 oo- 0 4 ooo 0 4 o-o 1 4 oo+ 1 4 +oo 1 9 o+o 1 9 +oo 1 8 ooo 1 8 +oo 1 7 o+o 1 7 oo+ 1 5 ooo 1 5 oo+ 1 6 ooo 1 6 o+o 2 4 ooo 2 6 ooo 2 5 ooo 2 9 ooo 2 7 ooo 2 8 ooo 3 6 -o- 3 4 o-o 3 9 oo- 3 5 --o 3 8 o-- 3 7 -oo
mp-1188089,K2Ni3Se4,258,731,733,473,2.8333333333333335,0,True,221,0.6976744186046512,K K K K Ni Ni Ni Ni Ni Ni Se Se Se Se Se Se Se Se 0 15 oo- 0 17 ooo 0 13 +o- 0 13 o+- 0 13 o+o 0 11 o+o 0 11 +oo 0 11 +o- 0 4 +o- 0 4 o+o 0 8 oo- 0 8 ooo 0 9 o+- 0 9 +o- 1 14 -oo 1 16 o-o 1 12 -o+ 1 12 -oo 1 12 o-o 1 10 o-o 1 10 o-+ 1 10 -o+ 1 4 o-o 1 4 -o+ 1 9 -oo 1 9 o-o 1 8 --o 1 8 --+ 2 11 ooo 2 13 oo- 2 17 -oo 2 17 o-o 2 17 o-- 2 15 o-- 2 15 -o- 2 15 -oo 2 5 -oo 2 5 o-- 2 6 ooo 2 6 oo- 2 7 o-o 2 7 -oo 3 10 o-o 3 12 -oo 3 16 o-- 3 16 o-o 3 16 -oo 3 14 -oo 3 14 -o- 3 14 o-- 3 5 -oo 3 5 o-- 3 7 o-o 3 7 -oo 3 6 ooo 3 6 oo- 4 12 ooo 4 10 ooo 4 13 ooo 4 11 ooo 5 16 ooo 5 14 ooo 5 17 ooo 5 15 ooo 6 14 -oo 6 16 o-o 6 15 -oo 6 17 o-o 7 15 oo- 7 17 ooo 7 14 oo- 7 16 ooo 8 10 +oo 8 12 o+o 8 11 +oo 8 13 o+o 9 11 oo+ 9 13 ooo 9 10 oo+ 9 12 ooo
mp-684904,K2O,42,107,109,65,2.5476190476190474,0,False,0,1.0,K K K K O O 0 4 o-o 0 4 ooo 0 5 -o+ 1 4 +oo 1 4 ooo 1 5 o+o 2 5 o+o 2 5 ooo 2 4 +o- 3 5 -oo 3 5 ooo 3 4 o-o
mp-1110840,K2PrCuF6,118,309,311,191,2.6186440677966103,0,False,0,1.0,K K Pr Cu F F F F F F 0 6 oo- 0 6 -oo 0 5 o-o 0 5 -oo 0 7 ooo 0 7 -oo 0 8 o-o 0 8 oo- 0 9 ooo 0 9 oo- 0 4 ooo 0 4 o-o 1 4 oo+ 1 4 +oo 1 9 o+o 1 9 +oo 1 8 ooo 1 8 +oo 1 7 o+o 1 7 oo+ 1 5 ooo 1 5 oo+ 1 6 ooo 1 6 o+o 2 4 ooo 2 6 ooo 2 9 ooo 2 5 ooo 2 7 ooo 2 8 ooo 3 6 -o- 3 4 o-o 3 5 --o 3 9 oo- 3 7 -oo 3 8 o--
mp-505397,K2PuCl6,69,178,180,109,2.579710144927536,0,False,0,1.0,K K Pu Cl Cl Cl Cl Cl Cl 0 6 oo- 0 7 oo- 0 8 ooo 0 5 ooo 0 3 oo- 0 4 -oo 0 4 o+o 1 8 oo+ 1 5 oo+ 1 6 ooo 1 7 ooo 1 4 oo+ 1 3 +oo 1 3 o-o 2 4 -oo 2 3 o-- 2 5 ooo 2 6 oo- 2 7 --- 2 8 --o
mp-1110782,K2RbCeBr6,46,117,119,71,2.5434782608695654,0,False,0,1.0,K K Rb Ce Br Br Br Br Br Br 2 6 ooo 2 7 ooo 2 9 ooo 2 8 ooo 2 5 ooo 2 4 ooo 3 9 --o 3 5 oo- 3 7 o-o 3 6 o-- 3 4 -oo 3 8 -o-
mp-1110758,K2RbCeCl6,46,117,119,71,2.5434782608695654,0,False,0,1.0,K K Rb Ce Cl Cl Cl Cl Cl Cl 2 6 ooo 2 8 ooo 2 7 ooo 2 9 ooo 2 5 ooo 2 4 ooo 3 4 -oo 3 5 oo- 3 9 --o 3 7 o-o 3 8 -o- 3 6 o--
mp-1112067,K2SbAuCl6,118,309,311,191,2.6186440677966103,0,False,0,1.0,K K Sb Au Cl Cl Cl Cl Cl Cl 0 6 +oo 0 6 ooo 0 8 o+o 0 8 ooo 0 9 oo+ 0 9 ooo 0 7 +oo 0 7 oo+ 0 5 +oo 0 5 o+o 0 4 oo+ 0 4 o+o 1 5 ooo 1 5 oo- 1 7 ooo 1 7 o-o 1 4 ooo 1 4 -oo 1 6 oo- 1 6 o-o 1 8 -oo 1 8 oo- 1 9 o-o 1 9 -oo 2 5 oo- 2 4 -oo 2 7 o-o 2 6 o-- 2 8 -o- 2 9 --o 3 8 ooo 3 9 ooo 3 6 ooo 3 5 ooo 3 4 ooo 3 7 ooo
mp-863758,K2SrCdSb2,156,431,433,275,2.7628205128205128,0,False,0,1.0,K K K K Sr Sr Cd Cd Sb Sb Sb Sb 0 10 +-o 0 10 o-o 0 9 ooo 0 6 ooo 0 7 o-o 1 9 ooo 1 9 -oo 1 10 ooo 1 8 ooo 1 7 ooo 1 7 -oo 2 8 +oo 2 8 ooo 2 11 ooo 2 6 ooo 2 7 ooo 3 11 -oo 3 11 ooo 3 8 o+o 3 10 ooo 3 6 -+o 3 6 o+o 4 8 ooo 4 9 -o+ 4 9 oo+ 4 11 ooo 4 11 -oo 4 7 oo+ 4 7 -o+ 4 6 -oo 4 6 ooo 5 10 ooo 5 11 oo- 5 11 -o- 5 9 -+o 5 9 o+o 5 6 o+- 5 6 -+- 5 7 ooo 5 7 -oo 6 8 +oo 6 8 ooo 6 9 oo+ 6 11 o-o 7 10 +oo 7 10 ooo 7 11 oo- 7 9 ooo
mp-1110857,K2TaAgF6,28,69,71,41,2.4642857142857144,0,False,0,1.0,K K Ta Ag F F F F F F 2 8 ooo 2 7 ooo 2 5 ooo 2 6 ooo 2 4 ooo 2 9 ooo
mp-1112878,K2TaCuF6,70,181,183,111,2.585714285714286,0,False,0,1.0,K K Ta Cu F F F F F F 0 7 ooo 0 9 oo- 0 5 -oo 0 8 o-o 0 6 -oo 0 4 o-o 1 8 ooo 1 5 oo+ 1 9 +oo 1 7 o+o 1 4 +oo 1 6 o+o 2 9 ooo 2 5 ooo 2 7 ooo 2 8 ooo 2 6 ooo 2 4 ooo 3 4 o-+ 3 6 -oo
mp-1112272,K2TlAgF6,118,309,311,191,2.6186440677966103,0,False,0,1.0,K K Tl Ag F F F F F F 0 9 oo+ 0 9 ooo 0 7 +oo 0 7 oo+ 0 4 oo+ 0 4 o+o 0 8 o+o 0 8 ooo 0 5 +oo 0 5 o+o 0 6 +oo 0 6 ooo 1 8 -oo 1 8 oo- 1 4 ooo 1 4 -oo 1 7 ooo 1 7 o-o 1 9 -oo 1 9 o-o 1 6 o-o 1 6 oo- 1 5 oo- 1 5 ooo 2 4 -oo 2 7 o-o 2 5 oo- 2 9 --o 2 8 -o- 2 6 o-- 3 8 ooo 3 6 ooo 3 5 ooo 3 7 ooo 3 9 ooo 3 4 ooo
mp-1111197,K2TlGaI6,46,117,119,71,2.5434782608695654,0,False,0,1.0,K K Tl Ga I I I I I I 2 5 ooo 2 8 ooo 2 6 ooo 2 9 ooo 2 7 ooo 2 4 ooo 3 7 o-o 3 4 -oo 3 8 -o- 3 9 --o 3 6 o-- 3 5 oo-
mp-1110927,K3CeBr6,46,116,118,70,2.5217391304347827,0,False,0,1.0,K K K Ce Br Br Br Br Br Br 2 8 ooo 2 9 ooo 2 6 ooo 2 7 ooo 2 4 ooo 2 5 ooo 3 5 oo- 3 4 -oo 3 7 o-o 3 6 o-- 3 8 -o- 3 9 --o
mp-1111177,K3CeCl6,46,116,118,70,2.5217391304347827,0,False,0,1.0,K K K Ce Cl Cl Cl Cl Cl Cl 2 5 ooo 2 6 ooo 2 8 ooo 2 7 ooo 2 4 ooo 2 9 ooo 3 9 -oo 3 4 oo- 3 7 o-o 3 8 -o- 3 6 --o 3 5 o--
mp-2217188,K3MgVO4,69,178,180,109,2.579710144927536,0,False,0,1.0,K K K Mg V O O O O 0 5 oo- 0 8 ooo 0 7 ooo 0 6 o+o 1 7 +o+ 1 6 -oo 1 5 o-o 1 8 ooo 2 6 -oo 2 8 -oo 2 5 ooo 2 7 ooo 3 8 ooo 3 6 ooo 3 7 o-o 3 5 o-o 4 7 o-o 4 6 -o- 4 8 ooo 4 5 ---
mp-12047,K3Na(RuO4)2,134,362,364,228,2.701492537313433,0,False,0,1.0,K K K Na Ru Ru O O O O O O O O 0 12 ooo 0 7 o-o 0 7 ooo 0 6 +oo 0 6 ooo 0 8 +oo 0 8 o-o 0 10 ooo 0 9 ooo 0 11 ooo 1 6 ooo 1 7 --o 1 11 oo- 1 9 --- 1 8 o-o 1 10 -o- 2 13 ooo 2 9 -oo 2 9 ooo 2 11 o+o 2 11 ooo 2 10 o+o 2 10 -oo 2 8 ooo 2 7 ooo 2 6 ooo 3 10 -oo 3 8 o-o 3 9 --o 3 11 ooo 3 6 ooo 3 7 --o 4 12 oo+ 4 10 ooo 4 9 ooo 4 11 ooo 5 13 oo- 5 8 ooo 5 6 ooo 5 7 ooo
mp-690672,K3NaFeCl6,65,170,172,105,2.6153846153846154,0,False,0,1.0,K K K Na Fe Cl Cl Cl Cl Cl Cl 0 5 ooo 0 7 ooo 0 10 oo- 0 8 oo- 0 9 ooo 0 6 oo- 1 5 ooo 1 8 -o- 2 7 ooo 2 10 o-- 3 6 oo- 3 9 --o 4 10 ooo 4 8 ooo 4 7 ooo 4 5 ooo 4 9 ooo 4 6 ooo
mp-1212076,K3OsF6,82,212,214,130,2.5853658536585367,0,False,0,1.0,K K K Os F F F F F F 0 4 ooo 0 5 --o 0 7 ooo 0 6 --o 0 8 --o 0 9 ooo 1 8 ooo 1 9 oo- 1 7 ooo 1 6 oo- 1 4 oo- 1 5 ooo 2 5 -oo 2 4 oo- 2 7 ooo 2 6 -o- 2 9 o+- 2 8 --o 3 9 oo- 3 8 --o 3 4 oo- 3 5 --o 3 7 ooo 3 6 ---
mp-1205928,K3RuF6,82,212,214,130,2.5853658536585367,0,False,0,1.0,K K K Ru F F F F F F 0 7 ooo 0 6 o-- 0 4 ooo 0 5 o-- 0 9 oo- 0 8 o-o 1 7 ooo 1 6 -oo 1 8 oo+ 1 9 -o- 1 5 ooo 1 4 -oo 2 5 o-o 2 4 -oo 2 8 o-o 2 9 -oo 2 7 ooo 2 6 --o 3 7 ooo 3 6 --- 3 8 o-o 3 9 -o- 3 5 o-- 3 4 -oo
mp-14017,K3Sb,74,193,195,119,2.608108108108108,0,False,0,1.0,K K K K K K Sb Sb 0 7 oo+ 0 6 -oo 0 6 o+o 0 6 ooo 1 6 ooo 1 7 +oo 1 7 o-o 1 7 ooo 2 7 o-o 2 7 --o 2 7 ooo 3 6 -oo 3 6 ooo 3 6 --o 4 7 ooo 4 6 -oo 4 6 o+o 4 6 ooo 5 6 oo- 5 7 +oo 5 7 o-o 5 7 ooo
mp-18500,K3Sn4Au,184,519,521,335,2.8206521739130435,0,True,9,0.9826589595375722,K K K K K K Sn Sn Sn Sn Sn Sn Sn Sn Au Au 0 14 ooo 0 14 o-o 0 9 +-o 0 9 o-o 0 8 +oo 0 8 ooo 1 15 ooo 1 15 o+o 1 10 -+o 1 10 o+o 1 11 -oo 1 11 ooo 2 14 ooo 2 6 ooo 2 6 +oo 2 11 oo- 2 10 o+- 2 13 oo- 2 13 o+- 2 9 +oo 2 8 +oo 3 14 ooo 3 7 ooo 3 7 +oo 3 10 o+o 3 11 ooo 3 12 o+o 3 12 ooo 3 9 +oo 3 8 +oo 4 15 oo- 4 13 oo- 4 13 -o- 4 9 o-o 4 8 ooo 4 6 o-o 4 6 ooo 4 10 -o- 4 11 -o- 5 15 ooo 5 12 ooo 5 12 -oo 5 9 o-o 5 8 ooo 5 7 o-o 5 7 ooo 5 10 -oo 5 11 -oo 6 14 ooo 7 14 ooo 8 14 -oo 9 14 -oo 10 15 +oo 11 15 +oo 12 15 ooo 13 15 ooo
mp-675476,K3SnSb3,140,385,387,245,2.75,0,False,0,1.0,K K K K K K Sn Sn Sb Sb Sb Sb Sb Sb 0 8 -oo 0 13 o-- 0 9 oo- 0 9 -o- 0 12 --o 0 12 o-o 1 6 -oo 1 7 oo- 1 11 -oo 1 11 ooo 1 10 oo- 1 10 -o- 2 7 ooo 2 11 ooo 2 11 -oo 2 10 ooo 2 8 -oo 3 13 ooo 3 12 ooo 3 12 -oo 3 6 -oo 3 9 o+o 4 8 ooo 4 9 ooo 4 9 +oo 4 7 +oo 4 12 o-o 5 6 ooo 5 10 ooo 5 10 +oo 5 11 ooo 5 13 +oo 6 13 +o- 6 12 ooo 6 10 oo- 7 8 -o+ 7 9 ooo 7 11 oo+ 8 11 ooo 8 9 oo- 10 13 ooo 12 13 oo-
mp-8429,K4IrO4,81,210,212,129,2.5925925925925926,0,False,0,1.0,K K K K Ir O O O O 0 5 ooo 0 5 +oo 0 6 ooo 0 6 o+o 0 7 oo- 0 8 oo- 1 6 ooo 1 5 ooo 1 7 o-o 1 8 -oo 2 8 ooo 2 8 -oo 2 7 ooo 2 7 o-o 2 6 oo+ 2 5 oo+ 3 7 ooo 3 8 ooo 3 6 o+o 3 5 +oo 4 5 o-o 4 8 -o- 4 7 o-- 4 6 -oo
mp-2227782,K4Mg(TiS3)2,130,353,355,223,2.7153846153846155,0,False,0,1.0,K K K K Mg Ti Ti S S S S S S 0 9 o-o 0 7 ooo 0 10 ooo 0 12 ooo 0 11 o-o 0 8 o-o 1 10 ooo 1 8 -oo 1 12 -oo 1 9 -o- 1 7 ooo 1 11 oo- 2 8 ooo 2 7 +oo 2 12 oo+ 2 9 ooo 2 9 o-o 2 11 ooo 2 4 oo+ 3 9 -oo 3 11 ooo 3 7 ooo 3 7 o+o 3 10 o+o 3 8 ooo 4 12 ooo 4 8 ooo 4 10 ooo 4 11 oo- 5 8 ooo 5 10 o+o 5 9 oo- 5 11 oo- 5 12 o+o 6 7 ooo 6 11 o-o 6 10 oo+ 6 9 --o 6 12 -o+
mp-2232201,K4Na2Mg(FeO3)2,99,272,274,173,2.7474747474747474,0,False,0,1.0,K K K K Na Na Mg Fe Fe O O O O O O 0 10 o++ 0 13 o++ 1 10 ooo 1 13 +oo 2 13 ++o 2 10 ooo 3 13 oo+ 3 10 o++ 4 9 -oo 4 14 ooo 4 11 ooo 4 12 ooo 5 12 +oo 5 11 ooo 5 14 ooo 5 9 ooo 6 12 o-o 6 9 -oo 6 11 --o 6 14 ooo 7 10 ooo 7 13 ooo 7 14 ooo 7 12 o-o 8 10 o++ 8 13 +++ 8 11 ooo 8 9 o+o
mp-1224214,K4Pb2Br8O,129,345,347,216,2.6744186046511627,0,False,0,1.0,K K K K Pb Pb Br Br Br Br Br Br Br Br O 0 6 -oo 0 6 ooo 0 9 --o 0 9 o-o 0 14 ooo 0 10 o-o 0 12 ooo 1 8 +oo 1 8 ooo 1 7 ooo 1 7 +oo 1 11 ooo 1 13 oo+ 2 8 +oo 2 8 ooo 2 7 ++o 2 7 o+o 2 14 ++o 2 12 o+o 2 10 ooo 3 6 -oo 3 6 ooo 3 9 ooo 3 9 -oo 3 13 ooo 3 11 oo- 4 8 ooo 4 6 -oo 4 12 -oo 4 12 ooo 4 10 ooo 4 10 -oo 5 7 oo- 5 9 --o 5 13 ooo 5 13 -oo 5 11 --- 5 11 o--
mp-1223760,K4Sb2O5,92,242,244,150,2.630434782608696,0,False,0,1.0,K K K K Sb Sb O O O O O 0 10 +-o 0 7 o-o 0 7 +oo 0 9 o-o 0 9 +oo 1 6 o+o 1 6 -oo 1 8 o+- 1 8 -o- 2 7 ooo 2 9 ooo 2 8 o+o 2 8 -oo 2 6 o+o 2 6 -oo 3 6 ooo 3 8 oo- 3 9 o-- 3 9 +o- 3 7 +oo 3 7 o-o 4 8 ooo 4 6 ooo 4 10 +oo 4 10 o-o 5 7 ooo 5 9 oo-
mp-1103566,K4ZnBi2,128,353,355,225,2.7578125,0,False,0,1.0,K K K K K K K K Zn Zn Bi Bi Bi Bi 0 10 -oo 0 10 -+o 0 10 o+o 0 11 oo+ 1 11 o-o 1 11 +-o 1 11 +oo 1 10 oo- 2 12 +oo 2 12 +-o 2 12 o-o 2 13 ooo 3 13 o+o 3 13 -+o 3 13 -oo 3 12 ooo 4 11 ooo 4 11 +oo 4 11 o-o 4 10 oo- 4 10 o+- 4 10 -o- 5 12 ooo 5 12 o-o 5 12 +oo 5 13 ooo 5 13 -oo 5 13 o+o 6 8 ooo 6 8 o+o 6 8 -oo 7 9 ooo 7 9 +oo 7 9 o-o 8 13 ooo 8 10 ooo 9 12 ooo 9 11 ooo
mp-643123,K5Ag(NO)2,152,431,433,279,2.835526315789474,0,False,0,1.0,K K K K K K K K K K Ag Ag N N N N O O O O 0 16 oo+ 0 18 ooo 0 14 oo+ 0 14 o++ 1 17 ooo 1 19 ooo 1 15 ooo 1 15 o+o 2 18 ooo 2 16 ooo 2 12 ooo 2 12 o-o 3 19 oo- 3 17 ooo 3 13 oo- 3 13 o-- 4 16 o+o 4 16 ooo 4 12 oo- 4 14 o+o 5 17 o+o 5 17 ooo 5 13 ooo 5 15 o+o 6 18 o-o 6 18 ooo 6 14 ooo 6 12 o-o 7 19 o-o 7 19 ooo 7 15 oo+ 7 13 o-o 8 18 ooo 8 19 oo- 8 14 ooo 8 15 ooo 9 17 ooo 9 16 -o+ 9 13 ooo 9 12 -oo 10 16 ooo 10 17 +oo 11 19 ooo 11 18 ooo
mp-8683,K5As2Au,130,367,369,237,2.8230769230769233,0,False,0,1.0,K K K K K K K K K K As As As As Au Au 0 12 ooo 0 11 o+o 0 11 -oo 0 11 ooo 1 13 oo- 1 10 o-o 1 10 +oo 1 10 ooo 2 11 ooo 2 12 o-o 2 12 +oo 2 12 ooo 3 10 oo+ 3 13 o+o 3 13 -oo 3 13 ooo 4 10 o-o 4 10 ooo 4 10 --o 5 11 -oo 5 11 --o 5 11 ooo 6 13 -oo 6 13 --o 6 13 ooo 7 12 o-o 7 12 ooo 7 12 --o 8 14 o+o 8 14 -oo 8 14 ooo 9 15 o-o 9 15 +oo 9 15 ooo 10 15 ooo 11 14 ooo 12 15 ooo 13 14 ooo
mp-14624,K5P2Au,130,363,365,233,2.792307692307692,0,False,0,1.0,K K K K K K K K K K P P P P Au Au 0 12 -oo 0 12 --o 0 12 ooo 1 11 -oo 1 11 --o 1 11 ooo 2 14 o+o 2 14 -oo 2 14 ooo 3 13 o-o 3 13 ooo 3 13 --o 4 13 ooo 4 11 o+o 4 11 -oo 4 11 ooo 5 15 o-o 5 15 +oo 5 15 ooo 6 11 ooo 6 13 o-o 6 13 +oo 6 13 ooo 7 12 oo- 7 10 o-o 7 10 +oo 7 10 ooo 8 10 oo+ 8 12 o+o 8 12 -oo 8 12 ooo 9 10 o-o 9 10 ooo 9 10 --o 10 15 ooo 11 14 ooo 12 14 ooo 13 15 ooo
mp-755633,K5Se3,187,531,533,344,2.839572192513369,0,True,21,0.96045197740113,K K K K K K K K K K Se Se Se Se Se Se 0 13 o+o 0 14 +oo 0 11 +oo 0 15 o+o 0 10 +oo 0 10 ooo 1 13 o+o 1 14 oo- 1 15 o+- 1 10 ooo 1 10 +oo 1 12 ooo 2 11 oo- 2 10 ooo 2 14 oo- 2 15 -+- 2 12 -oo 2 12 ooo 3 12 oo+ 3 14 ooo 3 15 o+o 3 11 ooo 3 11 +oo 3 10 ooo 4 12 -oo 4 10 ooo 4 13 ooo 4 11 ooo 5 11 +oo 5 10 ooo 5 13 ooo 5 12 ooo 6 11 oo- 6 15 oo- 6 14 o-- 6 12 ooo 6 12 -oo 6 13 ooo 7 12 oo+ 7 15 ooo 7 14 +-o 7 13 ooo 7 11 ooo 7 11 +oo 8 10 o-o 8 15 ooo 8 14 o-o 8 13 ooo 8 13 -oo 8 11 ooo 9 10 o-o 9 15 -o- 9 14 o-- 9 12 -oo 9 13 -oo 9 13 ooo 14 15 o+o
mp-2228781,K6MgCu(SiO4)2,144,405,407,261,2.8125,0,False,0,1.0,K K K K K K Mg Cu Si Si O O O O O O O O 0 16 ooo 0 10 oo- 0 12 o+o 0 11 oo- 1 14 oo+ 1 13 ooo 1 15 oo+ 1 10 ooo 1 12 +o+ 1 11 o-o 2 17 o+o 2 16 ooo 2 10 ooo 2 13 -oo 3 16 o-o 3 11 o-o 3 15 ooo 3 12 +oo 4 10 oo- 4 12 o+o 4 13 -o- 4 11 -o- 4 14 ooo 4 15 -oo 5 17 ooo 5 14 oo+ 5 12 oo+ 5 13 -oo 5 11 o-o 6 17 ooo 6 14 ooo 7 15 ooo 7 13 ooo 7 16 ooo 8 11 ooo 8 10 ooo 8 16 ooo 8 13 ooo 9 12 ooo 9 15 -oo 9 17 ooo 9 14 ooo
mp-2231066,K8MgTi2O8,151,430,432,279,2.847682119205298,0,False,0,1.0,K K K K K K K K Mg Ti Ti O O O O O O O O 0 12 ooo 0 11 ooo 0 16 -oo 0 14 o+o 1 15 -oo 1 13 o+- 1 14 o+o 1 16 -o- 2 15 ooo 2 18 o+o 2 12 ooo 2 16 ooo 3 13 ooo 3 17 -oo 3 11 ooo 3 14 ooo 4 13 ooo 4 12 o-o 4 18 ooo 4 14 ooo 5 15 ooo 5 11 +oo 5 17 ooo 5 16 ooo 6 13 +o- 6 15 o-o 6 16 o-- 6 14 +oo 7 18 ooo 7 17 ooo 7 14 +oo 7 16 o-o 8 17 ooo 8 12 ooo 8 18 ooo 8 11 ooo 9 14 ooo 9 18 ooo 9 11 ooo 9 13 oo- 10 16 ooo 10 17 ooo 10 12 ooo 10 15 oo+
mp-16236,KAgSe,84,223,225,139,2.6547619047619047,0,False,0,1.0,K K Ag Ag Se Se 0 5 ooo 0 4 ++o 0 4 +oo 0 4 ooo 0 4 o+o 0 3 +oo 0 3 ooo 0 2 o+o 0 2 ooo 1 4 ooo 1 5 --o 1 5 o-o 1 5 ooo 1 5 -oo 1 2 -o+ 1 2 oo+ 1 3 o-+ 1 3 oo+ 2 4 ooo 2 4 +oo 2 5 o-- 2 5 oo- 3 4 o+o 3 4 ooo 3 5 -o- 3 5 oo-
mp-1189288,KAs(OF2)2,112,301,303,189,2.6875,0,False,0,1.0,K K As As O O O O F F F F F F F F 0 12 o-o 0 13 -oo 0 14 -o+ 0 15 oo+ 0 9 ooo 0 9 -oo 0 8 --o 0 8 o-o 0 7 ooo 0 6 ooo 1 14 o+o 1 15 +oo 1 12 +o- 1 13 oo- 1 11 ooo 1 11 +oo 1 10 ++o 1 10 o+o 1 5 ooo 1 4 ooo 2 8 ooo 2 9 ooo 2 13 ooo 2 12 ooo 2 5 ooo 2 4 ooo 3 10 ooo 3 11 ooo 3 15 ooo 3 14 ooo 3 7 ooo 3 6 ooo
mp-1180831,KAu(Br2O)2,88,235,237,147,2.6704545454545454,0,False,0,1.0,K K Au Au Br Br Br Br Br Br Br Br O O O O 0 13 ooo 0 13 o+o 0 15 oo- 0 15 o-- 0 6 ooo 0 4 oo- 1 12 ooo 1 12 o-o 1 14 -oo 1 14 -+o 1 5 ooo 1 7 -oo 2 4 o-o 2 6 ooo 2 10 o-o 2 8 ooo 3 5 oo- 3 7 --o 3 11 ooo 3 9 --- 8 15 o-o 9 14 o+o 10 13 o+o 11 12 o-o
mp-1181025,KAu(Br2O)2,76,201,203,125,2.6447368421052633,0,False,0,1.0,K K Au Au Br Br Br Br Br Br Br Br O O O O 0 13 ooo 0 15 oo- 0 4 oo- 0 6 ooo 1 12 ooo 1 14 -oo 1 5 ooo 1 7 -oo 2 6 ooo 2 4 o-o 2 10 o-o 2 8 ooo 3 5 oo- 3 7 --o 3 11 ooo 3 9 --- 8 15 o-o 9 14 o+o 10 13 o+o 11 12 o-o
mp-1429979,KCBr(NO2)2,102,271,273,169,2.656862745098039,0,False,0,1.0,K K C C Br Br N N N N O O O O O O O O 0 14 o-o 0 4 +oo 0 5 oo+ 0 10 ooo 0 12 oo+ 1 10 o+o 1 4 oo- 1 5 -oo 1 13 oo- 1 14 ooo 2 6 ooo 2 4 ooo 2 8 -oo 3 7 ooo 3 5 ooo 3 9 +oo 4 13 ooo 5 12 ooo 6 15 ooo 6 13 ooo 7 17 ooo 7 12 ooo 8 16 ooo 8 14 ooo 8 15 +oo 9 11 ooo 9 10 ooo 9 17 -oo
mp-1211792,KCe(ClO)4,152,417,419,265,2.7434210526315788,0,False,0,1.0,K K Ce Ce Cl Cl Cl Cl Cl Cl Cl Cl O O O O O O O O 0 19 o-o 0 18 oo- 0 8 ooo 0 9 o-- 0 11 --o 0 10 -o- 0 4 -oo 0 4 ooo 0 5 --- 0 5 o-- 1 16 ooo 1 17 ooo 1 10 ooo 1 11 ooo 1 8 +oo 1 9 +oo 1 7 +oo 1 7 ooo 1 6 +oo 1 6 ooo 2 16 ooo 2 17 o-o 2 15 o-o 2 14 ooo 2 6 ooo 2 7 o-o 2 9 o-o 2 8 ooo 3 18 oo- 3 19 ooo 3 12 ooo 3 13 oo- 3 5 oo- 3 4 ooo 3 11 ooo 3 10 oo- 4 16 ooo 5 17 ooo 6 18 ooo 7 19 ooo 8 15 --o 9 14 -+o 10 13 +oo 11 12 +oo
mp-1031413,KCeMg6O8,160,446,448,286,2.7875,0,False,0,1.0,K Ce Mg Mg Mg Mg Mg Mg O O O O O O O O 0 14 o-o 0 14 ooo 0 12 ooo 0 12 oo- 0 9 -oo 0 8 ooo 1 14 oo+ 1 14 ooo 1 12 ooo 1 12 o+o 1 11 -oo 1 10 ooo 2 8 ooo 2 9 ooo 2 15 ooo 2 15 o-o 2 13 ooo 2 13 oo- 3 10 ooo 3 11 ooo 3 15 ooo 3 15 oo+ 3 13 ooo 3 13 o+o 4 13 ooo 4 10 o-o 4 10 ooo 4 8 oo+ 4 8 ooo 4 12 ooo 5 13 ooo 5 11 o-o 5 11 ooo 5 9 oo+ 5 9 ooo 5 12 +oo 6 15 ooo 6 10 oo- 6 10 ooo 6 8 o+o 6 8 ooo 6 14 ooo 7 15 ooo 7 11 ooo 7 11 oo- 7 9 o+o 7 9 ooo 7 14 +oo
mp-2222144,KCo2(MoO5)2,93,250,252,157,2.6881720430107525,0,False,0,1.0,K Co Co Mo Mo O O O O O O O O O O 0 11 ooo 0 9 ooo 0 10 ooo 0 12 ooo 0 8 ooo 0 7 ooo 1 5 -o- 1 6 ooo 1 9 -oo 1 11 oo- 1 14 -oo 1 13 oo- 2 6 ooo 2 5 o-- 2 12 o-o 2 10 oo- 2 14 o-o 2 13 oo- 3 7 ooo 3 11 o-o 3 10 -oo 3 13 ooo 4 8 ooo 4 9 o+o 4 12 +oo 4 14 ooo
mp-697878,KCo2H3(SeO5)2,99,273,275,174,2.757575757575758,0,False,0,1.0,K Co Co H H H Se Se O O O O O O O O O O 0 10 ooo 0 15 ooo 0 11 ooo 0 13 ooo 0 9 ooo 0 16 oo- 0 17 ooo 1 12 ooo 1 8 ooo 1 13 o+o 1 15 o+o 1 10 ooo 2 14 ooo 2 8 ooo 2 11 +oo 2 15 +oo 2 10 ooo 3 5 --o 4 17 oo+ 6 12 o-o 6 14 -oo 6 15 ooo 7 13 o+o 7 11 +oo 7 10 ooo 8 16 ooo 9 17 oo+
mp-1211729,KCr2Fe(HO4)2,86,228,230,142,2.6511627906976742,0,False,0,1.0,K Cr Cr Fe H H O O O O O O O O 0 12 ooo 0 13 --o 0 7 o-o 0 8 -oo 0 9 o-o 0 6 -oo 0 11 o-o 0 11 -oo 0 10 -oo 0 10 o-o 1 12 ooo 1 11 ooo 1 6 ooo 1 9 ooo 2 13 ooo 2 10 ooo 2 8 ooo 2 7 ooo 3 9 o-o 3 6 -oo 3 7 o-- 3 8 -o- 3 5 oo- 3 4 --o
mp-1189266,KCr3S5,174,489,491,315,2.810344827586207,0,False,0,1.0,K K Cr Cr Cr Cr Cr Cr S S S S S S S S S S 0 16 ooo 0 16 +oo 0 14 ooo 0 14 +oo 0 11 oo- 0 11 +o- 0 8 o-o 0 10 ooo 1 17 ooo 1 17 -oo 1 15 ooo 1 15 -oo 1 10 oo+ 1 10 -o+ 1 9 o+o 1 11 ooo 2 8 --o 2 8 o-o 2 9 +o- 2 9 oo- 2 11 oo- 2 10 o-o 3 16 +oo 3 16 ooo 3 17 -oo 3 17 ooo 3 13 ooo 3 12 ooo 4 15 ooo 4 14 o+o 4 14 ++o 4 8 ooo 4 12 ooo 4 12 +oo 5 14 ooo 5 15 o-o 5 15 --o 5 9 ooo 5 13 ooo 5 13 -oo 6 16 ooo 6 10 -oo 6 10 ooo 6 8 -oo 6 12 -oo 6 12 ooo 7 17 ooo 7 11 +oo 7 11 ooo 7 9 +oo 7 13 +oo 7 13 ooo
mp-1223657,KCrNiOF6,140,388,390,248,2.7714285714285714,0,False,0,1.0,K K Cr Cr Ni Ni O O F F F F F F F F F F F F 0 16 oo- 0 10 ooo 0 18 ooo 0 12 oo- 0 8 ooo 0 14 oo- 0 6 ooo 0 7 oo- 1 16 ooo 1 10 -oo 1 11 ooo 1 17 -oo 1 9 ooo 1 15 -oo 1 6 -oo 1 7 ooo 2 9 o-- 2 15 -oo 2 11 ooo 2 17 --- 2 19 -o- 2 13 o-o 3 18 o-o 3 12 ooo 3 8 o-o 3 14 ooo 3 13 o-o 3 19 ooo 4 16 o-- 4 10 ooo 4 14 oo- 4 8 o-o 4 15 ooo 4 9 o-- 5 10 ooo 5 16 ooo 5 12 ooo 5 17 ooo 5 18 ooo 5 11 ooo
mp-9868,KCu3S2,102,284,286,182,2.784313725490196,0,False,0,1.0,K K Cu Cu Cu Cu Cu Cu S S S S 0 11 o++ 0 11 +++ 0 9 ooo 0 9 +oo 0 10 oo+ 0 8 ooo 0 8 +oo 1 8 o-- 1 8 --- 1 10 ooo 1 10 -oo 1 9 oo- 1 11 ooo 1 11 -oo 2 9 ooo 2 8 ooo 3 8 +oo 3 8 ooo 3 10 ooo 4 10 ooo 4 11 ooo 5 11 o+o 5 10 ooo 5 10 -oo 6 8 o-o 6 9 ooo 6 9 +oo 7 11 -oo 7 11 ooo 7 9 ooo
mp-541622,KCu3Te2,165,459,461,294,2.7818181818181817,0,False,0,1.0,K K Cu Cu Cu Cu Cu Cu Te Te Te Te 0 8 o-o 0 8 -oo 0 9 oo+ 0 11 -o+ 0 11 o-+ 0 10 o-o 0 10 -oo 0 7 ooo 1 9 o+o 1 9 +oo 1 8 oo- 1 10 +o- 1 10 o+- 1 11 +oo 1 11 o+o 1 6 ooo 2 11 ooo 2 9 +oo 2 9 o+o 2 4 ooo 2 7 +oo 2 7 o+o 2 3 ooo 2 10 ooo 3 10 ooo 3 8 -oo 3 8 o-o 3 5 ooo 3 6 o-o 3 6 -oo 3 11 ooo 4 8 ooo 4 10 ooo 4 9 o+o 4 9 +oo 4 5 o+o 4 5 +oo 4 7 +oo 4 7 o+o 5 9 ooo 5 11 ooo 5 8 -oo 5 8 o-o 5 6 -oo 5 6 o-o 6 11 o+o 6 11 +oo 6 8 ooo 7 10 o-o 7 10 -oo 7 9 ooo
mp-1520907,KEuDyWO6,118,309,311,191,2.6186440677966103,0,False,0,1.0,K Eu Dy W O O O O O O 0 4 o+o 0 4 oo+ 0 8 oo+ 0 8 ooo 0 7 oo+ 0 7 +oo 0 6 ooo 0 6 o+o 0 5 ooo 0 5 +oo 0 9 +oo 0 9 o+o 1 5 oo- 1 5 o-o 1 7 o-o 1 7 ooo 1 6 -oo 1 6 oo- 1 4 -oo 1 4 ooo 1 8 -oo 1 8 o-o 1 9 ooo 1 9 oo- 2 5 o-- 2 6 -o- 2 8 --o 2 7 o-o 2 9 oo- 2 4 -oo 3 6 ooo 3 8 ooo 3 7 ooo 3 4 ooo 3 9 ooo 3 5 ooo
mp-1519341,KEuYWO6,118,308,310,190,2.610169491525424,0,False,0,1.0,K Eu Y W O O O O O O 0 8 oo+ 0 8 ooo 0 9 o+o 0 9 +oo 0 4 o+o 0 4 oo+ 0 7 oo+ 0 7 +oo 0 5 +oo 0 5 ooo 0 6 ooo 0 6 o+o 1 5 o-o 1 5 oo- 1 9 ooo 1 9 oo- 1 7 o-o 1 7 ooo 1 6 -oo 1 6 oo- 1 4 -oo 1 4 ooo 1 8 -oo 1 8 o-o 2 5 ooo 2 8 ooo 2 6 ooo 2 9 ooo 2 7 ooo 2 4 ooo 3 7 o-o 3 9 oo- 3 5 o-- 3 4 -oo 3 6 -o- 3 8 --o
mp-1247558,KFeN,21,54,56,33,2.5714285714285716,0,False,0,1.0,K Fe N 0 2 ooo 0 2 +oo 0 2 o-o 1 2 +-o 1 2 +oo 1 2 o-o
mp-1211740,KH2OsBr4N,96,259,261,163,2.6979166666666665,0,False,0,1.0,K K H H H H Os Os Br Br Br Br Br Br Br Br N N 0 17 ooo 0 11 o-o 0 8 oo+ 0 12 ooo 0 15 ooo 0 10 +oo 0 9 +oo 1 16 -oo 1 9 oo- 1 10 o+o 1 14 ooo 1 13 ooo 1 8 ooo 1 11 ooo 4 6 ooo 5 7 ooo 6 16 ooo 6 8 ooo 6 11 ooo 6 12 oo- 6 15 o+o 7 17 ooo 7 9 ooo 7 10 ooo 7 13 oo+ 7 14 o-o
mp-1030967,KHfMg6O7,141,390,392,249,2.765957446808511,0,False,0,1.0,K Hf Mg Mg Mg Mg Mg Mg O O O O O O O 0 13 -oo 0 13 --o 0 11 -oo 0 11 -o- 0 8 ooo 0 9 -oo 1 9 ooo 1 8 ooo 1 12 ooo 1 12 oo- 1 14 o-o 1 14 ooo 2 10 ooo 2 13 oo+ 2 13 ooo 2 11 o+o 2 11 ooo 3 10 ooo 3 14 oo+ 3 14 ooo 3 12 ooo 3 12 o+o 4 11 -oo 4 8 oo+ 4 8 ooo 4 12 ooo 5 11 ooo 5 12 ooo 5 10 o-o 5 10 ooo 5 9 ooo 5 9 oo+ 6 13 -oo 6 8 ooo 6 8 o+o 6 14 ooo 7 13 ooo 7 14 ooo 7 10 oo- 7 10 ooo 7 9 ooo 7 9 o+o
mp-1180825,KIBr2O,134,369,371,235,2.753731343283582,0,False,0,1.0,K K K K I I I I Br Br Br Br Br Br Br Br O O O O 0 16 ooo 0 16 +oo 0 10 +-o 0 10 o-o 0 12 ooo 1 17 ooo 1 17 +oo 1 11 ++o 1 11 o+o 1 13 ooo 2 18 ooo 2 18 -oo 2 10 ooo 2 8 ooo 2 8 -oo 2 13 ooo 2 13 -oo 3 19 ooo 3 19 -oo 3 11 ooo 3 9 ooo 3 9 -oo 3 12 ooo 3 12 -oo 4 8 oo- 4 9 ooo 5 10 o-o 5 11 ooo 6 13 ooo 6 12 ooo 7 14 o-o 7 15 oo- 8 18 ooo 9 19 ooo 12 19 ooo 13 18 ooo 14 17 ooo 15 16 ooo
mp-1180956,KIBr2O,176,493,495,317,2.8011363636363638,0,False,0,1.0,K K K K I I I I Br Br Br Br Br Br Br Br O O O O 0 16 oo+ 0 16 ooo 0 8 ooo 0 10 +oo 0 10 +o+ 0 12 o-o 0 15 oo+ 0 15 ooo 1 17 oo+ 1 17 ooo 1 9 ooo 1 11 -o+ 1 11 -oo 1 13 o+o 1 14 ooo 1 14 oo+ 2 18 oo- 2 18 ooo 2 8 ooo 2 8 oo- 2 10 ooo 2 13 ooo 2 13 oo- 2 14 ooo 3 19 oo- 3 19 ooo 3 9 oo- 3 9 ooo 3 11 ooo 3 12 oo- 3 12 ooo 3 15 ooo 4 9 ooo 4 8 ooo 5 10 ooo 5 11 --o 6 12 o-o 6 13 ooo 6 8 ooo 6 9 o-o 7 15 -oo 7 14 ooo 7 11 -oo 7 10 ooo 8 18 ooo 9 19 ooo 10 16 -oo 11 17 +oo 12 19 ooo 13 18 ooo 14 17 ooo 15 16 ooo
mp-1522089,KIn(WO3)4,138,377,379,239,2.7318840579710146,0,False,0,1.0,K In W W W W O O O O O O O O O O O O 0 7 o-o 0 8 o-- 0 6 +oo 0 9 +o- 0 14 +-o 0 14 o-o 0 16 +-o 0 16 +oo 0 12 oo- 0 11 ooo 1 13 ooo 1 10 ooo 1 17 ooo 1 15 ooo 1 11 ooo 1 12 ooo 2 7 o-o 2 6 ooo 2 14 o-o 2 11 ooo 2 15 ooo 2 10 o-o 3 8 o-o 3 9 ooo 3 14 o-+ 3 12 ooo 3 15 ooo 3 13 o-o 4 9 +oo 4 8 ooo 4 16 +o+ 4 12 ooo 4 17 ooo 4 13 +oo 5 6 +oo 5 7 ooo 5 16 +oo 5 11 ooo 5 17 ooo 5 10 +oo
mp-1517573,KLaFeBiO6,118,310,312,192,2.6271186440677967,0,False,0,1.0,K La Fe Bi O O O O O O 0 9 oo- 0 9 ooo 0 5 oo- 0 5 o-o 0 8 o-o 0 8 -oo 0 7 o-o 0 7 ooo 0 6 -oo 0 6 oo- 0 4 -oo 0 4 ooo 1 6 ooo 1 6 o+o 1 4 o+o 1 4 oo+ 1 9 +oo 1 9 o+o 1 5 +oo 1 5 ooo 1 8 ooo 1 8 oo+ 1 7 oo+ 1 7 +oo 2 8 ooo 2 9 ooo 2 4 ooo 2 7 ooo 2 5 ooo 2 6 ooo 3 7 o-o 3 6 -o- 3 9 oo- 3 8 --o 3 5 o-- 3 4 -oo
mp-1516686,KLaNbWO6,118,309,311,191,2.6186440677966103,0,False,0,1.0,K La Nb W O O O O O O 0 7 oo+ 0 7 +oo 0 8 ooo 0 8 oo+ 0 6 ooo 0 6 o+o 0 5 ooo 0 5 +oo 0 4 oo+ 0 4 o+o 0 9 o+o 0 9 +oo 1 6 -oo 1 6 oo- 1 5 oo- 1 5 o-o 1 7 o-o 1 7 ooo 1 4 ooo 1 4 -oo 1 8 o-o 1 8 -oo 1 9 ooo 1 9 oo- 2 6 -o- 2 7 o-o 2 8 --o 2 9 oo- 2 4 -oo 2 5 o-- 3 5 ooo 3 9 ooo 3 6 ooo 3 7 ooo 3 4 ooo 3 8 ooo
mp-556475,KLaPdO3,120,327,329,207,2.725,0,False,0,1.0,K K La La Pd Pd O O O O O O 0 11 ooo 0 6 -oo 0 6 o-o 0 7 o-o 0 7 -oo 0 10 ooo 0 8 ooo 1 6 ooo 1 11 o+o 1 11 +oo 1 9 o+o 1 9 +oo 1 8 ooo 1 10 ooo 2 7 ooo 2 8 oo+ 2 11 o+o 2 11 +oo 2 10 ooo 2 9 +o+ 2 9 o++ 3 9 ooo 3 10 oo- 3 6 -oo 3 6 o-o 3 8 ooo 3 7 -o- 3 7 o-- 4 8 -oo 4 8 o-o 4 6 --o 4 9 ooo 5 10 +oo 5 10 o+o 5 11 ++o 5 7 ooo
mp-1522036,KLaV4O12,132,360,362,228,2.727272727272727,0,False,0,1.0,K La V V V V O O O O O O O O O O O O 0 9 -oo 0 7 o-o 0 6 -oo 0 8 o-o 0 17 ooo 0 17 o-o 0 15 ooo 0 15 -oo 0 12 ooo 0 11 ooo 1 14 ooo 1 16 ooo 1 10 oo- 1 13 ooo 1 7 oo- 1 9 ooo 1 6 oo- 1 8 ooo 2 6 ooo 2 11 ooo 2 15 ooo 2 14 o-+ 2 10 o-o 3 9 ooo 3 12 ooo 3 15 ooo 3 14 o-o 3 13 o-o 4 8 ooo 4 12 ooo 4 17 ooo 4 16 -oo 4 13 -oo 5 7 ooo 5 11 ooo 5 17 ooo 5 16 -o+ 5 10 -oo
mp-1032180,KMg6CoO8,160,446,448,286,2.7875,0,False,0,1.0,K Mg Mg Mg Mg Mg Mg Co O O O O O O O O 0 14 oo+ 0 14 ooo 0 12 ooo 0 12 o+o 0 10 ooo 0 11 -oo 1 13 ooo 1 13 oo- 1 15 ooo 1 15 o-o 1 9 ooo 1 8 ooo 2 11 ooo 2 10 ooo 2 15 ooo 2 15 oo+ 2 13 o+o 2 13 ooo 3 13 ooo 3 8 ooo 3 8 oo+ 3 10 o-o 3 10 ooo 3 12 ooo 4 13 ooo 4 9 ooo 4 9 oo+ 4 11 o-o 4 11 ooo 4 12 +oo 5 15 ooo 5 8 ooo 5 8 o+o 5 10 ooo 5 10 oo- 5 14 ooo 6 15 ooo 6 9 o+o 6 9 ooo 6 11 oo- 6 11 ooo 6 14 +oo 7 12 oo- 7 12 ooo 7 14 ooo 7 14 o-o 7 8 ooo 7 9 -oo
mp-1032284,KMg6CoO8,160,446,448,286,2.7875,0,False,0,1.0,K Mg Mg Mg Mg Mg Mg Co O O O O O O O O 0 15 ooo 0 15 o-o 0 13 oo- 0 13 ooo 0 8 ooo 0 9 ooo 1 11 -oo 1 10 ooo 1 12 o+o 1 12 ooo 1 14 ooo 1 14 oo+ 2 11 ooo 2 10 ooo 2 13 ooo 2 13 o+o 2 15 oo+ 2 15 ooo 3 13 ooo 3 12 ooo 3 10 ooo 3 10 o-o 3 8 oo+ 3 8 ooo 4 13 ooo 4 12 +oo 4 11 o-o 4 11 ooo 4 9 oo+ 4 9 ooo 5 15 ooo 5 14 ooo 5 10 oo- 5 10 ooo 5 8 o+o 5 8 ooo 6 15 ooo 6 14 +oo 6 11 ooo 6 11 oo- 6 9 ooo 6 9 o+o 7 8 ooo 7 9 -oo 7 12 oo- 7 12 ooo 7 14 ooo 7 14 o-o
mp-1019105,KMgBi,60,159,161,99,2.65,0,False,0,1.0,K K Mg Mg Bi Bi 0 4 ooo 0 5 ooo 0 5 ++o 0 5 o+o 0 5 +oo 1 5 ooo 1 4 --o 1 4 o-o 1 4 ooo 1 4 -oo 2 5 +oo 2 5 ooo 2 4 o-- 2 4 oo- 3 5 o+o 3 5 ooo 3 4 -o- 3 4 oo-
mp-2233123,KMgMn2Cr2O10,109,295,297,186,2.706422018348624,0,False,0,1.0,K Mg Mn Mn Cr Cr O O O O O O O O O O 0 10 ooo 0 11 ooo 0 13 ooo 0 12 ooo 0 8 ooo 0 9 ooo 0 6 ooo 1 15 ooo 1 8 ooo 1 13 +oo 1 12 o+o 2 14 ooo 2 15 -o- 2 13 oo- 2 11 -oo 2 7 oo- 2 6 -oo 3 14 ooo 3 15 o-- 3 12 oo- 3 10 o-o 3 7 oo- 3 6 o-o 4 10 +oo 4 11 o+o 4 6 ooo 4 8 ooo 5 9 ooo 5 7 ooo 5 12 -oo 5 13 o-o
mp-2227364,KMgMoO3,54,141,143,87,2.611111111111111,0,False,0,1.0,K Mg Mo O O O 0 4 oo+ 0 4 ooo 0 4 +o+ 0 4 +oo 0 1 ooo 0 1 o+o 1 5 ooo 1 5 +oo 1 3 oo+ 1 3 ooo 2 3 -oo 2 3 ooo 2 5 oo- 2 5 ooo 2 4 ooo 2 4 o-o
mp-1189282,KMgPO5,124,333,335,209,2.685483870967742,0,False,0,1.0,K K Mg Mg P P O O O O O O O O O O 0 9 ooo 0 9 +oo 0 8 ooo 0 8 o-o 0 14 ooo 0 7 ooo 0 10 o-o 0 11 ooo 1 8 -oo 1 8 ooo 1 9 o+o 1 9 ooo 1 15 ooo 1 6 -oo 1 12 -oo 1 13 -oo 2 7 oo+ 2 10 o-o 2 11 ooo 2 14 ooo 2 12 o-+ 2 13 oo+ 3 6 -o- 3 13 -oo 3 12 -oo 3 15 ooo 3 10 oo- 3 11 oo- 4 8 ooo 4 6 ooo 4 11 ooo 4 10 ooo 5 9 ooo 5 7 ooo 5 12 --o 5 13 -oo
mp-1003314,KMn2O4,61,159,161,98,2.6065573770491803,0,False,0,1.0,K Mn Mn O O O O 0 4 +oo 0 4 ooo 0 5 o-o 0 5 +-o 0 3 o-o 0 6 ooo 1 5 o-o 1 4 oo- 1 3 --- 1 3 o-- 1 6 ooo 1 6 -oo 2 4 oo- 2 4 +o- 2 5 +oo 2 5 ooo 2 3 oo- 2 6 ooo
mp-763541,KMn2O4,122,329,331,207,2.69672131147541,0,False,0,1.0,K K Mn Mn Mn Mn O O O O O O O O 0 7 o-o 0 7 ooo 0 6 o-o 0 6 ooo 0 12 ooo 0 13 ooo 1 10 ooo 1 10 o-o 1 11 ooo 1 11 o-o 1 8 o-o 1 9 o-o 2 10 -oo 2 7 ooo 2 13 o+o 2 13 ooo 2 9 --o 2 9 -oo 3 11 ooo 3 6 ooo 3 12 o+o 3 12 ooo 3 8 o-o 3 8 ooo 4 11 o-o 4 11 ooo 4 6 oo- 4 6 o-- 4 12 ooo 4 8 o-- 5 10 --o 5 10 -oo 5 7 oo- 5 7 o-- 5 9 --- 5 13 ooo
mp-1093779,KNa2Tl,16,42,44,26,2.625,0,False,0,1.0,K Na Na Tl 0 1 -oo 0 2 o-- 1 3 ooo 2 3 o++
mp-1518702,KNdFeBiO6,118,310,312,192,2.6271186440677967,0,False,0,1.0,K Nd Fe Bi O O O O O O 0 6 -oo 0 6 oo- 0 5 oo- 0 5 o-o 0 4 ooo 0 4 -oo 0 8 o-o 0 8 -oo 0 7 ooo 0 7 o-o 0 9 oo- 0 9 ooo 1 5 ooo 1 5 +oo 1 4 oo+ 1 4 o+o 1 9 o+o 1 9 +oo 1 6 ooo 1 6 o+o 1 8 oo+ 1 8 ooo 1 7 +oo 1 7 oo+ 2 5 ooo 2 8 ooo 2 4 ooo 2 6 ooo 2 9 ooo 2 7 ooo 3 4 -oo 3 8 --o 3 5 o-- 3 9 oo- 3 6 -o- 3 7 o-o
mp-1522681,KNdV4O12,132,360,362,228,2.727272727272727,0,False,0,1.0,K Nd V V V V O O O O O O O O O O O O 0 9 -oo 0 6 -o- 0 8 o-o 0 7 o-- 0 11 oo- 0 12 ooo 0 16 ooo 0 16 o-o 0 14 ooo 0 14 -oo 1 15 ooo 1 17 ooo 1 10 ooo 1 13 ooo 1 8 ooo 1 6 ooo 1 9 ooo 1 7 ooo 2 6 ooo 2 11 ooo 2 14 oo+ 2 15 o-o 2 10 o-o 3 9 ooo 3 12 ooo 3 14 ooo 3 15 o-o 3 13 o-o 4 8 ooo 4 12 ooo 4 16 ooo 4 17 -oo 4 13 -oo 5 7 ooo 5 11 ooo 5 16 oo+ 5 17 -oo 5 10 -oo
mp-1071539,KO2,36,91,93,55,2.5277777777777777,0,False,0,1.0,K K O O O O 0 4 ooo 0 2 ooo 0 3 ooo 0 5 ooo 1 5 -oo 1 3 o-- 1 4 -oo 1 2 o-- 2 3 ooo 4 5 ooo
mp-1726,KO3,136,365,367,229,2.6838235294117645,0,False,0,1.0,K K K K O O O O O O O O O O O O 0 6 ooo 0 14 ooo 0 13 o-o 0 5 o-o 0 15 ooo 0 7 +oo 0 12 +oo 0 4 ooo 1 5 ooo 1 13 ooo 1 14 o+o 1 6 o+o 1 12 ooo 1 4 -oo 1 15 -oo 1 7 ooo 2 5 ooo 2 14 -o- 2 12 ooo 2 7 oo- 2 4 ooo 2 15 --- 2 13 o-o 2 6 oo- 3 13 +oo 3 6 oo- 3 4 ooo 3 15 oo- 3 12 ++o 3 7 oo- 3 14 o+- 3 5 ooo 4 11 ooo 5 9 ooo 6 10 ooo 7 8 ooo 8 12 ooo 9 13 ooo 10 14 ooo 11 15 ooo
mp-1245571,KPbN,21,54,56,33,2.5714285714285716,0,False,0,1.0,K Pb N 0 2 +oo 0 2 ooo 0 2 +-o 1 2 ooo 1 2 +oo 1 2 o+o
mp-1518082,KPrFeBiO6,118,310,312,192,2.6271186440677967,0,False,0,1.0,K Pr Fe Bi O O O O O O 0 9 oo- 0 9 ooo 0 4 -oo 0 4 ooo 0 8 -oo 0 8 o-o 0 7 o-o 0 7 ooo 0 6 -oo 0 6 oo- 0 5 oo- 0 5 o-o 1 9 o+o 1 9 +oo 1 5 +oo 1 5 ooo 1 4 o+o 1 4 oo+ 1 8 ooo 1 8 oo+ 1 7 +oo 1 7 oo+ 1 6 o+o 1 6 ooo 2 4 ooo 2 9 ooo 2 6 ooo 2 5 ooo 2 8 ooo 2 7 ooo 3 8 --o 3 9 oo- 3 4 -oo 3 5 o-- 3 6 -o- 3 7 o-o
mp-1522087,KPrV4O12,132,360,362,228,2.727272727272727,0,False,0,1.0,K Pr V V V V O O O O O O O O O O O O 0 6 -oo 0 7 o-o 0 8 o-o 0 9 -oo 0 17 ooo 0 17 o-o 0 15 ooo 0 15 -oo 0 12 ooo 0 11 ooo 1 14 ooo 1 16 ooo 1 8 ooo 1 9 ooo 1 6 oo- 1 7 oo- 1 10 oo- 1 13 ooo 2 6 ooo 2 11 ooo 2 15 ooo 2 14 o-+ 2 10 o-o 3 9 ooo 3 12 ooo 3 15 ooo 3 14 o-o 3 13 o-o 4 8 ooo 4 12 ooo 4 17 ooo 4 16 -oo 4 13 -oo 5 7 ooo 5 11 ooo 5 17 ooo 5 16 -o+ 5 10 -oo
mp-1519436,KPrVWO6,118,308,310,190,2.610169491525424,0,False,0,1.0,K Pr V W O O O O O O 0 7 ooo 0 7 o-o 0 5 oo- 0 5 o-o 0 6 -oo 0 6 oo- 0 8 -oo 0 8 o-o 0 4 ooo 0 4 -oo 0 9 ooo 0 9 oo- 1 8 oo+ 1 8 ooo 1 9 +oo 1 9 o+o 1 5 ooo 1 5 +oo 1 4 o+o 1 4 oo+ 1 7 +oo 1 7 oo+ 1 6 o+o 1 6 ooo 2 5 o-- 2 4 -oo 2 6 -o- 2 9 oo- 2 8 --o 2 7 o-o 3 9 ooo 3 5 ooo 3 7 ooo 3 6 ooo 3 4 ooo 3 8 ooo
mp-561433,KPuCO5,118,320,322,202,2.711864406779661,0,False,0,1.0,K K Pu Pu C C O O O O O O O O O O 0 10 o-o 0 10 ooo 0 10 --o 0 11 -o- 0 11 --- 0 11 oo- 0 15 -oo 0 13 o-- 0 9 oo- 0 8 ooo 0 12 --o 0 7 --- 1 14 -oo 1 14 --o 1 14 ooo 1 6 o-o 1 6 ooo 1 6 --o 1 15 -oo 1 13 o-o 1 8 ooo 1 9 ooo 1 7 --o 1 12 --o 2 6 ooo 2 10 ooo 3 11 ooo 3 14 ooo 4 15 ooo 4 12 ooo 4 8 ooo 5 13 ooo 5 7 ooo 5 9 ooo
mp-1114172,KRb2TlI6,46,118,120,72,2.5652173913043477,0,False,0,1.0,K Rb Rb Tl I I I I I I 0 6 ooo 0 9 ooo 0 8 ooo 0 4 ooo 0 7 ooo 0 5 ooo 3 5 oo- 3 8 -o- 3 9 --o 3 4 -oo 3 7 o-o 3 6 o--
mp-1180648,KS,8,19,21,11,2.375,0,False,0,1.0,K S 0 1 ooo 0 1 oo-
mp-1518998,KSmEuWO6,118,309,311,191,2.6186440677966103,0,False,0,1.0,K Sm Eu W O O O O O O 0 6 oo- 0 6 -oo 0 4 ooo 0 4 -oo 0 5 oo- 0 5 o-o 0 8 -oo 0 8 o-o 0 7 o-o 0 7 ooo 0 9 oo- 0 9 ooo 1 5 o-- 1 6 -o- 1 7 o-o 1 9 oo- 1 8 --o 1 4 -oo 2 8 ooo 2 8 oo+ 2 9 +oo 2 9 o+o 2 7 oo+ 2 7 +oo 2 5 ooo 2 5 +oo 2 6 ooo 2 6 o+o 2 4 oo+ 2 4 o+o 3 4 ooo 3 5 ooo 3 8 ooo 3 6 ooo 3 9 ooo 3 7 ooo
mp-1522534,KSmV4O12,132,360,362,228,2.727272727272727,0,False,0,1.0,K Sm V V V V O O O O O O O O O O O O 0 12 oo- 0 11 ooo 0 6 +oo 0 9 +o- 0 7 o-o 0 8 o-- 0 16 +-o 0 16 +oo 0 14 +oo 0 14 ooo 1 10 ooo 1 13 ooo 1 17 ooo 1 15 ooo 1 9 ooo 1 8 ooo 1 6 ooo 1 7 ooo 2 6 ooo 2 11 ooo 2 14 ooo 2 15 o-o 2 10 o-o 3 9 ooo 3 12 ooo 3 14 oo+ 3 15 o-o 3 13 o-o 4 8 ooo 4 12 ooo 4 16 +o+ 4 17 +oo 4 13 +oo 5 7 ooo 5 11 ooo 5 16 +oo 5 17 +oo 5 10 +oo
mp-3481,KSnAs,60,159,161,99,2.65,0,False,0,1.0,K K Sn Sn As As 0 5 -o+ 0 5 o++ 0 5 oo+ 0 3 o+o 0 3 ++o 0 3 ooo 1 4 +oo 1 4 o-o 1 4 ooo 1 2 +oo 1 2 ooo 1 2 ++o 2 5 -oo 2 5 ooo 2 5 --o 3 4 o-o 3 4 --o 3 4 ooo
mp-1519524,KTbEuWO6,118,309,311,191,2.6186440677966103,0,False,0,1.0,K Tb Eu W O O O O O O 0 8 -oo 0 8 o-o 0 4 -oo 0 4 ooo 0 9 oo- 0 9 ooo 0 6 oo- 0 6 -oo 0 7 o-o 0 7 ooo 0 5 o-o 0 5 oo- 1 5 o-- 1 6 -o- 1 4 -oo 1 8 --o 1 9 oo- 1 7 o-o 2 5 +oo 2 5 ooo 2 8 oo+ 2 8 ooo 2 6 o+o 2 6 ooo 2 7 oo+ 2 7 +oo 2 4 oo+ 2 4 o+o 2 9 o+o 2 9 +oo 3 8 ooo 3 6 ooo 3 9 ooo 3 5 ooo 3 7 ooo 3 4 ooo
mp-4126,KUO3,59,153,155,94,2.593220338983051,0,False,0,1.0,K U O O O 0 2 +oo 0 2 ooo 0 2 +o+ 0 2 oo+ 0 4 ooo 0 4 o+o 0 4 oo+ 0 4 o++ 0 3 +oo 0 3 ++o 0 3 ooo 0 3 o+o 1 2 o-o 1 2 ooo 1 3 oo- 1 3 ooo 1 4 ooo 1 4 -oo
mp-1205604,KVCl3,118,307,309,189,2.6016949152542375,0,False,0,1.0,K K V V Cl Cl Cl Cl Cl Cl 0 5 -oo 0 5 ooo 0 7 o+o 0 7 ooo 0 9 -oo 0 9 o+o 0 8 ooo 0 8 oo+ 0 4 ooo 0 4 oo+ 0 6 ooo 0 6 oo+ 1 4 +oo 1 4 ooo 1 6 o-o 1 6 ooo 1 8 +oo 1 8 o-o 1 9 ooo 1 9 oo- 1 5 ooo 1 5 oo- 1 7 ooo 1 7 oo- 2 9 -o- 2 8 o-o 2 7 oo- 2 6 --o 2 5 --- 2 4 ooo 3 8 o-o 3 9 -oo 3 6 --o 3 7 ooo 3 5 --o 3 4 ooo
mp-10161,KZnSb,48,127,129,79,2.6458333333333335,0,False,0,1.0,K Zn Sb 0 2 -o- 0 2 -oo 0 2 oo- 0 2 ooo 0 2 --- 0 2 --o 0 1 o-- 0 1 o-o 0 1 --o 0 1 --- 0 1 oo- 0 1 ooo 1 2 -oo 1 2 o+o 1 2 ooo
mp-7438,KZnSb,96,255,257,159,2.65625,0,False,0,1.0,K K Zn Zn Sb Sb 0 5 -o- 0 5 oo- 0 5 --- 0 4 o-o 0 4 --o 0 4 ooo 0 3 -oo 0 3 ooo 0 3 --o 0 2 o-- 0 2 --- 0 2 oo- 1 5 -oo 1 5 ooo 1 5 --o 1 4 o-o 1 4 --o 1 4 ooo 1 3 -oo 1 3 ooo 1 3 --o 1 2 o-o 1 2 --o 1 2 ooo 2 5 -oo 2 5 o+o 2 5 ooo 3 4 +oo 3 4 o-o 3 4 ooo
mp-1522688,KZrInWO6,82,213,215,131,2.597560975609756,0,False,0,1.0,K Zr In W O O O O O O 0 5 +oo 0 5 ooo 0 4 oo+ 0 4 o+o 0 9 o+o 0 9 +oo 0 6 ooo 0 6 o+o 0 7 +oo 0 7 oo+ 0 8 oo+ 0 8 ooo 1 7 o-o 1 4 -oo 1 5 o-- 1 8 --o 1 9 oo- 1 6 -o- 3 9 ooo 3 4 ooo 3 7 ooo 3 8 ooo 3 5 ooo 3 6 ooo
mp-1223369,La2CrFeO6,188,533,535,345,2.8351063829787235,0,True,23,0.9568480300187617,La La La La Cr Cr Fe Fe O O O O O O O O O O O O 0 9 ooo 0 13 ooo 0 19 ooo 0 8 ooo 0 12 ooo 0 18 ooo 0 15 oo+ 0 17 ooo 1 8 +-o 1 12 +oo 1 18 +oo 1 9 o-o 1 13 ooo 1 19 ooo 1 14 o-o 1 16 o-+ 2 11 ooo 2 17 ooo 2 15 ooo 2 10 ooo 2 16 ooo 2 14 ooo 2 13 ooo 2 19 oo- 3 10 -+o 3 16 -oo 3 14 -oo 3 11 o+o 3 17 ooo 3 15 ooo 3 12 o+- 3 18 o+o 4 13 o+o 4 17 ooo 4 14 ooo 4 18 o+o 4 9 ooo 4 11 o+o 5 16 oo+ 5 12 +oo 5 19 ooo 5 15 +o+ 5 8 +oo 5 10 oo+ 6 15 oo+ 6 19 o+o 6 16 oo+ 6 12 o+o 6 9 ooo 6 11 o++ 7 14 -oo 7 18 ooo 7 17 ooo 7 13 -oo 7 8 ooo 7 10 -oo
mp-677272,La2EuS4,158,429,431,271,2.7151898734177213,0,False,0,1.0,La La La La Eu Eu S S S S S S S S 0 13 o-o 0 10 ooo 0 7 oo- 0 8 +oo 0 6 oo- 0 11 o-- 0 9 ooo 0 12 ooo 1 7 ooo 1 12 ooo 1 13 o-o 1 11 ooo 1 9 ooo 1 8 ooo 1 6 ooo 1 10 oo+ 2 6 -oo 2 11 ooo 2 9 oo+ 2 12 -oo 2 13 oo+ 2 10 -o+ 2 8 ooo 2 7 ooo 3 8 ++o 3 9 ooo 3 6 o+o 3 10 ooo 3 7 ++o 3 12 ooo 3 11 oo- 3 13 ooo 4 7 o+o 4 10 -oo 4 9 ooo 4 11 ooo 4 6 o+o 4 12 -oo 4 8 ooo 4 13 ooo 5 13 o-o 5 12 --- 5 6 -o- 5 8 ooo 5 10 --o 5 7 oo- 5 11 --- 5 9 ooo
mp-570597,La2GeI2,41,108,110,67,2.6341463414634148,0,False,0,1.0,La La Ge I I 0 3 o-o 0 3 +oo 0 3 ooo 0 2 +oo 0 2 ++o 0 2 ooo 1 4 o+o 1 4 -oo 1 4 ooo 1 2 o+o 1 2 ooo 1 2 ++o
mp-637213,La2GeI2,41,108,110,67,2.6341463414634148,0,False,0,1.0,La La Ge I I 0 4 +oo 0 4 o+o 0 4 oo+ 0 2 o++ 0 2 +o+ 0 2 ++o 1 3 -oo 1 3 o-o 1 3 oo- 1 2 +oo 1 2 o+o 1 2 oo+
mp-2231116,La2MgCr2(CoO6)2,145,403,405,258,2.779310344827586,0,False,0,1.0,La La Mg Cr Cr Co Co O O O O O O O O O O O O 0 9 ++o 0 11 +oo 0 17 oo+ 0 16 ooo 0 10 +oo 0 18 ooo 0 8 ++o 0 13 o+o 1 10 oo- 1 15 ooo 1 11 ooo 1 16 ooo 1 17 ooo 1 12 o+o 1 14 ooo 1 7 ooo 2 12 ooo 2 17 --o 2 7 ooo 2 16 --o 2 9 ooo 2 8 oo- 3 14 ooo 3 16 o-o 3 9 ooo 3 13 ooo 3 12 ooo 4 8 ooo 4 10 ooo 4 18 -oo 4 15 -o+ 4 7 oo+ 5 13 oo- 5 17 o-o 5 15 ooo 5 12 ooo 5 8 oo- 6 7 ooo 6 11 ooo 6 18 -oo 6 9 ooo 6 14 -oo
mp-2217365,La2MgZnBiO6,83,223,225,140,2.6867469879518073,0,False,0,1.0,La La Mg Zn Bi O O O O O O 0 7 +oo 0 9 ooo 0 6 o+o 0 8 ooo 0 5 oo+ 0 10 ooo 1 9 -oo 1 8 oo- 1 5 ooo 1 10 o-o 1 7 ooo 1 6 ooo 2 9 ooo 2 6 ooo 2 8 ooo 2 10 +-o 3 7 ooo 3 8 ooo 3 10 ooo 3 5 ooo 4 5 o-o 4 6 -oo 4 7 oo- 4 10 o--
mp-2217606,La2MgZnSbO6,80,214,216,134,2.675,0,False,0,1.0,La La Mg Zn Sb O O O O O O 0 7 +oo 0 5 oo+ 0 6 o+o 0 9 ooo 0 8 ooo 0 10 ooo 1 9 -oo 1 10 o-o 1 7 ooo 1 5 ooo 1 8 oo- 1 6 ooo 2 6 -oo 2 7 oo- 2 5 o-o 3 9 ooo 3 6 ooo 3 5 ooo 3 10 ooo 3 8 ooo 4 8 o+o 4 10 +oo 4 9 oo+
mp-1076121,La2Ni2O5,174,491,493,317,2.82183908045977,0,False,0,1.0,La La La La Ni Ni Ni Ni O O O O O O O O O O 0 8 ooo 0 16 ooo 0 13 o-o 0 11 o-o 0 14 -oo 0 14 ooo 0 12 oo- 0 10 oo- 1 9 ooo 1 17 ooo 1 12 o+o 1 10 o+o 1 15 ooo 1 15 +oo 1 13 oo+ 1 11 oo+ 2 9 ooo 2 14 ooo 2 11 +oo 2 13 ooo 2 16 ooo 2 16 +oo 2 10 +o- 2 12 oo- 3 8 ooo 3 15 ooo 3 10 ooo 3 12 -oo 3 17 -oo 3 17 ooo 3 11 oo+ 3 13 -o+ 4 10 oo- 4 11 ooo 4 12 oo- 4 13 ooo 4 16 ooo 4 17 oo- 5 8 o+o 5 16 ooo 5 15 ooo 5 9 -oo 6 12 -o- 6 13 --o 6 10 oo- 6 11 o-o 6 14 -oo 6 15 o-- 7 9 o-o 7 14 ooo 7 17 ooo 7 8 ooo
mp-33032,La2O3,59,155,157,96,2.6271186440677967,0,False,0,1.0,La La O O O 0 4 oo- 0 4 ooo 0 4 -oo 0 4 -o- 0 2 o-- 0 2 oo- 0 2 o-o 0 2 ooo 0 3 ooo 0 3 o-o 0 3 -oo 0 3 --o 1 2 +oo 1 2 ooo 1 3 ooo 1 3 oo+ 1 4 ooo 1 4 o+o
mp-1105333,La3Bi4Au3,308,893,895,585,2.8993506493506493,0,True,383,0.5711086226203808,La La La La La La Bi Bi Bi Bi Bi Bi Bi Bi Au Au Au Au Au Au 0 19 ooo 0 17 ooo 0 18 ooo 0 16 o+o 0 13 ooo 0 7 ooo 0 12 oo+ 0 6 o+o 0 10 ooo 0 11 o+o 0 8 o++ 0 9 ooo 1 18 o-o 1 16 -oo 1 17 ooo 1 19 oo+ 1 9 oo+ 1 11 -oo 1 10 ooo 1 8 oo+ 1 6 ooo 1 7 oo+ 1 12 oo+ 1 13 --o 2 19 ooo 2 14 ooo 2 15 ooo 2 18 +oo 2 13 ooo 2 8 ooo 2 7 +oo 2 11 o+o 2 6 ++o 2 12 ooo 2 10 +oo 2 9 ooo 3 18 oo- 3 14 -oo 3 19 ooo 3 15 o+o 3 9 o+o 3 12 ooo 3 10 oo- 3 6 o+o 3 11 o+o 3 7 ooo 3 8 o+o 3 13 -o- 4 16 ooo 4 17 ooo 4 15 ooo 4 14 oo+ 4 13 ooo 4 6 ooo 4 10 +oo 4 8 oo+ 4 11 ooo 4 12 oo+ 4 7 +o+ 4 9 ooo 5 16 oo- 5 15 ooo 5 17 +oo 5 14 o-o 5 9 +oo 5 12 o-o 5 11 ooo 5 7 +oo 5 10 +oo 5 8 ooo 5 6 +oo 5 13 o-- 6 14 --o 6 18 o-o 6 17 ooo 7 19 ooo 7 16 -o- 7 14 -oo 8 16 oo- 8 18 o-- 8 15 ooo 9 17 ooo 9 19 ooo 9 15 ooo 10 18 ooo 10 17 ooo 10 15 -oo 11 16 ooo 11 19 o-o 11 15 ooo 12 17 oo- 12 19 ooo 12 14 ooo 13 18 +oo 13 16 o+o 13 14 oo+
mp-1223043,La4Nd4S4O7,175,493,495,318,2.817142857142857,0,False,0,1.0,La La La La Nd Nd Nd Nd S S S S O O O O O O O 0 16 -oo 0 17 o-o 0 18 --+ 0 12 ooo 0 8 -o+ 0 9 o-+ 0 10 ooo 1 16 ooo 1 17 ooo 1 13 ooo 1 11 ++o 1 9 oo+ 1 8 oo+ 2 18 -oo 2 16 -oo 2 15 ooo 2 11 o+o 2 9 ooo 2 10 ooo 3 18 o-o 3 17 o-o 3 14 ooo 3 11 +oo 3 8 ooo 3 10 ooo 4 12 +oo 4 16 ooo 4 13 ooo 4 15 +oo 4 11 +oo 4 10 ooo 4 9 o-+ 5 12 o+o 5 17 ooo 5 13 ooo 5 14 o+o 5 11 o+o 5 10 ooo 5 8 -o+ 6 13 oo- 6 15 ooo 6 14 ooo 6 11 ooo 6 8 -oo 6 9 o-o 7 12 ++- 7 14 o+o 7 15 +oo 7 18 ooo 7 10 ooo 7 8 ooo 7 9 ooo
mp-31031,La4PdO7,114,310,312,196,2.719298245614035,0,False,0,1.0,La La La La Pd O O O O O O O 0 6 +oo 0 6 o+o 0 9 ooo 0 5 ooo 0 11 ooo 0 8 o-o 0 8 -oo 0 10 oo+ 1 5 -oo 1 5 o-o 1 11 ooo 1 6 ooo 1 9 ooo 1 7 o+o 1 7 +oo 1 10 ooo 2 5 ooo 2 9 o+o 2 9 +oo 2 8 ooo 2 10 oo+ 2 7 +o+ 2 7 o++ 3 6 ooo 3 11 -oo 3 11 o-o 3 7 ooo 3 10 ooo 3 8 -o- 3 8 o-- 4 10 -oo 4 10 o-o 4 7 ooo 4 8 ---
mp-989643,LaCoN3,64,167,169,103,2.609375,0,False,0,1.0,La La Co Co N N N N N N 0 5 oo- 0 4 ooo 0 4 +oo 0 7 ooo 0 7 +oo 1 4 oo+ 1 5 ooo 1 5 -oo 1 9 ooo 1 9 -oo 2 6 ooo 2 4 o-o 2 5 oo- 3 8 ooo 3 5 o+o 3 4 oo+ 6 9 ooo 7 8 ooo
mp-573180,LaCoO3,59,155,157,96,2.6271186440677967,0,False,0,1.0,La Co O O O 0 4 o+o 0 4 ++o 0 4 ooo 0 4 +oo 0 3 oo+ 0 3 +oo 0 3 ooo 0 3 +o+ 0 2 o+o 0 2 oo+ 0 2 ooo 0 2 o++ 1 4 ooo 1 4 oo- 1 2 -oo 1 2 ooo 1 3 o-o 1 3 ooo
mp-1040803,LaCrMoO6,81,212,214,131,2.617283950617284,0,False,0,1.0,La Cr Mo O O O O O O 0 5 oo- 0 5 ++o 0 8 o+o 0 8 oo- 0 6 o+o 0 6 ooo 0 7 ooo 0 7 +oo 0 4 oo- 0 4 ooo 0 3 +oo 0 3 oo- 1 3 +oo 1 8 ooo 1 6 ooo 1 4 ooo 1 7 +o+ 1 5 +oo 2 4 ooo 2 5 o+o 2 6 o++ 2 7 ooo 2 8 o+o 2 3 ooo
mp-1040816,LaCrSbO6,81,212,214,131,2.617283950617284,0,False,0,1.0,La Cr Sb O O O O O O 0 3 ooo 0 3 oo+ 0 5 ooo 0 5 ++o 0 6 o++ 0 6 -oo 0 4 oo+ 0 4 -oo 0 7 ooo 0 7 +oo 0 8 o+o 0 8 ooo 1 4 ooo 1 6 ooo 1 7 +o- 1 5 +o- 1 8 oo- 1 3 +oo 2 8 o+o 2 3 -oo 2 5 o+o 2 7 ooo 2 6 -+o 2 4 -oo
mp-1040852,LaCrSnO6,63,164,166,101,2.6031746031746033,0,False,0,1.0,La Cr Sn O O O O O O 0 3 +oo 0 5 ooo 0 6 +-o 0 7 ooo 0 4 o-- 0 8 +oo 1 8 ooo 1 7 ooo 1 4 o-o 1 6 o-o 1 3 o-o 1 5 ooo 2 5 oo+ 2 3 oo+ 2 6 +o+ 2 4 ooo 2 7 -oo 2 8 ooo
mp-1030635,LaMg3O4,80,211,213,131,2.6375,0,False,0,1.0,La Mg Mg Mg O O O O 0 6 oo- 0 6 ooo 0 4 -oo 0 4 ooo 0 7 ooo 0 7 o-o 1 5 ooo 1 5 -oo 1 7 oo+ 1 7 ooo 1 6 ooo 1 6 o+o 2 6 +oo 2 6 ooo 2 5 o-o 2 5 ooo 2 4 oo+ 2 4 ooo 3 7 +oo 3 7 ooo 3 5 oo- 3 5 ooo 3 4 o+o 3 4 ooo
mp-1040818,LaMnCrO6,81,212,214,131,2.617283950617284,0,False,0,1.0,La Mn Cr O O O O O O 0 3 ooo 0 3 +oo 0 5 ooo 0 5 o-+ 0 4 +oo 0 4 oo- 0 7 ooo 0 7 oo+ 0 8 ooo 0 8 o-o 0 6 +-o 0 6 oo- 1 7 oo+ 1 3 ooo 1 4 ooo 1 5 o-+ 1 8 o-+ 1 6 o-o 2 6 +oo 2 8 ooo 2 5 oo+ 2 4 +oo 2 3 +o+ 2 7 oo+
mp-1212058,LaN(ClO)4,80,213,215,133,2.6625,0,False,0,1.0,La La N N Cl Cl Cl Cl Cl Cl Cl Cl O O O O O O O O 0 15 ooo 0 15 -oo 0 14 o-o 0 14 --o 0 6 ooo 0 7 o-o 1 12 ooo 1 12 +oo 1 13 oo- 1 13 +o- 1 4 ooo 1 5 oo- 2 19 o-o 2 18 oo- 3 16 ooo 3 17 ooo 8 15 -oo 9 14 -oo 10 13 +oo 11 12 +oo
mp-1222967,LaNi4(BiO4)3,170,481,483,311,2.8294117647058825,0,False,0,1.0,La Ni Ni Ni Ni Bi Bi Bi O O O O O O O O O O O O 0 17 o+o 0 13 -+o 0 10 o+o 0 8 -oo 0 15 ooo 0 16 -o- 0 18 ooo 0 11 -oo 1 10 ooo 1 11 -oo 1 9 ooo 1 8 -oo 1 15 ooo 1 14 -oo 2 16 -oo 2 18 oo+ 2 17 oo+ 2 19 -oo 2 9 ooo 2 8 -o+ 3 17 oo+ 3 13 oo+ 3 16 o-o 3 12 o-o 3 19 ooo 3 18 o-+ 4 15 o-o 4 14 ooo 4 11 o-o 4 10 ooo 4 12 o-o 4 13 ooo 5 16 o-o 5 12 +-o 5 17 +o+ 5 11 o-o 5 9 +oo 5 19 ooo 6 9 ooo 6 19 ooo 6 12 ooo 6 14 ooo 6 11 ooo 6 15 ooo 7 8 ooo 7 18 ooo 7 13 ooo 7 15 ooo 7 10 ooo 7 14 ooo
mp-1284950,LaNiO3,212,601,603,389,2.8349056603773586,0,True,91,0.848585690515807,La La La La Ni Ni Ni Ni O O O O O O O O O O O O 0 11 oo- 0 12 ooo 0 9 ooo 0 14 ooo 0 17 ooo 0 18 oo- 0 18 +o- 0 16 oo- 0 15 o+- 0 8 oo- 1 10 ooo 1 13 +oo 1 8 ooo 1 15 ooo 1 16 +oo 1 19 ooo 1 19 +oo 1 17 o-o 1 14 +oo 1 9 +-o 2 19 oo+ 2 16 ooo 2 15 ooo 2 8 ooo 2 13 ooo 2 10 oo+ 2 10 -o+ 2 12 oo+ 2 9 o-+ 2 14 oo+ 3 18 ooo 3 17 -oo 3 14 ooo 3 9 ooo 3 12 -oo 3 11 ooo 3 11 -oo 3 13 o+o 3 8 -oo 3 15 -+o 4 11 ooo 4 19 o+o 4 15 o+o 4 9 ooo 4 17 ooo 4 13 o+o 5 15 oo- 5 9 +-o 5 17 o-o 5 13 +o- 5 10 ooo 5 18 +-- 6 18 ooo 6 10 -o+ 6 8 -oo 6 14 oo+ 6 16 ooo 6 12 -o+ 7 8 ooo 7 14 ooo 7 16 ooo 7 12 ooo 7 19 ooo 7 11 ooo
mp-1520143,LaTi2GaO6,82,215,217,133,2.6219512195121952,0,False,0,1.0,La Ti Ti Ga O O O O O O 0 7 ooo 0 7 --+ 0 9 o-o 0 9 +oo 0 8 o-o 0 8 oo- 0 6 ooo 0 6 o-o 0 5 ooo 0 5 +oo 0 4 oo+ 0 4 ooo 1 5 ooo 1 4 o+o 1 9 ooo 1 6 ooo 1 7 -oo 1 8 oo- 2 4 oo+ 2 5 ++o 2 8 ooo 2 6 ooo 2 7 oo+ 2 9 +oo
mp-29257,LaTlO3,88,231,233,143,2.625,0,False,0,1.0,La La Tl Tl O O O O O O 0 8 o-+ 0 8 --+ 0 8 oo+ 0 6 -oo 0 6 --o 0 6 ooo 0 5 oo+ 1 9 -oo 1 9 --o 1 9 ooo 1 7 o-o 1 7 ooo 1 7 --o 1 4 ooo 2 5 +oo 2 5 ooo 2 5 ++o 2 7 +oo 2 7 o-o 2 7 ooo 3 4 o+o 3 4 ++o 3 4 ooo 3 6 -oo 3 6 o+o 3 6 ooo
mp-1093913,LaZnAg2,16,43,45,27,2.6875,0,False,0,1.0,La Zn Ag Ag 0 3 ooo 0 2 ooo 1 2 ooo 1 3 o--
mp-1044069,LaZnFeWO6,164,459,461,295,2.798780487804878,0,False,0,1.0,La La Zn Zn Fe Fe W W O O O O O O O O O O O O 0 17 oo- 0 15 +oo 0 19 oo- 0 9 +oo 0 11 ooo 0 13 ooo 0 12 +oo 0 10 +-o 1 16 ooo 1 14 ooo 1 18 ooo 1 8 ooo 1 10 ooo 1 12 ooo 1 13 o+o 1 11 ooo 2 9 ooo 2 11 ooo 2 13 ooo 2 15 ooo 3 8 ooo 3 10 +oo 3 12 +oo 3 14 ooo 4 14 o-o 4 17 ooo 4 9 +oo 4 18 +-o 4 13 ooo 4 10 +-o 5 15 oo+ 5 16 ooo 5 8 oo+ 5 19 ooo 5 12 oo+ 5 11 oo+ 6 18 ooo 6 17 o+o 6 15 o++ 6 8 oo+ 6 10 oo+ 6 13 o++ 7 19 -oo 7 16 ooo 7 14 -oo 7 9 ooo 7 11 -oo 7 12 ooo
mp-1232996,Li(CoO2)2,55,144,146,89,2.618181818181818,0,False,0,1.0,Li Co Co O O O O 0 5 ooo 0 4 ooo 0 3 ooo 0 3 -oo 1 6 o-o 1 6 +-o 1 4 +o- 1 4 oo- 1 3 ooo 1 5 +-- 2 6 ooo 2 5 ooo 2 5 +oo 2 4 o+o 2 3 o+o 2 3 -+o
mp-997539,Li(CoO2)3,164,463,465,299,2.823170731707317,0,False,0,1.0,Li Li Co Co Co Co Co Co O O O O O O O O O O O O 0 16 o-o 0 8 +oo 0 18 o-o 0 9 ooo 0 12 ooo 0 13 +oo 1 14 ooo 1 10 o+o 1 19 ooo 1 17 -oo 1 15 -oo 1 11 o+o 2 19 o-- 2 16 o-o 2 12 ooo 2 15 --- 2 11 oo- 2 8 ooo 3 17 --o 3 10 ooo 3 18 --o 3 9 -oo 3 13 ooo 3 14 ooo 4 12 oo+ 4 11 +oo 4 15 ooo 4 8 +o+ 4 19 o-o 4 16 +o+ 5 13 ooo 5 14 +oo 5 9 ooo 5 17 ooo 5 18 ooo 5 10 ooo 6 16 oo+ 6 19 ooo 6 8 +++ 6 15 ooo 6 11 ooo 6 12 oo+ 7 10 o+o 7 14 ooo 7 9 o+o 7 18 -oo 7 17 ooo 7 13 ooo
mp-1178103,Li(FeO2)2,61,160,162,99,2.622950819672131,0,False,0,1.0,Li Fe Fe O O O O 0 4 o-o 0 5 ooo 0 3 o-o 0 3 +-o 0 6 ooo 0 6 -oo 1 5 ooo 1 5 -oo 1 4 --- 1 4 o-- 1 6 -o- 1 3 o-o 2 4 oo- 2 5 ooo 2 6 -o- 2 6 oo- 2 3 +oo 2 3 ooo
mp-753154,Li(FeO2)3,164,463,465,299,2.823170731707317,0,False,0,1.0,Li Li Fe Fe Fe Fe Fe Fe O O O O O O O O O O O O 0 12 ooo 0 18 ooo 0 8 ooo 0 16 ooo 0 14 ooo 0 10 ooo 1 17 +oo 1 13 ooo 1 11 o-o 1 9 o-o 1 19 ooo 1 15 +oo 2 10 ooo 2 14 -oo 2 9 -oo 2 17 o+o 2 18 o+o 2 13 -oo 3 19 o+o 3 15 ooo 3 16 -o+ 3 8 -o+ 3 11 -oo 3 12 oo+ 4 17 ooo 4 13 -oo 4 10 ooo 4 14 ooo 4 9 ooo 4 18 ooo 5 15 ooo 5 19 ooo 5 16 oo+ 5 11 ooo 5 12 oo+ 5 8 --+ 6 14 ooo 6 10 o-o 6 9 o-o 6 13 ooo 6 18 +oo 6 17 ooo 7 8 ooo 7 12 ooo 7 16 o+o 7 15 ++- 7 19 o+- 7 11 oo-
mp-1314210,Li(NiO2)2,110,297,299,187,2.7,0,False,0,1.0,Li Li Ni Ni Ni Ni O O O O O O O O 0 8 oo- 0 9 o-o 0 11 -oo 0 10 ooo 1 6 oo+ 1 12 o+o 1 13 +oo 1 7 ooo 2 12 ooo 2 6 ooo 2 9 ooo 2 8 ooo 2 13 ooo 2 11 ooo 3 13 o-o 3 7 o-o 3 11 ooo 3 10 ooo 3 6 o-o 3 8 ooo 4 6 -oo 4 12 -oo 4 8 ooo 4 9 ooo 4 7 -oo 4 10 ooo 5 13 oo- 5 7 oo- 5 11 ooo 5 10 ooo 5 12 oo- 5 9 ooo
mp-675818,Li11TiAs5,188,543,545,355,2.8882978723404253,0,True,33,0.9392265193370166,Li Li Li Li Li Li Li Li Li Li Li Ti As As As As As 0 12 ++- 0 14 o+o 0 14 +oo 0 15 oo- 0 8 ooo 1 16 ooo 1 12 o+- 1 12 +o- 1 14 ooo 1 8 ooo 2 15 -oo 2 15 o-o 2 16 ooo 2 13 ooo 3 15 -oo 3 15 o-o 3 12 o+o 3 12 +oo 4 15 --o 4 12 ooo 4 13 -oo 4 13 o-o 5 16 o+o 5 16 +oo 5 12 ++- 5 14 ++o 5 8 o+o 5 8 +oo 6 13 ooo 6 16 ooo 6 14 +oo 6 14 o+o 6 8 ooo 7 13 ooo 7 15 ooo 7 12 +oo 7 12 o+o 7 8 oo+ 8 12 +o- 8 12 o+- 8 15 oo- 8 9 +o- 8 9 o+- 8 14 +oo 8 14 o+o 9 15 o-o 9 15 -oo 9 12 ooo 9 14 oo+ 10 16 +oo 10 16 o+o 10 13 ooo 10 15 ooo 11 16 ooo 11 14 ooo 11 13 -oo 11 13 o-o
mp-676324,Li11TiP5,185,529,531,344,2.8594594594594596,0,True,19,0.9640831758034026,Li Li Li Li Li Li Li Li Li Li Li Ti P P P P P 0 12 --+ 0 14 o-o 0 14 -oo 0 15 oo+ 0 6 ooo 1 15 +oo 1 15 o+o 1 12 o-o 1 12 -oo 2 16 ooo 2 15 +oo 2 15 o+o 2 13 ooo 3 16 ooo 3 12 o-+ 3 12 -o+ 3 14 ooo 3 6 ooo 4 15 ++o 4 12 ooo 4 13 +oo 4 13 o+o 5 16 -oo 5 16 o-o 5 12 --+ 5 14 --o 5 6 -oo 5 6 o-o 6 12 o-+ 6 12 -o+ 6 15 oo+ 6 8 oo+ 6 9 o-+ 6 9 -o+ 6 14 o-o 6 14 -oo 6 7 ooo 7 13 ooo 7 16 ooo 7 14 -oo 7 14 o-o 8 13 ooo 8 15 ooo 8 12 -oo 8 12 o-o 9 12 ooo 9 15 o+o 9 15 +oo 10 16 o-o 10 16 -oo 10 13 ooo 10 15 ooo 11 16 ooo 11 14 ooo 11 13 +oo 11 13 o+o
mp-762387,Li2(NiO2)5,131,363,365,232,2.7709923664122136,0,False,0,1.0,Li Li Ni Ni Ni Ni Ni O O O O O O O O O O 0 10 ooo 0 9 ooo 0 8 -oo 0 7 ooo 1 13 ooo 1 14 ooo 1 15 +oo 1 16 ooo 2 14 -o- 2 9 o-o 2 8 --o 2 15 oo- 2 12 -oo 2 11 o-- 3 9 o-o 3 10 ooo 3 7 o-o 3 14 oo- 3 12 -oo 3 8 o-o 4 11 ooo 4 15 o+o 4 16 -+o 4 7 ooo 4 13 ooo 4 10 o+o 5 12 ooo 5 8 o-o 5 7 +-o 5 16 ooo 5 10 ooo 5 13 o-o 6 14 o+o 6 13 ooo 6 16 o+o 6 9 oo+ 6 11 +oo 6 15 o+o
mp-761269,Li2AgF4,110,297,299,187,2.7,0,False,0,1.0,Li Li Li Li Ag Ag F F F F F F F F 0 12 ooo 0 7 ooo 0 6 +-o 0 13 +-o 0 10 ooo 0 9 oo- 1 8 ooo 1 11 oo- 1 7 ooo 1 12 ooo 1 6 ooo 1 13 ooo 2 7 ooo 2 12 oo+ 2 11 ooo 2 8 ooo 2 9 ooo 2 10 ooo 3 8 ooo 3 11 ooo 3 9 -+o 3 10 -+o 3 13 oo+ 3 6 ooo 4 8 ooo 4 7 -oo 4 13 ooo 4 9 -oo 5 12 ooo 5 11 o-- 5 10 oo- 5 6 o-o
mp-760778,Li2AgF5,124,340,342,216,2.7419354838709675,0,False,0,1.0,Li Li Li Li Ag Ag F F F F F F F F F F 0 10 ooo 0 8 ooo 0 14 o-o 0 6 ooo 0 9 ooo 0 12 ooo 1 11 ooo 1 7 ooo 1 13 -oo 1 9 ooo 1 6 oo- 1 15 ooo 2 10 ooo 2 14 ooo 2 8 +oo 2 12 ooo 2 15 oo+ 2 6 ooo 3 11 ooo 3 13 ooo 3 7 o+o 3 15 ooo 3 12 ooo 3 9 ooo 4 15 o-o 4 6 -o- 4 8 oo- 4 13 --o 4 11 -oo 4 10 o-- 5 9 o-o 5 12 -oo 5 7 ooo 5 14 --o 5 10 o-o 5 11 -oo
mp-1222822,Li2Al2P2O9F,106,287,289,181,2.707547169811321,0,False,0,1.0,Li Li Al Al P P O O O O O O O O O F 0 14 ooo 0 9 ooo 0 7 oo+ 0 6 +oo 0 11 ooo 1 15 ooo 1 8 ooo 1 7 -oo 1 6 oo- 1 10 ooo 2 15 o-+ 2 10 oo+ 2 14 -oo 2 11 --o 2 6 o-o 2 7 -o+ 3 15 +oo 3 14 o+o 3 8 ooo 3 13 o+o 3 9 ++o 3 12 +oo 4 13 ooo 4 7 ooo 4 10 ooo 4 8 ooo 5 12 ooo 5 6 ooo 5 11 ooo 5 9 ooo
mp-1096684,Li2CdAg,16,43,45,27,2.6875,0,False,0,1.0,Li Li Cd Ag 0 3 ooo 0 2 ooo 1 3 o++ 1 2 ooo
mp-1173888,Li2CoO3,120,329,331,209,2.7416666666666667,0,False,0,1.0,Li Li Li Li Co Co O O O O O O 0 10 -oo 0 6 o+o 0 7 -oo 0 11 o+o 0 9 ooo 0 8 ooo 1 8 o-o 1 9 +oo 1 10 o-o 1 6 +oo 1 11 ooo 1 7 ooo 2 11 ooo 2 7 ooo 2 8 ooo 2 9 ooo 2 10 ooo 2 6 ooo 3 9 oo- 3 8 ooo 3 6 ooo 3 10 oo- 3 7 -oo 3 11 o+- 4 6 +oo 4 10 o-- 4 8 o-o 4 9 +o- 4 11 +o- 4 7 o-o 5 11 oo- 5 7 ooo 5 9 +o- 5 8 o-o 5 6 ooo 5 10 oo-
mp-1284624,Li2CoO3,120,329,331,209,2.7416666666666667,0,False,0,1.0,Li Li Li Li Co Co O O O O O O 0 7 o+o 0 6 -oo 0 11 -oo 0 8 ooo 0 9 o+o 0 10 ooo 1 10 +oo 1 9 oo+ 1 11 ooo 1 8 o-+ 1 7 ooo 1 6 oo+ 2 9 +oo 2 11 o-o 2 6 ooo 2 7 ooo 2 10 +oo 2 8 o-o 3 10 ooo 3 8 ooo 3 7 ooo 3 6 ooo 3 9 ooo 3 11 ooo 4 11 ooo 4 6 -o+ 4 9 oo+ 4 7 o+o 4 10 ooo 4 8 oo+ 5 8 --o 5 7 oo- 5 10 oo- 5 6 --o 5 9 ooo 5 11 ---
mp-756058,Li2Cr3FeO8,122,330,332,208,2.7049180327868854,0,False,0,1.0,Li Li Cr Cr Cr Fe O O O O O O O O 0 10 -oo 0 12 o-o 0 7 -o- 0 9 o-- 0 13 oo- 0 6 --o 1 12 ooo 1 10 ooo 1 7 oo- 1 9 oo- 1 11 ooo 1 8 oo- 2 7 -oo 2 12 ooo 2 8 -oo 2 11 ooo 2 13 ooo 2 6 -oo 3 9 o-o 3 10 ooo 3 8 o-o 3 11 ooo 3 13 ooo 3 6 o-o 4 9 ooo 4 7 ooo 4 10 ooo 4 12 ooo 4 13 ooo 4 6 ooo 5 7 -oo 5 9 o-o 5 10 -oo 5 12 o-o 5 11 ooo 5 8 --o
mp-771776,Li2Cr3NiO8,110,297,299,187,2.7,0,False,0,1.0,Li Li Cr Cr Cr Ni O O O O O O O O 0 6 ooo 0 9 -oo 0 7 o-o 0 8 oo- 1 13 ooo 1 10 +oo 1 12 o+o 1 11 oo+ 2 6 ooo 2 13 -oo 2 12 -oo 2 7 ooo 2 8 ooo 2 11 -oo 3 6 ooo 3 13 oo- 3 9 ooo 3 10 oo- 3 12 oo- 3 7 ooo 4 6 ooo 4 13 o-o 4 10 o-o 4 9 ooo 4 11 o-o 4 8 ooo 5 10 ooo 5 9 ooo 5 11 ooo 5 8 ooo 5 12 ooo 5 7 ooo
mp-567474,Li2CrCl4,61,160,162,99,2.622950819672131,0,False,0,1.0,Li Li Cr Cl Cl Cl Cl 0 4 ooo 0 4 oo+ 0 6 o-+ 0 6 o-o 0 3 ooo 0 5 o-o 1 6 ooo 1 6 oo+ 1 4 -o+ 1 4 -oo 1 3 ooo 1 5 -oo 2 6 o-o 2 4 -oo 2 5 --o 2 5 --- 2 3 oo- 2 3 ooo
mp-801858,Li2CrCoO4,160,447,449,287,2.79375,0,False,0,1.0,Li Li Li Li Cr Cr Co Co O O O O O O O O 0 8 ooo 0 15 o-o 0 14 ooo 0 9 o-o 0 10 ooo 0 13 o-o 1 8 ooo 1 15 +o+ 1 11 oo+ 1 12 +oo 1 10 +++ 1 13 o-o 2 9 +oo 2 14 ooo 2 15 +oo 2 8 ooo 2 11 ooo 2 12 +oo 3 12 +oo 3 11 o-o 3 10 +oo 3 13 o-o 3 14 ooo 3 9 +-o 4 10 +o+ 4 13 o-o 4 9 +-o 4 14 oo+ 4 15 +o+ 4 8 o-o 5 13 ooo 5 10 ooo 5 12 ooo 5 11 ooo 5 15 ooo 5 8 ooo 6 14 oo+ 6 9 o-o 6 13 o-o 6 10 oo+ 6 11 oo+ 6 12 o-o 7 12 ooo 7 11 oo+ 7 15 oo+ 7 8 ooo 7 14 o++ 7 9 o-o
mp-555519,Li2Cu(WO4)2,97,259,261,162,2.670103092783505,0,False,0,1.0,Li Li Cu W W O O O O O O O O 0 8 ooo 0 5 oo+ 0 11 -oo 0 10 ooo 0 7 -oo 1 12 ooo 1 7 oo- 1 9 +oo 1 6 ooo 1 5 +oo 2 7 oo- 2 5 ooo 2 9 ooo 2 11 oo- 2 6 ooo 2 10 oo- 3 11 ooo 3 7 o+o 3 8 ooo 3 6 ooo 3 10 ++o 3 12 o+o 4 9 ooo 4 5 o-o 4 12 ooo 4 10 ooo 4 6 --o 4 8 o-o
mp-753387,Li2Cu3F8,97,261,263,164,2.6907216494845363,0,False,0,1.0,Li Li Cu Cu Cu F F F F F F F F 0 8 o-o 0 12 o-- 0 5 ooo 0 6 oo- 0 11 ooo 1 9 o+o 1 5 o++ 1 12 ooo 1 11 oo+ 1 6 ooo 2 9 ooo 2 8 --o 2 7 -oo 2 10 o-o 2 12 --o 2 5 ooo 3 12 -o- 3 5 ooo 3 11 ooo 3 6 -o- 3 10 oo- 3 7 -oo 4 10 ooo 4 7 -oo 4 6 -oo 4 11 ooo 4 8 -oo 4 9 ooo
mp-753123,Li2CuF4,122,329,331,207,2.69672131147541,0,False,0,1.0,Li Li Li Li Cu Cu F F F F F F F F 0 7 ooo 0 6 ooo 0 13 o-o 0 12 o-o 0 11 o-o 0 9 ooo 1 6 oo+ 1 7 ooo 1 12 +oo 1 13 +o+ 1 8 +oo 1 10 ooo 2 12 ooo 2 13 ooo 2 6 -oo 2 7 -oo 2 11 -oo 2 9 ooo 3 13 oo+ 3 12 ooo 3 7 o+o 3 6 o++ 3 10 ooo 3 8 o+o 4 8 oo- 4 11 --o 4 6 -oo 4 13 o-o 4 9 ooo 4 10 --- 5 10 ooo 5 9 ooo 5 12 ooo 5 7 ooo 5 11 ooo 5 8 ooo
mp-757235,Li2CuF4,110,297,299,187,2.7,0,False,0,1.0,Li Li Li Li Cu Cu F F F F F F F F 0 12 o-o 0 7 ooo 0 8 oo+ 0 11 o-o 0 6 ooo 0 13 o-o 1 8 ooo 1 11 +oo 1 12 +oo 1 7 oo- 1 10 +oo 1 9 ooo 2 10 ooo 2 9 ooo 2 13 ooo 2 6 oo- 2 8 ooo 2 11 ooo 3 6 ooo 3 13 ooo 3 9 oo+ 3 10 ooo 3 12 ooo 3 7 ooo 4 6 +oo 4 9 o-o 4 7 ooo 4 8 ooo 5 10 ooo 5 13 --- 5 11 o-o 5 12 o--
mp-1246596,Li2CuN,88,251,253,163,2.852272727272727,0,False,0,1.0,Li Li Li Li Li Li Li Li Cu Cu Cu Cu N N N N 0 14 oo+ 0 12 ooo 1 15 ooo 1 13 ooo 2 12 ooo 2 14 ooo 3 13 oo+ 3 15 ooo 4 13 ooo 4 14 +-o 5 12 ooo 5 15 -+o 6 15 ooo 6 12 o-o 7 14 ooo 7 13 o+o 8 12 ooo 8 14 +oo 9 13 oo+ 9 15 -oo 10 14 +o+ 10 12 ooo 11 15 -oo 11 13 ooo
mp-1097385,Li2CuPd,16,43,45,27,2.6875,0,False,0,1.0,Li Li Cu Pd 0 3 ooo 0 2 ooo 1 3 ooo 1 2 o++
mp-15988,Li2CuSb,76,203,205,127,2.6710526315789473,0,False,0,1.0,Li Li Cu Sb 0 2 +oo 0 2 oo+ 0 2 ooo 0 2 o+o 0 3 -oo 0 3 o-- 0 3 o-o 0 3 -o- 0 3 oo- 0 3 --o 1 3 -oo 1 3 oo- 1 3 ooo 1 3 o-o 1 2 +oo 1 2 o++ 1 2 +o+ 1 2 o+o 1 2 oo+ 1 2 ++o 2 3 o-- 2 3 --o 2 3 --- 2 3 -o-
mp-1111097,Li2CuSbF6,46,119,121,73,2.5869565217391304,0,False,0,1.0,Li Li Cu Sb F F F F F F 2 8 ooo 2 4 ooo 2 7 ooo 2 9 ooo 2 5 ooo 2 6 ooo 3 6 --o 3 4 oo- 3 7 o-o 3 9 -oo 3 5 o-- 3 8 -o-
mp-753557,Li2CuSbO5,147,413,415,266,2.8095238095238093,0,False,0,1.0,Li Li Li Li Cu Cu Sb Sb O O O O O O O O O O 0 13 o+o 0 11 ooo 0 17 -oo 0 15 -oo 1 14 ooo 1 9 ooo 1 12 o-o 1 16 oo+ 1 8 ooo 1 10 ooo 2 11 ooo 2 17 ooo 2 13 o+o 2 15 ooo 2 16 ooo 2 9 oo- 3 13 ooo 3 12 o-o 3 8 +oo 3 14 ooo 3 10 +oo 4 11 ooo 4 16 -oo 4 14 -o- 4 9 oo- 5 17 oo+ 5 12 ooo 5 8 ++o 5 9 ooo 5 16 o++ 5 14 ooo 6 15 -oo 6 12 ooo 6 14 -oo 6 8 o+o 6 10 ooo 6 9 ooo 7 13 ooo 7 10 +oo 7 17 o-o 7 16 ooo 7 11 +oo 7 15 ooo
mp-755399,Li2CuSnO4,80,211,213,131,2.6375,0,False,0,1.0,Li Li Cu Sn O O O O 0 4 ooo 0 6 o-- 0 7 o-o 0 7 --o 0 5 oo- 0 5 -o- 1 6 o-o 1 6 +-o 1 4 ooo 1 4 +oo 1 5 ooo 1 7 o-o 2 5 ooo 2 5 -oo 2 7 ooo 2 7 -oo 2 6 ooo 2 4 ooo 3 4 +oo 3 4 ooo 3 6 oo- 3 6 +o- 3 7 ooo 3 5 oo-
mp-756431,Li2CuSnO4,160,447,449,287,2.79375,0,False,0,1.0,Li Li Li Li Cu Cu Sn Sn O O O O O O O O 0 10 -oo 0 13 o-- 0 15 ooo 0 8 --- 0 14 oo- 0 9 --o 1 13 o-- 1 10 ooo 1 9 o-o 1 14 oo- 1 12 ooo 1 11 o-- 2 10 oo+ 2 13 o-- 2 15 ooo 2 8 o-o 2 11 o-o 2 12 ooo 3 8 ooo 3 15 ooo 3 9 oo+ 3 14 oo- 3 11 ooo 3 12 ooo 4 14 oo- 4 9 -oo 4 11 ooo 4 12 -o- 4 10 -oo 4 13 oo- 5 11 o-o 5 12 -oo 5 14 ooo 5 9 --o 5 15 ooo 5 8 --o 6 8 -oo 6 15 ooo 6 13 ooo 6 10 -oo 6 12 -oo 6 11 ooo 7 13 oo- 7 10 ooo 7 15 oo- 7 8 ooo 7 9 ooo 7 14 oo-
mp-755193,Li2FeF6,126,347,349,221,2.753968253968254,0,False,0,1.0,Li Li Li Li Fe Fe F F F F F F F F F F F F 0 8 o-o 0 15 -oo 0 13 --o 0 10 ooo 0 7 o-o 0 16 -oo 1 8 o-o 1 15 -oo 1 11 ooo 1 12 --o 1 6 o-o 1 17 -oo 2 9 ooo 2 14 ooo 2 7 ooo 2 16 ooo 2 10 ooo 2 13 ooo 3 14 oo+ 3 9 oo+ 3 17 ooo 3 6 ooo 3 11 ooo 3 12 ooo 4 16 -oo 4 6 o-- 4 7 o-o 4 17 -o- 4 9 ooo 4 14 --o 5 11 ooo 5 12 ooo 5 13 ooo 5 10 ooo 5 8 ooo 5 15 ooo
mp-777463,Li2FeF6,63,164,166,101,2.6031746031746033,0,False,0,1.0,Li Li Fe F F F F F F 0 7 ooo 0 3 ooo 0 4 -oo 0 5 o+o 0 8 ooo 0 6 ooo 1 5 ooo 1 4 ooo 1 7 o-o 1 3 +oo 1 8 ooo 1 6 ooo 2 6 ooo 2 8 --- 2 4 --o 2 5 oo- 2 7 --o 2 3 oo-
mp-1210851,Li2IO,124,347,349,223,2.7983870967741935,0,False,0,1.0,Li Li Li Li Li Li Li Li I I I I O O O O 0 14 +oo 0 15 ooo 0 8 ooo 0 10 +o+ 1 15 -oo 1 14 ooo 1 9 ooo 1 11 -o- 2 12 -o- 2 13 o+o 2 8 -oo 2 10 ooo 3 15 ooo 3 14 ooo 3 9 ooo 3 11 oo- 4 13 +o+ 4 12 o-o 4 9 +oo 4 11 ooo 5 14 ooo 5 15 ooo 5 8 ooo 5 10 oo+ 6 13 oo+ 6 12 o-o 6 9 ooo 6 11 ooo 7 12 oo- 7 13 o+o 7 8 ooo 7 10 ooo 8 12 ooo 9 13 ooo 10 14 ooo 11 15 ooo
mp-1096346,Li2MgAg,16,43,45,27,2.6875,0,False,0,1.0,Li Li Mg Ag 0 3 ooo 0 2 ooo 1 3 ooo 1 2 +o+
mp-1304327,Li2Mn3GaO8,110,297,299,187,2.7,0,False,0,1.0,Li Li Mn Mn Mn Ga O O O O O O O O 0 8 o-o 0 9 oo- 0 6 ooo 0 7 -oo 1 11 oo+ 1 10 o+o 1 13 ooo 1 12 +oo 2 13 o-o 2 6 ooo 2 9 ooo 2 11 o-o 2 7 ooo 2 12 o-o 3 13 oo- 3 6 ooo 3 8 ooo 3 10 oo- 3 7 ooo 3 12 oo- 4 9 ooo 4 10 -oo 4 8 ooo 4 11 -oo 4 6 ooo 4 13 -oo 5 9 ooo 5 8 ooo 5 11 ooo 5 10 ooo 5 7 ooo 5 12 ooo
mp-759837,Li2Mn4O5F3,110,297,299,187,2.7,0,False,0,1.0,Li Li Mn Mn Mn Mn O O O O O F F F 0 13 ooo 0 11 +oo 0 7 ooo 0 12 +oo 0 9 +oo 0 6 ooo 1 13 ooo 1 11 o+o 1 7 ooo 1 12 o+o 1 8 o+o 1 10 ooo 2 7 ooo 2 8 oo+ 2 9 oo+ 2 10 ooo 2 6 ooo 2 12 oo+ 3 11 ++- 3 12 ++o 3 8 o+o 3 9 +oo 4 13 oo+ 4 7 ooo 4 10 +oo 4 6 o+o 5 10 ooo 5 6 ooo 5 8 ooo 5 9 ooo 5 11 ooo 5 13 ooo
mp-1304075,Li2MnCo3O8,122,331,333,209,2.7131147540983607,0,False,0,1.0,Li Li Mn Co Co Co O O O O O O O O 0 12 oo- 0 7 oo+ 0 11 ooo 0 8 ooo 0 10 ooo 0 9 ooo 1 13 o+- 1 6 oo+ 1 10 ooo 1 9 o+o 1 8 ooo 1 11 o+o 2 9 ++o 2 10 oo+ 2 12 ooo 2 7 +++ 2 13 o+o 2 6 +o+ 3 11 -oo 3 8 oo- 3 6 ooo 3 13 -o- 3 7 ooo 3 12 -o- 4 11 -oo 4 8 ooo 4 9 ooo 4 10 -oo 4 6 ooo 4 13 -oo 5 9 ooo 5 10 --o 5 12 --o 5 7 ooo 5 11 -oo 5 8 o-o
mp-1173929,Li2MnCoO4,160,447,449,287,2.79375,0,False,0,1.0,Li Li Li Li Mn Mn Co Co O O O O O O O O 0 12 ooo 0 11 -o+ 0 10 o-+ 0 15 ooo 0 14 ooo 0 8 o-o 1 9 ooo 1 14 o+o 1 15 +oo 1 10 oo+ 1 11 oo+ 1 13 +o+ 2 10 ooo 2 13 +oo 2 12 o+- 2 9 ooo 2 8 ooo 2 14 o+o 3 15 ooo 3 8 o-o 3 9 -oo 3 12 oo- 3 13 ooo 3 11 -oo 4 12 ooo 4 9 ooo 4 8 ooo 4 13 oo+ 4 15 ooo 4 10 oo+ 5 15 ooo 5 10 ooo 5 11 ooo 5 14 ooo 5 12 oo- 5 9 ooo 6 12 ooo 6 9 ooo 6 8 +-o 6 13 +-+ 6 11 oo+ 6 14 ooo 7 15 ooo 7 10 ooo 7 14 -+o 7 11 -+o 7 13 ooo 7 8 ooo
mp-1247418,Li2MnN2,41,108,110,67,2.6341463414634148,0,False,0,1.0,Li Li Mn N N 0 4 +oo 0 4 ooo 0 4 o-o 1 3 -oo 1 3 ooo 1 3 o+o 2 3 --- 2 3 -o- 2 3 oo- 2 4 ooo 2 4 o-o 2 4 --o
mp-1222998,Li2Nb2W2O13,115,315,317,200,2.739130434782609,0,False,0,1.0,Li Li Nb Nb W W O O O O O O O O O O O O O 0 11 ooo 0 18 oo+ 0 15 oo+ 0 16 ooo 1 11 o+o 1 18 ooo 1 12 oo- 1 13 ooo 2 9 ooo 2 7 ooo 2 17 +o+ 2 11 ooo 2 15 oo+ 2 13 o-o 3 6 ooo 3 10 ooo 3 17 ooo 3 11 ooo 3 16 ooo 3 12 o-- 4 12 +oo 4 13 ooo 4 14 oo+ 4 8 ooo 4 6 ooo 4 7 ooo 5 16 +oo 5 15 ooo 5 14 o-o 5 8 ooo 5 10 ooo 5 9 ooo
mp-1223123,Li2Ta2W2O13,115,315,317,200,2.739130434782609,0,False,0,1.0,Li Li Ta Ta W W O O O O O O O O O O O O O 0 18 oo+ 0 11 o-o 0 15 ooo 0 16 ooo 1 18 ooo 1 11 ooo 1 12 ooo 1 13 ooo 2 9 ooo 2 7 ooo 2 17 -oo 2 11 ooo 2 13 ooo 2 15 o+o 3 10 ooo 3 6 ooo 3 17 oo+ 3 11 ooo 3 16 o+o 3 12 ooo 4 12 -oo 4 13 oo+ 4 14 o++ 4 8 ooo 4 6 ooo 4 7 ooo 5 15 ooo 5 16 -o- 5 14 ooo 5 8 ooo 5 10 ooo 5 9 ooo
mp-1222748,Li2UBr6,63,163,165,100,2.5873015873015874,0,False,0,1.0,Li Li U Br Br Br Br Br Br 0 3 ooo 0 6 ooo 0 8 ooo 0 4 ooo 0 7 -oo 0 5 o+o 1 3 ooo 1 6 ooo 1 7 ooo 1 5 ooo 1 4 +oo 1 8 o-o 2 4 ooo 2 7 --o 2 5 ooo 2 8 --o 2 6 ooo 2 3 --o
mp-1223047,Li2UBr6,126,345,347,219,2.738095238095238,0,False,0,1.0,Li Li Li Li U U Br Br Br Br Br Br Br Br Br Br Br Br 0 9 -oo 0 6 -oo 0 10 ooo 0 8 --o 0 11 --o 0 7 ooo 1 9 ooo 1 6 ooo 1 10 ooo 1 8 ooo 1 11 ooo 1 7 ooo 2 17 ooo 2 13 ooo 2 16 ooo 2 14 ooo 2 12 ooo 2 15 ooo 3 13 o-o 3 17 o-o 3 16 ooo 3 14 --o 3 15 --o 3 12 ooo 4 11 -oo 4 7 o+o 4 9 o+o 4 6 -oo 4 10 ooo 4 8 ooo 5 15 o-o 5 12 +oo 5 17 +oo 5 13 o-o 5 14 ooo 5 16 ooo
mp-1383360,Li2V2OF5,49,125,127,76,2.5510204081632653,0,False,0,1.0,Li Li V V O F F F F F 0 8 ooo 0 6 oo+ 0 4 ooo 0 7 ooo 1 6 -oo 1 5 ooo 1 4 -oo 2 7 +oo 2 8 ooo 2 5 o-o 2 9 +oo 3 7 oo- 3 5 ooo
mp-771246,Li2V3TeO8,110,294,296,184,2.672727272727273,0,False,0,1.0,Li Li V V V Te O O O O O O O O 0 7 oo- 0 9 -oo 0 8 o-o 0 6 ooo 1 12 oo+ 1 10 +oo 1 11 o+o 1 13 ooo 2 13 ooo 2 6 +oo 2 11 ooo 2 8 +oo 2 12 ooo 2 7 +oo 3 13 o-o 3 6 ooo 3 9 ooo 3 10 o-o 3 12 o-o 3 7 ooo 4 6 ooo 4 13 oo- 4 8 ooo 4 11 oo- 4 9 ooo 4 10 oo- 5 12 ooo 5 9 ooo 5 11 ooo 5 10 ooo 5 8 ooo 5 7 ooo
mp-802073,Li2V4O3F8,113,304,306,191,2.690265486725664,0,False,0,1.0,Li Li V V V V O O O F F F F F F F F 0 12 ooo 0 16 oo- 0 10 ooo 0 11 ooo 1 13 ooo 1 9 oo+ 1 15 ooo 1 14 ooo 2 6 ++o 2 10 ooo 2 7 ooo 2 12 +oo 2 8 ++o 2 9 ooo 3 9 ooo 3 11 ooo 3 13 ooo 3 8 +oo 3 10 o-o 3 7 ooo 4 16 ooo 4 14 ooo 4 12 ooo 4 7 -oo 4 15 o+o 4 8 ooo 5 6 oo+ 5 15 ooo 5 8 ooo 5 13 -oo 5 7 --o 5 16 ooo
mp-752476,Li3(FeO2)5,162,455,457,293,2.808641975308642,0,False,0,1.0,Li Li Li Fe Fe Fe Fe Fe O O O O O O O O O O 0 9 ooo 0 16 ooo 0 12 ooo 0 17 ooo 0 13 -oo 0 11 ooo 1 13 -oo 1 12 o-o 1 9 ooo 1 16 --o 1 11 o-o 1 14 -oo 2 16 ooo 2 9 ooo 2 13 ooo 2 8 ooo 2 12 +oo 2 14 ooo 3 16 ooo 3 12 ooo 3 10 o+o 3 14 o+o 3 9 o+o 3 8 ooo 4 17 ooo 4 8 -o- 4 14 -o- 4 11 ooo 4 15 ooo 4 10 -o- 5 12 o-o 5 14 -oo 5 10 ooo 5 8 --o 5 15 o-+ 5 17 oo+ 6 13 o+o 6 11 +oo 6 15 ooo 6 17 ++o 6 10 o+- 6 8 oo- 7 9 ooo 7 13 ooo 7 15 o-o 7 11 o-o 7 16 o-o 7 17 ooo
mp-1110580,Li3AuF6,46,119,121,73,2.5869565217391304,0,False,0,1.0,Li Li Li Au F F F F F F 2 6 ooo 2 8 ooo 2 5 ooo 2 7 ooo 2 4 ooo 2 9 ooo 3 4 oo- 3 9 -oo 3 7 o-o 3 8 -o- 3 6 --o 3 5 o--
mp-23222,Li3Bi,70,187,189,117,2.6714285714285713,0,False,0,1.0,Li Li Li Bi 0 3 +++ 0 3 ++o 0 3 +o+ 0 3 o++ 0 1 ooo 0 1 oo+ 0 1 o+o 0 1 +oo 1 2 ooo 1 2 oo+ 1 2 o+o 1 2 +oo 1 3 ++o 1 3 oo+ 1 3 +oo 1 3 o+o 1 3 o++ 1 3 +o+ 2 3 ooo 2 3 oo+ 2 3 o+o 2 3 +oo
mp-2646976,Li3Bi,134,359,361,225,2.6791044776119404,0,False,0,1.0,Li Li Li Li Li Li Bi Bi 0 7 oo+ 0 6 -oo 0 6 o+o 0 6 ooo 0 4 ooo 0 3 o+o 0 3 ++o 0 3 ooo 0 5 -o+ 0 5 o++ 0 5 oo+ 1 6 ooo 1 7 +oo 1 7 o-o 1 7 ooo 1 5 ooo 1 2 +oo 1 2 ooo 1 2 ++o 1 4 +oo 1 4 o-o 1 4 ooo 2 7 o-o 2 7 --o 2 7 ooo 2 5 -oo 2 5 ooo 2 5 --o 3 6 -oo 3 6 ooo 3 6 --o 3 4 o-o 3 4 --o 3 4 ooo 4 7 ooo 4 6 -oo 4 6 o+o 4 6 ooo 5 6 oo- 5 7 +oo 5 7 o-o 5 7 ooo
mp-753099,Li3Co2(SiO4)2,99,270,272,171,2.727272727272727,0,False,0,1.0,Li Li Li Co Co Si Si O O O O O O O O 0 14 o-+ 0 8 ooo 0 7 ooo 0 12 oo+ 1 9 +oo 1 13 +oo 1 11 ooo 1 10 ++o 2 13 ooo 2 7 oo- 2 12 -oo 2 10 ooo 3 9 +oo 3 14 oo+ 3 13 +o+ 3 7 ++o 4 8 ooo 4 11 o-o 4 12 ooo 4 10 ooo 5 9 +oo 5 7 +oo 5 10 +oo 5 8 ooo 6 14 ooo 6 11 ooo 6 12 ooo 6 13 ooo
mp-767320,Li3Co2(SiO4)2,99,271,273,172,2.7373737373737375,0,False,0,1.0,Li Li Li Co Co Si Si O O O O O O O O 0 10 ooo 0 9 o-o 0 8 ooo 0 12 +oo 1 12 ooo 1 8 ooo 1 14 oo+ 1 11 ooo 2 9 -oo 2 13 ooo 2 12 o+o 2 11 ooo 3 10 ooo 3 8 oo- 3 7 o-- 3 14 +oo 4 13 ooo 4 11 oo- 4 7 -o- 4 14 o+o 5 9 ooo 5 7 ooo 5 8 ooo 5 11 ooo 6 12 ooo 6 10 ooo 6 13 ooo 6 14 ooo
mp-1173982,Li3Co2O5,200,577,579,377,2.885,0,True,67,0.8838821490467937,Li Li Li Li Li Li Co Co Co Co O O O O O O O O O O 0 19 o+o 0 15 ++o 0 15 o+o 0 10 ooo 0 10 +oo 0 12 ooo 1 17 -oo 1 13 oo- 1 16 oo- 1 16 -o- 1 11 -oo 1 11 ooo 2 12 -oo 2 12 ooo 2 11 ooo 2 17 ooo 2 17 -oo 2 15 o+o 3 18 +oo 3 18 ooo 3 16 ooo 3 13 ooo 3 13 +oo 3 14 o-o 4 10 o-o 4 14 --o 4 14 o-o 4 19 ooo 4 19 -oo 4 18 ooo 5 12 ooo 5 12 -oo 5 18 ooo 5 18 +oo 5 10 ooo 5 19 ooo 6 18 +oo 6 10 +oo 6 10 ooo 6 16 ooo 6 16 +oo 6 14 ooo 7 12 -oo 7 19 -oo 7 19 ooo 7 11 ooo 7 11 -oo 7 15 ooo 8 17 -o+ 8 17 oo+ 8 14 ooo 8 14 -oo 8 16 ooo 8 13 o+o 9 13 +o- 9 13 oo- 9 15 ooo 9 15 +oo 9 11 ooo 9 17 o-o
mp-1173983,Li3Co2O5,200,577,579,377,2.885,0,True,67,0.8838821490467937,Li Li Li Li Li Li Co Co Co Co O O O O O O O O O O 0 16 oo- 0 19 o+o 0 19 +oo 0 14 ooo 0 11 +oo 0 11 o+o 1 10 --o 1 17 ooo 1 15 -oo 1 15 o-o 1 12 o-o 1 12 -oo 2 11 oo+ 2 13 o-o 2 13 -oo 2 18 ooo 2 16 -oo 2 16 o-o 3 19 ooo 3 14 -oo 3 14 o-o 3 17 +oo 3 17 o+o 3 12 ooo 4 13 ooo 4 18 o+o 4 18 +oo 4 10 -oo 4 10 o-o 4 15 ooo 5 17 ooo 5 10 --- 5 13 -o- 5 13 o-- 5 19 o-o 5 19 -oo 6 19 oo+ 6 12 ooo 6 10 -oo 6 10 o-o 6 16 -oo 6 16 o-o 7 13 oo- 7 15 ooo 7 17 +oo 7 17 o+o 7 11 o+o 7 11 +oo 8 16 ooo 8 14 ooo 8 12 +oo 8 12 o+o 8 18 o+o 8 18 +oo 9 11 ooo 9 18 ooo 9 15 o-o 9 15 -oo 9 14 o-o 9 14 -oo
mp-1174044,Li3Co2O5,200,577,579,377,2.885,0,True,67,0.8838821490467937,Li Li Li Li Li Li Co Co Co Co O O O O O O O O O O 0 16 -oo 0 16 o-o 0 14 -oo 0 14 o-o 0 15 ooo 0 10 --o 1 16 ooo 1 11 oo+ 1 10 o-o 1 10 -oo 1 17 o-o 1 17 -oo 2 12 oo+ 2 11 o++ 2 11 +o+ 2 18 o+o 2 18 +oo 2 17 ooo 3 18 oo- 3 19 o-- 3 19 -o- 3 12 -oo 3 12 o-o 3 13 ooo 4 14 ooo 4 19 oo- 4 15 +oo 4 15 o+o 4 13 o+o 4 13 +oo 5 16 ooo 5 14 oo- 5 15 o+o 5 15 +oo 5 10 -o- 5 10 o-- 6 15 oo+ 6 13 ooo 6 14 o-o 6 14 -oo 6 19 -oo 6 19 o-o 7 10 oo- 7 17 ooo 7 16 +oo 7 16 o+o 7 11 +oo 7 11 o+o 8 11 ooo 8 12 -oo 8 12 o-o 8 18 ooo 8 17 -oo 8 17 o-o 9 19 ooo 9 18 +oo 9 18 o+o 9 12 ooo 9 13 o+o 9 13 +oo
mp-1174119,Li3Co2O5,200,577,579,377,2.885,0,True,67,0.8838821490467937,Li Li Li Li Li Li Co Co Co Co O O O O O O O O O O 0 19 ooo 0 11 ooo 0 15 ooo 0 15 +oo 0 10 --o 0 10 o-o 1 16 -oo 1 16 ooo 1 11 ooo 1 11 -oo 1 12 -oo 1 15 ooo 2 13 ooo 2 16 ooo 2 12 ooo 2 12 -oo 2 17 ++o 2 17 o+o 3 18 -+o 3 18 o+o 3 17 o+o 3 14 oo+ 3 13 -oo 3 13 ooo 4 14 +-o 4 14 o-o 4 10 o-o 4 18 oo- 4 19 +oo 4 19 ooo 5 13 oo- 5 19 ooo 5 14 ooo 5 14 +oo 5 18 oo- 5 18 -o- 6 14 ooo 6 19 ooo 6 19 -oo 6 15 ooo 6 10 -oo 6 10 ooo 7 18 ooo 7 13 ooo 7 13 +oo 7 12 ooo 7 17 +oo 7 17 ooo 8 10 ooo 8 16 ooo 8 15 +oo 8 15 ooo 8 11 o+o 8 11 ++o 9 17 ooo 9 11 ooo 9 12 -oo 9 12 ooo 9 16 o-o 9 16 --o
mp-772208,Li3Co3SbO8,141,388,390,247,2.75177304964539,0,False,0,1.0,Li Li Li Co Co Co Sb O O O O O O O O 0 13 oo- 0 9 -o+ 0 11 ooo 0 14 -oo 0 10 -oo 0 7 ooo 1 11 ooo 1 14 o-o 1 12 +o- 1 8 --+ 1 10 -oo 1 7 +-o 2 12 ooo 2 8 ooo 2 10 o+- 2 7 o-+ 2 13 o-o 2 9 o+o 3 7 o-o 3 10 -+- 3 9 o+- 3 13 --o 3 11 -oo 3 14 oo- 4 7 o-o 4 10 oo- 4 8 oo- 4 12 o-o 4 11 o-o 4 14 oo- 5 10 -oo 5 7 +o- 5 13 oo- 5 9 ooo 5 8 -oo 5 12 +o- 6 11 oo- 6 14 --o 6 8 --o 6 12 oo- 6 9 -oo 6 13 o--
mp-807935,Li3Co5OF11,113,314,316,201,2.7787610619469025,0,False,0,1.0,Li Li Li Co Co Co Co Co O F F F F F F F F F F F 0 11 ooo 0 12 oo+ 0 16 --o 0 17 --+ 0 7 --o 0 15 oo+ 1 17 o-o 1 10 ooo 1 4 o-o 1 13 ooo 2 18 o-o 2 11 ooo 2 5 --o 3 13 o+o 3 8 ooo 3 10 o+o 3 19 o+o 3 18 ooo 4 15 ooo 4 9 ooo 4 17 ooo 4 16 oo- 5 14 ooo 5 19 ooo 5 18 +oo 5 8 +oo 5 13 ooo 6 8 ooo 6 9 ooo 7 14 ooo 7 16 ooo
mp-761021,Li3Cu(TeO3)4,155,437,439,282,2.8193548387096774,0,False,0,1.0,Li Li Li Cu Te Te Te Te O O O O O O O O O O O O 0 19 ooo 0 17 o+o 0 9 o+o 0 10 oo- 0 12 ooo 0 13 ooo 1 16 +oo 1 12 +oo 1 13 ooo 1 15 oo- 1 17 +oo 1 9 ooo 2 18 o+o 2 8 o+o 2 10 ooo 2 14 ooo 2 11 ooo 2 19 ooo 3 11 ooo 3 14 +oo 3 15 ooo 4 10 -o- 4 12 ooo 4 18 o+- 4 9 -+o 4 17 o+o 4 15 -+- 5 13 ooo 5 16 ooo 5 8 ooo 5 19 ooo 5 11 ooo 5 14 ooo 6 19 o-o 6 11 --o 6 18 ooo 6 9 -oo 6 16 ooo 6 8 -oo 7 17 ooo 7 14 oo- 7 15 oo- 7 12 ooo 7 13 ooo 7 10 oo-
mp-858582,Li3Cu3(PO4)2,109,300,302,191,2.7522935779816513,0,False,0,1.0,Li Li Li Cu Cu Cu P P O O O O O O O O 0 14 ooo 0 11 o-o 0 9 oo- 0 8 o-o 1 8 ooo 1 10 ooo 1 12 ooo 1 11 -oo 2 13 ooo 2 14 ooo 2 9 ooo 2 15 ooo 3 13 ooo 3 11 ooo 3 9 o+o 4 10 ooo 4 15 ooo 4 12 oo+ 4 13 -oo 5 8 +-o 5 12 +oo 5 15 +oo 5 14 ooo 6 10 o-o 6 15 ooo 6 8 o-+ 6 9 -oo 7 14 ooo 7 11 ooo 7 13 oo- 7 12 ooo
mp-767395,Li3CuSbO5,191,551,553,360,2.884816753926702,0,True,41,0.925589836660617,Li Li Li Li Li Li Cu Cu Sb Sb O O O O O O O O O O 0 15 o+o 0 13 ooo 0 19 -oo 0 17 -oo 0 14 ooo 1 18 oo+ 1 16 ooo 1 10 ooo 1 11 ooo 1 12 ooo 1 14 o-o 2 12 ooo 2 17 ooo 2 13 ooo 2 15 ooo 2 16 ooo 2 14 ooo 3 19 --o 3 10 oo- 3 15 ooo 3 18 ooo 3 13 ooo 3 11 o-- 4 19 ooo 4 11 oo- 4 13 ooo 4 18 ooo 4 17 ooo 4 15 o+o 5 14 o-o 5 16 ooo 5 10 +oo 5 15 ooo 5 12 +oo 5 17 o-o 6 16 -o- 6 13 ooo 6 18 -oo 6 11 oo- 7 14 ooo 7 19 oo+ 7 10 ++o 7 11 ooo 7 16 ooo 7 18 o++ 8 10 o+o 8 14 ooo 8 16 -oo 8 17 -oo 8 11 ooo 8 12 ooo 9 15 ooo 9 19 o-o 9 18 ooo 9 13 +oo 9 12 +oo 9 17 ooo
mp-761592,Li3Fe2CoO6,120,329,331,209,2.7416666666666667,0,False,0,1.0,Li Li Li Fe Fe Co O O O O O O 0 11 ooo 0 7 o-o 0 7 -oo 0 9 o-o 0 9 -oo 0 10 ooo 1 6 ooo 1 10 o+o 1 10 +oo 1 8 o+o 1 8 +oo 1 7 ooo 2 9 --o 2 8 oo- 2 11 o-o 2 11 -oo 2 6 o-- 2 6 -o- 3 7 -oo 3 7 o-o 3 9 o-+ 3 9 -o+ 3 6 ooo 3 8 ooo 4 10 +oo 4 10 o+o 4 8 +o- 4 8 o+- 4 11 ooo 4 9 ooo 5 10 ooo 5 7 --o 5 6 -oo 5 6 o-o 5 11 -oo 5 11 o-o
mp-1376805,Li3Fe5OF11,116,327,329,211,2.8189655172413794,0,False,0,1.0,Li Li Li Fe Fe Fe Fe Fe O F F F F F F F F F F F 0 11 o-o 0 18 --+ 0 12 oo+ 0 16 --o 1 10 ooo 1 18 o-o 1 8 +oo 1 15 +oo 2 11 ooo 2 17 ooo 2 16 ooo 2 19 o+o 3 10 ooo 3 17 ooo 3 13 ooo 3 8 ooo 4 9 ooo 4 16 oo- 4 15 ooo 4 18 ooo 5 14 ooo 5 8 +oo 5 19 ooo 5 17 +oo 6 8 ooo 6 9 o-o 6 18 --o 6 19 ooo 7 14 ooo 7 16 ooo 7 15 +o+ 7 17 ooo
mp-778257,Li3Fe5OF11,164,463,465,299,2.823170731707317,0,False,0,1.0,Li Li Li Fe Fe Fe Fe Fe O F F F F F F F F F F F 0 12 oo+ 0 14 ooo 0 18 --+ 0 11 o-o 0 16 --o 0 15 --+ 1 10 ooo 1 15 ooo 1 8 ooo 1 18 o-o 1 9 o-o 1 12 ooo 2 19 o+o 2 11 ooo 2 16 ooo 2 17 ooo 2 14 ooo 2 13 ooo 3 13 +oo 3 8 ooo 3 17 ooo 3 9 +oo 3 10 +oo 3 19 ooo 4 15 -oo 4 18 ooo 4 16 oo- 4 12 o+o 4 10 ooo 4 9 ooo 5 8 ooo 5 19 -oo 5 11 o-o 5 14 ooo 5 17 ooo 5 13 ooo 6 9 +-o 6 8 ooo 6 18 o-o 6 13 o-o 6 19 ooo 6 10 +oo 7 14 +oo 7 12 oo+ 7 17 ooo 7 16 ooo 7 15 oo+ 7 11 +oo
mp-697047,Li3H4Rh,136,377,379,241,2.7720588235294117,0,False,0,1.0,Li Li Li Li Li Li H H H H H H H H Rh Rh 0 10 +oo 0 10 o+o 0 9 ooo 0 8 ++o 0 11 ooo 1 11 o-o 1 11 -oo 1 8 ooo 1 9 --o 1 10 ooo 2 12 o+o 2 12 +oo 2 7 oo- 2 6 ++o 2 13 oo- 3 13 o-o 3 13 -oo 3 6 oo+ 3 7 --o 3 12 oo+ 4 12 ooo 4 10 ooo 4 6 +oo 4 6 o+o 4 8 o+o 4 8 +oo 5 13 ooo 5 11 ooo 5 9 o-o 5 9 -oo 5 7 -oo 5 7 o-o 6 14 ooo 7 15 ooo 8 14 ooo 9 15 ooo 10 14 ooo 11 15 ooo 12 14 ooo 13 15 ooo
mp-767363,Li3Mn2(FeO4)2,141,388,390,247,2.75177304964539,0,False,0,1.0,Li Li Li Mn Mn Fe Fe O O O O O O O O 0 7 ooo 0 14 -o- 0 9 oo- 0 12 -oo 0 13 ooo 0 8 -o- 1 11 o-o 1 10 ooo 1 7 o-+ 1 14 oo- 1 12 ooo 1 9 o-o 2 7 ooo 2 14 oo- 2 10 ooo 2 11 oo- 2 8 oo- 2 13 ooo 3 14 -oo 3 7 ooo 3 11 -oo 3 10 ooo 3 9 ooo 3 12 -oo 4 13 ooo 4 8 o-- 4 9 o-o 4 12 oo- 4 14 oo- 4 7 o-o 5 8 --o 5 13 ooo 5 12 -oo 5 9 o-o 5 10 ooo 5 11 --o 6 13 ooo 6 8 --- 6 11 --o 6 10 oo- 6 7 o-o 6 14 -o-
mp-1173988,Li3Mn2CoO6,120,329,331,209,2.7416666666666667,0,False,0,1.0,Li Li Li Mn Mn Co O O O O O O 0 6 oo+ 0 7 +oo 0 7 o+o 0 11 o-o 0 11 -oo 0 9 ooo 1 8 o-o 1 8 -oo 1 9 -oo 1 9 o-o 1 7 ooo 1 10 --o 2 11 oo- 2 10 -oo 2 10 o-o 2 6 o+o 2 6 +oo 2 8 ooo 3 9 +oo 3 9 o+o 3 7 +oo 3 7 o+o 3 11 ooo 3 8 ooo 4 8 -oo 4 8 o-o 4 10 -oo 4 10 o-o 4 6 ooo 4 9 ooo 5 11 o-- 5 11 -o- 5 6 -oo 5 6 o-o 5 10 --o 5 7 oo-
mp-777446,Li3Mn2FeO6,120,329,331,209,2.7416666666666667,0,False,0,1.0,Li Li Li Mn Mn Fe O O O O O O 0 7 --o 0 11 oo- 0 10 o-o 0 10 -oo 0 9 -o- 0 9 o-- 1 8 ooo 1 6 o+o 1 6 +oo 1 9 ooo 1 11 +oo 1 11 o+o 2 6 ooo 2 8 -oo 2 8 o-o 2 10 ooo 2 7 -oo 2 7 o-o 3 7 ooo 3 10 ooo 3 6 o+o 3 6 +oo 3 11 o+- 3 11 +o- 4 11 ooo 4 9 ooo 4 8 -oo 4 8 o-o 4 7 -o+ 4 7 o-+ 5 6 ooo 5 8 --o 5 9 o-o 5 9 -oo 5 10 o-o 5 10 -oo
mp-757987,Li3Mn3NiO8,141,388,390,247,2.75177304964539,0,False,0,1.0,Li Li Li Mn Mn Mn Ni O O O O O O O O 0 11 ooo 0 10 -o- 0 7 -o- 0 14 ooo 0 13 -oo 0 8 oo- 1 14 ooo 1 7 oo- 1 13 ooo 1 8 oo- 1 12 ooo 1 9 oo- 2 9 ooo 2 12 --o 2 11 o-o 2 10 -oo 2 14 oo+ 2 7 --- 3 10 ooo 3 11 ooo 3 12 ooo 3 9 ooo 3 7 ooo 3 14 ooo 4 13 ooo 4 8 o-- 4 14 ooo 4 7 o-- 4 10 ooo 4 11 o-- 5 8 ooo 5 13 -oo 5 10 -oo 5 11 ooo 5 9 ooo 5 12 -oo 6 7 --- 6 14 ooo 6 13 -oo 6 8 o-- 6 12 --- 6 9 ooo
mp-774219,Li3MnCo3O8,141,389,391,248,2.7588652482269502,0,False,0,1.0,Li Li Li Mn Co Co Co O O O O O O O O 0 9 o-o 0 12 oo- 0 7 oo- 0 14 o-o 0 10 ooo 0 11 o-- 1 9 -oo 1 12 oo- 1 8 oo- 1 13 -oo 1 10 ooo 1 11 -o- 2 7 -oo 2 8 o-o 2 13 -oo 2 14 o-o 2 10 ooo 2 11 --o 3 14 o-o 3 13 -oo 3 8 o-- 3 7 -o- 3 12 oo- 3 9 --o 4 11 oo- 4 10 ooo 4 14 ooo 4 13 ooo 4 8 oo- 4 7 oo- 5 11 -oo 5 10 ooo 5 12 ooo 5 9 -oo 5 14 ooo 5 7 -oo 6 11 o-o 6 10 ooo 6 12 ooo 6 9 o-o 6 13 ooo 6 8 o-o
mp-1174064,Li3MnCoO5,200,577,579,377,2.885,0,True,67,0.8838821490467937,Li Li Li Li Li Li Mn Mn Co Co O O O O O O O O O O 0 10 +oo 0 10 o+o 0 16 oo+ 0 15 o+o 0 15 +oo 0 14 ooo 1 16 -oo 1 16 o-o 1 10 oo- 1 11 -oo 1 11 o-o 1 17 ooo 2 11 ooo 2 18 ooo 2 12 -oo 2 12 o-o 2 17 +oo 2 17 o+o 3 13 -oo 3 13 o-o 3 18 -oo 3 18 o-o 3 19 ooo 3 12 --o 4 15 ooo 4 13 ooo 4 19 o+o 4 19 +oo 4 14 -oo 4 14 o-o 5 11 ooo 5 15 oo- 5 10 o+- 5 10 +o- 5 16 -oo 5 16 o-o 6 10 ooo 6 15 o-o 6 15 -oo 6 14 -oo 6 14 o-o 6 19 ooo 7 16 ooo 7 11 +oo 7 11 o+o 7 17 +oo 7 17 o+o 7 12 ooo 8 13 ooo 8 12 o-o 8 12 -oo 8 17 ooo 8 18 o-o 8 18 -oo 9 18 ooo 9 19 +oo 9 19 o+o 9 14 ooo 9 13 +oo 9 13 o+o
mp-1174235,Li3MnCoO5,200,577,579,377,2.885,0,True,67,0.8838821490467937,Li Li Li Li Li Li Mn Mn Co Co O O O O O O O O O O 0 16 ooo 0 15 oo- 0 15 -o- 0 10 -o- 0 10 oo- 0 12 -o- 1 16 +oo 1 16 ooo 1 11 ooo 1 11 +oo 1 19 ooo 1 10 oo- 2 15 ooo 2 17 -oo 2 17 ooo 2 13 ooo 2 12 ooo 2 12 -oo 3 14 ooo 3 18 ++o 3 18 o+o 3 13 ooo 3 13 +oo 3 17 ooo 4 14 --o 4 14 o-o 4 11 ooo 4 19 ooo 4 19 -oo 4 18 ooo 5 11 o+o 5 11 ++o 5 14 ooo 5 16 ooo 5 16 +oo 5 15 oo- 6 11 o+o 6 15 -o- 6 15 oo- 6 10 -+- 6 10 o+- 6 17 -o- 7 19 ooo 7 13 +oo 7 13 ooo 7 18 ooo 7 18 +oo 7 12 ooo 8 16 ooo 8 14 ooo 8 14 -oo 8 19 -oo 8 19 ooo 8 13 ooo 9 17 --o 9 17 o-o 9 12 ooo 9 12 -oo 9 10 ooo 9 18 ooo
mp-1306361,Li3MnCoO5,200,577,579,377,2.885,0,True,67,0.8838821490467937,Li Li Li Li Li Li Mn Mn Co Co O O O O O O O O O O 0 12 ooo 0 12 +oo 0 13 +oo 0 13 ooo 0 10 oo- 0 11 ooo 1 12 o+o 1 12 ++o 1 13 +oo 1 13 ooo 1 19 oo- 1 18 ooo 2 13 ooo 2 19 -o- 2 19 oo- 2 10 -o- 2 10 oo- 2 14 -o- 3 12 ooo 3 18 --o 3 18 o-o 3 11 -oo 3 11 ooo 3 15 ooo 4 19 ooo 4 14 ooo 4 14 -oo 4 17 -oo 4 17 ooo 4 16 ooo 5 18 ooo 5 15 ++o 5 15 o+o 5 16 ooo 5 16 +oo 5 17 ooo 6 13 ooo 6 18 -oo 6 18 ooo 6 11 -oo 6 11 ooo 6 16 ooo 7 12 o+o 7 19 oo- 7 19 -o- 7 10 -+- 7 10 o+- 7 17 -o- 8 15 +oo 8 15 ooo 8 16 ooo 8 16 +oo 8 11 ooo 8 14 ooo 9 14 ooo 9 14 -oo 9 17 --o 9 17 o-o 9 10 ooo 9 15 ooo
mp-753888,Li3MnFe3O8,141,388,390,247,2.75177304964539,0,False,0,1.0,Li Li Li Mn Fe Fe Fe O O O O O O O O 0 7 ooo 0 14 ooo 0 12 ooo 0 11 ooo 0 10 ooo 0 9 ooo 1 14 ooo 1 7 o-o 1 10 ooo 1 11 o-o 1 13 o-o 1 8 ooo 2 14 ooo 2 7 -oo 2 9 ooo 2 12 -oo 2 13 -oo 2 8 ooo 3 9 o-o 3 10 -oo 3 12 -o- 3 11 o-- 3 14 oo- 3 7 --o 4 13 -o- 4 8 ooo 4 11 oo- 4 10 -oo 4 7 -oo 4 14 oo- 5 8 ooo 5 13 o-- 5 12 oo- 5 9 o-o 5 7 o-o 5 14 oo- 6 8 ooo 6 13 oo- 6 10 ooo 6 9 ooo 6 12 oo- 6 11 oo-
mp-867644,Li3MnV3O8,132,361,363,229,2.734848484848485,0,False,0,1.0,Li Li Li Mn V V V O O O O O O O O 0 8 ooo 0 9 +oo 0 9 o+o 0 14 ++o 0 10 ooo 1 8 oo- 1 13 ooo 1 7 +o- 1 7 o+- 1 10 ooo 2 14 ooo 2 12 -oo 2 12 o-o 2 8 --o 2 11 ooo 3 10 o-o 3 10 -oo 3 7 oo- 3 9 ooo 3 14 ooo 3 11 ooo 4 13 oo+ 4 12 ooo 4 11 +oo 4 11 o+o 4 8 ooo 4 10 ooo 5 7 ooo 5 12 ooo 5 8 -oo 5 8 o-o 5 9 ooo 5 11 ooo 6 13 ooo 6 9 ooo 6 14 +oo 6 14 o+o 6 10 ooo 6 12 ooo
mp-7955,Li3Sb,134,359,361,225,2.6791044776119404,0,False,0,1.0,Li Li Li Li Li Li Sb Sb 0 7 oo+ 0 6 o+o 0 6 -oo 0 6 ooo 0 4 ooo 0 5 o++ 0 5 -o+ 0 5 oo+ 0 3 o+o 0 3 ooo 0 3 ++o 1 6 ooo 1 7 o-o 1 7 +oo 1 7 ooo 1 5 ooo 1 4 o-o 1 4 +oo 1 4 ooo 1 2 +oo 1 2 ++o 1 2 ooo 2 7 o-o 2 7 ooo 2 7 --o 2 5 -oo 2 5 --o 2 5 ooo 3 6 -oo 3 6 --o 3 6 ooo 3 4 o-o 3 4 ooo 3 4 --o 4 7 ooo 4 6 o+o 4 6 -oo 4 6 ooo 5 6 oo- 5 7 o-o 5 7 +oo 5 7 ooo
mp-753046,Li3Ti2Co3O10,162,455,457,293,2.808641975308642,0,False,0,1.0,Li Li Li Ti Ti Co Co Co O O O O O O O O O O 0 11 ooo 0 13 ooo 0 9 ooo 0 17 o+o 0 16 o+o 0 12 ooo 1 12 ooo 1 13 -oo 1 16 ooo 1 9 -oo 1 14 -oo 1 11 ooo 2 14 ooo 2 12 ooo 2 16 ooo 2 8 o-o 2 9 o-o 2 13 ooo 3 12 ooo 3 16 o+o 3 9 -oo 3 10 -oo 3 8 ooo 3 14 -+o 4 13 ooo 4 9 o-o 4 16 +oo 4 15 +oo 4 17 ooo 4 11 +-o 5 17 ooo 5 8 o-- 5 11 o-o 5 14 oo- 5 15 ooo 5 10 o-- 6 14 ooo 6 15 +o+ 6 12 +oo 6 8 +-o 6 10 ooo 6 17 oo+ 7 11 ooo 7 10 -o- 7 13 -oo 7 17 -+o 7 15 ooo 7 8 oo-
mp-551675,Li3UO4,80,210,212,130,2.625,0,False,0,1.0,Li Li Li U O O O O 0 7 +o+ 0 6 ooo 0 5 o-o 0 5 ooo 0 4 +oo 0 4 ooo 1 7 ooo 1 6 o++ 1 4 o+o 1 4 ooo 1 5 -oo 1 5 ooo 2 4 oo- 2 5 ooo 2 7 +oo 2 7 ooo 2 6 ooo 2 6 o+o 3 5 --- 3 4 ooo 3 6 -oo 3 6 ooo 3 7 ooo 3 7 o-o
mp-849280,Li3V2Cr2O8,141,387,389,246,2.74468085106383,0,False,0,1.0,Li Li Li V V Cr Cr O O O O O O O O 0 11 ooo 0 10 -o- 0 14 ooo 0 7 -o- 0 13 -oo 0 8 oo- 1 9 ooo 1 12 o-o 1 13 ooo 1 8 o-o 1 11 o-+ 1 10 oo- 2 11 ooo 2 10 oo- 2 7 oo- 2 14 ooo 2 12 oo- 2 9 ooo 3 9 ooo 3 12 -oo 3 8 ooo 3 13 -oo 3 10 -oo 3 11 ooo 4 7 o-- 4 14 ooo 4 8 o-o 4 13 oo- 4 10 oo- 4 11 o-o 5 14 ooo 5 7 --o 5 9 ooo 5 12 --o 5 13 -oo 5 8 o-o 6 12 --o 6 9 oo- 6 11 o-o 6 10 -o- 6 14 ooo 6 7 ---
mp-1337136,Li3V4O7F5,133,367,369,234,2.7593984962406015,0,False,0,1.0,Li Li Li V V V V O O O O O O O F F F F F 0 9 o-o 0 15 o-o 0 18 +oo 0 17 o-o 1 11 ooo 1 15 o-o 1 18 ooo 1 14 oo+ 1 7 ooo 2 14 ooo 2 16 o+o 2 11 oo- 2 13 ooo 2 9 ooo 2 8 o+o 3 8 ooo 3 10 ooo 3 13 +oo 3 9 o-o 3 14 ooo 3 16 ooo 4 10 ooo 4 17 ooo 4 7 ooo 4 9 ooo 4 13 ooo 4 18 ooo 5 12 ooo 5 17 ooo 5 7 -oo 5 15 ooo 5 11 ooo 6 8 -o+ 6 12 o-o 6 11 ooo 6 14 --+ 6 15 --o 6 16 oo+
mp-752950,Li4(FeO2)5,181,516,518,335,2.850828729281768,0,True,6,0.9883720930232558,Li Li Li Li Fe Fe Fe Fe Fe O O O O O O O O O O 0 17 -oo 0 10 ooo 0 13 ooo 0 14 ooo 0 12 ooo 0 18 -oo 1 13 o-o 1 14 ooo 1 10 ooo 1 17 o-o 1 15 ooo 1 12 o-o 2 14 ooo 2 17 ooo 2 18 ooo 2 12 ooo 2 16 ooo 2 11 oo+ 3 13 ooo 3 10 +oo 3 17 ooo 3 15 ooo 3 9 +oo 3 14 ooo 4 13 ooo 4 17 -oo 4 15 -+o 4 10 o+o 4 11 o+o 4 9 ooo 5 15 -oo 5 12 oo- 5 9 ooo 5 11 ooo 5 18 -o- 5 16 -o- 6 13 o-o 6 15 ooo 6 11 ooo 6 9 +-o 6 18 oo- 6 16 o-- 7 12 ooo 7 14 o+o 7 11 o++ 7 18 -+o 7 16 ooo 7 9 oo+ 8 10 ++o 8 16 ooo 8 14 o+o 8 17 ooo 8 12 +oo 8 18 o+o
mp-762932,Li4(NiO2)5,157,446,448,289,2.840764331210191,0,False,0,1.0,Li Li Li Li Ni Ni Ni Ni Ni O O O O O O O O O O 0 12 -oo 0 10 -oo 0 11 ooo 0 9 ooo 1 14 ooo 1 11 ooo 1 10 ooo 1 13 oo+ 2 15 +oo 2 16 ooo 2 18 ooo 2 17 +oo 3 9 ooo 3 18 ooo 3 17 ooo 3 12 -oo 4 10 oo- 4 17 +-o 4 11 +o- 4 16 o-o 4 14 +-- 4 13 ooo 5 14 o-o 5 9 ooo 5 16 o-+ 5 10 ooo 5 11 ooo 5 12 o-o 6 13 o+o 6 12 ooo 6 18 ooo 6 15 ++o 6 9 o+o 6 17 +oo 7 12 -oo 7 9 o+o 7 14 ooo 7 15 o+o 7 18 ooo 7 10 -+o 8 13 ooo 8 18 o-o 8 11 oo- 8 16 o-o 8 17 o-o 8 15 ooo
mp-755532,Li4Co4(OF3)3,164,463,465,299,2.823170731707317,0,False,0,1.0,Li Li Li Li Co Co Co Co O O O F F F F F F F F F 0 12 ooo 0 15 ooo 0 16 oo- 0 18 o+o 0 11 ooo 0 9 o+o 1 18 o+o 1 11 +oo 1 13 ooo 1 19 o+o 1 10 o+o 1 12 o+o 2 19 -oo 2 8 o-o 2 10 ooo 2 17 ooo 2 14 -oo 2 13 -oo 3 14 ooo 3 17 ooo 3 9 oo+ 3 15 oo+ 3 16 -oo 3 8 ooo 4 11 ooo 4 10 ooo 4 13 ooo 4 17 ooo 4 12 ooo 4 19 ooo 5 9 ooo 5 18 -oo 5 8 o-- 5 14 -o- 5 16 --- 5 15 o-o 6 10 ooo 6 9 ooo 6 12 -oo 6 15 ooo 6 18 ooo 6 11 o-o 7 8 ooo 7 16 ooo 7 13 ooo 7 19 o+o 7 14 ooo 7 17 +oo
mp-754209,Li4Cr3NiO8,160,447,449,287,2.79375,0,False,0,1.0,Li Li Li Li Cr Cr Cr Ni O O O O O O O O 0 13 ooo 0 8 o-o 0 11 -oo 0 12 o-o 0 14 ooo 0 10 --o 1 14 ooo 1 10 o-o 1 12 o-o 1 11 ooo 1 15 ooo 1 9 o-o 2 13 +oo 2 8 +oo 2 10 ooo 2 11 ooo 2 9 ooo 2 15 ooo 3 13 ooo 3 8 ooo 3 12 ooo 3 14 ooo 3 9 ooo 3 15 ooo 4 8 +-o 4 13 +o- 4 11 ooo 4 10 o-- 4 9 o-o 4 15 oo- 5 8 o-o 5 13 oo- 5 14 ooo 5 12 o-- 5 9 o-o 5 15 oo- 6 10 oo- 6 12 oo- 6 14 ooo 6 11 ooo 6 9 ooo 6 15 oo- 7 8 ooo 7 13 oo- 7 10 -o- 7 12 oo- 7 11 -oo 7 14 ooo
mp-755661,Li4Cr3NiO8,160,447,449,287,2.79375,0,False,0,1.0,Li Li Li Li Cr Cr Cr Ni O O O O O O O O 0 13 -oo 0 14 -+- 0 10 -+o 0 9 o+- 0 12 oo- 0 11 ooo 1 8 +oo 1 12 +-o 1 11 +-o 1 15 o-o 1 14 ooo 1 10 ooo 2 15 ooo 2 9 o+- 2 10 o+o 2 11 ooo 2 13 ooo 2 8 o+o 3 15 o-o 3 9 ooo 3 14 ooo 3 12 o-o 3 13 o-+ 3 8 ooo 4 13 ooo 4 8 +oo 4 10 ooo 4 12 +o- 4 15 oo- 4 9 +o- 5 8 ooo 5 13 -oo 5 11 ooo 5 14 -oo 5 9 ooo 5 15 -oo 6 10 oo+ 6 14 ooo 6 11 ooo 6 12 ooo 6 15 ooo 6 9 ooo 7 13 ooo 7 8 ooo 7 11 ooo 7 14 ooo 7 12 oo- 7 10 ooo
mp-799387,Li4Fe3TeO8,97,269,271,172,2.7731958762886597,0,False,0,1.0,Li Li Li Li Fe Fe Fe Te O O O O O O O O 0 11 ooo 0 14 oo- 0 15 oo- 1 13 -oo 1 8 ooo 1 12 ooo 2 10 +oo 2 11 ooo 2 15 ooo 3 12 ooo 3 8 oo+ 3 9 oo+ 4 10 ooo 4 14 oo- 4 15 -o- 5 9 ooo 5 12 ooo 5 13 ooo 5 11 ooo 6 14 o-o 6 10 o-o 6 11 o-o 6 12 ooo 7 13 ooo 7 8 +o+ 7 9 oo+ 7 15 ooo
mp-777779,Li4Mn(TeO4)3,152,428,430,276,2.8157894736842106,0,False,0,1.0,Li Li Li Li Mn Te Te Te O O O O O O O O O O O O 0 18 ooo 0 9 ++o 0 14 o+o 0 13 +oo 1 17 ooo 1 10 +oo 1 14 ooo 1 13 +oo 2 16 o+o 2 11 ooo 2 12 ooo 2 15 o+o 2 8 o+o 2 19 ooo 3 12 ooo 3 15 ooo 3 8 ooo 3 19 ooo 3 16 ooo 3 11 ooo 4 12 o-o 4 15 -oo 4 8 ooo 4 19 --o 4 10 oo- 4 17 --- 5 18 ooo 5 9 ooo 5 11 ooo 5 16 ooo 5 14 ooo 5 13 ooo 6 19 ooo 6 8 +oo 6 11 +oo 6 16 ooo 6 9 +oo 6 18 ooo 7 14 o+o 7 13 ooo 7 17 ooo 7 10 o+o 7 15 o++ 7 12 oo+
mp-753645,Li4Mn3(FeO5)2,181,516,518,335,2.850828729281768,0,True,6,0.9883720930232558,Li Li Li Li Mn Mn Mn Fe Fe O O O O O O O O O O 0 11 ooo 0 13 ooo 0 16 o+o 0 14 ooo 0 12 ooo 0 18 o+o 1 13 +oo 1 14 ooo 1 11 ooo 1 15 ooo 1 16 +oo 1 12 +oo 2 14 ooo 2 16 ooo 2 18 ooo 2 12 ooo 2 10 oo- 2 17 ooo 3 16 ooo 3 11 o-o 3 9 o-o 3 13 ooo 3 14 ooo 3 15 ooo 4 15 ooo 4 12 o-+ 4 18 oo+ 4 9 o-o 4 17 oo+ 4 10 o-o 5 13 +oo 5 17 +o+ 5 15 ooo 5 18 oo+ 5 10 ooo 5 9 +-o 6 12 ooo 6 14 -oo 6 10 -o- 6 9 oo- 6 17 ooo 6 18 -+o 7 11 -oo 7 16 o+o 7 13 ooo 7 15 -+o 7 10 -oo 7 9 ooo 8 11 o-o 8 16 +oo 8 14 ooo 8 17 +oo 8 12 +-o 8 18 ooo
mp-1174149,Li4Mn3CoO8,160,447,449,287,2.79375,0,False,0,1.0,Li Li Li Li Mn Mn Mn Co O O O O O O O O 0 14 o+o 0 12 ooo 0 12 -oo 0 8 -oo 0 8 ooo 0 10 -oo 1 15 o+o 1 13 +oo 1 13 ooo 1 11 ooo 1 9 -oo 1 9 ooo 2 8 o-o 2 10 -oo 2 10 ooo 2 12 ooo 2 14 +oo 2 14 ooo 3 9 o-o 3 11 ooo 3 11 +oo 3 15 +oo 3 15 ooo 3 13 +oo 4 14 ooo 4 14 +oo 4 9 o-o 4 9 --o 4 11 ooo 4 12 o-o 5 8 oo- 5 15 ooo 5 13 ooo 5 13 +oo 5 10 oo- 5 10 -o- 6 9 -oo 6 14 ooo 6 12 -oo 6 12 ooo 6 11 ooo 6 11 -oo 7 10 -o- 7 13 o-o 7 15 -oo 7 15 ooo 7 8 o-- 7 8 ---
mp-1174170,Li4Mn3CoO8,160,447,449,287,2.79375,0,False,0,1.0,Li Li Li Li Mn Mn Mn Co O O O O O O O O 0 12 ooo 0 8 o-o 0 13 ooo 0 13 -oo 0 11 -oo 0 11 ooo 1 13 ooo 1 9 o-o 1 14 ooo 1 14 +oo 1 8 +-o 1 8 o-o 2 10 ooo 2 14 o+o 2 9 ooo 2 9 -oo 2 15 -oo 2 15 ooo 3 15 oo- 3 11 ooo 3 12 +oo 3 12 ooo 3 10 +o- 3 10 oo- 4 11 o+o 4 13 ooo 4 12 +oo 4 12 ooo 4 8 ooo 4 8 +oo 5 14 ooo 5 8 ooo 5 13 -oo 5 13 ooo 5 9 -oo 5 9 ooo 6 15 o-o 6 9 ooo 6 10 +oo 6 10 ooo 6 14 ooo 6 14 +oo 7 12 o-o 7 10 oo- 7 11 -oo 7 11 ooo 7 15 o-- 7 15 ---
mp-1174189,Li4Mn3CoO8,160,447,449,287,2.79375,0,False,0,1.0,Li Li Li Li Mn Mn Mn Co O O O O O O O O 0 10 ooo 0 14 ooo 0 15 +oo 0 13 o+o 0 11 ooo 0 9 ooo 1 11 -o- 1 15 ooo 1 14 -o- 1 8 ooo 1 12 oo- 1 10 -oo 2 12 ooo 2 8 ooo 2 9 o-o 2 11 -oo 2 13 ooo 2 15 ooo 3 9 o-- 3 13 ooo 3 14 o-- 3 8 ooo 3 12 oo- 3 10 o-o 4 15 ooo 4 9 ooo 4 14 -oo 4 8 o+o 4 12 ooo 4 10 ooo 5 10 ooo 5 12 oo- 5 11 oo- 5 9 oo- 5 15 ooo 5 13 ooo 6 13 ooo 6 11 ooo 6 14 o-o 6 8 +oo 6 12 ooo 6 10 ooo 7 8 ooo 7 14 --- 7 9 o-- 7 11 -o- 7 15 o-o 7 13 -oo
mp-1174209,Li4Mn3CoO8,160,447,449,287,2.79375,0,False,0,1.0,Li Li Li Li Mn Mn Mn Co O O O O O O O O 0 10 ooo 0 14 o-o 0 11 ooo 0 11 -oo 0 13 --o 0 13 o-o 1 15 oo- 1 11 ooo 1 14 +-o 1 14 o-o 1 8 ooo 1 8 +oo 2 8 ooo 2 12 oo- 2 9 -oo 2 9 ooo 2 15 oo- 2 15 -o- 3 9 oo+ 3 13 ooo 3 10 o+o 3 10 ++o 3 12 ooo 3 12 +oo 4 11 ooo 4 15 ooo 4 10 +oo 4 10 ooo 4 12 ooo 4 12 +oo 5 8 ooo 5 12 ooo 5 13 ooo 5 13 -oo 5 11 ooo 5 11 -oo 6 13 ooo 6 9 ooo 6 14 ooo 6 14 +oo 6 8 +oo 6 8 ooo 7 14 o-o 7 10 oo- 7 15 -o- 7 15 oo- 7 9 o-o 7 9 --o
mp-1174267,Li4Mn3CoO8,160,447,449,287,2.79375,0,False,0,1.0,Li Li Li Li Mn Mn Mn Co O O O O O O O O 0 11 oo+ 0 13 ooo 0 12 o+o 0 12 +oo 0 8 o+o 0 8 +oo 1 14 ooo 1 8 ooo 1 9 -oo 1 9 o-o 1 13 o-o 1 13 -oo 2 9 ooo 2 15 ooo 2 14 o+o 2 14 +oo 2 10 +oo 2 10 o+o 3 12 oo- 3 10 ooo 3 11 o-o 3 11 -oo 3 15 o-o 3 15 -oo 4 9 ooo 4 12 ooo 4 8 o+o 4 8 +oo 4 13 o-o 4 13 -oo 5 10 ooo 5 13 --o 5 14 -oo 5 14 o-o 5 9 -oo 5 9 o-o 6 14 ooo 6 11 ooo 6 15 o-o 6 15 -oo 6 10 o+o 6 10 +oo 7 15 --o 7 8 oo- 7 11 -oo 7 11 o-o 7 12 o-- 7 12 -o-
mp-754963,Li4Mn3Cr2O10,181,516,518,335,2.850828729281768,0,True,6,0.9883720930232558,Li Li Li Li Mn Mn Mn Cr Cr O O O O O O O O O O 0 11 o+o 0 16 -oo 0 14 o+o 0 13 ooo 0 18 -oo 0 12 ooo 1 13 ooo 1 14 ooo 1 11 ooo 1 15 ooo 1 16 ooo 1 12 ooo 2 16 ooo 2 14 o+o 2 18 ooo 2 12 ooo 2 10 oo- 2 17 ooo 3 11 +oo 3 13 o-o 3 16 o-o 3 9 +oo 3 14 ooo 3 15 ooo 4 15 ooo 4 12 +o+ 4 17 oo+ 4 10 +oo 4 18 oo+ 4 9 +oo 5 13 ooo 5 9 ++o 5 15 ooo 5 18 oo+ 5 17 o++ 5 10 ooo 6 14 ooo 6 12 ooo 6 10 o-- 6 9 oo- 6 17 ooo 6 18 --o 7 11 ooo 7 16 -oo 7 13 ooo 7 15 -oo 7 10 ooo 7 9 o+o 8 11 +oo 8 16 ooo 8 14 ooo 8 17 ooo 8 12 +oo 8 18 o-o
mp-1396411,Li4Mn3NbO8,160,447,449,287,2.79375,0,False,0,1.0,Li Li Li Li Mn Mn Mn Nb O O O O O O O O 0 14 ooo 0 13 ooo 0 15 ooo 0 10 ooo 0 9 ooo 0 12 ooo 1 15 o-o 1 14 -oo 1 10 o-o 1 12 -oo 1 11 ooo 1 8 --o 2 15 oo- 2 13 -oo 2 9 oo- 2 12 -oo 2 11 ooo 2 8 -o- 3 9 o+o 3 10 oo+ 3 13 oo+ 3 14 o+o 3 8 ooo 3 11 o++ 4 8 oo- 4 11 ooo 4 12 ooo 4 10 ooo 4 14 oo- 4 15 oo- 5 8 o-o 5 11 ooo 5 12 ooo 5 9 ooo 5 13 o-o 5 15 o-o 6 8 -oo 6 11 ooo 6 9 ooo 6 10 ooo 6 13 -oo 6 14 -oo 7 12 -oo 7 10 o-o 7 14 -o- 7 15 o-- 7 9 oo- 7 13 --o
mp-1173981,Li4MnCo3O8,160,447,449,287,2.79375,0,False,0,1.0,Li Li Li Li Mn Co Co Co O O O O O O O O 0 15 ooo 0 15 +oo 0 9 ooo 0 9 +oo 0 12 o+o 0 8 ooo 1 12 ooo 1 12 -oo 1 10 o-o 1 10 --o 1 13 ooo 1 9 o-o 2 11 +oo 2 11 ooo 2 13 ooo 2 13 +oo 2 10 o-o 2 14 ooo 3 14 -oo 3 14 ooo 3 8 oo- 3 8 -o- 3 11 ooo 3 15 oo- 4 13 +oo 4 13 ooo 4 9 ooo 4 9 +oo 4 12 ooo 4 10 ooo 5 12 ooo 5 12 -oo 5 8 -oo 5 8 ooo 5 15 o-o 5 9 ooo 6 10 ooo 6 10 -oo 6 14 -oo 6 14 ooo 6 11 o+o 6 13 ooo 7 15 +-- 7 15 o-- 7 11 ooo 7 11 +oo 7 14 o-o 7 8 oo-
mp-1174023,Li4MnCo3O8,160,447,449,287,2.79375,0,False,0,1.0,Li Li Li Li Mn Co Co Co O O O O O O O O 0 10 ooo 0 14 -oo 0 13 -oo 0 11 ooo 0 9 -oo 0 15 ooo 1 10 ooo 1 8 ooo 1 15 ooo 1 11 oo+ 1 12 o-+ 1 14 -o+ 2 8 ooo 2 12 o-o 2 13 o-o 2 11 ooo 2 15 ooo 2 9 o-o 3 12 ooo 3 14 ooo 3 9 ooo 3 13 oo- 3 8 o+- 3 10 +o- 4 13 ooo 4 11 ooo 4 12 ooo 4 14 ooo 4 10 ooo 4 8 ooo 5 15 +o- 5 9 o-o 5 14 ooo 5 8 oo- 5 11 ooo 5 13 oo- 6 15 ooo 6 9 --o 6 14 -oo 6 12 o-o 6 10 o-o 6 8 -oo 7 15 o+- 7 9 -oo 7 12 ooo 7 10 oo- 7 11 ooo 7 13 oo-
mp-1174058,Li4MnCo3O8,160,447,449,287,2.79375,0,False,0,1.0,Li Li Li Li Mn Co Co Co O O O O O O O O 0 12 ooo 0 12 +oo 0 8 ooo 0 8 +oo 0 10 ooo 0 14 o+o 1 13 +oo 1 13 ooo 1 15 o+o 1 9 ooo 1 9 +oo 1 11 ooo 2 10 -oo 2 10 ooo 2 8 o-o 2 14 ooo 2 14 -oo 2 12 ooo 3 11 ooo 3 11 -oo 3 15 ooo 3 15 -oo 3 13 ooo 3 9 o-o 4 12 -oo 4 12 ooo 4 11 ooo 4 11 -oo 4 9 ooo 4 14 -oo 5 15 -oo 5 15 ooo 5 8 o-- 5 8 --- 5 13 o-o 5 10 -o- 6 14 ooo 6 14 -oo 6 9 o-o 6 9 +-o 6 11 ooo 6 12 o-o 7 8 oo- 7 15 ooo 7 10 oo- 7 10 -o- 7 13 ooo 7 13 +oo
mp-1174093,Li4MnCo3O8,160,447,449,287,2.79375,0,False,0,1.0,Li Li Li Li Mn Co Co Co O O O O O O O O 0 12 +oo 0 12 ooo 0 8 +-o 0 8 o-o 0 10 ooo 0 14 o-o 1 15 ooo 1 13 ooo 1 13 +oo 1 9 +oo 1 9 ooo 1 11 ooo 2 8 ooo 2 10 ooo 2 10 -oo 2 14 -oo 2 14 ooo 2 12 ooo 3 11 -oo 3 11 ooo 3 15 -+o 3 15 o+o 3 13 ooo 3 9 o+o 4 12 ooo 4 12 -oo 4 11 -oo 4 11 ooo 4 14 -oo 4 9 ooo 5 13 +oo 5 13 ooo 5 8 oo- 5 8 +o- 5 15 o+o 5 10 oo- 6 12 ooo 6 11 o-o 6 14 o-o 6 14 --o 6 9 ooo 6 9 +oo 7 10 -oo 7 10 ooo 7 15 oo+ 7 15 -o+ 7 8 o-o 7 13 oo+
mp-861547,Li4MnCo3O8,160,447,449,287,2.79375,0,False,0,1.0,Li Li Li Li Mn Co Co Co O O O O O O O O 0 14 ooo 0 9 oo- 0 8 oo- 0 12 ooo 0 15 ooo 0 11 oo- 1 10 -oo 1 13 oo- 1 14 ooo 1 9 -o- 1 15 -oo 1 8 oo- 2 11 -o- 2 15 -oo 2 8 o-- 2 12 o-o 2 13 oo- 2 10 --o 3 10 o-o 3 13 oo- 3 14 ooo 3 9 o-- 3 12 o-o 3 11 oo- 4 8 o-o 4 12 o-o 4 11 -oo 4 15 -oo 4 14 ooo 4 9 --o 5 12 ooo 5 11 ooo 5 8 ooo 5 15 ooo 5 13 ooo 5 10 ooo 6 9 -oo 6 14 ooo 6 13 ooo 6 10 -oo 6 11 -oo 6 12 ooo 7 14 ooo 7 9 o-o 7 13 ooo 7 10 o-o 7 8 o-o 7 15 ooo
mp-756559,Li4MnV3O12,164,460,462,296,2.8048780487804876,0,False,0,1.0,Li Li Li Li Mn V V V O O O O O O O O O O O O 0 9 ooo 0 18 --o 0 13 o-o 0 14 -oo 0 10 ooo 0 17 --o 1 17 -oo 1 10 ooo 1 14 -oo 1 13 ooo 1 9 ooo 1 18 -oo 2 11 o-o 2 16 ooo 2 19 o-o 2 8 ooo 2 12 o-o 2 15 ooo 3 15 ooo 3 12 ooo 3 19 ooo 3 8 ooo 3 11 ooo 3 16 ooo 4 12 o-o 4 15 -oo 4 17 --- 4 10 oo- 4 19 --o 4 8 ooo 5 8 ooo 5 19 -oo 5 16 -oo 5 11 ooo 5 9 ooo 5 18 -oo 6 14 ooo 6 13 o-o 6 17 o-o 6 10 ooo 6 12 o-+ 6 15 oo+ 7 18 ooo 7 9 ooo 7 16 ooo 7 11 ooo 7 14 ooo 7 13 ooo
mp-758251,Li5AgF8,110,297,299,187,2.7,0,False,0,1.0,Li Li Li Li Li Ag F F F F F F F F 0 7 ooo 0 10 -oo 0 13 o-o 0 11 oo- 1 12 -oo 1 7 ooo 1 8 -oo 1 11 ooo 1 6 -oo 1 13 ooo 2 12 o-o 2 7 ooo 2 8 o-o 2 11 ooo 2 9 o-o 2 10 ooo 3 12 ooo 3 9 +oo 3 6 o+o 3 8 oo+ 4 12 oo- 4 7 ooo 4 9 oo- 4 10 ooo 4 6 oo- 4 13 ooo 5 8 ooo 5 11 ooo 5 9 ooo 5 6 ooo 5 10 ooo 5 13 ooo
mp-757112,Li5Co3(SnO5)2,200,577,579,377,2.885,0,True,67,0.8838821490467937,Li Li Li Li Li Co Co Co Sn Sn O O O O O O O O O O 0 15 o+o 0 12 o+o 0 19 -oo 0 17 -oo 0 14 ooo 0 13 ooo 1 16 ooo 1 14 o-o 1 18 oo+ 1 10 ooo 1 12 ooo 1 11 ooo 2 17 ooo 2 12 ooo 2 15 ooo 2 14 ooo 2 16 ooo 2 13 ooo 3 13 ooo 3 15 o+o 3 11 oo- 3 19 ooo 3 17 ooo 3 18 ooo 4 14 o-o 4 17 o-o 4 10 +oo 4 12 +oo 4 15 ooo 4 16 ooo 5 13 ooo 5 16 -o- 5 11 oo- 5 18 -oo 5 10 oo- 5 19 -oo 6 14 ooo 6 19 oo+ 6 10 ++o 6 16 ooo 6 18 o++ 6 11 ooo 7 15 ooo 7 10 oo- 7 19 --o 7 13 ooo 7 11 o-- 7 18 ooo 8 14 ooo 8 17 -oo 8 10 o+o 8 12 ooo 8 16 -oo 8 11 ooo 9 15 ooo 9 12 +oo 9 19 o-o 9 17 ooo 9 13 +oo 9 18 ooo
mp-1174016,Li5Co3O8,160,447,449,287,2.79375,0,False,0,1.0,Li Li Li Li Li Co Co Co O O O O O O O O 0 13 ooo 0 13 -oo 0 14 ooo 0 10 o-o 0 9 ooo 0 9 -oo 1 15 ooo 1 12 ooo 1 12 +oo 1 11 o-o 1 8 ooo 1 8 +oo 2 11 ooo 2 11 -oo 2 8 ooo 2 12 o+o 2 15 -oo 2 15 ooo 3 9 ooo 3 10 ooo 3 10 +oo 3 13 o+o 3 14 +oo 3 14 ooo 4 9 ooo 4 15 o-o 4 12 ooo 4 12 +oo 4 10 +-o 4 10 o-o 5 8 oo- 5 14 o-o 5 13 ooo 5 13 -oo 5 11 o-- 5 11 --- 6 10 ooo 6 12 ooo 6 15 -oo 6 15 ooo 6 9 -oo 6 9 ooo 7 11 oo- 7 13 ooo 7 14 ooo 7 14 +oo 7 8 oo- 7 8 +o-
mp-1174104,Li5Co3O8,160,447,449,287,2.79375,0,False,0,1.0,Li Li Li Li Li Co Co Co O O O O O O O O 0 12 +-o 0 12 o-o 0 8 ooo 0 8 +oo 0 13 +o+ 0 10 ooo 1 13 ooo 1 13 +oo 1 9 oo- 1 9 -o- 1 8 oo- 1 15 ooo 2 12 o-o 2 11 ooo 2 14 o-o 2 14 +-o 2 10 ooo 2 10 -oo 3 11 -+o 3 11 o+o 3 15 ooo 3 15 -oo 3 9 -o- 3 14 ooo 4 11 ooo 4 12 o-- 4 9 --- 4 9 o-- 4 13 +oo 4 13 ooo 5 9 ooo 5 12 +oo 5 12 ooo 5 14 +oo 5 8 ooo 5 8 +oo 6 13 ooo 6 11 -oo 6 11 ooo 6 10 -oo 6 15 ooo 6 15 -oo 7 8 ooo 7 15 ooo 7 10 -oo 7 10 ooo 7 14 +oo 7 14 ooo
mp-1174143,Li5Co3O8,160,447,449,287,2.79375,0,False,0,1.0,Li Li Li Li Li Co Co Co O O O O O O O O 0 15 ooo 0 12 +oo 0 12 ooo 0 8 +oo 0 8 ooo 0 9 oo+ 1 10 ooo 1 9 -oo 1 9 ooo 1 13 -oo 1 13 ooo 1 12 oo- 2 14 +oo 2 14 ooo 2 13 ooo 2 10 +oo 2 10 ooo 2 11 ooo 3 11 -oo 3 11 ooo 3 8 ooo 3 15 -oo 3 15 ooo 3 14 ooo 4 15 ooo 4 10 o-o 4 14 ooo 4 14 +oo 4 11 o-o 4 11 --o 5 11 -oo 5 15 -+o 5 15 o+o 5 12 o+o 5 8 ooo 5 8 -oo 6 14 +oo 6 10 +-o 6 10 o-o 6 9 o-o 6 13 ooo 6 13 +oo 7 13 ooo 7 8 o-- 7 9 o-o 7 9 --o 7 12 oo- 7 12 +o-
mp-755858,Li5Fe2Co3O10,200,577,579,377,2.885,0,True,67,0.8838821490467937,Li Li Li Li Li Fe Fe Co Co Co O O O O O O O O O O 0 12 -oo 0 15 -oo 0 14 ooo 0 17 o+o 0 19 o+o 0 13 ooo 1 12 ooo 1 14 +oo 1 16 ooo 1 18 oo- 1 10 ooo 1 11 ooo 2 17 ooo 2 12 ooo 2 15 ooo 2 14 ooo 2 13 ooo 2 16 ooo 3 17 ooo 3 15 -oo 3 13 ooo 3 11 oo+ 3 19 ooo 3 18 ooo 4 17 +oo 4 14 +oo 4 15 ooo 4 12 o-o 4 10 o-o 4 16 ooo 5 17 o+o 5 12 ooo 5 14 ooo 5 11 ooo 5 16 o+o 5 10 -oo 6 12 o-o 6 17 ooo 6 15 ooo 6 18 ooo 6 13 o-o 6 19 +oo 7 13 o-- 7 16 ooo 7 11 o-o 7 18 oo- 7 10 o-o 7 19 oo- 8 14 ooo 8 19 oo- 8 18 -o- 8 16 ooo 8 10 --o 8 11 ooo 9 15 ooo 9 10 oo+ 9 11 +o+ 9 13 ooo 9 19 ++o 9 18 ooo
mp-755996,Li5Fe3(CuO5)2,200,577,579,377,2.885,0,True,67,0.8838821490467937,Li Li Li Li Li Fe Fe Fe Cu Cu O O O O O O O O O O 0 17 -oo 0 14 ooo 0 15 o+o 0 12 o+o 0 13 ooo 0 19 -oo 1 14 o-o 1 12 ooo 1 10 ooo 1 16 ooo 1 11 ooo 1 18 oo+ 2 17 ooo 2 12 ooo 2 14 ooo 2 15 ooo 2 13 ooo 2 16 ooo 3 15 o+o 3 17 ooo 3 19 ooo 3 13 ooo 3 18 ooo 3 11 oo- 4 12 +oo 4 15 ooo 4 14 o-o 4 17 o-o 4 16 ooo 4 10 +oo 5 13 ooo 5 16 -o- 5 10 oo- 5 19 -oo 5 11 oo- 5 18 -oo 6 14 ooo 6 16 ooo 6 10 ++o 6 18 o++ 6 11 ooo 6 19 oo+ 7 15 ooo 7 13 ooo 7 19 --o 7 11 o-- 7 18 ooo 7 10 oo- 8 17 -oo 8 12 ooo 8 14 ooo 8 16 -oo 8 11 ooo 8 10 o+o 9 12 +oo 9 17 ooo 9 15 ooo 9 13 +oo 9 18 ooo 9 19 o-o
mp-1273567,Li5Mn2CoO8,160,447,449,287,2.79375,0,False,0,1.0,Li Li Li Li Li Mn Mn Co O O O O O O O O 0 13 ooo 0 12 +o- 0 12 oo- 0 8 oo- 0 8 +o- 0 10 oo- 1 13 ooo 1 13 -oo 1 9 ooo 1 9 +oo 1 15 ooo 1 8 oo- 2 12 ooo 2 11 ooo 2 14 o+o 2 14 ++o 2 10 ooo 2 10 -oo 3 9 o+o 3 11 -oo 3 11 ooo 3 15 o+o 3 15 -+o 3 14 o+o 4 9 ++o 4 9 o+o 4 13 -oo 4 13 ooo 4 11 ooo 4 12 oo- 5 9 o+o 5 12 -o- 5 12 oo- 5 8 o+- 5 8 -+- 5 14 o+- 6 13 ooo 6 11 +oo 6 11 ooo 6 15 ooo 6 15 +oo 6 10 ooo 7 10 ooo 7 10 -oo 7 14 ooo 7 14 +oo 7 8 ooo 7 15 ooo
mp-755837,Li5Mn3(NiO5)2,200,577,579,377,2.885,0,True,67,0.8838821490467937,Li Li Li Li Li Mn Mn Mn Ni Ni O O O O O O O O O O 0 12 o+o 0 17 -oo 0 15 o+o 0 14 ooo 0 19 -oo 0 13 ooo 1 12 ooo 1 14 o-o 1 16 ooo 1 10 ooo 1 18 oo+ 1 11 ooo 2 12 ooo 2 17 ooo 2 15 ooo 2 14 ooo 2 16 ooo 2 13 ooo 3 17 ooo 3 15 o+o 3 13 ooo 3 19 ooo 3 11 oo- 3 18 ooo 4 17 o-o 4 12 +oo 4 14 o-o 4 15 ooo 4 10 +oo 4 16 ooo 5 16 -o- 5 13 ooo 5 19 -oo 5 10 oo- 5 11 oo- 5 18 -oo 6 14 ooo 6 16 ooo 6 11 ooo 6 10 ++o 6 18 o++ 6 19 oo+ 7 15 ooo 7 13 ooo 7 18 ooo 7 19 --o 7 11 o-- 7 10 oo- 8 17 -oo 8 12 ooo 8 14 ooo 8 16 -oo 8 11 ooo 8 10 o+o 9 12 +oo 9 17 ooo 9 15 ooo 9 13 +oo 9 18 ooo 9 19 o-o
mp-755312,Li5Nb2Cu3O10,170,489,491,319,2.876470588235294,0,False,0,1.0,Li Li Li Li Li Nb Nb Cu Cu Cu O O O O O O O O O O 0 13 ooo 0 15 o+o 0 19 -oo 0 14 ooo 0 17 -oo 1 18 oo+ 1 16 ooo 1 11 ooo 1 12 ooo 1 10 ooo 2 12 ooo 2 17 ooo 2 16 ooo 2 13 ooo 2 14 ooo 2 15 ooo 3 11 oo- 3 13 ooo 3 18 ooo 3 17 ooo 3 19 ooo 4 16 ooo 4 14 o-o 4 10 +oo 4 15 ooo 4 12 +oo 5 17 -oo 5 10 o+o 5 14 ooo 5 11 ooo 5 16 -oo 5 12 ooo 6 12 +oo 6 19 o-o 6 15 ooo 6 18 ooo 6 13 +oo 6 17 ooo 7 13 ooo 7 16 -o- 7 11 oo- 7 18 -oo 8 14 ooo 8 19 oo+ 8 11 ooo 8 10 ++o 9 15 ooo 9 10 oo- 9 18 ooo 9 19 --o
mp-755736,Li5Nb2Ni3O10,200,577,579,377,2.885,0,True,67,0.8838821490467937,Li Li Li Li Li Nb Nb Ni Ni Ni O O O O O O O O O O 0 13 ooo 0 15 ooo 0 14 ooo 0 12 ooo 0 19 o+o 0 17 o+o 1 14 ooo 1 16 ooo 1 11 ooo 1 12 ooo 1 18 oo+ 1 10 ooo 2 12 -oo 2 17 ooo 2 14 ooo 2 15 -oo 2 16 -oo 2 13 ooo 3 15 ooo 3 13 ooo 3 18 ooo 3 17 ooo 3 11 oo- 3 19 ooo 4 16 ooo 4 14 ooo 4 15 ooo 4 17 ooo 4 10 o-o 4 12 o-o 5 14 ooo 5 16 -+o 5 17 o+o 5 10 ooo 5 12 -oo 5 11 -oo 6 15 ooo 6 13 +-o 6 12 o-o 6 19 ooo 6 17 +oo 6 18 +oo 7 13 o-o 7 16 oo- 7 18 ooo 7 11 o-- 7 19 ooo 7 10 o-- 8 18 +o+ 8 16 ooo 8 10 +-o 8 19 oo+ 8 11 ooo 8 14 +oo 9 11 -o- 9 13 ooo 9 19 -+o 9 10 oo- 9 18 ooo 9 15 -oo
mp-759011,Li5Ni3O5F3,154,430,432,276,2.792207792207792,0,False,0,1.0,Li Li Li Li Li Ni Ni Ni O O O O O F F F 0 13 ooo 0 14 ooo 0 9 ooo 0 12 ooo 0 11 ooo 0 10 ooo 1 13 ooo 1 14 --- 1 8 -o- 1 15 o-- 1 10 --- 1 11 ooo 2 13 +oo 2 8 oo- 2 14 oo- 2 15 +o- 2 9 +oo 2 12 oo- 3 12 ooo 3 9 +oo 3 8 oo- 3 11 +oo 3 10 ooo 3 15 +oo 4 14 oo- 4 13 ooo 4 8 oo- 4 15 oo- 4 11 oo- 4 10 ooo 5 8 oo- 5 13 ooo 5 14 o-- 5 15 o-- 5 12 ooo 5 9 o-- 6 11 ooo 6 10 o-o 6 12 ooo 6 9 o-o 6 8 ooo 6 15 o-- 7 10 --o 7 11 ooo 7 9 o-o 7 12 -oo
mp-753268,Li6CuF8,129,355,357,226,2.751937984496124,0,False,0,1.0,Li Li Li Li Li Li Cu F F F F F F F F 0 8 oo+ 0 9 ooo 0 7 +oo 0 10 o+o 1 8 ooo 1 13 ooo 1 7 ooo 1 10 ooo 1 11 ooo 1 14 ooo 2 12 ooo 2 9 --o 2 10 -oo 2 7 o-o 2 11 o-o 2 14 -oo 3 13 ooo 3 8 -oo 3 9 -oo 3 12 ooo 3 11 ooo 3 10 -oo 4 13 oo- 4 12 ooo 4 14 -oo 4 11 o-o 5 13 ooo 5 8 o-o 5 9 o-o 5 12 ooo 5 14 ooo 5 7 o-o 6 14 ooo 6 11 ooo 6 10 oo- 6 7 oo- 6 9 oo- 6 12 ooo
mp-1344128,Li6Mn2OF11,149,418,420,269,2.8053691275167787,0,False,0,1.0,Li Li Li Li Li Li Mn Mn O F F F F F F F F F F F 0 18 ooo 0 16 oo- 0 15 -oo 0 11 ooo 1 17 ooo 1 10 -oo 1 16 ooo 1 12 -oo 1 14 ooo 1 19 --o 1 13 ooo 1 6 --o 2 18 +oo 2 8 ooo 2 11 ooo 2 12 ooo 2 14 +oo 3 9 ooo 3 17 ooo 3 12 ooo 3 8 --o 3 18 ooo 4 11 oo+ 4 16 ooo 4 10 ooo 4 13 +oo 5 16 ooo 5 19 o-o 5 15 oo+ 5 17 ooo 5 13 o-o 6 19 ooo 6 8 ooo 6 14 ooo 6 17 ++o 6 10 ooo 6 12 o+o 7 9 o+o 7 11 ooo 7 8 ooo 7 12 o+o 7 13 oo- 7 15 o+o
mp-1174362,Li6Mn3CoO10,200,577,579,377,2.885,0,True,67,0.8838821490467937,Li Li Li Li Li Li Mn Mn Mn Co O O O O O O O O O O 0 11 o+o 0 11 +oo 0 15 ooo 0 10 ooo 0 19 o-o 0 19 -oo 1 12 o-o 1 12 -oo 1 16 oo- 1 15 o-o 1 15 -oo 1 11 ooo 2 16 +o- 2 16 o+- 2 12 ooo 2 13 o+o 2 13 +oo 2 17 oo- 3 17 o-o 3 17 -oo 3 13 oo+ 3 18 ooo 3 14 -o+ 3 14 o-+ 4 18 +oo 4 18 o+o 4 10 o+o 4 10 +oo 4 14 oo+ 4 19 ooo 5 17 o-o 5 17 -oo 5 12 o-o 5 12 -oo 5 16 ooo 5 13 ooo 6 11 ooo 6 15 o-+ 6 15 -o+ 6 10 -oo 6 10 o-o 6 19 --+ 7 17 ooo 7 13 o+o 7 13 +oo 7 18 +oo 7 18 o+o 7 14 ooo 8 14 o-o 8 14 -oo 8 19 -oo 8 19 o-o 8 18 ooo 8 10 oo- 9 12 ooo 9 16 +oo 9 16 o+o 9 11 o+o 9 11 +oo 9 15 oo+
mp-1174363,Li6Mn3CoO10,197,568,570,371,2.883248730964467,0,True,58,0.897887323943662,Li Li Li Li Li Li Mn Mn Mn Co O O O O O O O O O O 0 10 ooo 0 15 ooo 0 12 o-o 0 12 -oo 0 19 -oo 0 19 o-o 1 17 -o+ 1 17 o-+ 1 16 ooo 1 13 -oo 1 13 o-o 1 11 ooo 2 17 ooo 2 15 o+o 2 15 +oo 2 11 o+- 2 11 +o- 2 12 ooo 3 16 +oo 3 16 o+o 3 14 o+o 3 14 +oo 3 18 ooo 3 13 ooo 4 14 ooo 4 10 -oo 4 10 o-o 4 18 -oo 4 18 o-o 4 19 --o 5 16 +o- 5 16 o+- 5 17 ooo 5 14 o+o 5 14 +oo 5 10 ooo 6 16 ooo 6 10 o-+ 6 10 -o+ 6 18 o-o 6 18 -oo 6 12 --+ 7 13 ooo 7 15 +oo 7 15 o+o 7 11 o+o 7 11 +oo 7 19 ooo 8 12 o-+ 8 12 -o+ 8 19 o-o 8 19 -oo 8 18 ooo 8 11 ooo 9 14 ooo 9 17 o-o 9 17 -oo 9 13 -oo 9 13 o-o
mp-1174829,Li6Mn3CoO10,200,577,579,377,2.885,0,True,67,0.8838821490467937,Li Li Li Li Li Li Mn Mn Mn Co O O O O O O O O O O 0 11 ooo 0 10 ooo 0 10 -oo 0 19 oo- 0 15 -oo 0 15 ooo 1 16 o+o 1 16 ++o 1 12 ooo 1 15 ooo 1 11 +oo 1 11 ooo 2 12 ooo 2 12 -oo 2 16 o+o 2 17 o+o 2 17 ++o 2 13 ooo 3 17 ooo 3 18 ooo 3 18 -oo 3 14 ooo 3 13 o-o 3 13 --o 4 19 ooo 4 19 +oo 4 14 +oo 4 14 ooo 4 18 ooo 4 10 oo+ 5 11 ooo 5 12 -oo 5 12 ooo 5 17 ooo 5 16 ooo 5 16 -oo 6 15 --o 6 10 -oo 6 10 ooo 6 19 o-- 6 19 --- 6 14 oo- 7 12 ooo 7 17 +oo 7 17 ooo 7 13 ooo 7 13 +oo 7 18 ooo 8 18 ooo 8 18 -oo 8 14 o+o 8 14 ++o 8 19 ooo 8 13 ooo 9 16 ooo 9 11 ooo 9 11 +oo 9 15 o-o 9 15 --o 9 10 ooo
mp-1222572,Li7Cu2N3,84,240,242,156,2.857142857142857,0,False,0,1.0,Li Li Li Li Li Li Li Cu Cu N N N 0 9 o+o 0 10 oo- 0 11 ooo 1 10 -oo 1 9 oo+ 1 11 ooo 2 9 +oo 2 10 o-o 2 11 ooo 3 10 o-o 3 9 oo+ 3 11 ooo 4 10 -oo 4 9 o+o 4 11 ooo 5 9 +oo 5 10 oo- 5 11 ooo 6 10 --- 6 9 ooo 7 10 ooo 7 11 ooo 8 9 ooo 8 11 ooo
mp-752471,Li7FeO6,122,335,337,213,2.7459016393442623,0,False,0,1.0,Li Li Li Li Li Li Li Fe O O O O O O 0 13 -oo 0 9 ooo 0 10 ooo 0 8 ooo 1 8 ooo 1 12 -o- 1 11 ooo 1 9 ooo 2 12 ooo 2 11 oo+ 2 8 ooo 2 10 ooo 3 9 ooo 3 10 ooo 3 13 ooo 3 11 o-o 3 8 +-o 3 12 o-- 4 10 oo- 4 13 ooo 4 9 ooo 4 11 ooo 5 9 +o+ 5 10 ooo 5 13 ooo 5 12 ooo 6 11 ooo 6 12 ooo 6 8 +oo 6 13 ooo 7 12 -oo 7 8 ooo 7 11 oo+ 7 9 o++ 7 10 -+o 7 13 -++
mp-1095903,LiAg2Au,16,43,45,27,2.6875,0,False,0,1.0,Li Ag Ag Au 0 1 ooo 0 2 o-- 1 3 ooo 2 3 ooo
mp-1095962,LiAg2Bi,16,43,45,27,2.6875,0,False,0,1.0,Li Ag Ag Bi 0 1 ooo 0 2 o-- 1 3 ooo 2 3 ooo
mp-1097668,LiAg2Sb,16,43,45,27,2.6875,0,False,0,1.0,Li Ag Ag Sb 0 1 ooo 0 2 o-- 1 3 ooo 2 3 ooo
mp-752605,LiAgF3,128,359,361,231,2.8046875,0,False,0,1.0,Li Li Li Li Ag Ag Ag Ag F F F F F F F F F F F F 0 10 ooo 0 18 +oo 0 8 oo+ 0 11 ooo 1 8 ooo 1 12 o+o 1 10 ooo 1 13 ooo 2 19 ooo 2 15 o-o 2 17 ooo 2 14 ooo 3 17 ooo 3 9 -oo 3 19 oo- 3 16 ooo 4 19 +oo 4 10 o-o 4 11 ooo 4 14 ooo 4 12 oo+ 4 9 ooo 5 12 ooo 5 9 ooo 5 16 ooo 5 13 ooo 6 18 ooo 6 15 ooo 6 14 ooo 6 11 ooo 7 17 o+o 7 8 -oo 7 13 ooo 7 16 ooo 7 18 ooo 7 15 oo-
mp-757915,LiAgF3,82,215,217,133,2.6219512195121952,0,False,0,1.0,Li Li Ag Ag F F F F F F 0 7 ooo 0 8 oo- 0 4 ooo 0 5 o-o 0 6 o-o 0 9 --o 1 6 ooo 1 5 oo+ 1 9 ooo 1 8 o+o 1 7 o+o 1 4 ++o 2 8 ooo 2 6 ooo 2 9 -oo 2 4 ooo 2 7 -o+ 2 5 ooo 3 5 ooo 3 7 ooo 3 4 +oo 3 9 ooo 3 6 +o- 3 8 ooo
mp-996992,LiAgO2,34,89,91,55,2.6176470588235294,0,False,0,1.0,Li Ag O O 0 3 ooo 0 3 o+o 0 3 +oo 0 2 ooo 0 2 o-o 0 2 -oo 1 2 o-o 1 2 -oo 1 3 o+- 1 3 +o-
mp-7943,LiAs,184,527,529,343,2.864130434782609,0,True,17,0.967741935483871,Li Li Li Li Li Li Li Li As As As As As As As As 0 8 ooo 0 8 +oo 0 10 ooo 0 13 +oo 0 15 ooo 0 12 ooo 1 9 -oo 1 9 ooo 1 11 o-+ 1 12 ooo 1 14 oo+ 1 13 ooo 2 10 ooo 2 10 -oo 2 8 ooo 2 15 -+o 2 13 o+o 2 14 ooo 3 11 +oo 3 11 ooo 3 9 o+- 3 14 ooo 3 12 oo- 3 15 o+o 4 12 ooo 4 12 -oo 4 13 o+o 4 11 oo+ 4 9 -oo 4 8 ooo 5 13 ++o 5 13 o+o 5 12 ooo 5 10 ooo 5 8 o+o 5 9 o+o 6 14 ooo 6 14 +oo 6 15 ooo 6 9 oo- 6 11 +oo 6 10 ooo 7 15 -oo 7 15 ooo 7 14 ooo 7 8 ooo 7 10 o-o 7 11 o-o 8 12 ooo 8 13 ooo 9 13 +oo 9 12 ooo 10 14 ooo 10 15 o+o 11 15 -+o 11 14 ooo
mp-1079276,LiAsSe2,68,183,185,115,2.6911764705882355,0,False,0,1.0,Li Li As As Se Se Se Se 0 6 ooo 0 6 oo- 0 7 o+o 0 7 ++o 0 4 ooo 0 4 o+o 1 7 ooo 1 7 oo+ 1 6 o-o 1 6 --o 1 5 ooo 1 5 o-o 2 6 ooo 2 5 +oo 2 4 oo+ 2 4 ooo 3 7 ooo 3 4 -oo 3 5 oo- 3 5 ooo
mp-1205309,LiB,46,121,123,75,2.630434782608696,0,False,0,1.0,Li Li B B 0 3 +oo 0 3 ooo 0 3 o-- 0 2 --o 0 2 oo+ 0 2 o-o 1 3 ooo 1 3 o+o 1 3 oo- 1 2 -oo 1 2 -o+ 1 2 --o 2 3 ++o 2 3 +o-
mp-23694,LiBH,60,163,165,103,2.716666666666667,0,False,0,1.0,Li Li Li Li B B B B H H H H 0 8 +oo 0 8 ooo 0 11 oo- 1 11 -oo 1 11 ooo 1 8 ooo 2 9 ooo 2 9 +oo 2 10 ooo 3 10 -oo 3 10 ooo 3 9 oo+ 4 9 ooo 5 8 ooo 6 10 ooo 7 11 ooo
mp-1096209,LiBe2Pt,16,43,45,27,2.6875,0,False,0,1.0,Li Be Be Pt 0 2 ooo 0 1 -oo 1 3 ooo 2 3 ooo
mp-1097447,LiBe2Rh,16,43,45,27,2.6875,0,False,0,1.0,Li Be Be Rh 0 2 ooo 0 1 -oo 1 3 ooo 2 3 ooo
mp-1097607,LiBeCu2,16,43,45,27,2.6875,0,False,0,1.0,Li Be Cu Cu 0 3 o-- 0 2 ooo 1 3 ooo 1 2 ooo
mp-559893,LiBi(PdO2)2,112,311,313,199,2.7767857142857144,0,False,0,1.0,Li Li Bi Bi Pd Pd Pd Pd O O O O O O O O 0 10 -oo 0 8 ooo 0 12 ooo 0 9 o-o 1 13 ooo 1 15 ooo 1 14 ooo 1 11 ooo 2 12 ooo 2 9 ooo 2 11 ooo 2 14 -oo 3 8 ooo 3 13 ooo 3 15 o-o 3 10 ooo 4 11 ooo 4 12 ooo 4 13 oo- 4 8 oo- 5 9 ooo 5 11 ooo 5 8 o+- 5 15 oo- 6 9 +oo 6 14 ooo 6 10 o+- 6 15 oo- 7 12 +oo 7 14 ooo 7 10 oo- 7 13 oo-
mp-1211242,LiBiF2,88,243,245,155,2.7613636363636362,0,False,0,1.0,Li Li Li Li Bi Bi Bi Bi F F F F F F F F 0 9 -oo 0 13 ooo 0 15 ooo 0 12 -oo 1 11 -+o 1 8 ooo 1 10 -oo 1 14 o+o 2 12 o++ 2 15 ooo 2 11 o+o 2 8 ooo 3 14 o+o 3 10 -o- 3 9 -oo 3 13 o+o 4 12 o+o 4 15 ooo 5 14 ooo 5 10 ooo 6 8 ooo 6 11 -oo 7 13 ooo 7 9 ooo
mp-753506,LiBiS2,40,105,107,65,2.625,0,False,0,1.0,Li Bi S S 0 3 ooo 0 3 oo- 0 2 o-o 0 2 ooo 0 2 -oo 0 2 --o 1 2 ooo 1 2 oo+ 1 3 o+o 1 3 ++o 1 3 +oo 1 3 ooo
mp-632402,LiCaUF8,71,185,187,114,2.6056338028169015,0,False,0,1.0,Li Ca U F F F F F F F F 0 3 o-o 0 6 ooo 0 4 -o- 0 5 --- 1 8 ooo 1 10 -o- 1 7 o+o 1 9 oo+ 1 5 -oo 1 4 o+o 1 6 ooo 1 3 ooo 2 9 ooo 2 8 ooo 2 7 oo- 2 10 oo- 2 6 oo- 2 4 oo- 2 5 ooo 2 3 ooo
mp-1030908,LiCeMg6O8,160,447,449,287,2.79375,0,False,0,1.0,Li Ce Mg Mg Mg Mg Mg Mg O O O O O O O O 0 9 -oo 0 8 ooo 0 14 o-o 0 14 ooo 0 12 ooo 0 12 oo- 1 15 o-o 1 15 ooo 1 13 oo- 1 13 ooo 1 9 ooo 1 8 ooo 2 12 ooo 2 12 o+o 2 14 oo+ 2 14 ooo 2 11 -oo 2 10 ooo 3 11 ooo 3 10 ooo 3 13 ooo 3 13 o+o 3 15 ooo 3 15 oo+ 4 12 ooo 4 8 oo+ 4 8 ooo 4 10 o-o 4 10 ooo 4 13 ooo 5 12 +oo 5 9 ooo 5 9 oo+ 5 11 o-o 5 11 ooo 5 13 ooo 6 14 ooo 6 8 ooo 6 8 o+o 6 10 ooo 6 10 oo- 6 15 ooo 7 14 +oo 7 9 o+o 7 9 ooo 7 11 oo- 7 11 ooo 7 15 ooo
mp-1030934,LiCeMg6O8,160,447,449,287,2.79375,0,False,0,1.0,Li Ce Mg Mg Mg Mg Mg Mg O O O O O O O O 0 14 ooo 0 14 o-o 0 12 oo- 0 12 ooo 0 8 ooo 0 9 -oo 1 12 ooo 1 12 o+o 1 14 oo+ 1 14 ooo 1 11 -oo 1 10 ooo 2 9 ooo 2 8 ooo 2 15 o-o 2 15 ooo 2 13 oo- 2 13 ooo 3 11 ooo 3 10 ooo 3 13 o+o 3 13 ooo 3 15 ooo 3 15 oo+ 4 13 ooo 4 8 oo+ 4 8 ooo 4 10 o-o 4 10 ooo 4 12 ooo 5 13 ooo 5 9 ooo 5 9 oo+ 5 11 ooo 5 11 o-o 5 12 +oo 6 15 ooo 6 8 o+o 6 8 ooo 6 10 ooo 6 10 oo- 6 14 ooo 7 15 ooo 7 9 ooo 7 9 o+o 7 11 oo- 7 11 ooo 7 14 +oo
mp-762401,LiCo(CO3)2,110,302,304,192,2.7454545454545456,0,False,0,1.0,Li Li Co Co C C C C O O O O O O O O O O O O 0 9 ooo 0 10 ooo 0 11 ooo 0 14 ooo 0 13 ++o 1 16 ooo 1 15 ooo 1 17 ooo 1 8 oo- 1 19 ++o 2 19 +oo 2 18 ooo 2 8 oo- 2 9 +o- 3 13 o+o 3 12 ooo 3 14 ooo 3 16 o+o 4 11 ooo 4 12 +oo 4 8 ooo 5 10 o-o 5 9 +oo 5 13 +oo 6 17 ooo 6 18 o+o 6 14 ooo 7 15 -oo 7 16 o+o 7 19 o+o
mp-753292,LiCo2(CO3)4,106,288,290,182,2.7169811320754715,0,False,0,1.0,Li Co Co C C C C O O O O O O O O O O O O 0 15 +oo 0 17 ooo 0 13 +oo 0 12 ooo 0 8 o-o 1 18 ++o 1 10 +o- 1 7 oo- 1 15 ++o 1 11 ooo 1 14 ++- 2 8 ooo 2 16 ooo 2 9 ooo 2 12 ooo 2 13 ooo 2 17 ooo 3 8 ooo 3 10 +oo 3 7 ooo 4 14 ooo 4 16 ooo 4 13 ooo 5 9 ooo 5 11 ooo 5 12 ooo 6 15 ooo 6 18 ooo 6 17 ooo
mp-1282499,LiCo2NiO6,164,461,463,297,2.8109756097560976,0,False,0,1.0,Li Li Co Co Co Co Ni Ni O O O O O O O O O O O O 0 8 ooo 0 8 -oo 0 11 -oo 0 11 ooo 0 14 oo- 0 12 ooo 1 10 o+o 1 10 -+o 1 9 ooo 1 9 -oo 1 13 ooo 1 15 oo- 2 8 ooo 2 16 ooo 2 16 +oo 2 14 ooo 2 12 +oo 2 12 ooo 3 9 ooo 3 15 ooo 3 17 ooo 3 17 +oo 3 13 +oo 3 13 ooo 4 18 oo+ 4 18 -o+ 4 15 --o 4 15 o-o 4 10 -o+ 4 13 o-o 5 11 -o+ 5 19 oo+ 5 19 -o+ 5 12 ooo 5 14 -oo 5 14 ooo 6 9 ooo 6 9 -oo 6 11 -oo 6 11 ooo 6 17 ooo 6 19 ooo 7 10 -oo 7 10 ooo 7 8 ooo 7 8 -oo 7 18 ooo 7 16 ooo
mp-1387325,LiCo3OF5,61,159,161,98,2.6065573770491803,0,False,0,1.0,Li Co Co Co O F F F F F 0 5 ooo 0 6 o-o 0 8 o-o 1 7 ooo 1 5 ooo 1 4 oo+ 1 9 oo+ 1 6 +o+ 1 8 o-o 2 6 ooo 2 9 ooo 2 5 oo- 2 8 oo- 2 7 -o- 3 9 ooo 3 7 o+o 3 4 o+o
mp-1236009,LiCo6(OF5)2,136,378,380,242,2.7794117647058822,0,False,0,1.0,Li Co Co Co Co Co Co O O F F F F F F F F F F 0 15 ooo 0 9 +oo 0 16 o+o 0 8 ooo 1 10 +oo 1 17 o+o 1 12 ++o 1 8 oo+ 1 9 +o+ 1 16 o++ 2 7 ooo 2 11 o-o 2 18 -oo 2 15 --o 2 16 -oo 2 9 o-o 3 14 --o 3 11 o-o 3 18 -oo 3 13 ooo 3 10 o-o 3 17 -oo 4 7 ooo 4 12 oo- 4 8 ooo 4 16 ooo 4 9 ooo 5 17 ooo 5 10 ooo 5 14 ooo 5 12 ooo 5 13 ooo 5 8 oo+ 6 15 ooo 6 18 ooo 6 11 ooo 6 13 ooo 6 14 ooo 6 7 ooo
mp-780098,LiCoSnO4,122,330,332,208,2.7049180327868854,0,False,0,1.0,Li Li Co Co Sn Sn O O O O O O O O 0 13 ooo 0 6 -oo 0 9 -oo 0 10 ooo 0 7 oo+ 0 12 -o- 1 11 ooo 1 8 oo- 1 7 ooo 1 12 oo- 1 9 ooo 1 10 oo- 2 12 -o- 2 7 ooo 2 13 ooo 2 6 -o- 2 11 -oo 2 8 oo- 3 10 ooo 3 9 --o 3 8 ooo 3 11 --o 3 6 -oo 3 13 o-o 4 8 oo- 4 11 --o 4 10 ooo 4 9 --- 4 7 o-o 4 12 -o- 5 6 ooo 5 13 o-o 5 10 ooo 5 9 o-o 5 12 ooo 5 7 o-o
mp-763359,LiCr2CoO6,82,215,217,133,2.6219512195121952,0,False,0,1.0,Li Cr Cr Co O O O O O O 0 6 ooo 0 7 oo- 0 7 o-- 0 8 o-o 0 8 ooo 0 4 +oo 1 9 -oo 1 9 --o 1 4 o-+ 1 4 oo+ 1 6 oo+ 1 7 --o 2 8 ooo 2 8 o-o 2 5 ooo 2 7 o-o 2 7 ooo 2 9 ooo 3 8 ooo 3 5 ooo 3 5 o+o 3 4 ooo 3 6 o+o 3 6 ooo
mp-1211167,LiCr4GaS8,110,297,299,187,2.7,0,False,0,1.0,Li Cr Cr Cr Cr Ga S S S S S S S S 0 6 ooo 0 7 oo- 0 8 o-o 0 9 -oo 1 8 ooo 1 7 ooo 1 9 ooo 1 13 ooo 1 11 ooo 1 12 ooo 2 8 oo+ 2 9 oo+ 2 6 oo+ 2 12 ooo 2 13 ooo 2 10 ooo 3 9 o+o 3 7 o+o 3 6 o+o 3 11 ooo 3 13 ooo 3 10 ooo 4 7 +oo 4 8 +oo 4 6 +oo 4 11 ooo 4 12 ooo 4 10 ooo 5 10 ooo 5 11 oo+ 5 13 +oo 5 12 o+o
mp-1211182,LiCr4InS8,110,297,299,187,2.7,0,False,0,1.0,Li Cr Cr Cr Cr In S S S S S S S S 0 9 -oo 0 8 o-o 0 7 oo- 0 6 ooo 1 8 ooo 1 7 ooo 1 9 ooo 1 11 ooo 1 13 ooo 1 12 ooo 2 6 oo+ 2 8 oo+ 2 9 oo+ 2 13 ooo 2 12 ooo 2 10 ooo 3 6 o+o 3 7 o+o 3 9 o+o 3 11 ooo 3 13 ooo 3 10 ooo 4 6 +oo 4 8 +oo 4 7 +oo 4 11 ooo 4 12 ooo 4 10 ooo 5 10 ooo 5 12 o+o 5 11 oo+ 5 13 +oo
mp-1306460,LiCrCoO4,110,297,299,187,2.7,0,False,0,1.0,Li Li Cr Cr Co Co O O O O O O O O 0 8 +oo 0 9 ooo 0 12 oo+ 0 13 o-o 1 7 -oo 1 6 ooo 1 11 oo- 1 10 o+o 2 13 ooo 2 10 oo+ 2 9 ooo 2 6 oo+ 2 7 oo+ 2 8 ooo 3 7 o-o 3 8 ooo 3 9 ooo 3 6 o-o 3 11 o-o 3 12 ooo 4 11 ooo 4 12 -oo 4 6 ooo 4 9 -oo 4 10 ooo 4 13 -oo 5 10 ooo 5 13 ooo 5 8 ooo 5 7 ooo 5 12 ooo 5 11 ooo
mp-1176750,LiCu2PO4,112,309,311,197,2.7589285714285716,0,False,0,1.0,Li Li Cu Cu Cu Cu P P O O O O O O O O 0 9 +oo 0 10 ooo 0 13 ooo 0 11 ooo 1 9 ooo 1 15 ooo 1 13 ooo 1 14 ooo 2 14 ooo 2 11 -oo 2 8 ooo 2 9 oo+ 3 10 o-o 3 11 ooo 3 12 o-o 3 8 +-o 4 10 o-o 4 15 o-o 4 13 ooo 4 12 o-- 5 15 o-o 5 14 ooo 5 12 o-o 5 8 o-o 6 15 ooo 6 10 -oo 6 8 oo- 6 9 o+o 7 13 oo+ 7 12 ooo 7 14 ooo 7 11 ooo
mp-758070,LiCu2PO4,56,146,148,90,2.607142857142857,0,False,0,1.0,Li Cu Cu P O O O O 0 5 o-o 0 6 ooo 0 4 -oo 0 7 --- 1 6 o+o 1 4 -oo 1 5 oo+ 1 7 ooo 2 5 o-o 2 6 +oo 2 7 ooo 2 4 oo+ 3 4 ooo 3 5 ooo 3 6 oo- 3 7 ooo
mp-755868,LiCu5(PO4)2,112,309,311,197,2.7589285714285716,0,False,0,1.0,Li Cu Cu Cu Cu Cu P P O O O O O O O O 0 12 ooo 0 11 -oo 0 8 ooo 0 10 ooo 1 11 oo- 1 14 ooo 1 8 oo- 1 9 o+o 2 11 ooo 2 10 ooo 2 9 oo+ 2 13 ooo 3 10 ooo 3 15 ooo 3 13 -oo 3 12 o-o 4 14 ooo 4 13 ooo 4 9 ooo 4 15 ooo 5 12 ooo 5 14 -oo 5 15 ooo 5 8 oo- 6 8 +-o 6 9 oo+ 6 15 +o+ 6 10 +oo 7 11 ooo 7 13 o+o 7 12 ooo 7 14 ooo
mp-781314,LiCuCO3,72,193,195,121,2.6805555555555554,0,False,0,1.0,Li Li Cu Cu C C O O O O O O 0 7 o+o 0 6 ooo 0 8 -oo 0 9 ooo 1 10 o-o 1 8 ooo 1 9 +oo 1 11 ooo 2 8 ooo 2 7 ooo 2 6 ooo 3 9 ooo 3 10 ooo 3 11 ooo 4 6 o-o 4 7 +oo 4 8 ooo 5 11 o+o 5 10 -oo 5 9 ooo
mp-761262,LiCuF3,164,463,465,299,2.823170731707317,0,False,0,1.0,Li Li Li Li Cu Cu Cu Cu F F F F F F F F F F F F 0 11 ooo 0 16 o+o 0 8 ooo 0 19 o+o 0 9 ooo 0 18 o+o 1 18 ooo 1 9 +-o 1 19 ooo 1 8 +-o 1 16 +oo 1 11 o-o 2 12 ooo 2 15 ooo 2 13 ooo 2 14 ooo 2 10 ooo 2 17 ooo 3 17 ooo 3 10 +oo 3 13 ooo 3 14 +oo 3 12 ooo 3 15 +oo 4 9 ooo 4 18 -+o 4 17 -+o 4 10 ooo 4 13 -oo 4 14 o+o 5 8 ooo 5 19 -+o 5 17 -+- 5 10 oo- 5 15 o+- 5 12 -o- 6 14 ooo 6 13 ooo 6 11 ooo 6 16 ooo 6 18 ooo 6 9 ooo 7 15 oo- 7 12 oo- 7 16 ooo 7 11 ooo 7 19 ooo 7 8 ooo
mp-9158,LiCuO2,34,89,91,55,2.6176470588235294,0,False,0,1.0,Li Cu O O 0 3 o-o 0 3 -oo 0 3 ooo 0 2 -+o 0 2 ooo 0 2 -oo 1 3 --o 1 3 o-o 1 2 oo- 1 2 -o-
mp-996987,LiCuO2,80,211,213,131,2.6375,0,False,0,1.0,Li Li Cu Cu O O O O 0 4 ooo 0 6 o-o 0 7 -oo 0 7 ooo 0 5 --o 0 5 o-o 1 7 ooo 1 5 oo- 1 6 ooo 1 6 +oo 1 4 oo- 1 4 +o- 2 6 +-o 2 6 o-o 2 4 oo- 2 4 +o- 2 5 o-- 2 7 ooo 3 5 -oo 3 5 ooo 3 7 ooo 3 7 -oo 3 4 ooo 3 6 ooo
mp-1235361,LiDy2Mn4O8,120,328,330,208,2.7333333333333334,0,False,0,1.0,Li Dy Dy Mn Mn Mn Mn O O O O O O O O 0 11 ooo 0 12 ooo 0 14 ooo 0 7 ooo 0 3 o+o 0 6 ooo 1 10 -oo 1 9 o-o 1 8 oo- 1 13 ooo 2 11 o+o 2 12 +oo 2 14 oo+ 2 7 ooo 3 13 ooo 3 8 ooo 3 10 ooo 3 7 o-o 3 14 o-o 3 12 o-o 4 13 ooo 4 8 ooo 4 7 -oo 4 14 -oo 4 9 ooo 5 10 ooo 5 9 ooo 5 13 ooo 5 12 oo- 5 11 oo- 6 10 ooo 6 8 ooo 6 9 ooo 6 12 ooo 6 11 ooo
mp-1235384,LiDy2Nb2O8,91,244,246,153,2.681318681318681,0,False,0,1.0,Li Dy Dy Nb Nb O O O O O O O O 0 5 oo- 0 7 ooo 0 9 +oo 0 11 +oo 1 6 oo- 1 8 ooo 1 12 o-o 1 7 ooo 1 9 ooo 1 5 oo- 1 10 ooo 2 12 oo+ 2 10 oo+ 2 8 ooo 2 5 o+o 2 11 ooo 2 6 ooo 2 9 ooo 3 7 ooo 3 6 +oo 3 8 o-o 3 5 ooo 4 11 ooo 4 10 -oo 4 12 ooo 4 9 o+o
mp-1222313,LiDyS2,40,105,107,65,2.625,0,False,0,1.0,Li Dy S S 0 2 ooo 0 2 oo- 0 3 -oo 0 3 o-o 0 3 --o 0 3 ooo 1 3 oo+ 1 3 ooo 1 2 o+o 1 2 ++o 1 2 ooo 1 2 +oo
mp-1222286,LiErS2,40,105,107,65,2.625,0,False,0,1.0,Li Er S S 0 2 oo- 0 2 ooo 0 3 --o 0 3 ooo 0 3 -oo 0 3 o-o 1 3 oo+ 1 3 ooo 1 2 +oo 1 2 ++o 1 2 ooo 1 2 o+o
mp-763429,LiFe(CoO3)2,82,215,217,133,2.6219512195121952,0,False,0,1.0,Li Fe Co Co O O O O O O 0 6 o-+ 0 6 oo+ 0 5 ooo 0 5 o-o 0 7 ooo 0 9 -oo 1 8 ooo 1 4 ooo 1 6 o-o 1 6 ooo 1 5 ooo 1 5 o-o 2 8 o+o 2 8 ooo 2 5 ooo 2 9 ooo 2 7 o+o 2 7 ooo 3 4 +-o 3 4 +oo 3 6 +-o 3 7 oo- 3 9 o-- 3 9 oo-
mp-1377469,LiFe7(OF3)3,137,384,386,247,2.802919708029197,0,False,0,1.0,Li Fe Fe Fe Fe Fe Fe Fe O O O F F F F F F F F F 0 13 oo+ 0 11 ooo 0 14 +oo 0 17 ooo 0 7 ooo 1 19 ooo 1 17 oo- 1 13 ooo 1 15 -oo 2 12 ooo 2 18 ooo 2 16 ooo 2 10 ++o 3 8 o+o 3 13 ooo 3 14 oo- 3 12 ooo 3 15 o+o 3 19 ooo 4 19 +oo 4 12 ooo 4 9 ooo 4 13 ooo 5 11 -oo 5 10 ooo 5 9 -oo 5 16 ooo 5 17 ooo 6 8 ooo 6 10 ooo 6 9 ooo 6 12 --o 7 17 ooo 7 18 o-o 7 15 oo+ 7 10 ooo 7 11 ooo 7 16 o-o 7 14 o-o
mp-807122,LiFe7(OF3)3,98,271,273,173,2.7653061224489797,0,False,0,1.0,Li Fe Fe Fe Fe Fe Fe Fe O O O F F F F F F F F F 0 14 +oo 0 11 ooo 0 13 oo+ 0 7 ooo 0 17 ooo 1 19 ooo 1 13 ooo 1 15 -oo 2 16 ooo 2 10 +oo 2 18 ooo 2 12 ooo 3 8 ooo 3 13 ooo 4 19 +oo 4 12 ooo 5 11 -oo 5 10 ooo 6 9 ooo 6 8 ooo 6 10 ooo 6 16 o+o 7 17 ooo 7 18 ooo 7 16 ooo 9 12 ooo
mp-752999,LiFeCo3O8,103,277,279,174,2.6893203883495147,0,False,0,1.0,Li Fe Co Co Co O O O O O O O O 0 7 ooo 0 10 ooo 0 9 ooo 0 12 ooo 0 5 ooo 0 8 ooo 1 10 oo- 1 7 --o 1 8 -oo 1 5 o-o 1 9 o-- 1 12 -o- 2 12 oo- 2 5 o-o 2 7 o-o 2 10 oo- 2 11 ooo 2 6 o-- 3 5 ooo 3 8 ooo 3 12 oo- 3 9 oo- 3 6 oo- 3 11 ooo 4 9 oo- 4 8 -oo 4 7 -oo 4 10 oo- 4 11 ooo 4 6 -o-
mp-756527,LiFeO2,160,447,449,287,2.79375,0,False,0,1.0,Li Li Li Li Fe Fe Fe Fe O O O O O O O O 0 14 -oo 0 13 -oo 0 10 oo+ 0 9 ooo 0 11 ooo 0 8 -oo 1 12 -o- 1 15 ooo 1 8 -o- 1 11 ooo 1 14 -oo 1 10 ooo 2 15 oo+ 2 12 --- 2 11 o-o 2 8 -oo 2 9 ooo 2 13 --o 3 9 ooo 3 14 oo+ 3 13 o-o 3 10 o-o 3 8 ooo 3 11 o-o 4 10 o-o 4 14 -oo 4 9 ooo 4 13 --- 4 12 --- 4 15 ooo 5 11 o-- 5 8 ooo 5 10 o-o 5 14 ooo 5 12 o-- 5 15 ooo 6 8 ooo 6 11 ooo 6 13 ooo 6 9 ooo 6 12 ooo 6 15 ooo 7 10 ooo 7 13 ooo 7 14 ooo 7 9 oo- 7 15 ooo 7 12 oo-
mp-752521,LiFeO3,164,463,465,299,2.823170731707317,0,False,0,1.0,Li Li Li Li Fe Fe Fe Fe O O O O O O O O O O O O 0 18 o+o 0 9 -oo 0 17 ooo 0 16 ooo 0 11 o+o 0 10 -oo 1 19 o-o 1 8 +oo 1 13 ooo 1 15 ooo 1 12 +oo 1 14 o-o 2 9 ooo 2 18 ooo 2 17 ooo 2 16 ooo 2 10 ooo 2 11 ooo 3 19 ooo 3 8 ooo 3 15 ooo 3 13 ooo 3 12 ooo 3 14 ooo 4 15 ooo 4 14 --o 4 8 ooo 4 17 oo- 4 11 oo- 4 9 -o- 5 17 ooo 5 11 ++o 5 9 ooo 5 15 oo+ 5 14 oo+ 5 8 +o+ 6 13 ooo 6 12 ++o 6 19 ooo 6 16 ooo 6 10 ooo 6 18 o+o 7 16 ooo 7 10 --o 7 18 ooo 7 13 ooo 7 12 ooo 7 19 o-o
mp-1235437,LiFePbO3,54,142,144,88,2.6296296296296298,0,False,0,1.0,Li Fe Pb O O O 0 3 -oo 0 3 ooo 0 5 oo- 0 5 ooo 0 2 -o- 0 2 -+- 1 5 ooo 1 5 +oo 1 3 ooo 1 3 oo+ 1 4 ooo 1 4 o+o 2 4 ooo 2 4 oo+ 2 4 +oo 2 4 +o+
mp-1031098,LiHfMg6O7,141,391,393,250,2.773049645390071,0,False,0,1.0,Li Hf Mg Mg Mg Mg Mg Mg O O O O O O O 0 11 +o- 0 11 +oo 0 13 +-o 0 13 +oo 0 8 ooo 1 12 ooo 1 12 oo- 1 14 o-o 1 14 ooo 1 8 ooo 2 13 oo+ 2 13 ooo 2 11 o+o 2 11 ooo 2 9 ooo 2 10 -oo 3 9 ooo 3 12 o+o 3 12 ooo 3 14 oo+ 3 14 ooo 3 10 ooo 4 11 ooo 4 9 ooo 4 9 o-o 4 12 ooo 5 11 +oo 5 10 o-o 5 10 ooo 5 8 oo+ 5 8 ooo 5 12 ooo 6 13 ooo 6 9 ooo 6 9 oo- 6 14 ooo 7 13 +oo 7 10 ooo 7 10 oo- 7 8 o+o 7 8 ooo 7 14 ooo
mp-1031107,LiHfMg6O7,141,391,393,250,2.773049645390071,0,False,0,1.0,Li Hf Mg Mg Mg Mg Mg Mg O O O O O O O 0 13 -oo 0 13 --o 0 11 -o- 0 11 -oo 0 8 ooo 0 9 -oo 1 11 -oo 1 11 -+o 1 13 -oo 1 13 -o+ 1 10 -oo 2 8 ooo 2 9 ooo 2 12 ooo 2 12 oo- 2 14 ooo 2 14 o-o 3 14 ooo 3 14 oo+ 3 12 ooo 3 12 o+o 3 10 ooo 4 8 ooo 4 8 oo+ 4 12 ooo 4 11 -oo 5 10 o-o 5 10 ooo 5 9 ooo 5 9 oo+ 5 12 ooo 5 11 ooo 6 8 o+o 6 8 ooo 6 14 ooo 6 13 -oo 7 10 oo- 7 10 ooo 7 9 o+o 7 9 ooo 7 14 ooo 7 13 ooo
mp-1031144,LiHfMg6O7,141,391,393,250,2.773049645390071,0,False,0,1.0,Li Hf Mg Mg Mg Mg Mg Mg O O O O O O O 0 13 ooo 0 13 o-o 0 11 oo- 0 11 ooo 0 9 ooo 0 8 +oo 1 8 ooo 1 9 ooo 1 12 ooo 1 12 oo- 1 14 ooo 1 14 o-o 2 10 ooo 2 11 o+o 2 11 ooo 2 13 ooo 2 13 oo+ 3 10 ooo 3 14 oo+ 3 14 ooo 3 12 ooo 3 12 o+o 4 11 -oo 4 8 oo+ 4 8 ooo 4 12 ooo 5 11 ooo 5 10 ooo 5 10 o-o 5 9 ooo 5 9 oo+ 5 12 ooo 6 13 -oo 6 8 o+o 6 8 ooo 6 14 ooo 7 13 ooo 7 10 ooo 7 10 oo- 7 9 ooo 7 9 o+o 7 14 ooo
mp-1222279,LiHoS2,40,105,107,65,2.625,0,False,0,1.0,Li Ho S S 0 2 ooo 0 2 oo- 0 3 -oo 0 3 --o 0 3 o-o 0 3 ooo 1 3 oo+ 1 3 ooo 1 2 o+o 1 2 ++o 1 2 ooo 1 2 +oo
mp-34489,LiInSe2,80,215,217,135,2.6875,0,False,0,1.0,Li Li In In Se Se Se Se 0 6 --- 0 6 o-o 0 4 ooo 0 4 o-- 0 5 --o 0 7 ooo 1 7 ooo 1 7 +o+ 1 5 oo+ 1 5 o-o 1 6 o-o 1 4 +oo 2 5 ooo 2 7 ooo 2 4 oo- 2 4 +oo 2 6 ooo 2 6 o-- 3 4 ooo 3 6 ooo 3 7 o++ 3 7 ooo 3 5 -oo 3 5 oo+
mp-12451,LiLa2OsO6,188,533,535,345,2.8351063829787235,0,True,23,0.9568480300187617,Li Li La La La La Os Os O O O O O O O O O O O O 0 19 -o- 0 12 o-o 0 16 -oo 0 14 o-- 0 11 ooo 0 9 --- 1 13 ooo 1 18 o-o 1 15 ooo 1 17 o-o 1 8 ooo 1 10 o-o 2 19 -oo 2 9 -oo 2 15 -+o 2 18 ooo 2 8 o+o 2 14 ooo 2 17 ooo 2 11 oo+ 3 18 ooo 3 8 ooo 3 14 o-o 3 19 ooo 3 9 o-o 3 15 ooo 3 16 oo+ 3 10 ooo 4 13 ooo 4 10 ooo 4 16 o+o 4 12 ooo 4 11 o+o 4 17 ooo 4 14 oo- 4 8 ooo 5 12 +oo 5 11 +oo 5 17 +-o 5 13 ooo 5 10 o-o 5 16 ooo 5 15 ooo 5 9 oo- 6 13 ooo 6 18 oo- 6 14 oo- 6 16 ooo 6 9 oo- 6 11 ooo 7 19 -oo 7 12 ooo 7 17 ooo 7 15 -oo 7 10 -oo 7 8 ooo
mp-1031129,LiMg6CO8,160,446,448,286,2.7875,0,False,0,1.0,Li Mg Mg Mg Mg Mg Mg C O O O O O O O O 0 12 ooo 0 12 oo- 0 14 ooo 0 14 o-o 0 9 -oo 0 8 ooo 1 8 ooo 1 9 ooo 1 13 ooo 1 13 oo- 1 15 o-o 1 15 ooo 2 15 ooo 2 15 oo+ 2 13 o+o 2 13 ooo 2 10 ooo 2 11 ooo 3 12 ooo 3 10 o-o 3 10 ooo 3 8 ooo 3 8 oo+ 3 13 ooo 4 12 +oo 4 11 ooo 4 11 o-o 4 9 oo+ 4 9 ooo 4 13 ooo 5 14 ooo 5 10 oo- 5 10 ooo 5 8 ooo 5 8 o+o 5 15 ooo 6 14 +oo 6 11 ooo 6 11 oo- 6 9 o+o 6 9 ooo 6 15 ooo 7 11 -oo 7 10 ooo 7 14 ooo 7 14 oo+ 7 12 ooo 7 12 o+o
mp-1031369,LiMg6TiO8,160,447,449,287,2.79375,0,False,0,1.0,Li Mg Mg Mg Mg Mg Mg Ti O O O O O O O O 0 15 ooo 0 15 o-o 0 13 oo- 0 13 ooo 0 8 ooo 0 9 ooo 1 11 -oo 1 10 ooo 1 14 ooo 1 14 oo+ 1 12 o+o 1 12 ooo 2 15 oo+ 2 15 ooo 2 13 o+o 2 13 ooo 2 10 ooo 2 11 ooo 3 13 ooo 3 10 o-o 3 10 ooo 3 8 oo+ 3 8 ooo 3 12 ooo 4 13 ooo 4 11 o-o 4 11 ooo 4 9 ooo 4 9 oo+ 4 12 +oo 5 15 ooo 5 10 ooo 5 10 oo- 5 8 o+o 5 8 ooo 5 14 ooo 6 15 ooo 6 11 oo- 6 11 ooo 6 9 o+o 6 9 ooo 6 14 +oo 7 9 -oo 7 8 ooo 7 12 ooo 7 12 oo- 7 14 o-o 7 14 ooo
mp-570213,LiMgBi,27,72,74,45,2.6666666666666665,0,False,0,1.0,Li Mg Bi 0 2 -oo 0 2 ooo 0 2 o-o 0 2 oo- 1 2 +oo 1 2 ooo 1 2 o+o 1 2 oo+
mp-1096395,LiMgPb2,16,43,45,27,2.6875,0,False,0,1.0,Li Mg Pb Pb 0 2 ooo 0 3 o-- 1 3 ooo 1 2 ooo
mp-1096107,LiMgSn2,16,43,45,27,2.6875,0,False,0,1.0,Li Mg Sn Sn 0 2 ooo 0 3 o-- 1 2 ooo 1 3 ooo
mp-1272804,LiMn2O4,110,297,299,187,2.7,0,False,0,1.0,Li Li Mn Mn Mn Mn O O O O O O O O 0 9 ooo 0 7 o-o 0 6 oo- 0 8 -oo 1 13 ooo 1 11 o+o 1 10 oo+ 1 12 +oo 2 11 ooo 2 7 oo+ 2 13 ooo 2 9 oo+ 2 8 oo+ 2 12 ooo 3 12 ooo 3 8 o+o 3 6 o+o 3 10 ooo 3 13 ooo 3 9 o+o 4 13 ooo 4 9 +oo 4 11 ooo 4 7 +oo 4 6 +oo 4 10 ooo 5 6 ooo 5 10 ooo 5 12 ooo 5 8 ooo 5 11 ooo 5 7 ooo
mp-756371,LiMn2O4,110,297,299,187,2.7,0,False,0,1.0,Li Li Mn Mn Mn Mn O O O O O O O O 0 8 +oo 0 9 o+o 0 7 oo+ 0 6 ooo 1 10 ooo 1 11 ooo 1 12 ooo 1 9 ooo 1 8 ooo 1 7 ooo 2 7 ooo 2 8 ooo 2 12 o+o 2 11 o+o 2 6 ooo 2 13 o+o 3 7 ooo 3 9 ooo 3 12 +oo 3 10 +oo 3 6 ooo 3 13 +oo 4 8 ooo 4 9 ooo 4 10 oo+ 4 11 oo+ 4 6 ooo 4 13 oo+ 5 10 o-o 5 11 -oo 5 12 oo- 5 13 ooo
mp-1003637,LiMn3O6,82,215,217,133,2.6219512195121952,0,False,0,1.0,Li Mn Mn Mn O O O O O O 0 9 oo- 0 8 o+o 0 8 +oo 0 7 ooo 0 5 o+- 0 5 +o- 1 4 o-o 1 4 -oo 1 5 o-- 1 5 -o- 1 6 oo- 1 7 --o 2 7 -oo 2 7 o-o 2 5 ooo 2 9 o-o 2 9 -oo 2 8 ooo 3 6 o+o 3 6 +oo 3 4 ooo 3 9 ooo 3 8 o+o 3 8 +oo
mp-1235253,LiMn6(OF2)4,139,387,389,248,2.7841726618705036,0,False,0,1.0,Li Mn Mn Mn Mn Mn Mn O O O O F F F F F F F F 0 18 ooo 0 7 ooo 0 14 ooo 0 8 ooo 0 15 oo+ 1 12 ooo 1 10 ooo 1 15 o-o 1 13 ooo 1 18 o-o 1 8 o-o 2 9 ooo 2 8 ooo 2 7 oo- 2 15 ooo 2 14 oo- 3 9 oo+ 3 13 ooo 3 10 ooo 3 11 ooo 3 14 ooo 3 17 oo+ 4 8 ooo 4 7 ooo 4 16 +oo 4 14 +oo 4 11 ooo 4 18 +oo 5 10 ooo 5 9 -oo 5 12 -oo 5 16 ooo 5 17 ooo 5 11 -oo 6 13 o+- 6 12 o+o 6 15 +oo 6 7 oo- 6 18 +o- 6 17 ++o
mp-1235365,LiMn6(OF2)4,133,370,372,237,2.781954887218045,0,False,0,1.0,Li Mn Mn Mn Mn Mn Mn O O O O F F F F F F F F 0 16 +oo 0 9 ooo 0 11 ooo 0 8 ooo 1 8 ooo 1 18 ooo 1 12 o+o 1 10 o+o 1 15 ooo 1 13 o+o 2 7 oo- 2 9 ooo 2 15 ooo 2 16 ooo 2 8 ooo 3 9 oo+ 3 10 ooo 3 14 ooo 3 13 ooo 3 17 oo+ 3 11 ooo 4 7 ooo 4 18 +oo 4 11 ooo 4 14 +oo 4 8 ooo 4 16 +oo 5 10 ooo 5 17 ooo 5 11 -oo 5 12 -oo 5 16 ooo 6 7 o-- 6 17 +oo 6 13 oo- 6 12 ooo 6 18 +-- 6 15 +-o
mp-1235929,LiMn6(OF2)4,136,379,381,243,2.786764705882353,0,False,0,1.0,Li Mn Mn Mn Mn Mn Mn O O O O F F F F F F F F 0 16 ooo 0 14 oo- 0 7 -o- 0 15 ooo 1 8 o-o 1 18 o-o 1 12 ooo 1 10 ooo 1 13 ooo 1 15 o-o 2 9 ooo 2 7 oo- 2 8 ooo 2 15 ooo 2 16 ooo 3 9 oo+ 3 10 ooo 3 13 ooo 3 14 ooo 3 17 oo+ 3 11 ooo 4 8 ooo 4 11 ooo 4 18 +oo 4 7 ooo 4 14 +oo 4 16 +oo 5 11 -oo 5 17 ooo 5 12 -oo 5 10 ooo 5 16 ooo 5 9 -oo 6 13 o+o 6 17 +++ 6 12 o++ 6 18 +oo 6 15 +o+ 6 7 ooo
mp-753234,LiMn7O12,164,463,465,299,2.823170731707317,0,False,0,1.0,Li Mn Mn Mn Mn Mn Mn Mn O O O O O O O O O O O O 0 12 o+- 0 10 -oo 0 18 o+o 0 13 -o- 0 19 oo- 0 16 ooo 1 17 +oo 1 15 o-o 1 8 ooo 1 11 ooo 1 14 +oo 1 9 o-o 2 12 oo- 2 10 ooo 2 13 o-- 2 18 +oo 2 19 +o- 2 16 o-o 3 8 ooo 3 11 ooo 3 14 ooo 3 9 ooo 3 15 ooo 3 17 ooo 4 16 ooo 4 19 oo- 4 13 oo- 4 18 ooo 4 10 ooo 4 12 oo- 5 19 o-o 5 13 o-o 5 8 ooo 5 12 ooo 5 14 ooo 5 15 o-o 6 15 ooo 6 17 ooo 6 14 o+o 6 9 -oo 6 8 -oo 6 11 o+o 7 16 +oo 7 18 +oo 7 11 ooo 7 10 ooo 7 9 ooo 7 17 +oo
mp-850948,LiMnCr2O6,82,215,217,133,2.6219512195121952,0,False,0,1.0,Li Mn Cr Cr O O O O O O 0 5 -o+ 0 5 o-+ 0 6 ooo 0 9 ooo 0 7 -oo 0 7 o-o 1 7 ooo 1 4 +oo 1 4 o+o 1 9 ooo 1 6 +oo 1 6 o+o 2 7 -oo 2 7 o-o 2 5 -oo 2 5 o-o 2 4 ooo 2 8 ooo 3 8 -oo 3 8 o-o 3 5 --o 3 6 oo- 3 9 o-- 3 9 -o-
mp-18767,LiMnO2,80,211,213,131,2.6375,0,False,0,1.0,Li Li Mn Mn O O O O 0 7 oo+ 0 7 +o+ 0 5 ooo 0 5 +oo 0 4 o+o 0 4 ooo 1 4 -o- 1 4 oo- 1 6 -oo 1 6 ooo 1 7 o-o 1 7 ooo 2 7 ooo 2 7 +oo 2 5 ooo 2 5 +oo 2 6 o+o 2 6 ooo 3 4 -oo 3 4 ooo 3 6 -oo 3 6 ooo 3 5 o-o 3 5 ooo
mp-1211080,LiNd2RuO6,188,533,535,345,2.8351063829787235,0,True,23,0.9568480300187617,Li Li Nd Nd Nd Nd Ru Ru O O O O O O O O O O O O 0 13 ooo 0 12 oo- 0 18 oo- 0 19 ooo 0 10 oo- 0 11 ooo 1 15 ooo 1 14 -oo 1 17 ooo 1 16 -oo 1 8 ooo 1 9 -oo 2 14 -+o 2 10 -oo 2 16 -oo 2 12 ooo 2 18 ooo 2 8 ooo 2 11 oo+ 2 17 o+o 3 15 +-o 3 11 +oo 3 17 +oo 3 13 ooo 3 19 ooo 3 9 ooo 3 10 oo- 3 16 o-o 4 12 o-o 4 8 ooo 4 18 ooo 4 14 ooo 4 16 ooo 4 10 ooo 4 9 ooo 4 19 o-+ 5 13 o+o 5 9 ooo 5 19 ooo 5 15 ooo 5 17 ooo 5 11 ooo 5 8 ooo 5 18 o+- 6 9 ooo 6 8 o-o 6 12 o-o 6 13 ooo 6 16 o-o 6 17 ooo 7 11 o-o 7 10 -o- 7 15 o-o 7 14 -o- 7 18 oo- 7 19 --o
mp-753935,LiNiSnO4,122,330,332,208,2.7049180327868854,0,False,0,1.0,Li Li Ni Ni Sn Sn O O O O O O O O 0 11 -oo 0 8 oo- 0 6 o+- 0 13 --o 0 12 -o- 0 7 ooo 1 6 ooo 1 13 o-o 1 11 ooo 1 8 o-o 1 9 o-o 1 10 ooo 2 9 ooo 2 10 -+o 2 12 -oo 2 7 o+o 2 13 -oo 2 6 o+o 3 12 -oo 3 7 ooo 3 9 ooo 3 10 -oo 3 11 -oo 3 8 ooo 4 8 oo- 4 11 --o 4 13 --o 4 6 oo- 4 10 -o- 4 9 o-o 5 6 ooo 5 13 ooo 5 8 ooo 5 11 ooo 5 12 ooo 5 7 ooo
mp-756797,LiNiSnO4,110,297,299,187,2.7,0,False,0,1.0,Li Li Ni Ni Sn Sn O O O O O O O O 0 9 ooo 0 6 o++ 0 7 oo+ 0 8 ooo 1 10 ooo 1 13 o-- 1 11 oo- 1 12 ooo 2 8 ooo 2 11 oo- 2 7 -oo 2 12 -o- 2 13 oo- 2 6 -oo 3 7 --o 3 11 ooo 3 8 o-o 3 12 -oo 3 10 ooo 3 9 --o 4 6 ooo 4 13 oo- 4 9 ooo 4 10 oo- 4 7 ooo 4 11 oo- 5 10 ooo 5 9 -oo 5 6 -oo 5 13 ooo 5 12 -oo 5 8 ooo
mp-758463,LiNiSnO4,61,160,162,99,2.622950819672131,0,False,0,1.0,Li Ni Sn O O O O 0 6 o-o 0 3 -o- 0 5 oo- 0 5 o-- 0 4 --o 0 4 -oo 1 3 o+- 1 3 oo- 1 6 o-o 1 6 ooo 1 4 ooo 1 5 oo- 2 5 ooo 2 5 o-o 2 4 o-o 2 4 ooo 2 3 ooo 2 6 o-o
mp-1211106,LiPr2RuO6,188,533,535,345,2.8351063829787235,0,True,23,0.9568480300187617,Li Li Pr Pr Pr Pr Ru Ru O O O O O O O O O O O O 0 9 ooo 0 8 oo- 0 19 ooo 0 18 oo- 0 14 oo- 0 15 ooo 1 11 ooo 1 10 -oo 1 16 -oo 1 17 ooo 1 12 ooo 1 13 -oo 2 10 -+o 2 14 -oo 2 16 -oo 2 8 ooo 2 18 ooo 2 12 ooo 2 15 oo+ 2 17 o+o 3 11 +-o 3 15 +oo 3 17 +oo 3 9 ooo 3 19 ooo 3 13 ooo 3 14 oo- 3 16 o-o 4 8 o-o 4 12 ooo 4 18 ooo 4 10 ooo 4 16 ooo 4 14 ooo 4 13 ooo 4 19 o-+ 5 9 o+o 5 13 ooo 5 19 ooo 5 11 ooo 5 17 ooo 5 15 ooo 5 12 ooo 5 18 o+- 6 8 o-o 6 9 ooo 6 13 ooo 6 12 o-o 6 16 o-o 6 17 ooo 7 11 o-o 7 10 -o- 7 15 o-o 7 14 -o- 7 18 oo- 7 19 --o
mp-1180520,LiS,62,163,165,101,2.629032258064516,0,False,0,1.0,Li Li Li Li S S S S 0 5 o+o 0 4 +oo 0 7 oo- 0 6 ooo 1 7 ooo 1 6 --- 1 4 ooo 1 5 ooo 2 6 -oo 2 7 ooo 2 5 -oo 2 4 oo+ 3 7 ooo 3 6 o-o 3 5 oo+ 3 4 o-o 4 5 -+o 6 7 +++
mp-1235303,LiSb3TeClO6,72,193,195,121,2.6805555555555554,0,False,0,1.0,Li Sb Sb Sb Te Cl O O O O O O 0 11 ooo 0 7 oo+ 1 11 ooo 1 7 oo+ 1 6 +oo 1 6 ooo 1 5 +oo 1 5 ooo 2 11 ooo 2 8 o+o 2 9 -oo 2 9 ooo 3 10 ooo 3 9 o-o 3 8 +oo 3 8 ooo 4 6 oo- 4 10 ooo 4 7 ooo 4 7 -oo
mp-1176579,LiSbS,72,201,203,129,2.7916666666666665,0,False,0,1.0,Li Li Li Li Sb Sb Sb Sb S S S S 0 10 ooo 0 8 oo+ 0 11 o+o 0 9 oo+ 1 11 ++o 1 9 +o+ 1 10 ooo 1 8 oo+ 2 8 o-o 2 10 oo- 2 9 ooo 2 11 oo- 3 9 +oo 3 11 +o- 3 8 o-o 3 10 oo- 4 11 ooo 5 10 ooo 6 9 ooo 7 8 ooo
mp-756006,LiSbS,36,95,97,59,2.638888888888889,0,False,0,1.0,Li Li Sb Sb S S 0 4 oo- 0 4 -o- 0 5 o+o 0 5 ooo 1 5 +oo 1 5 ooo 1 4 oo- 1 4 o-- 2 5 ooo 3 4 ooo
mp-34121,LiSbS2,80,211,213,131,2.6375,0,False,0,1.0,Li Li Sb Sb S S S S 0 7 ooo 0 7 o++ 0 5 oo+ 0 5 -oo 0 6 o+o 0 4 -oo 1 4 -o- 1 4 ooo 1 6 oo- 1 6 o+o 1 5 ooo 1 7 ooo 2 4 --- 2 4 -oo 2 6 ooo 2 6 -o- 2 7 ooo 2 5 --o 3 5 oo+ 3 5 o-o 3 7 ooo 3 7 +o+ 3 4 ooo 3 6 ooo
mp-1222277,LiSbSe2,40,107,109,67,2.675,0,False,0,1.0,Li Sb Se Se 0 2 oo- 0 2 ooo 0 3 o-o 0 3 --o 0 3 -oo 0 3 ooo 1 3 ooo 1 3 oo+ 1 2 +oo 1 2 ++o 1 2 ooo 1 2 o+o
mp-962070,LiScSi,27,71,73,44,2.6296296296296298,0,False,0,1.0,Li Sc Si 0 1 o+o 0 1 oo+ 0 1 ooo 0 1 +oo 1 2 ooo 1 2 o+o 1 2 oo+ 1 2 +oo
mp-1100438,LiScSn,45,119,121,74,2.6444444444444444,0,False,0,1.0,Li Sc Sn 0 1 oo- 0 1 -oo 0 1 ooo 0 1 o-o 0 2 oo+ 0 2 +oo 0 2 ++o 0 2 o+o 0 2 +o+ 0 2 o++ 1 2 +o+ 1 2 o++ 1 2 ++o 1 2 +++
mp-12448,LiSm2OsO6,188,533,535,345,2.8351063829787235,0,True,23,0.9568480300187617,Li Li Sm Sm Sm Sm Os Os O O O O O O O O O O O O 0 12 o-o 0 19 -o- 0 14 o-- 0 16 -oo 0 11 ooo 0 9 --- 1 13 ooo 1 18 o-o 1 15 ooo 1 17 o-o 1 8 ooo 1 10 o-o 2 19 -oo 2 9 -oo 2 15 -+o 2 18 ooo 2 8 o+o 2 14 ooo 2 17 ooo 2 11 oo+ 3 18 ooo 3 8 ooo 3 14 o-o 3 19 ooo 3 9 o-o 3 15 ooo 3 16 oo+ 3 10 ooo 4 13 ooo 4 10 ooo 4 16 o+o 4 12 ooo 4 11 o+o 4 17 ooo 4 14 oo- 4 8 ooo 5 12 +oo 5 11 +oo 5 17 +-o 5 13 ooo 5 10 o-o 5 16 ooo 5 15 ooo 5 9 oo- 6 13 ooo 6 18 oo- 6 16 ooo 6 14 oo- 6 11 ooo 6 9 oo- 7 19 -oo 7 12 ooo 7 15 -oo 7 17 ooo 7 10 -oo 7 8 ooo
mp-1210954,LiSm2RuO6,188,533,535,345,2.8351063829787235,0,True,23,0.9568480300187617,Li Li Sm Sm Sm Sm Ru Ru O O O O O O O O O O O O 0 12 oo- 0 13 ooo 0 11 ooo 0 10 oo- 0 18 oo- 0 19 ooo 1 15 ooo 1 14 -oo 1 8 -oo 1 9 ooo 1 16 ooo 1 17 -oo 2 14 -+o 2 18 -oo 2 8 -oo 2 12 ooo 2 10 ooo 2 16 ooo 2 19 oo+ 2 9 o+o 3 15 +-o 3 19 +oo 3 9 +oo 3 13 ooo 3 11 ooo 3 17 ooo 3 18 oo- 3 8 o-o 4 12 o-o 4 16 ooo 4 10 ooo 4 14 ooo 4 8 ooo 4 18 ooo 4 17 ooo 4 11 o-+ 5 13 o+o 5 17 ooo 5 11 ooo 5 15 ooo 5 9 ooo 5 19 ooo 5 16 ooo 5 10 o+- 6 13 ooo 6 12 o-o 6 17 ooo 6 16 o-o 6 9 ooo 6 8 o-o 7 15 o-o 7 14 -o- 7 18 -o- 7 19 o-o 7 10 oo- 7 11 --o
mp-1100396,LiSnB,45,119,121,74,2.6444444444444444,0,False,0,1.0,Li Sn B 0 2 -o- 0 2 --o 0 2 --- 0 2 o-- 0 1 oo- 0 1 -o- 0 1 --o 0 1 o-- 0 1 -oo 0 1 o-o 1 2 -oo 1 2 o-o 1 2 oo- 1 2 ooo
mp-1233008,LiTa2Te4Br10O,90,246,248,156,2.7333333333333334,0,False,0,1.0,Li Ta Ta Te Te Te Te Br Br Br Br Br Br Br Br Br Br O 0 17 ooo 0 14 ooo 0 15 ooo 0 12 ooo 0 10 ooo 0 6 ooo 1 17 ooo 1 8 ooo 1 9 ooo 1 7 ooo 1 10 ooo 1 12 ooo 2 17 ooo 2 13 ooo 2 11 ooo 2 16 ooo 2 15 ooo 2 14 ooo 3 6 o+- 3 5 +oo 3 16 oo- 4 7 ooo 4 5 o-o 4 6 -o-
mp-1235131,LiTa2Te4Br10O,87,236,238,149,2.7126436781609193,0,False,0,1.0,Li Ta Ta Te Te Te Te Br Br Br Br Br Br Br Br Br Br O 0 15 ooo 0 8 oo+ 0 7 oo+ 0 14 ooo 0 6 ooo 1 17 ooo 1 12 ooo 1 10 ooo 1 9 ooo 1 8 ooo 1 7 ooo 2 17 ooo 2 13 ooo 2 11 ooo 2 16 ooo 2 15 ooo 2 14 ooo 3 6 o+- 3 5 +oo 3 16 oo- 4 7 oo+ 4 5 o-+ 4 6 -oo
mp-1236401,LiTa2Te4Br10O,84,227,229,143,2.7023809523809526,0,False,0,1.0,Li Ta Ta Te Te Te Te Br Br Br Br Br Br Br Br Br Br O 0 12 ooo 0 15 ooo 0 16 o-o 0 4 ooo 1 17 ooo 1 8 ooo 1 10 ooo 1 7 ooo 1 9 ooo 1 12 ooo 2 17 ooo 2 11 ooo 2 13 ooo 2 14 ooo 2 15 ooo 2 16 ooo 3 6 o+- 3 5 +oo 4 6 -oo 4 5 o-+ 4 7 oo+ 5 9 ooo
mp-1096089,LiTaPt2,16,43,45,27,2.6875,0,False,0,1.0,Li Ta Pt Pt 0 2 ooo 0 3 o-- 1 2 ooo 1 3 ooo
mp-1232986,LiTb2(PO4)2,103,275,277,172,2.6699029126213594,0,False,0,1.0,Li Tb Tb P P O O O O O O O O 0 11 ooo 0 5 -oo 0 9 ooo 0 6 --- 0 7 ooo 0 12 -oo 1 10 oo- 1 11 o+o 1 7 ooo 1 12 o+o 1 8 -oo 1 5 -oo 1 9 o+o 1 6 -o- 2 8 o-o 2 5 oo+ 2 12 ooo 2 7 o-o 2 10 +oo 2 11 +oo 2 6 o-o 2 9 +o+ 3 7 ooo 3 10 ooo 3 6 ooo 3 11 ooo 4 12 ooo 4 8 ooo 4 9 ooo 4 5 ooo
mp-1236521,LiTiH6(OF3)2,82,219,221,137,2.6707317073170733,0,False,0,1.0,Li Ti H H H H H H O O F F F F F F 0 14 o-o 0 13 -oo 0 12 o-o 0 11 -oo 1 12 o-o 1 11 -oo 1 15 ooo 1 10 --- 1 14 o-- 1 13 -o- 2 8 ooo 2 11 o+o 3 8 ooo 3 13 oo- 4 9 ooo 4 14 ooo 5 8 ooo 5 10 ooo 6 9 ooo 6 15 oo+ 7 9 ooo 7 12 o-o
mp-8179,LiTlO2,80,211,213,131,2.6375,0,False,0,1.0,Li Li Tl Tl O O O O 0 7 o+o 0 7 oo- 0 6 -o- 0 6 ooo 0 5 ooo 0 4 ooo 1 4 ooo 1 4 o++ 1 5 oo+ 1 5 -oo 1 7 o+o 1 6 -oo 2 4 ooo 2 5 --o 2 6 --- 2 6 -oo 2 7 -o- 2 7 ooo 3 6 ooo 3 7 ooo 3 5 oo+ 3 5 o-o 3 4 +o+ 3 4 ooo
mp-1181180,LiUO3,64,165,167,101,2.578125,0,False,0,1.0,Li Li U U O O O O O O 0 8 o++ 0 7 ooo 0 4 +o+ 0 9 ooo 1 7 oo- 1 8 ooo 1 5 oo- 1 6 +oo 2 8 oo+ 2 4 ooo 2 6 o+o 2 9 oo+ 2 5 o++ 3 7 o-- 3 5 ooo 3 9 ooo 3 6 oo- 3 4 oo-
mp-545712,LiUO3,23,58,60,35,2.5217391304347827,0,False,0,1.0,Li U O O O 1 3 ooo 1 3 +oo 1 4 o+o 1 4 ooo 1 2 ooo 1 2 oo+
mp-8007,LiUO3,64,165,167,101,2.578125,0,False,0,1.0,Li Li U U O O O O O O 0 9 ooo 0 4 ooo 0 8 ooo 1 7 ++o 1 6 o++ 1 5 +o+ 2 8 oo- 2 4 o-o 2 9 -oo 2 5 ooo 2 7 ooo 2 6 ooo 3 5 oo+ 3 6 o+o 3 7 +oo 3 4 +oo 3 9 oo+ 3 8 o+o
mp-1222391,LiV(FeO2)4,110,296,298,186,2.690909090909091,0,False,0,1.0,Li V Fe Fe Fe Fe O O O O O O O O 0 7 oo+ 0 11 ooo 0 8 oo+ 0 12 ooo 0 13 +oo 0 9 oo+ 1 13 ooo 1 9 ooo 1 12 -oo 1 8 ooo 1 6 ooo 1 10 ooo 2 13 ooo 2 12 o+o 2 11 ooo 2 10 oo+ 3 9 ++o 3 8 ooo 3 7 o+o 3 6 ++- 4 7 o+o 4 11 -oo 4 13 ooo 4 9 o+o 4 6 o+o 4 10 ooo 5 11 ooo 5 7 ooo 5 12 ooo 5 8 ooo 5 10 +oo 5 6 ooo
mp-754922,LiV2O4,61,158,160,97,2.5901639344262297,0,False,0,1.0,Li V V O O O O 0 5 oo+ 0 5 o+o 0 6 oo- 0 6 o-o 0 3 +oo 0 4 -oo 1 4 ooo 1 3 -o+ 1 5 oo+ 1 5 o+o 1 6 -oo 1 6 --+ 2 5 ooo 2 6 +-- 2 4 o-o 2 4 oo- 2 3 +o- 2 3 +-o
mp-1402872,LiV3(O2F)2,61,156,158,95,2.557377049180328,0,False,0,1.0,Li V V V O O O O F F 0 5 ooo 0 4 o+o 0 2 ooo 0 8 o+o 1 7 ooo 1 9 o-o 2 9 ooo 2 7 oo- 2 6 oo- 2 5 ooo 2 8 o+o 2 4 -o- 3 4 ooo 3 7 ooo 3 8 oo+ 3 5 oo+ 3 9 +o+
mp-1288374,LiV3O4,160,441,443,281,2.75625,0,False,0,1.0,Li Li V V V V V V O O O O O O O O 0 10 ooo 0 8 -o- 0 9 o-o 0 11 --- 0 12 o-- 0 15 --o 1 10 ooo 1 8 ooo 1 9 ooo 1 11 ooo 1 14 ooo 1 13 ooo 2 13 -oo 2 14 oo- 2 11 -o- 2 9 ooo 2 8 -o- 2 10 ooo 3 9 ooo 3 11 ooo 3 10 o+o 3 8 o+o 3 15 ooo 3 12 ooo 4 8 oo- 4 10 ooo 4 13 ooo 4 14 oo- 4 15 o-o 4 12 o-- 5 14 ooo 5 13 oo+ 5 12 ooo 5 15 oo+ 5 9 oo+ 5 11 ooo 6 13 ooo 6 14 +oo 6 12 +-o 6 15 o-o 6 10 +oo 6 8 ooo 7 14 ooo 7 13 -oo 7 15 -oo 7 12 ooo 7 9 ooo 7 11 -oo
mp-1222527,LiV3O6,82,212,214,130,2.5853658536585367,0,False,0,1.0,Li V V V O O O O O O 0 6 ooo 0 7 ooo 0 5 ooo 0 9 ooo 0 8 ooo 0 4 ooo 1 8 oo- 1 4 ooo 1 7 oo- 1 6 ooo 1 5 -oo 1 9 o+- 2 6 --o 2 5 --o 2 7 oo- 2 9 oo- 2 4 ooo 2 8 --- 3 8 oo- 3 4 ooo 3 9 oo- 3 5 ooo 3 6 o-o 3 7 +o-
mp-863350,LiV3OF11,79,206,208,127,2.607594936708861,0,False,0,1.0,Li V V V O F F F F F F F F F F F 0 6 o+o 0 5 o+o 0 13 ooo 0 14 ooo 1 5 -oo 1 15 o-+ 1 12 o-o 1 7 -o+ 1 4 oo+ 2 6 ooo 2 10 ooo 2 8 oo- 2 11 ooo 2 4 ooo 2 7 ooo 3 11 oo+ 3 13 ooo 3 9 ooo 3 8 ooo 3 14 oo+ 3 12 ooo
mp-754013,LiV4CuO12,126,343,345,217,2.7222222222222223,0,False,0,1.0,Li V V V V Cu O O O O O O O O O O O O 0 15 o+o 0 17 ooo 0 7 o+o 0 8 oo- 0 10 ooo 0 11 ooo 1 8 oo- 1 10 +oo 1 16 ++- 1 7 o+o 1 13 o+- 1 15 ++o 2 11 ooo 2 14 ooo 2 6 ooo 2 17 ooo 2 9 ooo 2 12 ooo 3 17 ooo 3 7 -+o 3 9 -oo 3 16 o+o 3 14 o+o 3 6 -+o 4 15 oo+ 4 12 ooo 4 13 ooo 4 10 oo+ 4 11 oo+ 4 8 ooo 5 16 ooo 5 13 -oo 5 12 ooo 5 6 -oo 5 14 ooo 5 9 -oo
mp-756257,LiV4CuO12,102,275,277,173,2.696078431372549,0,False,0,1.0,Li V V V V Cu O O O O O O O O O O O O 0 10 oo- 0 7 ooo 0 6 o-- 0 15 +oo 0 8 o-o 0 17 +o- 1 7 ooo 1 6 oo- 1 9 oo- 1 11 ooo 2 8 ooo 2 13 ooo 2 11 ooo 2 9 ooo 3 10 ooo 3 15 oo+ 3 12 oo+ 3 14 ooo 4 17 ooo 4 16 ooo 4 14 ooo 4 12 ooo 5 16 ooo 5 13 ooo 5 6 -oo 5 15 o+o 5 17 o+o 5 8 -oo
mp-1232998,LiV4O8,91,241,243,150,2.6483516483516483,0,False,0,1.0,Li V V V V O O O O O O O O 0 7 ooo 0 10 oo- 0 9 ooo 0 8 oo- 0 11 oo- 0 5 ooo 1 5 ooo 1 11 --- 1 10 -o- 1 7 o-o 1 8 o-- 1 9 -oo 2 6 ooo 2 12 --o 2 9 -oo 2 8 o-o 2 10 -oo 2 7 o-o 3 5 ooo 3 6 ooo 3 7 ooo 3 9 ooo 4 11 ooo 4 12 ooo 4 10 ooo 4 8 ooo
mp-1096296,LiVRu2,16,42,44,26,2.625,0,False,0,1.0,Li V Ru Ru 0 2 ooo 0 3 o-- 1 2 ooo 1 3 ooo
mp-1095811,LiY2Ga,16,41,43,25,2.5625,0,False,0,1.0,Li Y Y Ga 0 1 ooo 0 2 o-- 1 3 ooo 2 3 ooo
mp-1095885,LiY2Tc,16,41,43,25,2.5625,0,False,0,1.0,Li Y Y Tc 0 1 ooo 0 2 o-- 1 3 ooo 2 3 ooo
mp-755552,LiYS2,40,104,106,64,2.6,0,False,0,1.0,Li Y S S 0 2 ooo 0 2 oo+ 0 3 ooo 0 3 +oo 0 3 o+o 0 3 ++o 1 3 oo- 1 3 ooo 1 2 -oo 1 2 --o 1 2 o-o 1 2 ooo
mp-1100428,LiYSi,27,71,73,44,2.6296296296296298,0,False,0,1.0,Li Y Si 0 1 -o- 0 1 --- 0 1 --o 0 1 o-- 1 2 o+o 1 2 oo+ 1 2 +oo 1 2 ooo
mp-1235103,LiZn(CoO2)4,107,287,289,180,2.682242990654206,0,False,0,1.0,Li Zn Co Co Co Co O O O O O O O O 0 6 ooo 0 9 +oo 0 12 ooo 0 8 ooo 0 8 +oo 1 11 ooo 1 11 -oo 1 12 --o 1 12 o-o 1 8 o-o 2 10 ooo 2 10 +oo 2 9 +oo 2 9 ooo 2 7 ooo 2 12 o-o 3 13 oo- 3 9 ooo 3 8 ooo 3 8 -oo 4 6 ooo 4 7 +oo 4 7 ooo 4 11 oo+ 4 13 ooo 4 13 +oo 5 10 o+o 5 6 -oo 5 6 ooo 5 12 ooo 5 12 -oo
mp-1235950,LiZn(CoO2)4,107,287,289,180,2.682242990654206,0,False,0,1.0,Li Zn Co Co Co Co O O O O O O O O 0 6 ooo 0 9 +oo 0 7 ooo 0 7 +oo 0 8 ooo 1 11 o+o 1 11 ++o 1 8 ooo 1 12 ooo 2 7 ooo 2 10 ooo 2 10 +oo 2 9 +oo 2 9 ooo 2 12 o-o 3 13 ooo 3 13 -oo 3 8 -oo 3 8 ooo 3 9 ooo 4 11 +o+ 4 7 ooo 4 7 +oo 4 13 oo+ 4 13 +o+ 4 6 ooo 5 6 -oo 5 6 ooo 5 12 ooo 5 12 -oo 5 10 o+o
mp-9919,LiZnSb,84,225,227,141,2.6785714285714284,0,False,0,1.0,Li Li Zn Zn Sb Sb 0 3 -oo 0 3 ooo 0 3 --o 0 4 -oo 0 4 --o 0 4 ooo 0 5 o-o 0 5 --o 0 5 ooo 1 2 o-o 1 2 --o 1 2 ooo 1 5 o-o 1 5 ooo 1 5 --o 1 4 -o- 1 4 oo- 1 4 --- 2 4 o+- 2 4 -o- 2 4 oo- 2 5 ooo 3 5 o-o 3 5 +oo 3 5 ooo 3 4 ooo
mp-1029297,LiZr2N3,102,279,281,177,2.735294117647059,0,False,0,1.0,Li Li Zr Zr Zr Zr N N N N N N 0 11 ooo 0 10 oo- 0 10 ooo 0 9 o+o 0 8 -oo 1 10 ooo 1 11 ooo 1 11 oo+ 1 7 --o 1 6 ooo 2 11 ooo 2 8 ooo 2 9 ooo 2 6 oo- 2 6 ooo 3 11 +oo 3 9 ooo 3 8 o-o 3 7 o-- 3 7 o-o 4 10 +oo 4 6 ooo 4 7 ooo 4 8 ooo 4 8 oo+ 5 10 ooo 5 7 ooo 5 6 o+o 5 9 o+o 5 9 o++
mp-1096180,LiZrPd2,16,43,45,27,2.6875,0,False,0,1.0,Li Zr Pd Pd 0 2 ooo 0 3 o-- 1 2 ooo 1 3 ooo
mp-1172913,Lu(MnSn)6,19,54,56,35,2.8421052631578947,0,False,0,1.0,Lu Mn Mn Mn Mn Mn Mn Sn Sn Sn Sn Sn Sn 0 8 ooo 0 7 oo-
mp-1206615,LuCuTe2,46,123,125,77,2.6739130434782608,0,False,0,1.0,Lu Cu Te Te 0 3 o-o 0 3 ooo 0 3 --o 0 2 -o- 0 2 oo- 0 2 --- 0 1 oo- 0 1 ooo 1 2 -oo 1 2 ooo 1 2 --o 1 3 o-o 1 3 --o 1 3 ooo
mp-21125,LuMnO3,188,531,533,343,2.824468085106383,0,True,21,0.96045197740113,Lu Lu Lu Lu Mn Mn Mn Mn O O O O O O O O O O O O 0 17 -+o 0 14 o+o 0 9 o+o 0 19 -oo 0 11 ooo 0 12 ooo 0 13 -oo 0 10 -o+ 1 16 ooo 1 8 ooo 1 15 ooo 1 18 ooo 1 10 ooo 1 13 ooo 1 12 ooo 1 11 oo- 2 19 ooo 2 11 ooo 2 12 ooo 2 17 ooo 2 14 ooo 2 9 ooo 2 8 ooo 2 15 oo+ 3 18 +-o 3 10 o-o 3 13 o-o 3 16 +oo 3 15 ooo 3 8 ooo 3 9 +oo 3 14 +o- 4 13 o-o 4 9 ooo 4 17 ooo 4 18 o-o 4 8 ooo 4 12 o-o 5 12 ooo 5 8 -oo 5 16 ooo 5 19 -oo 5 13 -oo 5 9 ooo 6 11 oo- 6 15 -oo 6 16 ooo 6 19 -o- 6 10 -oo 6 14 oo- 7 10 o-o 7 14 oo- 7 17 oo- 7 18 o-o 7 15 ooo 7 11 o--
mp-1042277,Mg(AgO2)2,98,265,267,167,2.704081632653061,0,False,0,1.0,Mg Mg Ag Ag Ag Ag O O O O O O O O 0 11 ooo 0 11 -oo 0 9 ooo 0 12 ooo 0 12 -oo 1 13 ooo 1 13 +oo 1 6 ooo 1 10 ooo 1 10 +oo 2 7 ooo 2 9 +oo 2 9 ooo 2 10 o-o 2 12 ooo 3 8 ooo 3 9 ooo 3 13 oo- 3 11 -oo 4 7 ooo 4 6 ooo 4 11 oo+ 4 13 +oo 5 8 ooo 5 6 -oo 5 6 ooo 5 12 o+o 5 10 ooo
mp-1047244,Mg(AgO2)2,86,231,233,145,2.686046511627907,0,False,0,1.0,Mg Mg Ag Ag Ag Ag O O O O O O O O 0 11 o-- 0 13 o-o 0 9 --- 0 10 ooo 1 8 o-o 1 6 ooo 1 12 +oo 1 7 ooo 2 7 oo- 2 11 +oo 2 13 +oo 2 6 ooo 3 8 oo+ 3 10 ooo 3 9 ooo 3 12 ooo 4 6 ooo 4 13 ooo 4 8 ooo 4 10 ooo 5 12 ooo 5 9 o-o 5 7 ooo 5 11 o-o
mp-865185,Mg(BeAs)2,47,126,128,79,2.6808510638297873,0,False,0,1.0,Mg Be Be As As 0 4 oo- 0 4 -o- 0 4 --- 0 3 --o 0 3 o-o 0 3 ooo 1 3 ooo 1 3 o-o 1 3 +oo 1 4 ooo 2 4 ooo 2 4 o+o 2 4 -oo 2 3 ooo
mp-1048014,Mg(BiO2)4,94,254,256,160,2.702127659574468,0,False,0,1.0,Mg Bi Bi Bi Bi O O O O O O O O 0 8 ooo 0 10 +oo 0 10 o+o 0 6 ooo 0 11 o+o 0 11 +oo 1 6 ooo 1 11 ooo 1 9 o-+ 1 9 -o+ 1 8 -oo 1 8 o-o 2 12 ooo 2 7 +oo 2 7 o+o 2 10 o+o 2 10 +oo 3 10 ooo 3 12 o-o 3 12 -oo 3 6 -oo 3 6 o-o 3 5 ooo 4 5 o+o 4 5 +oo 4 7 ooo 4 9 ooo
mp-2224812,Mg(BiO2)4,103,278,280,175,2.6990291262135924,0,False,0,1.0,Mg Bi Bi Bi Bi O O O O O O O O 0 7 -oo 0 5 ooo 0 8 --o 0 6 oo+ 0 9 oo+ 0 11 oo+ 1 12 ooo 1 11 ooo 1 6 +oo 1 8 o-- 1 5 oo- 1 10 oo- 2 9 o++ 2 12 o++ 2 7 -oo 2 5 o+o 2 11 oo+ 2 10 ooo 3 12 -+o 3 10 o+o 3 9 o+o 3 6 ooo 3 5 o+o 3 8 ooo 4 7 ooo 4 10 ooo 4 11 ooo 4 8 ooo 4 6 ooo 4 9 ooo
mp-1301323,Mg(CoO2)2,110,297,299,187,2.7,0,False,0,1.0,Mg Mg Co Co Co Co O O O O O O O O 0 11 oo- 0 9 oo- 0 13 ooo 0 10 ooo 1 12 ooo 1 7 ooo 1 8 ooo 1 6 ooo 2 10 ooo 2 9 +oo 2 12 +-o 2 6 o-- 2 8 +oo 2 13 o-o 3 13 o-o 3 11 ooo 3 8 ooo 3 7 o-- 3 10 ooo 3 12 o-o 4 6 ooo 4 10 ooo 4 9 +oo 4 12 +o+ 4 11 ooo 4 7 +oo 5 13 o-o 5 7 +-o 5 8 +o+ 5 11 ooo 5 9 +oo 5 6 o-o
mp-1404456,Mg(CoO2)4,100,272,274,172,2.72,0,False,0,1.0,Mg Co Co Co Co O O O O O O O O 0 11 --o 0 11 o-o 0 10 -oo 0 10 ooo 0 8 ooo 1 6 ooo 1 9 +oo 1 9 ooo 1 8 ooo 1 8 +oo 1 11 o-o 2 7 ooo 2 7 -oo 2 12 oo- 2 8 ooo 2 10 ooo 2 10 -oo 3 5 ooo 3 6 +oo 3 6 ooo 3 12 ooo 3 12 +oo 3 10 oo+ 4 5 -oo 4 5 ooo 4 7 ooo 4 9 o+o 4 11 ooo 4 11 -oo
mp-2240965,Mg(CoO2)4,97,261,263,164,2.6907216494845363,0,False,0,1.0,Mg Co Co Co Co O O O O O O O O 0 12 ooo 0 6 ooo 0 11 o+o 0 5 ooo 1 7 ooo 1 10 ooo 1 8 ooo 1 12 oo+ 1 5 ooo 1 11 ooo 2 10 ++o 2 12 ooo 2 6 +oo 2 5 oo- 2 9 o+o 2 7 ++o 3 8 +oo 3 9 ooo 3 7 +oo 3 6 +o+ 3 11 ooo 3 5 ooo 4 9 ooo 4 6 +oo 4 12 ooo 4 11 oo- 4 10 +oo 4 8 +oo
mp-1047145,Mg(CuO2)2,86,231,233,145,2.686046511627907,0,False,0,1.0,Mg Mg Cu Cu Cu Cu O O O O O O O O 0 13 ooo 0 9 oo- 0 11 oo- 0 10 ooo 1 6 ooo 1 8 ooo 1 7 ooo 1 12 ooo 2 6 o-- 2 9 +oo 2 10 ooo 2 12 +-o 3 11 ooo 3 7 o-- 3 8 ooo 3 13 o-o 4 10 ooo 4 12 +o+ 4 6 ooo 4 9 +oo 5 8 +o+ 5 13 o-o 5 7 +-o 5 11 ooo
mp-1370181,ZnFeO2,130,362,364,232,2.7846153846153845,0,False,0,1.0,Zn Zn Zn Zn Fe Fe Fe Fe O O O O O O O O 0 14 +-o 0 14 o-o 0 11 ooo 0 13 ooo 0 13 +oo 1 12 -+o 1 12 o+o 1 8 ooo 1 15 ooo 1 15 -oo 2 15 ooo 2 14 +oo 2 10 +oo 2 10 ooo 3 13 ooo 3 12 -oo 3 9 -oo 3 9 ooo 4 11 -o- 4 11 oo- 4 12 -oo 4 12 ooo 4 9 ooo 5 10 ooo 5 10 +oo 5 11 ooo 5 13 +oo 5 13 ooo 6 9 ooo 6 9 -oo 6 8 ooo 6 15 -oo 6 15 ooo 7 8 +o+ 7 8 oo+ 7 14 +oo 7 14 ooo 7 10 ooo
mp-1388887,ZnFeO2,136,378,380,242,2.7794117647058822,0,False,0,1.0,Zn Zn Zn Zn Fe Fe Fe Fe O O O O O O O O 0 14 o+o 0 14 ++o 0 11 ooo 0 13 ooo 0 13 -oo 1 8 ooo 1 15 ooo 1 15 +oo 1 12 o-o 1 12 --o 2 10 ooo 2 14 +oo 2 15 +o- 3 9 ooo 3 9 +oo 3 12 ooo 3 13 oo+ 4 9 ooo 4 11 ooo 4 11 -oo 4 12 -oo 4 12 ooo 5 10 ooo 5 10 -oo 5 15 oo- 5 11 ooo 5 13 ooo 5 13 -oo 6 8 ooo 6 13 oo+ 6 9 ooo 6 9 +oo 6 15 +oo 6 15 ooo 7 8 +oo 7 8 ooo 7 10 ooo 7 14 +oo 7 14 ooo 7 12 o-o
mp-558481,ZnGaNO,56,147,149,91,2.625,0,False,0,1.0,Zn Zn Ga Ga N N O O 0 4 +oo 0 4 ooo 0 7 oo+ 0 6 ooo 1 5 +oo 1 5 ooo 1 6 oo- 1 7 o+o 2 6 --o 2 6 o-o 2 5 o-o 2 4 ooo 3 7 -oo 3 7 ooo 3 4 ooo 3 5 ooo
mp-1096747,ZnGeRh2,16,43,45,27,2.6875,0,False,0,1.0,Zn Ge Rh Rh 0 2 ooo 0 3 o-- 1 2 ooo 1 3 ooo
mp-1215447,ZnHgS2,28,73,75,45,2.607142857142857,0,False,0,1.0,Zn Hg S S 0 3 ooo 0 2 oo+ 0 2 +oo 0 2 o+o 1 3 --o 1 3 o-- 1 3 -o- 1 2 ooo
mp-1206190,ZnI6,19,46,48,27,2.4210526315789473,0,False,0,1.0,Zn I I I I I I 0 5 ooo 0 3 ooo 0 6 --o 0 4 --o
mp-1097619,ZnMoRu2,16,43,45,27,2.6875,0,False,0,1.0,Zn Mo Ru Ru 0 2 ooo 0 3 o-- 1 3 ooo 1 2 ooo
mp-1096076,ZnNiPd2,16,43,45,27,2.6875,0,False,0,1.0,Zn Ni Pd Pd 0 2 ooo 0 3 ooo 1 2 ooo 1 3 o--
mp-1017539,ZnO,22,57,59,35,2.590909090909091,0,False,0,1.0,Zn Zn O O 0 3 o-o 0 3 ooo 0 3 --o 1 2 -o- 1 2 oo- 1 2 ---
mp-1348382,ZnSbO3,140,395,397,255,2.8214285714285716,0,False,0,1.0,Zn Zn Zn Zn Sb Sb Sb Sb O O O O O O O O O O O O 0 16 ooo 0 10 ooo 0 17 ooo 0 18 ooo 1 19 ooo 1 8 ooo 1 15 ooo 1 14 ooo 2 16 o-o 2 13 o-- 2 11 o-- 2 18 ooo 3 19 o+o 3 9 o++ 3 12 o++ 3 14 ooo 4 19 ooo 4 16 o-o 4 11 o-o 4 12 ooo 4 17 ooo 4 8 o-o 5 19 ooo 5 16 --o 5 13 --o 5 9 ooo 5 15 o-o 5 10 -oo 6 12 ooo 6 11 oo- 6 8 ooo 6 17 oo- 6 18 ooo 6 14 oo- 7 9 ooo 7 13 -o- 7 15 ooo 7 10 -o- 7 18 -oo 7 14 oo-
mp-1029763,ZnSiN2,100,277,279,177,2.77,0,False,0,1.0,Zn Zn Zn Zn Si Si Si Si N N N N N N N N 0 8 ooo 0 13 oo- 0 14 oo- 1 9 ooo 1 12 oo+ 1 15 oo+ 2 10 ooo 2 12 -oo 2 15 o+o 3 11 ooo 3 13 o-o 3 14 +oo 4 10 oo- 4 12 -oo 4 15 o+o 4 11 -+o 5 11 oo+ 5 13 o-o 5 14 +oo 5 10 +-o 6 8 ooo 6 13 ooo 6 14 ooo 6 9 ooo 7 9 ooo 7 12 ooo 7 15 ooo 7 8 ooo
mp-1097179,ZnSiTc2,16,43,45,27,2.6875,0,False,0,1.0,Zn Si Tc Tc 0 2 ooo 0 3 ooo 1 2 ooo 1 3 o--
mp-1215429,ZnSnP2,28,73,75,45,2.607142857142857,0,False,0,1.0,Zn Sn P P 0 2 o-o 0 2 ooo 0 3 oo- 0 3 -o- 1 3 o+o 1 3 ooo 1 2 +oo 1 2 ooo
mp-1093994,ZnSnS3,82,215,217,133,2.6219512195121952,0,False,0,1.0,Zn Zn Sn Sn S S S S S S 0 8 o+o 0 9 oo+ 0 7 +oo 0 5 o+o 0 4 +oo 0 6 oo+ 1 6 o-o 1 5 -oo 1 4 oo- 1 9 ooo 1 7 ooo 1 8 ooo 2 5 ooo 2 6 ooo 2 4 ooo 2 8 ooo 2 7 ooo 2 9 ooo 3 9 -oo 3 8 oo- 3 7 o-o 3 6 --o 3 4 o-- 3 5 -o-
mp-9281,ZnTe,42,113,115,71,2.6904761904761907,0,False,0,1.0,Zn Zn Zn Te Te Te 0 4 o-- 0 4 +o- 0 5 ooo 0 5 o-o 1 5 -oo 1 5 ooo 1 3 o+o 1 3 -oo 2 4 +oo 2 4 ooo 2 3 o+o 2 3 ooo
mp-1043251,ZnW2O5,112,301,303,189,2.6875,0,False,0,1.0,Zn Zn W W W W O O O O O O O O O O 0 14 -+o 0 12 -+o 0 7 o+o 0 7 -oo 0 9 ooo 0 10 ooo 1 15 +-o 1 13 +-o 1 6 +oo 1 6 o-o 1 8 ooo 1 11 ooo 2 12 ooo 2 10 o-o 2 10 +oo 2 7 ooo 2 11 ooo 3 13 ooo 3 11 -oo 3 11 o+o 3 6 ooo 3 10 ooo 4 15 ooo 4 8 -oo 4 8 o+o 4 6 ooo 4 9 oo- 5 14 ooo 5 9 o-o 5 9 +oo 5 7 ooo 5 8 oo+
mp-1029337,Zr2SeN2,47,124,126,77,2.6382978723404253,0,False,0,1.0,Zr Zr Se N N 0 4 o-o 0 4 ooo 0 4 +oo 0 3 ooo 0 2 oo+ 0 2 +o+ 0 2 +++ 1 3 o+o 1 3 ooo 1 3 -oo 1 4 ooo 1 2 ++o 1 2 o+o 1 2 ooo
mp-1079726,Zr2SeN2,94,249,251,155,2.648936170212766,0,False,0,1.0,Zr Zr Zr Zr Se Se N N N N 0 7 -oo 0 7 o+o 0 7 ooo 0 6 ooo 0 5 o+o 0 5 ++o 0 5 ooo 1 6 +oo 1 6 o-o 1 6 ooo 1 7 ooo 1 4 +oo 1 4 ooo 1 4 ++o 2 9 o-o 2 9 +oo 2 9 ooo 2 8 oo- 2 4 +oo 2 4 ooo 2 4 ++o 3 8 -oo 3 8 o+o 3 8 ooo 3 9 oo+ 3 5 o+o 3 5 ++o 3 5 ooo
mp-977584,Zr2ZnAg2F14,103,280,282,177,2.7184466019417477,0,False,0,1.0,Zr Zr Zn Ag Ag F F F F F F F F F F F F F F 0 9 ++o 0 8 ooo 0 7 +oo 0 6 o+o 0 5 ++o 0 11 +oo 0 10 o+o 1 15 --o 1 16 ooo 1 17 -oo 1 18 o-o 1 5 oo+ 1 14 o-o 1 13 -oo 2 8 ooo 2 16 oo- 2 6 ooo 2 7 ooo 2 17 oo- 2 18 oo- 3 12 ooo 3 11 ooo 3 10 ooo 3 9 ooo 4 12 ooo 4 14 ooo 4 13 ooo 4 15 ooo
mp-17926,Zr3Ni3Sb4,308,897,899,589,2.9123376623376624,0,True,387,0.568561872909699,Zr Zr Zr Zr Zr Zr Ni Ni Ni Ni Ni Ni Sb Sb Sb Sb Sb Sb Sb Sb 0 6 ooo 0 8 ooo 0 10 -oo 0 9 ooo 0 13 ooo 0 15 o+o 0 14 ooo 0 18 ooo 0 19 ooo 0 12 -oo 0 17 o+o 0 16 ooo 1 9 ooo 1 11 oo- 1 10 ooo 1 7 ooo 1 14 +oo 1 17 ooo 1 13 ooo 1 12 ooo 1 15 oo- 1 19 ooo 1 16 +oo 1 18 ooo 2 9 o-o 2 7 ooo 2 10 oo+ 2 11 +oo 2 19 o-o 2 18 +o+ 2 16 +oo 2 15 ooo 2 12 oo+ 2 14 +-o 2 13 +o+ 2 17 ooo 3 6 oo+ 3 8 ooo 3 11 o+o 3 7 -oo 3 18 oo+ 3 17 o++ 3 14 ooo 3 19 -oo 3 16 ooo 3 13 o++ 3 12 -o+ 3 15 o+o 4 8 ooo 4 6 o-o 4 11 ooo 4 7 ooo 4 15 ooo 4 12 oo+ 4 13 ooo 4 16 ooo 4 17 ooo 4 18 oo+ 4 19 ooo 4 14 o-o 5 8 oo- 5 10 o+o 5 6 +oo 5 9 ooo 5 12 ooo 5 16 ++o 5 19 oo- 5 17 o+o 5 14 +oo 5 15 o+- 5 18 ooo 5 13 ++o 6 12 -oo 6 13 o+o 6 14 ooo 6 17 o+o 7 19 ooo 7 17 ooo 7 12 oo+ 7 16 +oo 8 15 o+o 8 16 ooo 8 18 oo+ 8 19 ooo 9 17 o+o 9 18 ooo 9 19 ooo 9 14 +oo 10 12 ooo 10 16 +oo 10 13 +oo 10 15 oo- 11 18 oo+ 11 14 o-o 11 15 ooo 11 13 oo+
mp-1207399,Zr3Tl2(CuSe4)2,135,378,380,243,2.8,0,False,0,1.0,Zr Zr Zr Tl Tl Cu Cu Se Se Se Se Se Se Se Se 0 13 o-o 0 13 -oo 0 14 -o- 0 14 o-- 0 7 --o 0 8 oo- 1 9 ooo 1 10 o+o 1 10 +oo 1 11 o+o 1 11 +oo 1 7 ooo 2 10 ooo 2 9 -oo 2 9 o-o 2 12 o-o 2 12 -oo 2 8 ooo 3 8 +oo 3 8 o+o 3 12 +oo 3 12 o+o 3 14 +oo 3 14 o+o 3 9 ooo 4 7 -oo 4 7 o-o 4 11 -oo 4 11 o-o 4 13 -oo 4 13 o-o 4 10 ooo 5 13 ooo 5 11 ooo 5 7 o-o 5 7 -oo 6 14 ooo 6 12 ooo 6 8 o+o 6 8 +oo
mp-761151,Zr6O11,149,411,413,262,2.7583892617449663,0,False,0,1.0,Zr Zr Zr Zr Zr Zr O O O O O O O O O O O 0 6 ooo 0 6 o+o 0 12 -oo 0 12 ooo 0 13 -oo 0 13 ooo 1 8 o+o 1 8 ooo 1 14 -oo 1 14 ooo 1 15 ooo 1 15 -oo 1 10 ooo 1 10 o+o 2 9 ooo 2 9 o+o 2 11 ooo 2 11 -oo 2 16 ooo 2 16 -oo 2 7 o+o 2 7 ooo 3 10 ooo 3 10 +oo 3 13 o-o 3 13 ooo 3 14 ooo 3 14 o-o 3 6 +oo 3 6 ooo 4 7 +oo 4 7 ooo 4 15 ooo 4 15 o-o 4 11 o-o 4 11 ooo 4 8 ooo 4 8 +oo 5 16 ooo 5 16 o-o 5 12 o-+ 5 12 oo+ 5 9 ooo 5 9 +oo
mp-1009894,ZrC,14,36,38,22,2.5714285714285716,0,False,0,1.0,Zr C 0 1 -oo 0 1 ooo 0 1 oo- 0 1 o-o
mp-1100795,ZrCl3,44,113,115,69,2.5681818181818183,0,False,0,1.0,Zr Zr Cl Cl Cl Cl Cl Cl 0 4 +o- 0 7 o-o 0 3 o-- 0 6 +oo 0 5 ooo 0 2 oo- 1 5 -oo 1 2 o+- 1 6 o+o 1 3 -o- 1 4 oo- 1 7 ooo
mp-677041,ZrCuF3,80,217,219,137,2.7125,0,False,0,1.0,Zr Zr Zr Zr Cu Cu Cu Cu F F F F F F F F F F F F 0 11 ooo 0 8 o-o 0 9 +oo 0 9 ooo 1 14 ++o 1 10 ooo 1 13 ooo 1 5 ooo 1 5 +oo 2 12 o-o 2 17 ooo 2 16 -oo 3 15 ooo 3 18 o+o 3 19 ooo 4 19 o-+ 5 9 ooo 5 8 ooo 6 13 o-o 7 16 ooo
mp-2767155,ZrFeCl6,88,235,237,147,2.6704545454545454,0,False,0,1.0,Zr Zr Fe Fe Cl Cl Cl Cl Cl Cl Cl Cl Cl Cl Cl Cl 0 6 ooo 0 7 ooo 0 5 ooo 0 14 ooo 0 4 ooo 0 15 ooo 1 11 ooo 1 10 ooo 1 12 ooo 1 8 ooo 1 9 ooo 1 13 ooo 2 15 o-o 2 4 --o 2 7 ooo 2 6 ooo 2 14 --o 2 5 o-o 3 13 ++o 3 9 o+o 3 10 ooo 3 11 ooo 3 8 ++o 3 12 o+o
mp-13542,ZrGeTe4,84,233,235,149,2.7738095238095237,0,False,0,1.0,Zr Zr Ge Ge Te Te Te Te Te Te Te Te 0 9 +oo 0 9 ooo 0 2 ooo 0 5 +oo 0 5 ooo 0 11 oo+ 0 7 ooo 0 7 +oo 1 8 -oo 1 8 ooo 1 3 ooo 1 4 -oo 1 4 ooo 1 10 ooo 1 6 ooo 1 6 -oo 2 10 ooo 2 10 +oo 2 8 ooo 3 11 ooo 3 11 -oo 3 9 oo- 4 6 ooo 5 7 ooo
mp-571279,ZrI2,84,225,227,141,2.6785714285714284,0,False,0,1.0,Zr Zr Zr Zr I I I I I I I I 0 7 oo+ 0 7 -o+ 0 8 oo+ 0 6 -oo 0 6 ooo 0 10 o+o 1 5 ooo 1 5 -oo 1 11 o-o 1 9 -oo 1 9 ooo 1 4 ooo 2 10 +o- 2 10 oo- 2 6 oo- 2 8 +oo 2 8 ooo 2 7 o-o 3 4 +oo 3 4 ooo 3 9 o+o 3 11 +oo 3 11 ooo 3 5 ooo
mp-961693,ZrInAu,45,120,122,75,2.6666666666666665,0,False,0,1.0,Zr In Au 0 2 --o 0 2 -o- 0 2 --- 0 2 o-- 0 1 o-o 0 1 --o 0 1 -oo 0 1 oo- 0 1 o-- 0 1 -o- 1 2 -oo 1 2 oo- 1 2 o-o 1 2 ooo
mp-924129,ZrNiSn,45,120,122,75,2.6666666666666665,0,False,0,1.0,Zr Ni Sn 0 1 -oo 0 1 oo- 0 1 ooo 0 1 o-o 0 2 --o 0 2 oo- 0 2 o-- 0 2 o-o 0 2 -o- 0 2 -oo 1 2 -oo 1 2 oo- 1 2 ooo 1 2 o-o
mp-1189360,ZrP2N4(O4F)2,59,152,154,93,2.5762711864406778,0,False,0,1.0,Zr P P N N N N O O O O O O O O F F 0 16 ooo 0 15 o-- 0 10 o-o 0 9 oo- 0 8 o-o 0 7 oo- 1 11 ooo 1 9 ooo 1 7 -oo 2 12 ooo 2 10 ooo 2 8 +oo 5 13 ooo 6 14 ooo
mp-2076,ZrSe2,21,56,58,35,2.6666666666666665,0,False,0,1.0,Zr Se Se 0 2 o-o 0 2 ooo 0 2 --o 0 1 -o- 0 1 --- 0 1 oo-
mp-1683,ZrSe3,62,167,169,105,2.693548387096774,0,False,0,1.0,Zr Zr Se Se Se Se Se Se 0 6 ooo 0 6 +oo 0 4 +oo 0 4 ooo 0 2 +oo 0 2 ooo 0 7 o-o 0 7 ooo 1 7 -oo 1 7 ooo 1 5 -oo 1 5 ooo 1 3 -oo 1 3 ooo 1 6 o+o 1 6 ooo 2 4 ooo 3 5 ooo
mp-961661,ZrSiPd,45,120,122,75,2.6666666666666665,0,False,0,1.0,Zr Si Pd 0 2 oo- 0 2 -oo 0 2 o-o 0 2 ooo 0 1 o++ 0 1 oo+ 0 1 ++o 0 1 +o+ 0 1 +oo 0 1 o+o 1 2 --- 1 2 --o 1 2 -o- 1 2 o--
mp-1215189,ZrTiS4,42,109,111,67,2.5952380952380953,0,False,0,1.0,Zr Ti S S S S 0 4 o-o 0 4 ooo 0 4 --o 0 3 -oo 0 3 ooo 0 3 --o 1 5 o-o 1 5 --o 1 5 ooo 1 2 -o- 1 2 --- 1 2 oo-
mp-1096064,ZrZnPd2,16,43,45,27,2.6875,0,False,0,1.0,Zr Zn Pd Pd 0 2 ooo 0 3 ooo 1 2 ooo 1 3 o--
mp-2228945,Mg(MoO3)4,98,267,269,169,2.7244897959183674,0,False,0,1.0,Mg Mo Mo Mo Mo O O O O O O O O O O O O 0 11 ooo 0 14 o+o 0 13 ooo 0 15 oo- 0 16 o+o 1 8 ooo 1 14 oo+ 1 15 --o 1 16 -o+ 1 13 o-+ 2 7 ooo 2 15 ooo 2 14 oo+ 2 16 oo+ 2 13 oo+ 3 11 ooo 3 6 ooo 3 9 ooo 3 5 ooo 3 10 ooo 3 7 ooo 4 12 ooo 4 10 o-o 4 5 +-o 4 9 ooo 4 6 +oo 4 8 +oo
mp-1442875,Mg(NiO2)2,110,297,299,187,2.7,0,False,0,1.0,Mg Mg Ni Ni Ni Ni O O O O O O O O 0 13 -oo 0 11 oo+ 0 10 ooo 0 9 --o 1 6 +oo 1 7 oo- 1 8 ooo 1 12 ++o 2 7 o-o 2 11 ooo 2 13 ooo 2 6 o-o 2 10 ooo 2 8 o-o 3 8 ooo 3 10 ooo 3 9 ooo 3 12 ooo 3 11 ooo 3 7 ooo 4 6 ooo 4 13 -o- 4 8 ooo 4 10 -o- 4 12 ooo 4 9 -o- 5 12 ooo 5 9 -oo 5 7 ooo 5 11 -oo 5 6 ooo 5 13 -oo
mp-2219569,Mg(NiO2)4,100,268,270,168,2.68,0,False,0,1.0,Mg Ni Ni Ni Ni O O O O O O O O 0 6 ooo 0 7 ooo 0 5 -oo 0 5 ooo 0 8 ooo 0 8 +oo 1 9 ooo 1 9 +oo 1 8 ooo 1 8 +oo 1 11 o-o 1 6 ooo 2 12 ooo 2 10 -oo 2 10 ooo 2 7 -oo 2 7 ooo 2 8 ooo 3 6 +oo 3 6 ooo 3 12 +o+ 3 12 oo+ 3 10 oo+ 4 9 o+o 4 11 ooo 4 11 -oo 4 5 ooo 4 5 -oo 4 7 ooo
mp-1047380,Mg(SbO2)2,122,329,331,207,2.69672131147541,0,False,0,1.0,Mg Mg Sb Sb Sb Sb O O O O O O O O 0 11 -oo 0 11 o+o 0 8 o-o 0 8 +oo 0 7 o-o 0 7 +oo 1 10 o-o 1 10 +oo 1 6 -oo 1 6 o+o 1 9 -oo 1 9 o+o 2 10 ooo 2 12 -oo 2 12 o+o 2 9 -oo 2 9 o+o 2 8 oo- 3 11 ooo 3 12 o-+ 3 12 +o+ 3 8 o-o 3 8 +oo 3 9 oo+ 4 10 ooo 4 13 -oo 4 13 o+o 4 6 -oo 4 6 o+o 4 7 ooo 5 11 ooo 5 13 o-o 5 13 +oo 5 7 o-o 5 7 +oo 5 6 ooo
mp-1042571,Mg(WO2)2,116,311,313,195,2.6810344827586206,0,False,0,1.0,Mg Mg W W W W O O O O O O O O 0 9 ooo 0 12 o+o 0 12 +oo 0 11 o+o 0 11 +oo 1 6 ooo 1 10 o-o 1 10 -oo 1 13 -oo 1 13 o-o 2 7 ooo 2 9 o-+ 2 9 -o+ 2 10 -oo 2 10 o-o 2 12 oo+ 3 8 +oo 3 8 o+o 3 13 ooo 3 9 ooo 3 11 +oo 3 11 o+o 4 7 -oo 4 7 o-o 4 11 ooo 4 6 ooo 4 13 -oo 4 13 o-o 5 8 ooo 5 6 o+- 5 6 +o- 5 12 +oo 5 12 o+o 5 10 oo-
mp-1247155,Mg2Al3WS8,110,296,298,186,2.690909090909091,0,False,0,1.0,Mg Mg Al Al Al W S S S S S S S S 0 6 ooo 0 13 oo+ 0 11 +oo 0 10 o+o 1 12 ooo 1 7 oo- 1 9 -oo 1 8 o-o 2 9 ooo 2 7 ooo 2 13 ooo 2 11 ooo 2 8 ooo 2 10 ooo 3 12 ooo 3 9 ooo 3 6 oo- 3 11 oo- 3 10 oo- 3 8 ooo 4 7 ooo 4 6 -oo 4 12 ooo 4 13 -oo 4 10 -oo 4 8 ooo 5 13 ooo 5 11 ooo 5 9 o+o 5 7 o+o 5 6 ooo 5 12 o+o
mp-1245781,Mg2BiN3,84,229,231,145,2.7261904761904763,0,False,0,1.0,Mg Mg Mg Mg Bi Bi N N N N N N 0 8 ooo 0 9 ooo 0 6 ooo 0 11 ooo 1 9 o+o 1 8 ooo 1 7 ooo 1 11 ++o 2 6 ooo 2 7 ooo 2 8 oo+ 2 10 +oo 3 7 o-o 3 6 ooo 3 9 oo+ 3 10 o-o 4 8 -oo 4 9 o+o 4 11 ooo 4 10 ooo 5 6 ooo 5 7 --o 5 10 ooo 5 11 oo+
mp-1096324,Mg2CdPb,16,43,45,27,2.6875,0,False,0,1.0,Mg Mg Cd Pb 0 3 ooo 0 2 ooo 1 3 ooo 1 2 o++
mp-1097401,Mg2CdPd,16,43,45,27,2.6875,0,False,0,1.0,Mg Mg Cd Pd 0 3 ooo 0 2 ooo 1 3 o++ 1 2 ooo
mp-1097498,Mg2CdSn,16,43,45,27,2.6875,0,False,0,1.0,Mg Mg Cd Sn 0 3 ooo 0 2 ooo 1 3 ooo 1 2 o++
mp-1344636,Mg2CoSbO6,176,496,498,320,2.8181818181818183,0,False,0,1.0,Mg Mg Mg Mg Co Co Sb Sb O O O O O O O O O O O O 0 16 ooo 0 17 ooo 0 10 ooo 0 18 ooo 0 13 ooo 0 11 ooo 0 8 ooo 0 15 +oo 1 19 ooo 1 8 ooo 1 15 ooo 1 14 ooo 1 12 ooo 1 9 ooo 1 10 -oo 1 17 ooo 2 16 oo- 2 13 o+- 2 11 o+- 2 18 ooo 2 9 +oo 2 12 ooo 3 19 oo+ 3 12 o-+ 3 9 o-+ 3 14 ooo 3 11 ooo 3 13 -oo 4 16 oo- 4 19 ooo 4 17 ooo 4 8 oo- 4 12 ooo 4 11 oo- 5 19 ooo 5 16 -o- 5 10 -oo 5 15 oo- 5 9 ooo 5 13 -o- 6 8 o-o 6 17 ooo 6 11 ooo 6 12 o-o 6 14 ooo 6 18 o-o 7 10 -oo 7 15 o-o 7 13 -oo 7 9 o-o 7 14 ooo 7 18 --o
mp-1247114,Mg2Cr3MoS8,110,297,299,187,2.7,0,False,0,1.0,Mg Mg Cr Cr Cr Mo S S S S S S S S 0 13 oo+ 0 11 +oo 0 10 o+o 0 6 ooo 1 7 oo- 1 8 o-o 1 9 -oo 1 12 ooo 2 9 ooo 2 10 oo- 2 8 ooo 2 11 oo- 2 6 oo- 2 12 ooo 3 7 +oo 3 10 ooo 3 8 +oo 3 13 ooo 3 6 ooo 3 12 +oo 4 13 o-o 4 9 ooo 4 11 o-o 4 7 ooo 4 12 ooo 4 6 o-o 5 8 ooo 5 7 ooo 5 9 ooo 5 10 ooo 5 13 ooo 5 11 ooo
mp-1247053,Mg2Ga3MoS8,110,297,299,187,2.7,0,False,0,1.0,Mg Mg Ga Ga Ga Mo S S S S S S S S 0 13 oo+ 0 11 +oo 0 6 ooo 0 10 o+o 1 7 oo- 1 12 ooo 1 9 -oo 1 8 o-o 2 13 ooo 2 9 ooo 2 11 ooo 2 7 ooo 2 8 ooo 2 10 ooo 3 12 oo+ 3 6 ooo 3 11 ooo 3 9 oo+ 3 10 ooo 3 8 oo+ 4 7 +oo 4 6 ooo 4 12 +oo 4 13 ooo 4 10 ooo 4 8 +oo 5 6 ooo 5 7 o+o 5 9 o+o 5 12 o+o 5 11 ooo 5 13 ooo
mp-1095767,Mg2HgPb,16,43,45,27,2.6875,0,False,0,1.0,Mg Mg Hg Pb 0 3 ooo 0 2 ooo 1 3 ooo 1 2 o++
mp-1247384,Mg2MnW3S8,110,294,296,184,2.672727272727273,0,False,0,1.0,Mg Mg Mn W W W S S S S S S S S 0 6 ooo 0 13 oo+ 0 11 +oo 0 10 o+o 1 7 oo- 1 12 ooo 1 9 -oo 1 8 o-o 2 13 ooo 2 6 ooo 2 11 ooo 2 12 o+o 2 7 o+o 2 9 o+o 3 8 ooo 3 9 ooo 3 7 ooo 3 13 ooo 3 11 ooo 3 10 ooo 4 8 ooo 4 12 ooo 4 9 ooo 4 6 oo- 4 11 oo- 4 10 oo- 5 12 ooo 5 7 ooo 5 8 ooo 5 6 -oo 5 13 -oo 5 10 -oo
mp-1222151,Mg2NiH4,61,160,162,99,2.622950819672131,0,False,0,1.0,Mg Mg Ni H H H H 0 3 ooo 0 5 ooo 0 5 +oo 0 4 ooo 0 4 o-o 0 6 +oo 0 6 o-o 1 6 oo+ 1 4 oo+ 1 4 ooo 1 5 oo+ 1 5 ++o 1 3 ++o 1 3 ooo 2 5 +oo 2 4 o-o 2 6 +-o 2 3 +o-
mp-1374281,Mg2NiSbO6,176,496,498,320,2.8181818181818183,0,False,0,1.0,Mg Mg Mg Mg Ni Ni Sb Sb O O O O O O O O O O O O 0 16 ooo 0 18 ooo 0 10 ooo 0 17 ooo 0 13 ooo 0 11 ooo 0 15 +oo 0 8 ooo 1 19 ooo 1 14 ooo 1 8 ooo 1 15 ooo 1 12 ooo 1 9 ooo 1 17 ooo 1 10 -oo 2 16 oo- 2 13 o+- 2 11 o+- 2 18 ooo 2 9 +oo 2 12 ooo 3 19 oo+ 3 12 o-+ 3 9 o-+ 3 14 ooo 3 11 ooo 3 13 -oo 4 8 oo- 4 17 ooo 4 16 oo- 4 19 ooo 4 12 ooo 4 11 oo- 5 15 oo- 5 10 -oo 5 16 -o- 5 19 ooo 5 9 ooo 5 13 -o- 6 11 ooo 6 12 o-o 6 8 o-o 6 17 ooo 6 18 o-o 6 14 ooo 7 13 -oo 7 9 o-o 7 15 o-o 7 10 -oo 7 18 --o 7 14 ooo
mp-1247027,Mg2Sc3MoS8,110,294,296,184,2.672727272727273,0,False,0,1.0,Mg Mg Sc Sc Sc Mo S S S S S S S S 0 10 o+o 0 13 oo+ 0 11 +oo 0 6 ooo 1 8 o-o 1 12 ooo 1 7 oo- 1 9 -oo 2 8 ooo 2 10 ooo 2 11 ooo 2 13 ooo 2 7 ooo 2 9 ooo 3 8 ooo 3 10 oo- 3 11 oo- 3 12 ooo 3 6 oo- 3 9 ooo 4 8 ooo 4 10 -oo 4 12 ooo 4 13 -oo 4 6 -oo 4 7 ooo 5 9 ooo 5 7 ooo 5 6 o-o 5 13 o-o 5 12 ooo 5 11 o-o
mp-1097268,Mg2SnHg,16,43,45,27,2.6875,0,False,0,1.0,Mg Mg Sn Hg 0 3 ooo 0 2 ooo 1 3 ooo 1 2 o++
mp-1376543,Mg2TaAgO6,176,497,499,321,2.8238636363636362,0,False,0,1.0,Mg Mg Mg Mg Ta Ta Ag Ag O O O O O O O O O O O O 0 17 oo- 0 10 oo- 0 16 o+- 0 9 ooo 0 14 ooo 0 19 o+o 0 15 ++o 0 8 o+o 1 16 ooo 1 19 ooo 1 14 ooo 1 9 ooo 1 11 +oo 1 13 ooo 2 18 ooo 2 12 ooo 2 13 ooo 2 11 ooo 2 9 ooo 2 14 -oo 3 8 oo+ 3 15 oo+ 3 18 o-+ 3 11 ooo 3 13 ooo 3 12 o-o 3 10 o-o 3 17 --o 4 11 ooo 4 14 --o 4 17 --o 4 15 ooo 4 12 o-o 4 19 -oo 5 13 ooo 5 9 o-o 5 10 o-o 5 8 ooo 5 12 o-o 5 19 ooo 6 15 ooo 6 17 -o- 6 18 ooo 6 16 -o- 6 11 oo- 6 14 -oo 7 10 oo- 7 8 ooo 7 18 ooo 7 16 oo- 7 9 ooo 7 13 oo-
mp-1246014,Mg3(InN2)2,150,429,431,279,2.86,0,False,0,1.0,Mg Mg Mg Mg Mg Mg In In In In N N N N N N N N 0 14 ooo 0 11 --o 0 10 o-o 0 13 oo- 0 16 o-- 1 15 ooo 1 10 +oo 1 11 ooo 1 12 o+o 1 17 ooo 2 16 ooo 2 13 ++o 2 12 o+o 2 11 oo+ 2 14 o++ 3 17 ooo 3 12 -oo 3 13 ooo 3 10 o-o 3 15 ooo 4 17 -oo 4 16 ooo 4 11 -o+ 4 10 ooo 5 15 ooo 5 14 -oo 5 13 oo- 5 12 -oo 6 14 oo+ 6 17 ooo 6 12 ooo 6 10 o-o 7 15 ooo 7 16 ooo 7 13 ooo 7 11 oo+ 8 16 oo- 8 15 ooo 8 10 ooo 8 12 o+o 9 17 ooo 9 14 ooo 9 11 ooo 9 13 oo-
mp-1030618,Mg3ZrO4,80,211,213,131,2.6375,0,False,0,1.0,Mg Mg Mg Zr O O O O 0 6 ooo 0 6 o+o 0 7 oo+ 0 7 ooo 0 5 -oo 0 5 ooo 1 5 ooo 1 5 o-o 1 6 ooo 1 6 +oo 1 4 ooo 1 4 oo+ 2 5 oo- 2 5 ooo 2 7 ooo 2 7 +oo 2 4 ooo 2 4 o+o 3 4 ooo 3 4 -oo 3 6 ooo 3 6 oo- 3 7 ooo 3 7 o-o
mp-1222108,Mg4SiGe,54,145,147,91,2.685185185185185,0,False,0,1.0,Mg Mg Mg Mg Si Ge 0 5 oo+ 0 5 +o+ 0 4 ooo 0 4 o-o 1 5 ooo 1 5 o+o 1 4 ooo 1 4 -oo 2 5 +oo 2 5 ooo 2 4 o-o 2 4 ooo 3 5 oo+ 3 5 o++ 3 4 ooo 3 4 -oo
mp-1033014,Mg6AlCdO8,160,447,449,287,2.79375,0,False,0,1.0,Mg Mg Mg Mg Mg Mg Al Cd O O O O O O O O 0 13 ooo 0 13 oo- 0 15 o-o 0 15 ooo 0 8 ooo 0 9 ooo 1 10 ooo 1 11 ooo 1 13 ooo 1 13 o+o 1 15 ooo 1 15 oo+ 2 13 ooo 2 10 ooo 2 10 o-o 2 8 ooo 2 8 oo+ 2 12 ooo 3 13 ooo 3 11 o-o 3 11 ooo 3 9 ooo 3 9 oo+ 3 12 +oo 4 15 ooo 4 10 ooo 4 10 oo- 4 8 ooo 4 8 o+o 4 14 ooo 5 15 ooo 5 11 oo- 5 11 ooo 5 9 ooo 5 9 o+o 5 14 +oo 6 9 -oo 6 8 ooo 6 12 oo- 6 12 ooo 6 14 o-o 6 14 ooo 7 14 ooo 7 14 oo+ 7 12 ooo 7 12 o+o 7 11 -oo 7 10 ooo
mp-1033120,Mg6AlCrO8,160,447,449,287,2.79375,0,False,0,1.0,Mg Mg Mg Mg Mg Mg Al Cr O O O O O O O O 0 12 o+o 0 12 ooo 0 14 oo+ 0 14 ooo 0 11 -oo 0 10 ooo 1 13 o+o 1 13 ooo 1 15 oo+ 1 15 ooo 1 10 ooo 1 11 ooo 2 10 o-o 2 10 ooo 2 13 ooo 2 8 oo+ 2 8 ooo 2 12 ooo 3 11 o-o 3 11 ooo 3 13 ooo 3 9 oo+ 3 9 ooo 3 12 +oo 4 10 oo- 4 10 ooo 4 15 ooo 4 8 ooo 4 8 o+o 4 14 ooo 5 11 ooo 5 11 oo- 5 15 ooo 5 9 ooo 5 9 o+o 5 14 +oo 6 8 ooo 6 9 -oo 6 14 o-o 6 14 ooo 6 12 oo- 6 12 ooo 7 13 oo- 7 13 ooo 7 15 ooo 7 15 o-o 7 9 ooo 7 8 ooo
mp-1033116,Mg6AlVO8,160,446,448,286,2.7875,0,False,0,1.0,Mg Mg Mg Mg Mg Mg Al V O O O O O O O O 0 13 oo- 0 13 ooo 0 15 o-o 0 15 ooo 0 9 ooo 0 8 ooo 1 10 ooo 1 11 ooo 1 15 ooo 1 15 oo+ 1 13 ooo 1 13 o+o 2 13 ooo 2 12 ooo 2 10 o-o 2 10 ooo 2 8 ooo 2 8 oo+ 3 13 ooo 3 12 +oo 3 11 ooo 3 11 o-o 3 9 oo+ 3 9 ooo 4 15 ooo 4 14 ooo 4 10 ooo 4 10 oo- 4 8 ooo 4 8 o+o 5 15 ooo 5 14 +oo 5 11 oo- 5 11 ooo 5 9 o+o 5 9 ooo 6 8 ooo 6 9 -oo 6 12 ooo 6 12 oo- 6 14 o-o 6 14 ooo 7 12 o+o 7 12 ooo 7 14 ooo 7 14 oo+ 7 10 ooo 7 11 -oo
mp-1033130,Mg6AlZnO8,160,447,449,287,2.79375,0,False,0,1.0,Mg Mg Mg Mg Mg Mg Al Zn O O O O O O O O 0 14 ooo 0 14 oo+ 0 12 o+o 0 12 ooo 0 11 -oo 0 10 ooo 1 13 o+o 1 13 ooo 1 15 ooo 1 15 oo+ 1 10 ooo 1 11 ooo 2 10 o-o 2 10 ooo 2 13 ooo 2 8 oo+ 2 8 ooo 2 12 ooo 3 11 o-o 3 11 ooo 3 13 ooo 3 9 ooo 3 9 oo+ 3 12 +oo 4 10 oo- 4 10 ooo 4 15 ooo 4 8 ooo 4 8 o+o 4 14 ooo 5 11 ooo 5 11 oo- 5 15 ooo 5 9 ooo 5 9 o+o 5 14 +oo 6 8 ooo 6 9 -oo 6 14 o-o 6 14 ooo 6 12 ooo 6 12 oo- 7 13 oo- 7 13 ooo 7 15 o-o 7 15 ooo 7 9 ooo 7 8 ooo
mp-1033178,Mg6BiCO8,142,396,398,254,2.788732394366197,0,False,0,1.0,Mg Mg Mg Mg Mg Mg Bi C O O O O O O O O 0 14 ooo 0 14 oo+ 0 12 o+o 0 12 ooo 0 11 -oo 0 10 ooo 1 13 ooo 1 13 o+o 1 15 oo+ 1 15 ooo 1 11 ooo 1 10 ooo 2 12 ooo 2 8 ooo 2 8 oo+ 2 10 o-o 2 10 ooo 2 13 ooo 3 12 +oo 3 9 oo+ 3 9 ooo 3 11 o-o 3 11 ooo 3 13 ooo 4 14 ooo 4 8 ooo 4 8 o+o 4 10 ooo 4 10 oo- 4 15 ooo 5 14 +oo 5 9 o+o 5 9 ooo 5 11 oo- 5 11 ooo 5 15 ooo 6 15 o-o 6 15 ooo 6 13 ooo 6 13 oo- 6 8 ooo 6 9 ooo
mp-1033201,Mg6BiCO8,142,396,398,254,2.788732394366197,0,False,0,1.0,Mg Mg Mg Mg Mg Mg Bi C O O O O O O O O 0 9 ooo 0 8 ooo 0 15 o-o 0 15 ooo 0 13 ooo 0 13 oo- 1 11 ooo 1 10 ooo 1 15 ooo 1 15 oo+ 1 13 ooo 1 13 o+o 2 13 ooo 2 8 oo+ 2 8 ooo 2 10 ooo 2 10 o-o 2 12 ooo 3 13 ooo 3 9 oo+ 3 9 ooo 3 11 ooo 3 11 o-o 3 12 +oo 4 15 ooo 4 8 o+o 4 8 ooo 4 10 oo- 4 10 ooo 4 14 ooo 5 15 ooo 5 9 o+o 5 9 ooo 5 11 ooo 5 11 oo- 5 14 +oo 6 12 o+o 6 12 ooo 6 14 oo+ 6 14 ooo 6 10 ooo 6 11 -oo
mp-1033361,Mg6CrBiO8,160,447,449,287,2.79375,0,False,0,1.0,Mg Mg Mg Mg Mg Mg Cr Bi O O O O O O O O 0 11 -oo 0 10 ooo 0 14 oo+ 0 14 ooo 0 12 o+o 0 12 ooo 1 10 ooo 1 11 ooo 1 13 ooo 1 13 o+o 1 15 ooo 1 15 oo+ 2 12 ooo 2 8 ooo 2 8 oo+ 2 10 o-o 2 10 ooo 2 13 ooo 3 12 +oo 3 9 ooo 3 9 oo+ 3 11 ooo 3 11 o-o 3 13 ooo 4 14 ooo 4 8 o+o 4 8 ooo 4 10 oo- 4 10 ooo 4 15 ooo 5 14 +oo 5 9 ooo 5 9 o+o 5 11 oo- 5 11 ooo 5 15 ooo 6 8 ooo 6 9 -oo 6 14 ooo 6 14 o-o 6 12 oo- 6 12 ooo 7 13 oo- 7 13 ooo 7 15 ooo 7 15 o-o 7 9 ooo 7 8 ooo
mp-1033378,Mg6CrBiO8,160,447,449,287,2.79375,0,False,0,1.0,Mg Mg Mg Mg Mg Mg Cr Bi O O O O O O O O 0 8 ooo 0 9 ooo 0 13 ooo 0 13 oo- 0 15 ooo 0 15 o-o 1 11 ooo 1 10 ooo 1 15 ooo 1 15 oo+ 1 13 ooo 1 13 o+o 2 13 ooo 2 10 o-o 2 10 ooo 2 8 oo+ 2 8 ooo 2 12 ooo 3 13 ooo 3 11 o-o 3 11 ooo 3 9 oo+ 3 9 ooo 3 12 +oo 4 15 ooo 4 10 oo- 4 10 ooo 4 8 ooo 4 8 o+o 4 14 ooo 5 15 ooo 5 11 ooo 5 11 oo- 5 9 ooo 5 9 o+o 5 14 +oo 6 14 o-o 6 14 ooo 6 12 oo- 6 12 ooo 6 9 -oo 6 8 ooo 7 12 ooo 7 12 o+o 7 14 oo+ 7 14 ooo 7 11 -oo 7 10 ooo
mp-1032150,Mg6CuNiO8,160,447,449,287,2.79375,0,False,0,1.0,Mg Mg Mg Mg Mg Mg Cu Ni O O O O O O O O 0 14 oo+ 0 14 ooo 0 12 ooo 0 12 o+o 0 11 -oo 0 10 ooo 1 13 ooo 1 13 o+o 1 15 ooo 1 15 oo+ 1 11 ooo 1 10 ooo 2 10 o-o 2 10 ooo 2 8 oo+ 2 8 ooo 2 12 ooo 2 13 ooo 3 11 o-o 3 11 ooo 3 9 oo+ 3 9 ooo 3 12 +oo 3 13 ooo 4 10 ooo 4 10 oo- 4 8 ooo 4 8 o+o 4 14 ooo 4 15 ooo 5 11 ooo 5 11 oo- 5 9 ooo 5 9 o+o 5 14 +oo 5 15 ooo 6 12 oo- 6 12 ooo 6 14 ooo 6 14 o-o 6 9 -oo 6 8 ooo 7 9 ooo 7 8 ooo 7 13 oo- 7 13 ooo 7 15 o-o 7 15 ooo
mp-1032148,Mg6CuSnO8,160,447,449,287,2.79375,0,False,0,1.0,Mg Mg Mg Mg Mg Mg Cu Sn O O O O O O O O 0 12 ooo 0 12 o+o 0 14 oo+ 0 14 ooo 0 11 -oo 0 10 ooo 1 15 oo+ 1 15 ooo 1 13 ooo 1 13 o+o 1 10 ooo 1 11 ooo 2 12 ooo 2 8 oo+ 2 8 ooo 2 10 ooo 2 10 o-o 2 13 ooo 3 12 +oo 3 9 ooo 3 9 oo+ 3 11 o-o 3 11 ooo 3 13 ooo 4 14 ooo 4 8 o+o 4 8 ooo 4 10 ooo 4 10 oo- 4 15 ooo 5 14 +oo 5 9 o+o 5 9 ooo 5 11 oo- 5 11 ooo 5 15 ooo 6 14 ooo 6 14 o-o 6 12 oo- 6 12 ooo 6 8 ooo 6 9 -oo 7 13 oo- 7 13 ooo 7 15 ooo 7 15 o-o 7 9 ooo 7 8 ooo
mp-1032580,Mg6FeCoO8,160,447,449,287,2.79375,0,False,0,1.0,Mg Mg Mg Mg Mg Mg Fe Co O O O O O O O O 0 11 -oo 0 10 ooo 0 14 ooo 0 14 oo+ 0 12 ooo 0 12 o+o 1 13 ooo 1 13 o+o 1 15 oo+ 1 15 ooo 1 11 ooo 1 10 ooo 2 13 ooo 2 10 o-o 2 10 ooo 2 8 ooo 2 8 oo+ 2 12 ooo 3 13 ooo 3 11 ooo 3 11 o-o 3 9 ooo 3 9 oo+ 3 12 +oo 4 15 ooo 4 10 oo- 4 10 ooo 4 8 o+o 4 8 ooo 4 14 ooo 5 15 ooo 5 11 ooo 5 11 oo- 5 9 ooo 5 9 o+o 5 14 +oo 6 8 ooo 6 9 -oo 6 14 o-o 6 14 ooo 6 12 oo- 6 12 ooo 7 15 ooo 7 15 o-o 7 13 ooo 7 13 oo- 7 9 ooo 7 8 ooo
mp-1033146,Mg6MnAlO8,160,447,449,287,2.79375,0,False,0,1.0,Mg Mg Mg Mg Mg Mg Mn Al O O O O O O O O 0 10 ooo 0 11 -oo 0 14 ooo 0 14 oo+ 0 12 o+o 0 12 ooo 1 15 ooo 1 15 oo+ 1 13 ooo 1 13 o+o 1 11 ooo 1 10 ooo 2 10 o-o 2 10 ooo 2 12 ooo 2 8 oo+ 2 8 ooo 2 13 ooo 3 11 o-o 3 11 ooo 3 12 +oo 3 9 ooo 3 9 oo+ 3 13 ooo 4 10 oo- 4 10 ooo 4 14 ooo 4 8 o+o 4 8 ooo 4 15 ooo 5 11 oo- 5 11 ooo 5 14 +oo 5 9 o+o 5 9 ooo 5 15 ooo 6 13 oo- 6 13 ooo 6 15 ooo 6 15 o-o 6 9 ooo 6 8 ooo 7 8 ooo 7 9 -oo 7 14 o-o 7 14 ooo 7 12 oo- 7 12 ooo
mp-1033174,Mg6MnAlO8,160,447,449,287,2.79375,0,False,0,1.0,Mg Mg Mg Mg Mg Mg Mn Al O O O O O O O O 0 15 o-o 0 15 ooo 0 13 oo- 0 13 ooo 0 9 ooo 0 8 ooo 1 11 ooo 1 10 ooo 1 13 ooo 1 13 o+o 1 15 oo+ 1 15 ooo 2 13 ooo 2 12 ooo 2 10 o-o 2 10 ooo 2 8 ooo 2 8 oo+ 3 13 ooo 3 12 +oo 3 11 ooo 3 11 o-o 3 9 oo+ 3 9 ooo 4 15 ooo 4 14 ooo 4 10 oo- 4 10 ooo 4 8 o+o 4 8 ooo 5 15 ooo 5 14 +oo 5 11 oo- 5 11 ooo 5 9 ooo 5 9 o+o 6 12 o+o 6 12 ooo 6 14 ooo 6 14 oo+ 6 10 ooo 6 11 -oo 7 9 -oo 7 8 ooo 7 14 ooo 7 14 o-o 7 12 oo- 7 12 ooo
mp-1032779,Mg6MnBiO8,160,447,449,287,2.79375,0,False,0,1.0,Mg Mg Mg Mg Mg Mg Mn Bi O O O O O O O O 0 11 -oo 0 10 ooo 0 12 o+o 0 12 ooo 0 14 oo+ 0 14 ooo 1 10 ooo 1 11 ooo 1 15 ooo 1 15 oo+ 1 13 ooo 1 13 o+o 2 12 ooo 2 8 oo+ 2 8 ooo 2 10 o-o 2 10 ooo 2 13 ooo 3 12 +oo 3 9 ooo 3 9 oo+ 3 11 ooo 3 11 o-o 3 13 ooo 4 14 ooo 4 8 o+o 4 8 ooo 4 10 oo- 4 10 ooo 4 15 ooo 5 14 +oo 5 9 ooo 5 9 o+o 5 11 ooo 5 11 oo- 5 15 ooo 6 9 -oo 6 8 ooo 6 12 ooo 6 12 oo- 6 14 ooo 6 14 o-o 7 15 ooo 7 15 o-o 7 13 oo- 7 13 ooo 7 8 ooo 7 9 ooo
mp-1033354,Mg6NbBiO8,160,447,449,287,2.79375,0,False,0,1.0,Mg Mg Mg Mg Mg Mg Nb Bi O O O O O O O O 0 12 ooo 0 12 o+o 0 14 oo+ 0 14 ooo 0 10 ooo 0 11 -oo 1 11 ooo 1 10 ooo 1 15 ooo 1 15 oo+ 1 13 o+o 1 13 ooo 2 12 ooo 2 8 ooo 2 8 oo+ 2 10 o-o 2 10 ooo 2 13 ooo 3 12 +oo 3 9 oo+ 3 9 ooo 3 11 o-o 3 11 ooo 3 13 ooo 4 14 ooo 4 8 ooo 4 8 o+o 4 10 ooo 4 10 oo- 4 15 ooo 5 14 +oo 5 9 ooo 5 9 o+o 5 11 oo- 5 11 ooo 5 15 ooo 6 8 ooo 6 9 -oo 6 14 o-o 6 14 ooo 6 12 ooo 6 12 oo- 7 15 o-o 7 15 ooo 7 13 ooo 7 13 oo- 7 9 ooo 7 8 ooo
mp-1033383,Mg6NbCO8,154,428,430,274,2.779220779220779,0,False,0,1.0,Mg Mg Mg Mg Mg Mg Nb C O O O O O O O O 0 15 o-o 0 15 ooo 0 13 ooo 0 13 oo- 0 9 ooo 0 8 ooo 1 11 ooo 1 10 ooo 1 13 ooo 1 13 o+o 1 15 ooo 1 15 oo+ 2 8 ooo 2 8 oo+ 2 10 o-o 2 10 ooo 2 13 ooo 2 12 ooo 3 9 oo+ 3 9 ooo 3 11 ooo 3 11 o-o 3 13 ooo 3 12 +oo 4 8 o+o 4 8 ooo 4 10 oo- 4 10 ooo 4 15 ooo 4 14 ooo 5 9 ooo 5 9 o+o 5 11 ooo 5 11 oo- 5 15 ooo 5 14 +oo 6 12 ooo 6 12 oo- 6 14 o-o 6 14 ooo 6 8 ooo 6 9 -oo 7 14 oo+ 7 14 ooo 7 12 ooo 7 12 o+o
mp-1033335,Mg6NbCdO8,160,447,449,287,2.79375,0,False,0,1.0,Mg Mg Mg Mg Mg Mg Nb Cd O O O O O O O O 0 12 o+o 0 12 ooo 0 14 oo+ 0 14 ooo 0 11 -oo 0 10 ooo 1 13 o+o 1 13 ooo 1 15 ooo 1 15 oo+ 1 11 ooo 1 10 ooo 2 10 o-o 2 10 ooo 2 8 oo+ 2 8 ooo 2 13 ooo 2 12 ooo 3 11 o-o 3 11 ooo 3 9 oo+ 3 9 ooo 3 13 ooo 3 12 +oo 4 10 oo- 4 10 ooo 4 8 o+o 4 8 ooo 4 15 ooo 4 14 ooo 5 11 oo- 5 11 ooo 5 9 ooo 5 9 o+o 5 15 ooo 5 14 +oo 6 8 ooo 6 9 -oo 6 14 ooo 6 14 o-o 6 12 oo- 6 12 ooo 7 15 ooo 7 15 o-o 7 13 oo- 7 13 ooo 7 9 ooo 7 8 ooo
mp-1031681,Mg6NiBiO8,160,447,449,287,2.79375,0,False,0,1.0,Mg Mg Mg Mg Mg Mg Ni Bi O O O O O O O O 0 11 -oo 0 10 ooo 0 14 ooo 0 14 oo+ 0 12 ooo 0 12 o+o 1 10 ooo 1 11 ooo 1 13 o+o 1 13 ooo 1 15 ooo 1 15 oo+ 2 12 ooo 2 8 ooo 2 8 oo+ 2 10 ooo 2 10 o-o 2 13 ooo 3 12 +oo 3 9 oo+ 3 9 ooo 3 11 o-o 3 11 ooo 3 13 ooo 4 14 ooo 4 8 ooo 4 8 o+o 4 10 oo- 4 10 ooo 4 15 ooo 5 14 +oo 5 9 ooo 5 9 o+o 5 11 ooo 5 11 oo- 5 15 ooo 6 8 ooo 6 9 -oo 6 14 ooo 6 14 o-o 6 12 ooo 6 12 oo- 7 15 ooo 7 15 o-o 7 13 oo- 7 13 ooo 7 8 ooo 7 9 ooo
mp-1030856,Mg6SiCO8,160,446,448,286,2.7875,0,False,0,1.0,Mg Mg Mg Mg Mg Mg Si C O O O O O O O O 0 15 o-o 0 15 ooo 0 13 ooo 0 13 oo- 0 8 ooo 0 9 ooo 1 11 ooo 1 10 ooo 1 15 ooo 1 15 oo+ 1 13 ooo 1 13 o+o 2 12 ooo 2 8 ooo 2 8 oo+ 2 10 o-o 2 10 ooo 2 13 ooo 3 12 +oo 3 9 ooo 3 9 oo+ 3 11 o-o 3 11 ooo 3 13 ooo 4 14 ooo 4 8 o+o 4 8 ooo 4 10 oo- 4 10 ooo 4 15 ooo 5 14 +oo 5 9 ooo 5 9 o+o 5 11 ooo 5 11 oo- 5 15 ooo 6 9 -oo 6 8 ooo 6 12 ooo 6 12 oo- 6 14 o-o 6 14 ooo 7 14 oo+ 7 14 ooo 7 12 ooo 7 12 o+o 7 11 -oo 7 10 ooo
mp-1031414,Mg6SnBiO8,160,447,449,287,2.79375,0,False,0,1.0,Mg Mg Mg Mg Mg Mg Sn Bi O O O O O O O O 0 9 ooo 0 8 ooo 0 13 ooo 0 13 oo- 0 15 ooo 0 15 o-o 1 10 ooo 1 11 ooo 1 15 ooo 1 15 oo+ 1 13 ooo 1 13 o+o 2 13 ooo 2 10 ooo 2 10 o-o 2 8 oo+ 2 8 ooo 2 12 ooo 3 13 ooo 3 11 o-o 3 11 ooo 3 9 oo+ 3 9 ooo 3 12 +oo 4 15 ooo 4 10 ooo 4 10 oo- 4 8 o+o 4 8 ooo 4 14 ooo 5 15 ooo 5 11 oo- 5 11 ooo 5 9 ooo 5 9 o+o 5 14 +oo 6 14 ooo 6 14 o-o 6 12 ooo 6 12 oo- 6 8 ooo 6 9 -oo 7 12 ooo 7 12 o+o 7 14 ooo 7 14 oo+ 7 11 -oo 7 10 ooo
mp-1031751,Mg6SnCO8,154,430,432,276,2.792207792207792,0,False,0,1.0,Mg Mg Mg Mg Mg Mg Sn C O O O O O O O O 0 14 oo+ 0 14 ooo 0 12 ooo 0 12 o+o 0 10 ooo 0 11 -oo 1 13 o+o 1 13 ooo 1 15 oo+ 1 15 ooo 1 11 ooo 1 10 ooo 2 13 ooo 2 10 ooo 2 10 o-o 2 8 oo+ 2 8 ooo 2 12 ooo 3 13 ooo 3 11 o-o 3 11 ooo 3 9 oo+ 3 9 ooo 3 12 +oo 4 15 ooo 4 10 oo- 4 10 ooo 4 8 o+o 4 8 ooo 4 14 ooo 5 15 ooo 5 11 ooo 5 11 oo- 5 9 o+o 5 9 ooo 5 14 +oo 6 9 -oo 6 8 ooo 6 12 oo- 6 12 ooo 6 14 ooo 6 14 o-o 7 15 ooo 7 15 o-o 7 13 oo- 7 13 ooo
mp-1032532,Mg6TiFeO8,160,447,449,287,2.79375,0,False,0,1.0,Mg Mg Mg Mg Mg Mg Ti Fe O O O O O O O O 0 14 oo+ 0 14 ooo 0 12 ooo 0 12 o+o 0 11 -oo 0 10 ooo 1 15 oo+ 1 15 ooo 1 13 ooo 1 13 o+o 1 11 ooo 1 10 ooo 2 12 ooo 2 10 ooo 2 10 o-o 2 8 ooo 2 8 oo+ 2 13 ooo 3 12 +oo 3 11 o-o 3 11 ooo 3 9 ooo 3 9 oo+ 3 13 ooo 4 14 ooo 4 10 ooo 4 10 oo- 4 8 ooo 4 8 o+o 4 15 ooo 5 14 +oo 5 11 ooo 5 11 oo- 5 9 ooo 5 9 o+o 5 15 ooo 6 9 ooo 6 8 ooo 6 15 ooo 6 15 o-o 6 13 ooo 6 13 oo- 7 14 ooo 7 14 o-o 7 12 ooo 7 12 oo- 7 8 ooo 7 9 -oo
mp-1031470,Mg6VBiO8,160,446,448,286,2.7875,0,False,0,1.0,Mg Mg Mg Mg Mg Mg V Bi O O O O O O O O 0 9 ooo 0 8 ooo 0 13 oo- 0 13 ooo 0 15 ooo 0 15 o-o 1 10 ooo 1 11 ooo 1 15 ooo 1 15 oo+ 1 13 o+o 1 13 ooo 2 13 ooo 2 8 oo+ 2 8 ooo 2 10 o-o 2 10 ooo 2 12 ooo 3 13 ooo 3 9 oo+ 3 9 ooo 3 11 o-o 3 11 ooo 3 12 +oo 4 15 ooo 4 8 ooo 4 8 o+o 4 10 ooo 4 10 oo- 4 14 ooo 5 15 ooo 5 9 ooo 5 9 o+o 5 11 ooo 5 11 oo- 5 14 +oo 6 9 -oo 6 8 ooo 6 12 oo- 6 12 ooo 6 14 ooo 6 14 o-o 7 12 o+o 7 12 ooo 7 14 oo+ 7 14 ooo 7 11 -oo 7 10 ooo
mp-1031483,Mg6VBiO8,160,446,448,286,2.7875,0,False,0,1.0,Mg Mg Mg Mg Mg Mg V Bi O O O O O O O O 0 12 ooo 0 12 o+o 0 14 oo+ 0 14 ooo 0 11 -oo 0 10 ooo 1 15 oo+ 1 15 ooo 1 13 o+o 1 13 ooo 1 11 ooo 1 10 ooo 2 12 ooo 2 8 ooo 2 8 oo+ 2 10 o-o 2 10 ooo 2 13 ooo 3 12 +oo 3 9 oo+ 3 9 ooo 3 11 o-o 3 11 ooo 3 13 ooo 4 14 ooo 4 8 ooo 4 8 o+o 4 10 ooo 4 10 oo- 4 15 ooo 5 14 +oo 5 9 o+o 5 9 ooo 5 11 oo- 5 11 ooo 5 15 ooo 6 8 ooo 6 9 -oo 6 12 oo- 6 12 ooo 6 14 ooo 6 14 o-o 7 13 oo- 7 13 ooo 7 15 o-o 7 15 ooo 7 9 ooo 7 8 ooo
mp-1031827,Mg6VNiO8,160,446,448,286,2.7875,0,False,0,1.0,Mg Mg Mg Mg Mg Mg V Ni O O O O O O O O 0 8 ooo 0 9 ooo 0 13 oo- 0 13 ooo 0 15 ooo 0 15 o-o 1 10 ooo 1 11 ooo 1 13 ooo 1 13 o+o 1 15 oo+ 1 15 ooo 2 12 ooo 2 13 ooo 2 8 ooo 2 8 oo+ 2 10 o-o 2 10 ooo 3 12 +oo 3 13 ooo 3 9 oo+ 3 9 ooo 3 11 o-o 3 11 ooo 4 14 ooo 4 15 ooo 4 8 o+o 4 8 ooo 4 10 ooo 4 10 oo- 5 14 +oo 5 15 ooo 5 9 o+o 5 9 ooo 5 11 ooo 5 11 oo- 6 12 ooo 6 12 o+o 6 14 oo+ 6 14 ooo 6 11 -oo 6 10 ooo 7 8 ooo 7 9 -oo 7 12 oo- 7 12 ooo 7 14 o-o 7 14 ooo
mp-1032565,Mg6ZnBiO8,160,447,449,287,2.79375,0,False,0,1.0,Mg Mg Mg Mg Mg Mg Zn Bi O O O O O O O O 0 9 ooo 0 8 ooo 0 13 oo- 0 13 ooo 0 15 o-o 0 15 ooo 1 10 ooo 1 11 ooo 1 13 ooo 1 13 o+o 1 15 oo+ 1 15 ooo 2 13 ooo 2 8 oo+ 2 8 ooo 2 10 o-o 2 10 ooo 2 12 ooo 3 13 ooo 3 9 oo+ 3 9 ooo 3 11 o-o 3 11 ooo 3 12 +oo 4 15 ooo 4 8 ooo 4 8 o+o 4 10 oo- 4 10 ooo 4 14 ooo 5 15 ooo 5 9 o+o 5 9 ooo 5 11 oo- 5 11 ooo 5 14 +oo 6 12 oo- 6 12 ooo 6 14 o-o 6 14 ooo 6 9 -oo 6 8 ooo 7 14 ooo 7 14 oo+ 7 12 o+o 7 12 ooo 7 11 -oo 7 10 ooo
mp-2226815,MgAl4(CuO4)2,129,355,357,226,2.751937984496124,0,False,0,1.0,Mg Al Al Al Al Cu Cu O O O O O O O O 0 10 ooo 0 14 -o- 0 13 -oo 0 11 oo- 0 8 -oo 0 9 o-- 1 9 +oo 1 12 ooo 1 13 o++ 1 14 o+o 2 8 -oo 2 7 ooo 2 11 oo- 2 10 ooo 3 12 -oo 3 7 o-o 3 11 ooo 3 13 -oo 3 10 ooo 3 14 -oo 4 9 ooo 4 8 o-o 4 14 ooo 4 10 ooo 4 11 ooo 4 13 ooo 5 7 ooo 5 12 oo- 5 8 ooo 5 9 oo- 5 10 o+o 5 14 oo- 6 12 ooo 6 7 ooo 6 8 ooo 6 9 ooo 6 11 o+o 6 13 ooo
mp-1189240,MgAlO2F5,90,243,245,153,2.7,0,False,0,1.0,Mg Mg Al Al O O O O F F F F F F F F F F 0 9 ooo 0 13 -oo 0 12 ooo 0 8 -oo 0 6 -oo 0 7 ooo 1 15 ooo 1 11 o-o 1 14 ooo 1 10 o-o 1 5 ooo 1 4 o-o 2 15 ooo 2 11 --o 2 8 -oo 2 12 o-o 2 16 ooo 2 17 --o 3 14 -o- 3 10 ooo 3 9 ooo 3 13 -o- 3 17 -oo 3 16 oo-
mp-2226774,MgAlSbO4,55,144,146,89,2.618181818181818,0,False,0,1.0,Mg Al Sb O O O O 0 6 ooo 0 3 o-o 0 4 ooo 0 4 -oo 0 5 o-o 0 5 --o 1 3 +oo 1 3 ooo 1 6 +oo 1 6 ooo 1 5 ooo 1 4 ooo 2 4 oo- 2 5 o-o 2 6 +oo 2 3 +--
mp-1097674,MgAsPd2,16,43,45,27,2.6875,0,False,0,1.0,Mg As Pd Pd 0 2 ooo 0 3 o-- 1 3 ooo 1 2 ooo
mp-365,MgB4,272,779,781,507,2.863970588235294,0,True,269,0.6546854942233633,Mg Mg Mg Mg B B B B B B B B B B B B B B B B 0 6 oo- 0 12 ooo 0 17 ooo 0 19 o+o 0 14 o+o 0 7 ++o 0 7 o+o 0 18 +o- 0 15 oo- 0 11 ++o 0 11 o+o 1 7 oo+ 1 13 ooo 1 16 ooo 1 18 o-o 1 15 o-o 1 6 o-o 1 6 --o 1 14 -o+ 1 19 oo+ 1 10 --o 1 10 o-o 2 4 ooo 2 19 ooo 2 14 ooo 2 12 ooo 2 17 ooo 2 5 +oo 2 5 ooo 2 16 ooo 2 13 +oo 2 9 +oo 2 9 ooo 3 5 ooo 3 15 ooo 3 18 ooo 3 16 ooo 3 13 ooo 3 4 ooo 3 4 -oo 3 12 ooo 3 17 -oo 3 8 -oo 3 8 ooo 4 16 ooo 4 13 +oo 4 8 ooo 4 10 o-o 5 12 ooo 5 17 -oo 5 9 ooo 5 11 o+o 6 18 +oo 6 15 ooo 6 10 ooo 6 8 ooo 7 14 -oo 7 19 ooo 7 11 ooo 7 9 ooo 8 15 ooo 8 18 +oo 8 19 oo+ 8 14 oo+ 9 14 -oo 9 19 ooo 9 18 oo- 9 15 oo- 10 16 o+o 10 13 ++o 10 17 ooo 10 12 ooo 11 17 --o 11 12 o-o 11 13 ooo 11 16 ooo 12 17 ooo 12 16 o+o 13 16 ooo 13 17 --o 14 19 ooo 14 18 +o- 15 18 ooo 15 19 oo+
mp-1097147,MgBe2Os,16,43,45,27,2.6875,0,False,0,1.0,Mg Be Be Os 0 1 ooo 0 2 o-- 1 3 ooo 2 3 ooo
mp-1038761,MgBi,84,233,235,149,2.7738095238095237,0,False,0,1.0,Mg Mg Mg Mg Mg Mg Bi Bi Bi Bi Bi Bi 0 7 o+o 0 7 ooo 0 6 o+o 0 6 ooo 1 11 oo- 1 11 o+- 1 6 +oo 1 6 ooo 1 6 ++o 1 6 o+o 2 7 +oo 2 7 ooo 3 10 o-o 3 10 ooo 3 9 ooo 3 9 o-o 4 8 o-o 4 8 ooo 4 9 +-o 4 9 +oo 4 9 ooo 4 9 o-o 5 10 ooo 5 10 +oo
mp-1097099,MgBiPd2,16,43,45,27,2.6875,0,False,0,1.0,Mg Bi Pd Pd 0 2 ooo 0 3 o-- 1 3 ooo 1 2 ooo
mp-2232418,MgCd2(CoO2)4,117,321,323,204,2.7435897435897436,0,False,0,1.0,Mg Cd Cd Co Co Co Co O O O O O O O O 0 9 ooo 0 10 +oo 0 11 ooo 0 8 ooo 1 7 oo+ 1 12 ooo 1 9 --+ 1 10 o-+ 2 8 oo+ 2 11 ooo 2 13 +oo 2 14 ooo 3 7 ooo 3 12 ooo 3 13 o-o 3 8 ooo 3 11 ooo 4 7 +oo 4 12 +oo 4 14 o-o 4 8 ooo 4 11 ooo 5 12 ooo 5 8 o+o 5 14 ooo 5 13 ooo 5 10 ooo 5 9 ooo 6 7 oo+ 6 11 o+o 6 14 ooo 6 13 ooo 6 10 oo+ 6 9 oo+
mp-2232561,MgCd2(CoO2)4,126,345,347,219,2.738095238095238,0,False,0,1.0,Mg Cd Cd Co Co Co Co O O O O O O O O 0 10 o-+ 0 14 ooo 0 12 ooo 0 7 oo+ 0 8 oo+ 0 11 ooo 1 9 o-+ 1 13 +oo 1 12 +oo 1 7 +o+ 1 8 oo+ 1 11 ooo 2 14 ooo 2 13 +oo 2 7 ++o 2 12 ++o 3 11 ooo 3 8 ooo 3 7 ooo 3 12 ooo 3 9 ooo 3 13 o-o 4 10 +oo 4 11 ooo 4 8 ooo 5 9 ooo 5 14 ooo 5 13 ooo 5 10 ooo 5 12 ooo 5 8 o+o 6 9 oo+ 6 14 ooo 6 13 ooo 6 10 oo+ 6 7 oo+ 6 11 o+o
mp-2232612,MgCd2(CoO2)4,129,357,359,228,2.7674418604651163,0,False,0,1.0,Mg Cd Cd Co Co Co Co O O O O O O O O 0 11 ooo 0 12 ooo 0 7 oo+ 0 8 oo+ 0 14 ooo 0 10 o-+ 1 9 ooo 1 12 ++- 1 10 +oo 1 14 ooo 1 7 ++o 2 13 +oo 2 8 oo+ 2 14 ooo 2 10 +oo 2 11 ooo 3 12 ooo 3 8 ooo 3 13 o-o 3 9 ooo 3 11 ooo 3 7 ooo 4 11 ooo 4 7 +oo 4 14 o-o 4 10 +oo 5 13 ooo 5 9 ooo 5 8 o+o 5 12 ooo 5 10 ooo 5 14 ooo 6 9 oo+ 6 13 ooo 6 10 oo+ 6 11 o+o 6 7 oo+ 6 14 ooo
mp-2241471,MgCo(NiO2)4,110,297,299,187,2.7,0,False,0,1.0,Mg Co Ni Ni Ni Ni O O O O O O O O 0 9 ooo 0 11 ooo 0 13 +o- 0 7 o+- 1 12 o+- 1 6 +o- 1 13 o-o 1 7 -oo 1 9 ooo 1 8 oo- 2 10 oo- 2 11 -oo 2 12 -oo 2 13 oo- 2 9 o+- 2 8 --o 3 11 oo- 3 10 --o 3 7 --o 3 13 --o 3 6 oo- 3 12 oo- 4 8 oo- 4 10 oo- 4 12 -oo 4 6 o-o 5 10 oo- 5 11 o-o 5 6 o-o 5 7 oo- 5 9 +o- 5 8 --o
mp-2222810,MgCo2(HO2)2,84,220,222,136,2.619047619047619,0,False,0,1.0,Mg Co Co H H O O O O 0 3 o-o 0 3 +oo 0 3 ooo 0 5 ooo 0 5 +oo 0 5 o-o 0 8 ooo 0 8 +oo 0 8 o-o 1 6 ++o 1 6 o+o 1 6 ooo 1 5 ooo 1 5 +oo 1 5 ++o 2 7 ++o 2 7 o+o 2 7 ooo 2 8 oo+ 2 8 +o+ 2 8 +++ 3 5 ooo 3 8 ooo 4 7 ooo 4 6 ooo
mp-2240961,MgCo2(WO4)2,100,267,269,167,2.67,0,False,0,1.0,Mg Co Co W W O O O O O O O O 0 7 o-o 0 6 ooo 0 9 -oo 0 5 -oo 0 10 ooo 0 8 -oo 1 7 ooo 1 11 ooo 1 5 o+o 1 6 ooo 1 8 ooo 2 5 ooo 2 7 o-o 2 8 ooo 2 10 ooo 2 9 ooo 2 6 ooo 3 8 ooo 3 7 +oo 3 12 +o+ 3 10 +oo 3 9 o+o 3 11 oo+ 4 6 +oo 4 5 ooo 4 12 +-o 4 11 ooo 4 10 +o- 4 9 oo-
mp-2232474,MgCo2P2(O4F)2,93,249,251,156,2.6774193548387095,0,False,0,1.0,Mg Co Co P P O O O O O O O O F F 0 14 ooo 0 13 +oo 0 7 ooo 0 10 +oo 0 11 +oo 0 8 ooo 1 12 ooo 1 5 +-+ 1 13 +o+ 1 14 o-o 1 6 o-+ 1 9 +oo 2 13 ooo 2 14 ooo 2 8 ooo 2 11 ooo 2 10 ooo 2 7 ooo 3 9 ooo 3 12 ooo 3 11 ooo 3 10 o-o 4 6 ooo 4 5 ooo 4 8 ooo 4 7 o+o
mp-1097665,MgCo2Si,16,43,45,27,2.6875,0,False,0,1.0,Mg Co Co Si 0 2 o-- 0 1 ooo 1 3 ooo 2 3 ooo
mp-2219451,MgCo3NiO8,103,277,279,174,2.6893203883495147,0,False,0,1.0,Mg Co Co Co Ni O O O O O O O O 0 5 --o 0 12 ooo 0 10 -oo 0 7 o-o 0 8 ooo 0 9 --o 1 5 oo- 1 12 ooo 1 7 oo- 1 10 ooo 1 9 ooo 1 8 oo- 2 8 oo- 2 9 o-o 2 6 oo- 2 11 o-o 2 10 ooo 2 7 o-- 3 12 ooo 3 5 -o- 3 6 -o- 3 11 ooo 3 7 oo- 3 10 -oo 4 9 ooo 4 8 ooo 4 11 ooo 4 6 ooo 4 5 ooo 4 12 ooo
mp-2226703,MgCo3NiO8,97,261,263,164,2.6907216494845363,0,False,0,1.0,Mg Co Co Co Ni O O O O O O O O 0 8 +oo 0 5 o-o 0 6 ooo 0 10 ooo 1 12 ooo 1 9 ooo 1 5 oo- 1 8 oo- 1 7 oo- 1 10 ooo 2 9 ooo 2 11 ooo 2 7 oo- 2 8 o+- 2 6 o+- 2 10 o+o 3 12 ooo 3 11 ooo 3 7 oo- 3 5 -o- 3 6 -o- 3 10 -oo 4 6 ooo 4 8 ooo 4 5 ooo 4 9 ooo 4 11 ooo 4 12 ooo
mp-2233395,MgCo3SbO8,103,278,280,175,2.6990291262135924,0,False,0,1.0,Mg Co Co Co Sb O O O O O O O O 0 5 ooo 0 12 ooo 0 11 ooo 0 6 ooo 0 10 ooo 0 7 ooo 1 8 o-- 1 9 ooo 1 11 o-o 1 6 oo- 1 5 oo- 1 12 o-o 2 8 -o- 2 9 ooo 2 10 -oo 2 7 oo- 2 5 oo- 2 12 -oo 3 9 ooo 3 8 oo- 3 10 ooo 3 7 oo- 3 11 ooo 3 6 oo- 4 10 -oo 4 7 o-- 4 5 oo- 4 12 --o 4 11 o-o 4 6 -o-
mp-2233075,MgCo4(HgO4)2,132,363,365,231,2.75,0,False,0,1.0,Mg Co Co Co Co Hg Hg O O O O O O O O 0 11 ooo 0 14 ooo 0 7 o+o 0 10 o+o 0 1 o+o 0 2 o+o 0 4 ooo 1 8 oo- 1 12 oo- 1 13 oo- 1 10 ooo 1 7 ooo 1 11 o-o 2 8 ooo 2 12 ooo 2 9 ooo 2 10 ooo 2 7 ooo 2 14 o-o 3 12 ooo 3 9 ooo 3 13 ooo 3 7 o+o 3 11 ooo 3 14 ooo 4 13 -oo 4 9 -oo 4 8 -oo 4 10 o+o 4 11 ooo 4 14 ooo 5 8 -oo 5 12 ooo 5 13 --o 5 9 --+ 6 14 oo- 6 11 ooo 6 7 -oo 6 10 ooo
mp-2219975,MgCo4(O3F)2,97,261,263,164,2.6907216494845363,0,False,0,1.0,Mg Co Co Co Co O O O O O O F F 0 12 ooo 0 9 ooo 0 11 +oo 0 10 ooo 0 7 +oo 0 5 +oo 1 10 -+o 1 8 -oo 1 6 o+o 1 5 oo- 1 12 -+- 1 11 ooo 2 10 -+o 2 9 -oo 2 7 o+o 2 11 ooo 2 5 ooo 2 12 -+o 3 8 ooo 3 6 ooo 3 7 ooo 3 9 ooo 3 11 ooo 4 5 ooo 4 8 oo+ 4 6 oo+ 4 9 ooo 4 7 ooo
mp-2229305,MgCo4OF11,107,289,291,182,2.7009345794392523,0,False,0,1.0,Mg Co Co Co Co O F F F F F F F F F F F 0 6 oo+ 0 11 oo+ 0 9 ooo 0 8 ooo 0 12 ooo 0 13 ooo 1 5 ooo 1 8 +oo 1 14 ooo 1 7 +oo 1 15 ooo 1 9 +oo 2 15 oo- 2 7 ++o 2 16 o+- 2 14 ooo 2 9 ++- 2 6 +oo 3 5 ooo 3 10 ooo 3 11 ooo 3 12 ooo 3 13 ooo 3 8 ooo 4 16 oo- 4 10 o-o 4 12 o-- 4 13 oo- 4 11 ooo 4 6 o-o
mp-2229628,MgCo4OF11,107,291,293,184,2.7196261682242993,0,False,0,1.0,Mg Co Co Co Co O F F F F F F F F F F F 0 15 o-o 0 10 o-o 0 5 ooo 0 16 ooo 0 13 ooo 0 12 o-o 1 5 ooo 1 8 +oo 1 7 +oo 1 14 ooo 1 15 ooo 1 9 +oo 2 9 o+- 2 14 -oo 2 7 o+o 2 6 ooo 2 16 -+- 2 15 -o- 3 8 ooo 3 13 ooo 3 5 ooo 3 10 ooo 3 11 ooo 3 12 ooo 4 11 ooo 4 6 o-o 4 12 o-- 4 10 o-o 4 13 oo- 4 16 oo-
mp-2228518,MgCo5O8,110,297,299,187,2.7,0,False,0,1.0,Mg Co Co Co Co Co O O O O O O O O 0 12 +-o 0 10 ooo 0 13 ooo 0 11 oo+ 1 12 ooo 1 7 ooo 1 11 ooo 1 8 ooo 1 10 ooo 1 9 ooo 2 10 o+o 2 9 ooo 2 11 o+o 2 8 ooo 2 13 -+o 2 6 +oo 3 7 -+o 3 6 ooo 3 9 ooo 3 8 oo- 4 13 -oo 4 6 ooo 4 11 ooo 4 8 -oo 4 12 ooo 4 7 -oo 5 13 -oo 5 12 ooo 5 10 ooo 5 6 oo+ 5 7 -o+ 5 9 -o+
mp-2228534,MgCo5O8,95,255,257,160,2.6842105263157894,0,False,0,1.0,Mg Co Co Co Co Co O O O O O O O O 0 12 ooo 0 7 ooo 0 9 ooo 0 8 ooo 1 7 ooo 1 6 +-o 1 10 ooo 1 11 ooo 2 13 -oo 2 9 o-o 2 8 o-o 2 11 ooo 2 10 ooo 3 7 -+o 3 13 oo- 3 9 ooo 3 8 oo- 4 11 ooo 4 12 ooo 4 6 ooo 4 8 -oo 4 13 -oo 5 10 ooo 5 12 ooo 5 6 oo+ 5 9 -o+ 5 13 -oo
mp-2231056,MgCo5SnO12,145,405,407,260,2.793103448275862,0,False,0,1.0,Mg Co Co Co Co Co Sn O O O O O O O O O O O O 0 14 ooo 0 7 ooo 0 9 +oo 0 10 ooo 0 15 +-o 0 18 ooo 1 11 ooo 1 12 o+o 1 13 -oo 1 18 -+o 1 9 ooo 1 10 ooo 2 16 oo- 2 8 oo- 2 14 ooo 2 17 oo- 2 7 ooo 2 15 ooo 3 17 o-o 3 8 ooo 3 15 o-+ 3 7 -o+ 3 16 -oo 3 14 oo+ 4 12 +oo 4 13 ooo 4 11 ooo 4 10 ooo 4 9 +oo 4 18 ooo 5 13 ooo 5 11 o+o 5 12 o+o 5 10 ooo 5 9 o+o 5 18 o+o 6 8 +oo 6 17 ooo 6 16 o+o 6 14 o++ 6 15 +o+ 6 7 oo+
mp-2230259,MgCo6(O2F)4,136,377,379,241,2.7720588235294117,0,False,0,1.0,Mg Co Co Co Co Co Co O O O O O O O O F F F F 0 16 ooo 0 18 ooo 0 11 ooo 0 13 ooo 0 8 ooo 0 7 ooo 1 9 ooo 1 10 o+o 1 14 ooo 1 13 o+o 1 8 o+o 2 10 ooo 2 11 oo+ 2 13 ooo 2 12 ooo 2 7 ooo 3 14 ooo 3 9 ooo 3 11 ooo 3 12 oo- 3 15 oo- 4 12 +oo 4 9 ooo 4 17 +oo 4 15 ooo 4 7 ooo 4 18 +oo 5 8 ooo 5 7 ooo 5 18 +oo 5 16 +oo 5 13 +oo 5 11 ooo 6 8 ooo 6 14 +-o 6 10 oo- 6 17 +-- 6 15 o-- 6 16 +oo
mp-2230588,MgCo6(O2F)4,130,360,362,230,2.769230769230769,0,False,0,1.0,Mg Co Co Co Co Co Co O O O O O O O O F F F F 0 15 ooo 0 7 ooo 0 13 ooo 0 8 ooo 1 17 ooo 1 12 o-o 1 9 +oo 1 15 +-+ 1 16 +-o 1 14 oo+ 2 7 +-o 2 14 ooo 2 13 o-o 2 8 +oo 2 18 ooo 2 15 +-o 3 7 ooo 3 11 -oo 3 10 o+o 3 17 -+o 3 16 ooo 3 18 -+o 4 14 ooo 4 9 oo- 4 12 oo- 4 8 ooo 4 13 ooo 5 12 ooo 5 9 ooo 5 10 ooo 5 11 ooo 5 16 ooo 6 11 ooo 6 10 ooo 6 18 ooo 6 8 ooo 6 13 ooo
mp-2230668,MgCo6(O2F)4,145,404,406,259,2.786206896551724,0,False,0,1.0,Mg Co Co Co Co Co Co O O O O O O O O F F F F 0 18 -oo 0 15 ooo 0 8 ooo 0 13 -oo 0 7 ooo 0 14 -oo 1 17 oo- 1 9 +o- 1 12 o-- 1 14 ooo 1 16 +-- 1 15 +-o 2 7 +-o 2 14 ooo 2 8 +oo 2 13 o-o 2 18 ooo 2 15 +-o 3 16 ooo 3 11 -oo 3 10 o+o 3 7 ooo 3 17 -+o 3 18 -+o 4 12 oo- 4 9 oo- 4 8 ooo 4 13 ooo 4 14 ooo 4 15 ooo 5 11 ooo 5 9 ooo 5 10 ooo 5 12 ooo 5 17 ooo 5 16 ooo 6 10 ooo 6 11 ooo 6 13 ooo 6 8 ooo 6 7 ooo 6 18 ooo
mp-2231382,MgCo6(O2F)4,142,395,397,253,2.7816901408450705,0,False,0,1.0,Mg Co Co Co Co Co Co O O O O O O O O F F F F 0 17 -o+ 0 16 o-o 0 7 ooo 0 13 ooo 0 10 ooo 0 9 ooo 1 14 ooo 1 8 o+o 1 13 +oo 1 12 oo+ 1 15 ooo 1 10 +oo 2 11 ooo 2 15 ooo 2 10 ooo 2 9 ooo 2 16 ooo 2 7 ooo 3 12 ooo 3 8 ooo 3 15 ooo 3 17 ooo 3 9 ooo 3 18 ooo 4 9 ooo 4 11 o-o 4 14 -oo 4 7 oo- 4 13 ooo 5 11 o-o 5 8 oo- 5 12 o-o 5 7 oo- 5 18 ooo 5 16 o-- 6 10 +oo 6 14 oo+ 6 18 o++ 6 13 ++o 6 17 o++ 6 16 +oo
mp-2231482,MgCo6(O2F)4,139,387,389,248,2.7841726618705036,0,False,0,1.0,Mg Co Co Co Co Co Co O O O O O O O O F F F F 0 16 oo- 0 10 ooo 0 7 ooo 0 14 ooo 0 11 ooo 0 12 ooo 1 8 o+o 1 13 ooo 1 15 ooo 1 14 +oo 1 12 oo+ 1 17 +oo 2 10 ooo 2 16 ooo 2 7 oo+ 2 11 ooo 2 17 ooo 2 15 ooo 3 10 ooo 3 9 ooo 3 8 ooo 3 12 ooo 3 15 ooo 3 18 ooo 4 9 -oo 4 13 -oo 4 11 o-o 4 14 ooo 4 7 ooo 5 18 ooo 5 12 o-o 5 7 ooo 5 8 oo- 5 11 o-o 6 13 ooo 6 18 oo+ 6 14 +-+ 6 17 +-o 6 9 oo+ 6 16 +-o
mp-2228407,MgCo6(O3F)3,136,377,379,241,2.7720588235294117,0,False,0,1.0,Mg Co Co Co Co Co Co O O O O O O O O O F F F 0 16 ooo 0 14 oo+ 0 7 ooo 0 10 oo+ 0 8 ooo 0 12 oo+ 1 15 ooo 1 14 oo+ 1 11 +oo 1 7 ooo 1 18 +oo 1 17 o+o 2 13 o+o 2 11 ooo 2 7 ooo 2 10 ooo 2 8 ooo 3 17 ooo 3 9 ooo 3 7 ooo 3 10 ooo 3 12 ooo 4 15 -oo 4 13 ooo 4 9 -oo 4 10 ooo 4 18 ooo 4 16 oo- 5 14 ooo 5 12 o+o 5 16 o+- 5 8 oo- 5 13 o+o 5 17 o+- 6 11 +-- 6 9 ooo 6 12 ooo 6 8 +-- 6 18 +o-
mp-2228436,MgCo6(O3F)3,139,386,388,247,2.776978417266187,0,False,0,1.0,Mg Co Co Co Co Co Co O O O O O O O O O F F F 0 18 +oo 0 17 ooo 0 9 ooo 0 12 oo+ 0 7 ooo 0 11 +-o 1 11 +oo 1 7 ooo 1 15 ooo 1 14 oo+ 1 18 +oo 1 17 o+o 2 8 ooo 2 10 ooo 2 7 ooo 2 11 ooo 2 16 ooo 2 13 o+o 3 14 ooo 3 10 ooo 3 12 ooo 3 9 ooo 3 7 ooo 4 10 ooo 4 13 ooo 4 15 -oo 4 16 oo- 4 9 -oo 4 18 ooo 5 13 o+o 5 16 o+- 5 14 ooo 5 8 oo- 5 17 o+- 5 12 o+o 6 15 -oo 6 8 oo- 6 9 -+o 6 12 -+o 6 11 oo-
mp-2228429,MgCo6(OF)6,136,378,380,242,2.7794117647058822,0,False,0,1.0,Mg Co Co Co Co Co Co O O O O O O F F F F F F 0 13 ooo 0 14 o+o 0 15 o+o 0 12 o+o 0 11 ooo 0 10 ooo 1 7 +oo 1 17 o+o 1 10 oo+ 1 12 o++ 1 13 +o+ 2 8 +oo 2 18 o+o 2 11 ooo 2 12 o+o 2 13 +oo 3 9 ooo 3 8 o-o 3 7 o-o 3 18 -oo 3 17 -oo 4 14 ooo 4 15 ooo 4 11 ooo 4 10 ooo 4 12 ooo 4 13 ooo 5 7 ooo 5 17 ooo 5 10 oo+ 5 9 ooo 5 16 ooo 5 15 oo+ 6 8 ooo 6 18 ooo 6 11 ooo 6 9 ooo 6 16 ooo 6 14 ooo
mp-2230306,MgCo6O7F5,139,387,389,248,2.7841726618705036,0,False,0,1.0,Mg Co Co Co Co Co Co O O O O O O O F F F F F 0 16 ooo 0 17 +-o 0 14 ooo 0 18 oo+ 0 12 +oo 0 8 ooo 1 13 +oo 1 11 oo+ 1 12 +oo 1 8 o+o 1 17 +oo 1 14 ooo 2 7 ooo 2 10 ooo 2 17 ooo 2 9 ooo 2 15 ooo 2 14 ooo 3 9 ooo 3 11 ooo 3 18 ooo 3 8 ooo 3 14 ooo 3 16 ooo 4 9 ooo 4 13 ooo 4 7 oo- 4 10 o-o 4 12 ooo 5 10 oo+ 5 7 o+o 5 11 oo+ 5 8 o+o 5 15 ooo 6 15 oo- 6 16 -+o 6 13 ooo 6 12 o+- 6 17 oo- 6 18 -+o
mp-2230684,MgCo6O7F5,139,387,389,248,2.7841726618705036,0,False,0,1.0,Mg Co Co Co Co Co Co O O O O O O O F F F F F 0 14 ooo 0 15 ooo 0 18 o+o 0 10 ooo 0 8 o+o 0 9 o+o 1 12 +oo 1 13 +oo 1 11 oo+ 1 8 o+o 1 17 +oo 2 17 ooo 2 9 ooo 2 7 ooo 2 10 ooo 2 14 ooo 2 15 ooo 3 11 ooo 3 16 ooo 3 14 ooo 3 18 ooo 3 9 ooo 3 8 ooo 4 13 ooo 4 7 oo- 4 12 ooo 4 9 ooo 4 10 o-o 5 7 o+o 5 10 oo+ 5 11 oo+ 5 8 o+o 5 15 ooo 5 18 o++ 6 16 -o+ 6 17 o-o 6 12 ooo 6 15 o-o 6 13 o-+ 6 18 -o+
mp-2231787,MgCo6O7F5,139,386,388,247,2.776978417266187,0,False,0,1.0,Mg Co Co Co Co Co Co O O O O O O O F F F F F 0 17 ooo 0 15 ooo 0 8 ooo 0 13 oo+ 0 9 o+o 0 11 ooo 1 7 ooo 1 12 ooo 1 13 o-o 1 8 o-o 1 9 ooo 2 9 ooo 2 11 ooo 2 10 oo+ 2 12 ooo 2 16 oo+ 2 14 ooo 3 10 ooo 3 8 ooo 3 18 ooo 3 11 oo- 3 13 ooo 4 14 ooo 4 15 ooo 4 11 +oo 4 18 +oo 4 17 +oo 4 8 ooo 5 7 -oo 5 12 ooo 5 18 ooo 5 10 -oo 5 14 -oo 5 16 ooo 6 17 +-o 6 7 oo+ 6 9 ooo 6 13 +-+ 6 16 +o+ 6 15 o-o
mp-2231932,MgCo6O7F5,133,371,373,238,2.789473684210526,0,False,0,1.0,Mg Co Co Co Co Co Co O O O O O O O F F F F F 0 15 ooo 0 17 o+o 0 14 ooo 0 18 o+o 0 11 ooo 0 10 o+o 1 7 ooo 1 16 -+o 1 14 oo- 1 12 -oo 1 9 o+o 2 16 -+o 2 8 o+o 2 13 -oo 2 15 ooo 2 7 ooo 2 18 -+o 3 17 ooo 3 10 +oo 3 18 ooo 3 11 o-o 3 14 +-o 3 15 +-o 4 13 ooo 4 12 ooo 4 9 ooo 4 8 ooo 4 7 ooo 5 9 oo+ 5 12 oo+ 5 11 ooo 5 10 ooo 5 17 ooo 6 13 ooo 6 8 ooo 6 10 ooo 6 11 ooo 6 18 ooo
mp-2232014,MgCo6O7F5,139,386,388,247,2.776978417266187,0,False,0,1.0,Mg Co Co Co Co Co Co O O O O O O O F F F F F 0 15 ooo 0 17 ooo 0 18 ooo 0 9 -oo 0 8 -+o 0 7 -oo 1 8 ooo 1 10 ooo 1 15 o-o 1 13 ooo 1 9 o-o 2 10 ooo 2 12 ooo 2 13 ooo 2 11 oo+ 2 16 oo+ 2 14 ooo 3 7 ooo 3 11 ooo 3 9 ooo 3 12 oo- 3 15 ooo 4 12 +oo 4 14 ooo 4 7 oo+ 4 17 +oo 4 18 +oo 4 9 ooo 5 13 +oo 5 11 ooo 5 16 +oo 5 14 ooo 5 8 ooo 5 18 +oo 6 10 ooo 6 16 +o+ 6 17 +-o 6 8 oo+ 6 7 o-+ 6 15 +-+
mp-2232050,MgCo6O7F5,136,378,380,242,2.7794117647058822,0,False,0,1.0,Mg Co Co Co Co Co Co O O O O O O O F F F F F 0 17 o+o 0 15 ooo 0 9 o+o 0 11 ooo 0 10 o+o 0 12 ooo 1 13 ooo 1 14 +-o 1 17 oo- 1 9 +o- 1 15 +-- 1 12 o-- 2 18 -oo 2 14 o-o 2 8 ooo 2 16 --o 2 7 o-o 2 13 -oo 3 7 ooo 3 18 -+o 3 15 ooo 3 17 -+o 3 10 o+o 3 11 -oo 4 8 ooo 4 12 oo- 4 13 ooo 4 16 ooo 4 9 oo- 5 9 ooo 5 10 ooo 5 11 ooo 5 12 ooo 5 15 ooo 6 8 ooo 6 7 ooo 6 11 ooo 6 16 ooo 6 10 ooo
mp-2230020,MgCo7O12,164,465,467,301,2.8353658536585367,0,False,0,1.0,Mg Co Co Co Co Co Co Co O O O O O O O O O O O O 0 16 ooo 0 8 -+o 0 11 o++ 0 12 ooo 0 19 oo+ 0 15 oo+ 1 14 o-o 1 15 -oo 1 10 ooo 1 11 ooo 1 18 -oo 1 19 o-o 2 8 ooo 2 16 ooo 2 11 +o+ 2 19 +o+ 2 12 +oo 2 15 oo+ 3 13 ooo 3 9 o-o 3 16 o-o 3 17 -oo 3 8 -oo 3 12 ooo 4 17 ooo 4 9 ooo 4 13 o+o 4 10 o+o 4 14 ooo 4 18 o+o 5 18 ooo 5 10 ooo 5 19 ooo 5 15 ooo 5 14 ooo 5 11 ooo 6 12 ooo 6 9 ooo 6 8 ooo 6 13 ooo 6 16 ooo 6 17 ooo 7 18 o+o 7 15 ooo 7 14 ooo 7 19 +oo 7 10 +oo 7 11 o+o
mp-2230053,MgCo7O12,164,463,465,299,2.823170731707317,0,False,0,1.0,Mg Co Co Co Co Co Co Co O O O O O O O O O O O O 0 12 +oo 0 13 o+o 0 9 +oo 0 8 o+o 0 16 ooo 0 17 ooo 1 14 o-o 1 15 -oo 1 10 ooo 1 11 ooo 1 18 -oo 1 19 o-o 2 16 ooo 2 11 +o+ 2 8 ooo 2 12 +oo 2 19 +o+ 2 15 oo+ 3 13 ooo 3 12 ooo 3 9 o-o 3 8 -oo 3 16 o-o 3 17 -oo 4 17 o-o 4 10 ooo 4 9 o-o 4 13 ooo 4 18 ooo 4 14 o-o 5 11 ooo 5 10 ooo 5 19 ooo 5 18 ooo 5 14 ooo 5 15 ooo 6 16 ooo 6 17 ooo 6 8 ooo 6 9 ooo 6 12 ooo 6 13 ooo 7 15 ooo 7 14 ooo 7 19 +oo 7 18 o+o 7 11 o+o 7 10 +oo
mp-1273498,MgCr(GeO3)2,140,395,397,255,2.8214285714285716,0,False,0,1.0,Mg Mg Cr Cr Ge Ge Ge Ge O O O O O O O O O O O O 0 13 ooo 0 12 +oo 0 17 o-o 0 16 oo+ 0 8 ooo 0 9 ooo 1 14 -oo 1 15 ooo 1 19 o+o 1 18 oo- 1 11 ooo 1 10 ooo 2 13 ooo 2 12 ooo 2 19 oo+ 2 18 o-o 2 17 o-o 2 16 -o+ 3 14 ooo 3 15 ooo 3 16 o+o 3 17 oo- 3 19 o+o 3 18 +o- 4 15 ooo 4 16 ooo 4 8 ooo 4 11 +oo 5 14 ooo 5 17 ooo 5 9 ooo 5 10 ooo 6 13 ooo 6 18 ooo 6 10 ooo 6 9 -oo 7 12 ooo 7 19 ooo 7 11 ooo 7 8 ooo
mp-2230385,MgCr2(CoO3)4,145,404,406,259,2.786206896551724,0,False,0,1.0,Mg Cr Cr Co Co Co Co O O O O O O O O O O O O 0 12 ooo 0 9 +oo 0 7 +oo 0 16 ooo 0 15 ooo 0 18 ooo 1 14 o-- 1 8 oo- 1 7 o-o 1 13 --- 1 12 ooo 1 18 -oo 2 10 ooo 2 11 ooo 2 16 ooo 2 17 ooo 2 15 ooo 2 9 ooo 3 10 ooo 3 11 o+o 3 17 -oo 3 15 -oo 3 9 ooo 3 16 o+o 4 13 oo- 4 8 oo- 4 14 oo- 4 12 ooo 4 18 o+o 4 7 ooo 5 14 o-o 5 8 +oo 5 13 ooo 5 18 oo+ 5 7 +o+ 5 12 oo+ 6 11 +oo 6 10 o-o 6 17 ooo 6 16 ooo 6 9 +oo 6 15 o-o
mp-2219892,MgCr2(FeO4)2,91,245,247,154,2.6923076923076925,0,False,0,1.0,Mg Cr Cr Fe Fe O O O O O O O O 0 11 ooo 0 6 oo- 0 12 oo- 0 5 ooo 0 7 ooo 0 10 oo- 1 8 ooo 1 7 ooo 1 5 ooo 1 11 ooo 2 9 ooo 2 10 ooo 2 12 ooo 2 6 ooo 3 10 --- 3 7 ooo 3 6 o-- 3 11 -oo 3 12 -o- 3 5 o-o 4 9 --o 4 8 ooo 4 6 o-o 4 11 -oo 4 5 o-o 4 12 -oo
mp-2227391,MgCr2(FeO4)2,79,211,213,132,2.670886075949367,0,False,0,1.0,Mg Cr Cr Fe Fe O O O O O O O O 0 6 +oo 0 12 o+o 0 10 ooo 0 9 ooo 1 8 ooo 1 7 ooo 1 5 ooo 1 11 ooo 2 9 ooo 2 10 ooo 2 12 ooo 2 6 ooo 3 7 ooo 3 5 o-o 3 11 -oo 3 6 o-- 3 12 -o- 4 8 ooo 4 5 o-o 4 11 -oo 4 6 o-o 4 12 -oo
mp-2218416,MgCr2(NiO4)2,79,210,212,131,2.6582278481012658,0,False,0,1.0,Mg Cr Cr Ni Ni O O O O O O O O 0 10 ooo 0 11 ooo 0 6 o-o 0 7 +oo 1 10 ooo 1 11 ooo 1 7 ooo 1 6 ooo 2 9 ooo 2 12 ooo 2 8 ooo 2 5 ooo 3 12 ooo 3 8 -oo 3 5 o+o 3 6 -oo 3 7 o+o 4 9 ooo 4 8 -oo 4 5 o+o 4 6 -o+ 4 7 o++
mp-2232665,MgCr2(PO5)2,93,248,250,155,2.6666666666666665,0,False,0,1.0,Mg Cr Cr P P O O O O O O O O O O 0 14 ooo 0 5 +oo 0 11 ooo 0 12 ooo 0 8 ooo 0 7 o-o 1 13 ooo 1 14 oo- 1 9 -oo 1 6 ooo 1 8 oo- 1 11 +o- 2 13 oo+ 2 14 o+o 2 10 +oo 2 7 ooo 2 5 o++ 2 12 -++ 3 6 ooo 3 5 ooo 3 12 ooo 3 11 ooo 4 10 ooo 4 9 ooo 4 7 ooo 4 8 ooo
mp-2231478,MgCr2(SbO3)4,127,353,355,226,2.779527559055118,0,False,0,1.0,Mg Cr Cr Sb Sb Sb Sb O O O O O O O O O O O O 0 18 -oo 0 9 ooo 0 10 ooo 0 13 -oo 1 18 -++ 1 9 oo+ 1 14 -oo 1 11 o+o 1 7 ooo 1 16 -+o 2 10 ooo 2 13 ooo 2 17 ooo 2 8 ooo 2 12 ooo 2 15 ooo 3 17 ooo 3 8 +-o 3 13 o-o 3 10 +oo 4 15 ooo 4 12 ooo 4 11 ooo 4 14 ooo 4 7 ooo 4 16 ooo 5 11 oo- 5 14 oo- 5 18 ooo 5 9 ooo 6 7 o-o 6 16 -oo 6 8 o-o 6 17 -oo 6 12 ooo 6 15 --o
mp-2218930,MgCr2Cd2O8,91,243,245,152,2.67032967032967,0,False,0,1.0,Mg Cr Cr Cd Cd O O O O O O O O 0 5 ooo 0 6 ooo 0 7 ooo 0 8 ooo 0 12 ooo 0 10 ooo 1 11 ooo 1 10 ooo 1 7 ooo 1 6 ooo 2 9 ooo 2 12 ooo 2 8 ooo 2 5 ooo 3 12 o-o 3 10 -oo 3 8 ooo 3 7 --o 3 6 ooo 3 5 --o 4 11 -oo 4 9 o-- 4 6 ooo 4 5 --- 4 8 oo- 4 7 --o
mp-2215787,MgCr2O4,52,136,138,84,2.6153846153846154,0,False,0,1.0,Mg Cr Cr O O O O 0 3 -oo 0 3 ooo 0 5 ooo 0 6 ooo 1 4 ooo 1 6 +oo 1 6 ooo 1 5 +oo 1 5 ooo 2 4 ooo 2 4 -oo 2 5 o+o 2 6 oo- 2 3 -+- 2 3 o+-
mp-2218476,MgCr3AgO8,85,227,229,142,2.6705882352941175,0,False,0,1.0,Mg Cr Cr Cr Ag O O O O O O O O 0 8 ooo 0 7 oo- 0 6 ooo 0 5 ooo 1 9 ooo 1 8 ++o 1 12 o+o 1 11 +oo 1 5 o+o 1 6 +oo 2 10 ooo 2 9 ooo 2 5 ooo 2 6 ooo 3 12 ooo 3 11 ooo 3 7 ooo 3 8 ooo 4 7 ooo 4 10 --+ 4 11 o-o 4 12 -oo 4 5 -o+ 4 6 o-+
mp-2218796,MgCr3InO8,76,203,205,127,2.6710526315789473,0,False,0,1.0,Mg Cr Cr Cr In O O O O O O O O 0 12 ooo 0 9 +oo 0 7 o+o 0 4 ++- 1 8 ooo 1 6 ooo 1 5 ooo 1 10 ooo 2 11 ooo 2 12 ooo 2 9 ooo 2 7 ooo 3 8 ++o 3 11 ooo 3 5 o+o 3 10 +oo 3 9 +oo 3 7 o+o 4 6 ooo 4 5 -oo 4 10 o-o
mp-2232473,MgCr4(CuO4)2,117,321,323,204,2.7435897435897436,0,False,0,1.0,Mg Cr Cr Cr Cr Cu Cu O O O O O O O O 0 7 ooo 0 9 ooo 0 11 ooo 0 14 o+o 0 8 o+o 0 10 ++o 1 13 o+o 1 7 ooo 1 11 -oo 1 12 ooo 1 10 o+o 1 14 o+o 2 12 +oo 2 9 ooo 2 14 ooo 2 13 ooo 2 8 ooo 2 11 ooo 3 7 +oo 3 9 oo- 3 14 oo- 3 11 ooo 3 10 oo- 3 8 ooo 4 13 ooo 4 12 ooo 4 10 ooo 4 8 -oo 4 9 ooo 4 7 ooo 5 8 o+o 5 12 oo- 6 10 oo- 6 13 ooo
mp-2218860,MgCr4O8,85,228,230,143,2.6823529411764704,0,False,0,1.0,Mg Cr Cr Cr Cr O O O O O O O O 0 12 ooo 0 11 ooo 0 8 o+o 0 6 +oo 1 11 --+ 1 12 --o 1 9 o-o 1 10 -oo 2 7 oo- 2 5 ooo 2 6 o-o 2 8 -oo 3 5 ooo 3 12 oo- 3 8 ooo 3 6 ooo 3 10 oo- 3 9 oo- 4 7 ooo 4 11 ooo 4 8 ooo 4 6 ooo 4 10 ooo 4 9 ooo
mp-1341998,MgCrO2,124,345,347,221,2.782258064516129,0,False,0,1.0,Mg Mg Mg Mg Cr Cr Cr Cr O O O O O O O O 0 14 o+o 0 14 +oo 0 11 ooo 0 13 +oo 0 13 o+o 1 12 o-o 1 12 -oo 1 8 ooo 1 15 -oo 1 15 o-o 2 10 +oo 2 10 o+o 2 14 ++o 3 9 -oo 3 9 o-o 3 12 --o 4 11 o-+ 4 11 -o+ 4 12 o-o 4 12 -oo 5 11 ooo 5 10 +oo 5 10 o+o 5 13 o+o 5 13 +oo 5 15 ooo 6 8 ooo 6 9 -oo 6 9 o-o 6 15 -oo 6 15 o-o 6 13 ooo 7 8 o+- 7 8 +o- 7 14 o+o 7 14 +oo
mp-2240484,MgCrP2S7,65,170,172,105,2.6153846153846154,0,False,0,1.0,Mg Cr P P S S S S S S S 0 10 o+o 0 7 -oo 0 5 oo- 0 6 ooo 1 8 ooo 1 4 ooo 1 10 oo+ 1 6 oo+ 1 5 ooo 1 9 oo+ 2 4 oo- 2 9 -oo 2 7 -oo 2 6 ooo 3 10 oo+ 3 8 ooo 3 5 o-o 3 7 o-+
mp-2240153,MgCrPbO3,39,102,104,63,2.6153846153846154,0,False,0,1.0,Mg Cr Pb O O O 0 3 o+o 0 5 oo+ 0 5 ooo 0 4 +oo 0 4 ooo 1 5 ooo 1 5 -oo 1 4 ooo 1 4 oo- 1 3 ooo 2 3 ooo
mp-2232276,MgCu2(IrS2)4,135,370,372,235,2.740740740740741,0,False,0,1.0,Mg Cu Cu Ir Ir Ir Ir S S S S S S S S 0 14 ooo 0 9 oo- 0 10 oo- 0 13 ooo 0 3 ooo 0 6 oo- 0 5 oo- 0 4 ooo 1 13 ooo 1 10 ooo 1 9 +oo 1 14 o-o 2 12 o-o 2 7 o-- 2 11 ooo 2 8 --- 3 11 +oo 3 12 +oo 3 7 +oo 3 10 oo- 3 13 ooo 3 14 ooo 4 11 ooo 4 12 ooo 4 8 ooo 4 9 oo- 4 13 ooo 4 14 ooo 5 8 ooo 5 7 ooo 5 11 ooo 5 14 oo+ 5 10 ooo 5 9 ooo 6 8 o-o 6 7 o-o 6 12 o-o 6 13 oo+ 6 10 ooo 6 9 ooo
mp-1222038,MgCu2(PO4)2,79,209,211,130,2.6455696202531644,0,False,0,1.0,Mg Cu Cu P P O O O O O O O O 0 11 +oo 0 6 ooo 0 10 ooo 0 7 ooo 0 5 o-o 1 9 o-o 1 10 -o- 1 8 ooo 1 7 --- 2 12 -oo 2 9 ooo 2 5 ooo 2 6 o+o 2 8 ooo 3 11 ooo 3 7 ooo 3 9 oo+ 3 5 ooo 4 10 oo- 4 12 ooo 4 8 ooo 4 6 ooo
mp-2215902,MgCu2(RhO2)4,129,354,356,225,2.744186046511628,0,False,0,1.0,Mg Cu Cu Rh Rh Rh Rh O O O O O O O O 0 13 o+o 0 11 oo- 0 14 -o- 0 12 o+- 0 7 ooo 0 8 o+o 1 9 ooo 1 12 +oo 1 14 o-o 1 13 +o+ 2 10 ooo 2 7 ooo 2 8 o+o 2 11 oo- 3 9 oo- 3 10 ooo 3 14 oo- 3 12 oo- 3 7 +oo 3 8 ooo 4 9 ooo 4 10 ooo 4 13 ooo 4 14 ooo 4 11 +oo 4 8 ooo 5 13 ooo 5 11 ooo 5 14 ooo 5 12 ooo 5 7 ooo 5 8 -oo 6 9 o+o 6 10 -oo 6 13 o+o 6 12 o+o 6 11 ooo 6 7 ooo
mp-2233262,MgCu2(RhS2)4,132,362,364,230,2.742424242424242,0,False,0,1.0,Mg Cu Cu Rh Rh Rh Rh S S S S S S S S 0 7 oo- 0 14 ooo 0 10 ooo 0 9 ooo 0 1 oo- 0 4 ooo 0 3 ooo 1 11 o+o 1 12 +oo 1 7 ooo 1 14 oo+ 2 9 o-o 2 10 -oo 2 8 oo- 2 13 ooo 3 13 ooo 3 12 oo- 3 11 oo- 3 10 ooo 3 9 ooo 3 7 oo- 4 8 ooo 4 12 ooo 4 11 ooo 4 10 ooo 4 9 ooo 4 14 ooo 5 11 ooo 5 8 +oo 5 13 +oo 5 14 ooo 5 7 ooo 5 9 +oo 6 12 ooo 6 8 o+o 6 13 o+o 6 14 ooo 6 7 ooo 6 10 o+o
mp-2218125,MgCu2P2O7,78,210,212,132,2.6923076923076925,0,False,0,1.0,Mg Cu Cu P P O O O O O O O 0 7 -oo 0 8 ooo 0 6 -oo 0 5 ooo 0 11 ooo 0 10 -oo 1 6 oo+ 1 5 o-o 1 11 ooo 1 10 ooo 2 8 ooo 2 7 ooo 2 10 ooo 2 11 ooo 3 6 ooo 3 7 o-o 3 11 +oo 3 9 oo- 4 5 ooo 4 8 oo+ 4 10 -oo 4 9 -+o
mp-2224770,MgCu3(TeO5)2,109,297,299,188,2.7247706422018347,0,False,0,1.0,Mg Cu Cu Cu Te Te O O O O O O O O O O 0 10 ooo 0 9 ooo 0 11 o+o 0 13 ooo 1 12 -oo 1 9 oo+ 1 7 ooo 1 14 -o+ 2 7 ooo 2 6 ++o 2 10 ooo 2 15 oo+ 2 12 ooo 3 15 --o 3 11 ooo 3 14 ooo 3 6 oo- 3 7 o-- 3 9 ooo 4 10 ooo 4 12 -oo 4 6 o+o 4 7 ooo 4 13 -oo 4 8 ooo 5 11 ooo 5 8 +oo 5 15 o-o 5 14 ooo 5 9 +oo 5 13 ooo
mp-2240995,MgCu3(TeO5)2,118,322,324,204,2.7288135593220337,0,False,0,1.0,Mg Cu Cu Cu Te Te O O O O O O O O O O 0 11 ooo 0 10 ooo 0 8 ooo 0 13 ooo 0 12 ooo 0 9 ooo 1 9 ooo 1 12 -o- 1 7 oo- 1 14 -oo 2 10 ooo 2 15 oo+ 2 7 ooo 2 6 ++o 2 12 ooo 2 14 o++ 3 11 ooo 3 6 oo- 3 14 ooo 3 15 --o 3 9 ooo 3 7 o-- 4 10 ooo 4 6 o+o 4 12 -oo 4 7 ooo 4 13 -oo 4 8 ooo 5 11 ooo 5 15 o-o 5 9 +oo 5 14 ooo 5 8 +oo 5 13 ooo
mp-2217390,MgCu3AsS4,87,230,232,143,2.6436781609195403,0,False,0,1.0,Mg Cu Cu Cu As S S S S 0 5 oo- 0 6 -oo 0 8 ooo 0 7 -o- 0 1 oo- 0 1 ooo 0 2 -oo 0 2 ooo 0 4 o+o 0 4 ooo 1 5 ooo 1 8 ooo 1 6 -oo 1 7 -oo 2 6 ooo 2 5 oo- 2 8 ooo 2 7 oo- 3 8 ooo 3 7 ooo 3 6 o-o 3 5 o-o 4 8 ooo 4 7 -o- 4 6 --o 4 5 o--
mp-2225846,MgCu3AsS4,87,230,232,143,2.6436781609195403,0,False,0,1.0,Mg Cu Cu Cu As S S S S 0 8 ooo 0 6 ooo 0 5 ooo 0 7 ooo 0 1 ooo 0 1 +oo 0 2 oo+ 0 2 ooo 0 3 o+o 0 3 ooo 1 8 ooo 1 7 -oo 1 6 -oo 1 5 ooo 2 5 oo- 2 7 oo- 2 6 ooo 2 8 ooo 3 6 o-o 3 8 ooo 3 5 o-o 3 7 ooo 4 7 -o- 4 5 o-- 4 6 --o 4 8 ooo
mp-2240378,MgCu3TeS3Cl,66,174,176,108,2.6363636363636362,0,False,0,1.0,Mg Cu Cu Cu Te S S S Cl 0 8 ooo 0 5 ooo 0 7 ooo 0 6 ooo 1 5 oo- 1 6 oo- 1 7 ooo 1 4 ++o 2 7 o-o 2 5 o-o 2 6 ooo 2 4 +o+ 3 7 -oo 3 6 -oo 3 5 ooo 3 4 o++ 4 6 -o- 4 5 o-- 4 7 --o
mp-2228347,MgFe(SbO3)4,126,345,347,219,2.738095238095238,0,False,0,1.0,Mg Fe Sb Sb Sb Sb O O O O O O O O O O O O 0 8 +oo 0 16 ooo 0 6 oo+ 0 15 ooo 0 13 ooo 0 12 ooo 1 9 -oo 1 13 oo- 1 12 o-o 1 14 o-o 1 6 ooo 1 16 o-o 2 7 ooo 2 10 o-+ 2 15 --+ 2 8 ooo 2 13 -oo 2 16 --+ 3 11 ooo 3 17 oo- 3 14 +o- 3 9 ooo 3 6 +oo 3 12 +o- 4 7 o+o 4 17 ooo 4 9 o+o 4 14 ooo 4 6 o+o 4 16 ooo 5 11 ooo 5 10 ooo 5 8 ooo 5 15 ooo 5 13 ooo 5 12 ooo
mp-2228847,MgFe(SbO3)4,126,347,349,221,2.753968253968254,0,False,0,1.0,Mg Fe Sb Sb Sb Sb O O O O O O O O O O O O 0 11 ooo 0 14 +-o 0 10 o-+ 0 7 +oo 0 15 o-+ 0 13 ooo 1 12 ooo 1 9 -+o 1 13 o+- 1 16 ooo 1 6 o+o 1 14 ooo 2 8 ooo 2 10 o-+ 2 16 --+ 2 7 ooo 2 15 --+ 2 13 -oo 3 17 ooo 3 11 oo+ 3 14 +oo 3 9 oo+ 3 6 +o+ 3 12 +oo 4 17 ooo 4 9 o+o 4 7 o+o 4 16 ooo 4 6 o+o 4 14 ooo 5 8 ooo 5 12 ooo 5 13 ooo 5 15 ooo 5 10 ooo 5 11 ooo
mp-2232167,MgFe2(CoO2)4,129,354,356,225,2.744186046511628,0,False,0,1.0,Mg Fe Fe Co Co Co Co O O O O O O O O 0 10 ooo 0 11 --o 0 12 ooo 0 9 --o 0 13 ooo 0 8 --o 1 8 o-- 1 13 ooo 1 9 oo- 1 12 o-o 1 11 o-o 1 10 oo- 2 14 ooo 2 7 ooo 2 9 ooo 2 12 ooo 2 11 ooo 2 10 ooo 3 7 ooo 3 14 o-o 3 8 o-o 3 13 ooo 3 10 ooo 3 11 o-o 4 14 oo- 4 12 ooo 4 13 ooo 4 11 --o 5 7 oo+ 5 9 ooo 5 8 ooo 5 10 ++o 6 14 ooo 6 7 -oo 6 9 -oo 6 12 ooo 6 13 o+o 6 8 --o
mp-2219373,MgFe2(CoO4)2,91,245,247,154,2.6923076923076925,0,False,0,1.0,Mg Fe Fe Co Co O O O O O O O O 0 9 o-o 0 8 ooo 0 6 o-o 0 10 ooo 0 5 ooo 1 6 oo- 1 7 ooo 1 8 o+o 1 12 -oo 1 11 -oo 2 12 o-o 2 8 ooo 2 9 o-- 2 11 ooo 2 5 +o- 3 5 ooo 3 7 ooo 3 11 -oo 3 6 ooo 3 10 ooo 4 10 ooo 4 9 ooo 4 12 ooo 4 11 ooo 4 6 +oo 4 7 ooo
mp-2228413,MgFe6(OF)6,136,380,382,244,2.7941176470588234,0,False,0,1.0,Mg Fe Fe Fe Fe Fe Fe O O O O O O F F F F F F 0 18 ooo 0 16 oo+ 0 16 ooo 0 8 +oo 0 10 +oo 0 10 +o+ 1 9 ooo 1 8 o-- 1 8 o-o 1 12 -oo 1 12 -o- 2 11 ooo 2 13 oo- 2 13 ooo 2 17 -oo 2 17 -o- 2 14 -oo 3 7 +oo 3 7 +o- 3 10 +oo 3 15 ooo 3 18 oo- 3 18 ooo 4 12 ooo 4 9 ooo 4 9 oo+ 4 14 ooo 4 14 oo+ 5 7 ooo 5 11 oo+ 5 11 ooo 5 15 ooo 5 15 oo+ 6 18 ooo 6 8 ooo 6 10 ooo 6 10 oo+ 6 16 ooo 6 16 oo+
mp-2229995,MgFe6(OF)6,133,370,372,237,2.781954887218045,0,False,0,1.0,Mg Fe Fe Fe Fe Fe Fe O O O O O O F F F F F F 0 14 ooo 0 14 oo+ 0 17 -oo 0 17 -o+ 0 10 -oo 0 9 ooo 1 12 -oo 1 12 -o- 1 7 o-o 1 7 o-- 1 16 --- 1 15 oo- 2 11 -oo 2 13 ooo 2 13 oo+ 2 9 ooo 3 8 +oo 3 18 ooo 3 18 oo+ 3 10 ooo 4 12 ooo 4 11 ooo 4 11 oo- 4 15 ooo 4 15 oo- 4 13 ooo 5 14 ooo 5 17 ooo 5 9 oo- 5 9 ooo 5 10 oo- 5 10 ooo 6 7 ooo 6 8 ooo 6 8 oo- 6 16 ooo 6 16 oo- 6 18 ooo
mp-2230230,MgFe6(OF)6,142,396,398,254,2.788732394366197,0,False,0,1.0,Mg Fe Fe Fe Fe Fe Fe O O O O O O F F F F F F 0 14 ooo 0 18 ooo 0 18 oo- 0 10 ooo 0 7 ooo 0 7 oo- 1 9 +oo 1 12 o-o 1 12 o-- 1 13 +o- 1 13 +oo 1 15 o-o 2 17 -oo 2 17 -o- 2 16 -oo 2 10 ooo 2 7 oo- 2 7 ooo 3 8 oo- 3 8 ooo 3 11 ooo 3 18 -oo 3 18 -o- 4 9 oo+ 4 9 ooo 4 7 ooo 4 17 ooo 4 14 ooo 4 14 oo+ 5 8 ooo 5 10 oo+ 5 10 ooo 5 15 ooo 5 15 oo+ 5 18 ooo 6 11 ooo 6 11 oo+ 6 12 ooo 6 16 o++ 6 16 o+o 6 13 o+o
mp-2230292,MgFe6(OF)6,139,386,388,247,2.776978417266187,0,False,0,1.0,Mg Fe Fe Fe Fe Fe Fe O O O O O O F F F F F F 0 18 ooo 0 16 ooo 0 16 oo+ 0 8 +oo 0 9 +o+ 0 9 +oo 1 14 ooo 1 12 -oo 1 12 -o- 1 8 o-o 1 8 o-- 2 10 ooo 2 17 -oo 2 17 -o- 2 13 ooo 2 13 oo- 2 11 -oo 3 7 +oo 3 7 +o- 3 15 ooo 3 9 +oo 3 18 oo- 3 18 ooo 4 12 ooo 4 11 ooo 4 11 oo+ 4 14 oo+ 4 14 ooo 4 13 ooo 5 7 ooo 5 10 oo+ 5 10 ooo 5 15 oo+ 5 15 ooo 6 18 ooo 6 9 ooo 6 9 oo+ 6 8 ooo 6 16 oo+ 6 16 ooo
mp-2230776,MgFe6(OF)6,133,370,372,237,2.781954887218045,0,False,0,1.0,Mg Fe Fe Fe Fe Fe Fe O O O O O O F F F F F F 0 17 o-o 0 18 ooo 0 18 oo+ 0 12 ooo 0 11 o-o 0 11 o-+ 1 7 oo- 1 7 ooo 1 8 o+o 1 18 -+o 2 7 ooo 2 8 oo+ 2 8 ooo 2 13 ooo 2 13 oo+ 3 13 ooo 3 14 o+o 3 14 o+- 3 9 oo- 3 9 ooo 3 15 o+o 4 10 oo- 4 10 ooo 4 9 ooo 4 15 oo+ 4 15 ooo 4 16 ooo 5 12 ooo 5 16 oo+ 5 16 ooo 5 10 o-o 5 11 o-+ 5 11 o-o 6 12 oo- 6 12 ooo 6 11 ooo 6 17 ooo 6 17 oo-
mp-1106013,MgHg3(Cl4O3)2,66,177,179,111,2.6818181818181817,0,False,0,1.0,Mg Hg Hg Hg Cl Cl Cl Cl Cl Cl Cl Cl O O O O O O 0 17 --o 0 16 ooo 0 14 o-o 0 15 -oo 0 7 o-o 0 6 -oo 1 8 -oo 1 9 o-- 2 11 ooo 2 7 ooo 3 10 ooo 3 6 ooo 4 16 ooo 5 17 ooo 12 15 -oo 13 14 +oo
mp-2217083,MgMn(CoO3)2,82,215,217,133,2.6219512195121952,0,False,0,1.0,Mg Mn Co Co O O O O O O 0 5 o-o 0 5 ooo 0 6 ooo 0 9 ooo 0 7 oo+ 0 7 o-+ 1 8 ooo 1 5 o-o 1 5 ooo 1 4 ooo 1 7 ooo 1 7 o-o 2 6 o+- 2 4 +oo 2 4 ++o 2 7 +oo 2 9 ++- 2 9 +o- 3 8 o+o 3 8 ooo 3 9 +oo 3 6 ooo 3 6 o+o 3 5 ooo
mp-2228838,MgMn(SbO3)4,126,347,349,221,2.753968253968254,0,False,0,1.0,Mg Mn Sb Sb Sb Sb O O O O O O O O O O O O 0 11 o+o 0 14 +oo 0 10 oo+ 0 7 ++o 0 15 oo+ 0 13 o+o 1 12 o-o 1 13 oo- 1 9 -oo 1 6 ooo 1 16 o-o 1 14 o-o 2 8 ooo 2 10 o-+ 2 16 --+ 2 7 ooo 2 15 --+ 2 13 -oo 3 17 ooo 3 11 oo+ 3 14 +oo 3 9 oo+ 3 6 +o+ 3 12 +oo 4 17 ooo 4 9 o+o 4 7 o+o 4 16 ooo 4 6 o+o 4 14 ooo 5 8 ooo 5 12 ooo 5 13 ooo 5 15 ooo 5 10 ooo 5 11 ooo
mp-2230252,MgMn2(SbO3)4,127,353,355,226,2.779527559055118,0,False,0,1.0,Mg Mn Mn Sb Sb Sb Sb O O O O O O O O O O O O 0 17 -oo 0 7 ooo 0 12 ooo 0 15 -oo 1 16 o+o 1 8 +oo 1 9 +oo 1 18 o+o 1 14 ooo 1 11 ++o 2 7 ooo 2 17 ooo 2 13 oo+ 2 10 oo+ 3 7 o-- 3 17 -o- 3 8 o-o 3 16 -oo 3 10 ooo 3 13 --o 4 18 ooo 4 9 +-o 4 12 +oo 4 15 o-o 5 8 ooo 5 16 ooo 5 11 ooo 5 14 ooo 5 10 ooo 5 13 ooo 6 18 ooo 6 9 ooo 6 15 ooo 6 12 ooo 6 14 ooo 6 11 ooo
mp-2230000,MgMn2Co5O12,164,465,467,301,2.8353658536585367,0,False,0,1.0,Mg Mn Mn Co Co Co Co Co O O O O O O O O O O O O 0 13 ooo 0 18 -+o 0 9 ooo 0 17 -oo 0 14 ooo 0 10 ooo 1 12 ooo 1 8 -oo 1 13 ooo 1 17 -oo 1 16 o-o 1 9 o-o 2 15 ooo 2 19 +oo 2 18 o+o 2 14 ooo 2 11 o+o 2 10 +oo 3 15 -oo 3 11 ooo 3 14 o-o 3 10 ooo 3 19 o-o 3 18 -oo 4 16 ooo 4 12 +oo 4 11 +o+ 4 8 ooo 4 19 +o+ 4 15 oo+ 5 9 ooo 5 13 o+o 5 17 ooo 5 10 o+o 5 18 o+o 5 14 ooo 6 11 ooo 6 10 ooo 6 19 ooo 6 15 ooo 6 14 ooo 6 18 ooo 7 8 ooo 7 12 ooo 7 9 ooo 7 16 ooo 7 13 ooo 7 17 ooo
mp-2218507,MgMn2Cr2O8,85,228,230,143,2.6823529411764704,0,False,0,1.0,Mg Mn Mn Cr Cr O O O O O O O O 0 8 oo+ 0 6 ooo 0 12 ooo 0 9 ooo 1 6 +-o 1 5 ooo 1 10 o-o 1 11 +oo 1 12 +oo 1 9 o-o 2 8 +-o 2 7 oo- 2 10 o-o 2 11 +oo 2 12 +o- 2 9 o-- 3 7 ooo 3 5 ooo 3 9 ooo 3 12 ooo 4 11 ooo 4 10 ooo 4 6 ooo 4 8 ooo
mp-2218046,MgMn2Tl2O6,77,206,208,129,2.675324675324675,0,False,0,1.0,Mg Mn Mn Tl Tl O O O O O O 0 10 -oo 0 9 ooo 0 8 ooo 0 3 ooo 1 7 ooo 1 6 oo+ 1 5 ooo 1 9 o-o 1 10 --o 1 8 o-o 2 6 o+o 2 5 ++o 2 7 o+o 2 9 oo- 2 8 ooo 2 10 ooo 3 5 ooo 3 6 ooo 3 7 -o- 4 8 +o+ 4 9 ooo 4 10 ooo
mp-2228514,MgMn3Cd2O8,116,315,317,199,2.7155172413793105,0,False,0,1.0,Mg Mn Mn Mn Cd Cd O O O O O O O O 0 6 ooo 0 9 -oo 0 10 ooo 0 11 o-o 1 13 ooo 1 12 o+o 1 11 oo+ 1 10 o++ 1 8 ooo 1 9 o++ 2 7 -o+ 2 8 ooo 2 6 ooo 2 9 -++ 2 13 -oo 2 11 oo+ 3 7 -o+ 3 8 o-o 3 6 ooo 3 9 -o+ 3 12 -oo 3 10 oo+ 4 7 ooo 4 11 ooo 4 10 ooo 4 12 o+o 4 13 ooo 4 8 ooo 5 12 ooo 5 13 ooo 5 6 ooo 5 7 oo+ 5 10 oo+ 5 11 oo+
mp-2218910,MgMn3CuO8,103,278,280,175,2.6990291262135924,0,False,0,1.0,Mg Mn Mn Mn Cu O O O O O O O O 0 12 --o 0 5 ooo 0 10 -oo 0 7 o-o 0 11 o-o 0 6 -oo 1 6 ooo 1 11 oo- 1 7 ooo 1 10 oo- 1 12 oo- 1 5 ooo 2 12 o-o 2 5 ooo 2 8 ooo 2 9 o-o 2 6 ooo 2 11 o-o 3 12 -oo 3 5 ooo 3 8 ooo 3 9 -oo 3 7 ooo 3 10 -oo 4 10 ooo 4 7 ooo 4 6 ooo 4 11 ooo 4 9 ooo 4 8 ooo
mp-2233886,MgMn3FeO8,97,260,262,163,2.6804123711340204,0,False,0,1.0,Mg Mn Mn Mn Fe O O O O O O O O 0 5 ooo 0 8 oo- 0 6 -oo 0 7 o-o 1 12 ooo 1 11 ooo 1 10 ooo 1 5 oo+ 1 6 oo+ 1 7 oo+ 2 11 o-o 2 9 o-o 2 6 ooo 2 8 ooo 2 5 ooo 2 12 o-o 3 12 ooo 3 9 ooo 3 10 ooo 3 5 +oo 3 8 +oo 3 7 +oo 4 9 ooo 4 11 ooo 4 8 ooo 4 6 ooo 4 10 ooo 4 7 ooo
mp-2218908,MgMn3SbO8,103,278,280,175,2.6990291262135924,0,False,0,1.0,Mg Mn Mn Mn Sb O O O O O O O O 0 5 oo+ 0 8 oo- 0 10 ooo 0 6 ooo 0 11 ooo 0 7 ooo 1 8 oo- 1 5 +oo 1 11 ooo 1 7 +o- 1 12 +o- 1 9 ooo 2 8 oo- 2 5 o+o 2 9 ooo 2 12 o+- 2 10 ooo 2 6 o+- 3 5 ++o 3 8 --+ 3 7 o-+ 3 11 o+o 3 6 -o+ 3 10 +oo 4 9 ooo 4 12 --+ 4 11 ooo 4 7 --+ 4 10 ooo 4 6 --+
mp-1221976,MgMn3Te4,56,151,153,95,2.6964285714285716,0,False,0,1.0,Mg Mn Mn Mn Te Te Te Te 0 7 -o- 0 7 oo- 0 6 ooo 0 6 o-o 1 4 ooo 1 4 +oo 1 7 o+o 1 7 ooo 2 4 ooo 2 4 o-o 2 5 -oo 2 5 ooo 3 5 o+o 3 5 ooo 3 6 +oo 3 6 ooo
mp-2226552,MgMn3Zn2O8,110,297,299,187,2.7,0,False,0,1.0,Mg Mn Mn Mn Zn Zn O O O O O O O O 0 8 +oo 0 9 ooo 0 7 ooo 0 13 ooo 0 10 +oo 0 6 +oo 1 8 o-o 1 9 oo+ 1 12 ooo 1 11 o-+ 1 10 oo+ 1 13 o-o 2 13 oo- 2 11 +oo 2 9 o+o 2 7 ooo 2 6 +o- 2 8 +o- 3 6 ooo 3 7 -o+ 3 10 oo+ 3 8 o-o 3 12 -oo 3 9 -o+ 4 10 ooo 4 7 ooo 4 11 ooo 4 12 o+o 5 13 ooo 5 6 ooo 5 12 ooo 5 11 o-o
mp-2230729,MgMn4(NiO6)2,145,405,407,260,2.793103448275862,0,False,0,1.0,Mg Mn Mn Mn Mn Ni Ni O O O O O O O O O O O O 0 18 +oo 0 13 ooo 0 10 ooo 0 7 ooo 0 17 +oo 0 11 ooo 1 9 -oo 1 15 ooo 1 16 o+o 1 11 -oo 1 18 ooo 1 10 o+o 2 14 ooo 2 8 ooo 2 12 ooo 2 13 -o+ 2 17 oo+ 2 7 o++ 3 9 ooo 3 16 +oo 3 15 o-o 3 18 +oo 3 10 ooo 3 11 o-o 4 14 +oo 4 12 ooo 4 8 o-o 4 13 oo+ 4 7 oo+ 4 17 oo+ 5 16 ooo 5 11 ooo 5 15 ooo 5 10 ooo 5 9 ooo 5 18 ooo 6 12 o-o 6 17 +o+ 6 8 +-o 6 7 oo+ 6 14 +oo 6 13 o-+
mp-2231728,MgMn4(NiO6)2,145,404,406,259,2.786206896551724,0,False,0,1.0,Mg Mn Mn Mn Mn Ni Ni O O O O O O O O O O O O 0 12 ooo 0 15 ooo 0 8 ooo 0 14 ooo 0 16 ooo 0 9 ooo 1 10 o+o 1 18 ooo 1 11 -oo 1 15 ooo 1 16 o+o 1 9 -oo 2 17 ooo 2 7 ooo 2 13 -oo 2 12 oo- 2 14 oo- 2 8 o+- 3 10 ooo 3 11 o-o 3 18 +oo 3 15 o-o 3 9 ooo 3 16 +oo 4 17 ooo 4 13 ooo 4 7 o-o 4 12 oo- 4 8 oo- 4 14 +o- 5 18 ooo 5 9 ooo 5 11 ooo 5 16 ooo 5 10 ooo 5 15 ooo 6 7 --o 6 13 --o 6 8 oo- 6 14 oo- 6 17 ooo 6 12 ---
mp-2226543,MgMn4(O2F3)2,105,282,284,177,2.6857142857142855,0,False,0,1.0,Mg Mn Mn Mn Mn O O O O F F F F F F 0 12 oo- 0 11 -oo 0 13 ooo 0 10 -o- 0 8 ooo 0 5 -o- 1 6 ooo 1 10 -+o 1 5 ooo 1 8 o++ 1 13 oo+ 1 12 o+o 2 9 ooo 2 7 ooo 2 6 ooo 2 8 +oo 2 14 +oo 2 11 ooo 3 14 ooo 3 6 ooo 3 7 ooo 3 5 -oo 3 9 -oo 3 12 ooo 4 7 ooo 4 8 ooo 4 13 +-o 4 5 o-- 4 10 oo- 4 11 o-o
mp-2226686,MgMn4(O2F3)2,105,282,284,177,2.6857142857142855,0,False,0,1.0,Mg Mn Mn Mn Mn O O O O F F F F F F 0 9 +oo 0 12 o+o 0 14 ++o 0 7 o+o 0 11 ooo 0 13 +oo 1 10 -+o 1 6 ooo 1 8 o++ 1 5 ooo 1 12 o+o 1 13 oo+ 2 6 ooo 2 8 +oo 2 9 +oo 2 7 ooo 2 11 ooo 2 14 +oo 3 5 -oo 3 6 ooo 3 7 ooo 3 14 ooo 3 12 ooo 3 9 ooo 4 5 o-- 4 7 ooo 4 8 ooo 4 13 +-o 4 10 oo- 4 11 o-o
mp-2226745,MgMn4(O3F)2,97,260,262,163,2.6804123711340204,0,False,0,1.0,Mg Mn Mn Mn Mn O O O O O O F F 0 12 ooo 0 5 ooo 0 8 ooo 0 9 o-o 0 7 ooo 0 6 oo- 1 7 ooo 1 6 o+o 1 8 o+o 1 9 ooo 1 10 ooo 2 8 ooo 2 9 oo+ 2 6 ooo 2 7 oo+ 2 11 ooo 3 5 -oo 3 10 ooo 3 8 ooo 3 7 -oo 3 11 -oo 3 12 ooo 4 5 -++ 4 10 ooo 4 9 oo+ 4 6 -+o 4 11 -oo 4 12 o++
mp-2218385,MgMn4(OF)4,97,261,263,164,2.6907216494845363,0,False,0,1.0,Mg Mn Mn Mn Mn O O O O F F F F 0 11 o+o 0 5 o+o 0 12 oo+ 0 10 ooo 0 6 ooo 0 8 ooo 1 8 -oo 1 10 ooo 1 9 ooo 1 12 -o+ 1 6 ooo 2 5 oo- 2 11 -oo 2 7 -oo 2 6 o-o 2 9 ooo 3 5 ooo 3 7 oo+ 3 8 ooo 3 11 ooo 3 9 ooo 3 10 ooo 4 8 ooo 4 7 ooo 4 10 oo- 4 6 ooo 4 12 ooo 4 9 ooo
mp-2228508,MgMn4FeO8,113,305,307,192,2.6991150442477876,0,False,0,1.0,Mg Mn Mn Mn Mn Fe O O O O O O O O 0 13 ooo 0 9 -oo 0 8 ooo 0 7 -+o 1 11 +oo 1 12 +oo 1 10 +oo 1 9 ooo 1 8 ooo 1 7 ooo 2 12 +-o 2 11 ooo 2 10 +oo 2 7 oo- 2 8 +-- 3 6 ooo 3 9 o-o 3 10 oo+ 3 13 o-+ 3 11 oo+ 3 8 o-o 4 6 ooo 4 9 -oo 4 10 oo+ 4 13 -o+ 4 12 oo+ 4 7 -oo 5 6 ooo 5 11 oo+ 5 12 oo+ 5 8 ooo 5 7 ooo 5 13 oo+
mp-2226759,MgMn4Zn2O8,126,345,347,219,2.738095238095238,0,False,0,1.0,Mg Mn Mn Mn Mn Zn Zn O O O O O O O O 0 8 oo- 0 13 o-o 0 7 ooo 0 12 oo- 0 9 o-o 0 14 o-- 1 10 -oo 1 9 o-o 1 8 oo- 1 7 ooo 2 10 ooo 2 11 o-o 2 7 ooo 2 14 o-o 2 8 ooo 2 13 o-o 3 10 ooo 3 11 oo- 3 7 ooo 3 14 oo- 3 9 ooo 3 12 oo- 4 8 ooo 4 10 ooo 4 11 ooo 4 13 ooo 4 9 ooo 4 12 ooo 5 11 o-o 5 12 -oo 5 14 --o 5 13 --+ 6 9 ooo 6 12 -oo 6 13 -oo 6 14 -oo 6 7 ooo
mp-2226800,MgMn4Zn2O8,117,321,323,204,2.7435897435897436,0,False,0,1.0,Mg Mn Mn Mn Mn Zn Zn O O O O O O O O 0 10 +oo 0 10 ooo 0 7 -oo 0 7 ooo 0 9 ooo 0 8 ooo 1 10 ooo 1 11 +-o 1 11 o-o 1 8 ooo 2 12 -oo 2 12 ooo 2 9 ooo 2 9 -oo 2 14 oo- 2 10 ooo 3 14 +oo 3 14 ooo 3 8 ooo 3 8 +oo 3 12 oo+ 3 7 ooo 4 7 ooo 4 13 -+o 4 13 o+o 4 9 ooo 5 10 ooo 5 12 -oo 5 13 -oo 5 13 ooo 6 7 ooo 6 14 +oo 6 11 +oo 6 11 ooo
mp-2228493,MgMn4ZnO8,116,313,315,197,2.6982758620689653,0,False,0,1.0,Mg Mn Mn Mn Mn Zn O O O O O O O O 0 6 ooo 0 6 -oo 0 7 ooo 0 9 ooo 0 9 +oo 0 8 ooo 1 10 +-o 1 10 o-o 1 9 +oo 1 9 ooo 1 7 ooo 1 12 o-o 2 11 -oo 2 11 ooo 2 8 ooo 2 8 -oo 2 13 oo- 3 13 ooo 3 13 +oo 3 7 +oo 3 7 ooo 3 11 oo+ 3 6 ooo 4 12 ooo 4 12 -oo 4 6 -oo 4 6 ooo 4 10 ooo 4 8 ooo 5 11 -oo 5 11 ooo 5 12 o-o 5 12 --o 5 9 ooo
mp-2230094,MgMn5Cr2O12,164,465,467,301,2.8353658536585367,0,False,0,1.0,Mg Mn Mn Mn Mn Mn Cr Cr O O O O O O O O O O O O 0 17 ooo 0 9 +-o 0 13 ooo 0 18 ooo 0 14 ooo 0 10 +oo 1 15 -oo 1 14 o-o 1 10 ooo 1 19 o-o 1 11 ooo 1 18 -oo 2 8 -oo 2 16 -oo 2 12 ooo 2 11 oo+ 2 19 oo+ 2 15 -o+ 3 9 o-o 3 17 o-o 3 18 ooo 3 10 ooo 3 13 ooo 3 14 o-o 4 11 ooo 4 19 ooo 4 18 ooo 4 14 ooo 4 15 ooo 4 10 ooo 5 12 ooo 5 16 ooo 5 8 ooo 5 9 ooo 5 13 ooo 5 17 ooo 6 12 ooo 6 16 o-o 6 8 -oo 6 13 ooo 6 9 o-o 6 17 -oo 7 15 ooo 7 19 +oo 7 14 ooo 7 11 o+o 7 10 +oo 7 18 o+o
mp-2230686,MgMn5CuO12,145,405,407,260,2.793103448275862,0,False,0,1.0,Mg Mn Mn Mn Mn Mn Cu O O O O O O O O O O O O 0 9 +oo 0 10 ooo 0 18 ooo 0 7 +oo 0 14 ooo 0 15 ooo 1 13 -oo 1 11 ooo 1 12 ooo 1 9 ooo 1 18 -oo 1 10 ooo 2 8 ooo 2 17 o+o 2 16 ooo 2 14 oo+ 2 7 +o+ 2 15 oo+ 3 16 -o- 3 8 oo- 3 17 oo- 3 14 ooo 3 15 o-o 3 7 ooo 4 13 ooo 4 12 +-o 4 11 ooo 4 9 +oo 4 10 ooo 4 18 o-o 5 12 ooo 5 11 o+o 5 18 ooo 5 10 ooo 5 13 ooo 5 9 o+o 6 16 -+- 6 17 -+- 6 8 oo- 6 7 ooo 6 15 ooo 6 14 -+o
mp-2226474,MgMn5O7F,110,297,299,187,2.7,0,False,0,1.0,Mg Mn Mn Mn Mn Mn O O O O O O O F 0 13 ooo 0 8 oo- 0 12 +oo 0 6 o-o 1 8 ooo 1 6 ooo 1 9 +oo 1 11 +oo 1 10 +oo 1 13 ooo 2 8 ooo 2 12 ooo 2 6 ooo 2 11 ooo 2 7 ooo 2 9 ooo 3 10 +-- 3 9 +-o 3 7 o-- 3 11 +o- 4 12 ooo 4 6 ooo 4 7 oo- 4 11 oo- 4 10 oo- 4 13 ooo 5 8 ooo 5 12 ooo 5 9 o-o 5 7 o-o 5 10 o-o 5 13 ooo
mp-2228541,MgMn5O8,116,314,316,198,2.706896551724138,0,False,0,1.0,Mg Mn Mn Mn Mn Mn O O O O O O O O 0 11 o++ 0 9 ooo 0 13 +oo 0 6 o+o 0 12 ooo 0 10 o++ 1 12 ooo 1 7 +oo 1 11 +oo 1 8 ooo 1 10 +oo 1 9 ooo 2 11 ooo 2 6 ooo 2 10 +oo 2 9 -oo 2 8 +-- 2 13 ooo 3 7 o+o 3 8 oo- 3 13 ooo 3 10 o+o 3 9 oo- 3 6 -+o 4 6 ooo 4 10 oo+ 4 9 -oo 4 13 -o+ 5 12 -o+ 5 7 +oo 5 11 oo+ 5 8 ooo 5 6 ooo 5 13 oo+
mp-2230408,MgMn6(O2F)4,136,378,380,242,2.7794117647058822,0,False,0,1.0,Mg Mn Mn Mn Mn Mn Mn O O O O O O O O F F F F 0 18 ooo 0 9 o-o 0 12 ooo 0 10 ooo 0 13 o-o 0 15 o-o 1 7 o-o 1 14 -oo 1 9 o-- 1 18 -o- 1 10 oo- 1 15 --- 2 7 o-o 2 11 ooo 2 17 -oo 2 14 -oo 2 8 o-o 2 16 --o 3 17 o+o 3 8 +oo 3 9 +oo 3 18 o+o 3 13 ooo 3 12 ++o 4 12 ooo 4 10 ooo 4 15 ooo 4 13 ooo 4 9 ooo 5 16 ooo 5 14 ooo 5 10 oo- 5 11 ooo 5 15 oo- 6 11 ooo 6 16 ooo 6 12 ooo 6 13 ooo 6 8 ooo
mp-2230495,MgMn6(O2F)4,145,404,406,259,2.786206896551724,0,False,0,1.0,Mg Mn Mn Mn Mn Mn Mn O O O O O O O O F F F F 0 18 ooo 0 9 o-o 0 15 ooo 0 11 ooo 0 13 o-o 0 12 o-o 1 14 o+o 1 7 +oo 1 9 +o- 1 12 oo- 1 18 o+- 1 15 ++- 2 14 -oo 2 8 o-o 2 7 o-o 2 17 -oo 2 10 ooo 2 16 --o 3 17 o+o 3 8 +oo 3 9 +oo 3 18 o+o 3 13 ooo 3 11 ++o 4 11 ooo 4 15 ooo 4 13 ooo 4 12 ooo 4 9 ooo 4 18 ooo 5 10 ooo 5 7 ooo 5 16 ooo 5 12 oo- 5 15 oo- 5 14 ooo 6 16 ooo 6 10 ooo 6 11 ooo 6 13 ooo 6 8 ooo 6 17 ooo
mp-2230578,MgMn6(O2F)4,139,386,388,247,2.776978417266187,0,False,0,1.0,Mg Mn Mn Mn Mn Mn Mn O O O O O O O O F F F F 0 18 ooo 0 16 ooo 0 12 ooo 0 8 oo- 0 10 ooo 0 13 o-o 1 9 ooo 1 8 o+o 1 13 ooo 1 14 ooo 1 12 o+o 2 9 ooo 2 11 oo- 2 10 ooo 2 13 ooo 2 17 ooo 2 15 oo- 3 11 ooo 3 12 ooo 3 10 oo+ 3 7 ooo 3 8 ooo 4 14 ooo 4 7 -oo 4 9 -oo 4 11 ooo 4 15 -oo 4 17 ooo 5 7 -oo 5 18 ooo 5 17 ooo 5 10 -oo 5 12 ooo 5 16 -oo 6 14 +oo 6 16 o++ 6 15 ooo 6 13 +o+ 6 8 o+o 6 18 +++
mp-2230612,MgMn6(O2F)4,139,387,389,248,2.7841726618705036,0,False,0,1.0,Mg Mn Mn Mn Mn Mn Mn O O O O O O O O F F F F 0 15 ooo 0 18 ooo 0 11 ooo 0 10 ooo 0 9 ooo 0 12 ooo 1 14 ooo 1 8 o+o 1 12 o+o 1 9 ooo 1 17 ooo 1 16 o+o 2 17 ooo 2 11 oo- 2 10 ooo 2 7 oo- 2 9 ooo 3 16 ooo 3 10 oo+ 3 11 ooo 3 13 oo+ 3 12 ooo 4 7 -oo 4 14 ooo 4 18 ooo 4 15 -oo 4 9 -oo 4 11 ooo 5 13 +oo 5 8 ooo 5 15 ooo 5 18 +oo 5 12 +oo 5 10 ooo 6 13 o++ 6 7 -oo 6 17 oo+ 6 16 -+o 6 14 ooo 6 8 -++
mp-2230673,MgMn6(O2F)4,139,388,390,249,2.79136690647482,0,False,0,1.0,Mg Mn Mn Mn Mn Mn Mn O O O O O O O O F F F F 0 18 +oo 0 15 ooo 0 17 +oo 0 9 ooo 0 11 +-o 0 14 o-o 1 13 oo+ 1 8 ooo 1 18 +oo 1 14 ooo 1 11 +oo 1 15 o+o 2 12 ooo 2 10 ooo 2 8 ooo 2 9 ooo 2 13 ooo 3 8 ooo 3 7 ooo 3 12 ooo 3 11 ooo 3 16 ooo 4 12 ooo 4 14 -oo 4 16 oo- 4 9 -oo 4 17 ooo 4 18 ooo 5 13 ooo 5 16 o+- 5 7 oo- 5 10 o+o 5 15 o+- 5 17 o+o 6 10 o+o 6 7 +o- 6 11 +o- 6 9 o+o 6 14 ooo 6 18 ++-
mp-2230688,MgMn6(O2F)4,139,387,389,248,2.7841726618705036,0,False,0,1.0,Mg Mn Mn Mn Mn Mn Mn O O O O O O O O F F F F 0 18 o-o 0 9 -oo 0 13 -oo 0 14 o-o 0 11 o-o 0 7 -oo 1 12 oo+ 1 7 o+o 1 16 ooo 1 13 ooo 1 14 +oo 2 10 ooo 2 9 ooo 2 12 ooo 2 17 ooo 2 7 ooo 2 16 ooo 3 15 ooo 3 10 ooo 3 8 ooo 3 16 ooo 3 11 ooo 3 18 ooo 4 8 oo- 4 14 ooo 4 11 o-o 4 13 -oo 4 10 ooo 5 12 ooo 5 8 o+- 5 7 o+- 5 11 ooo 5 17 o+o 5 15 oo- 6 9 ooo 6 18 +-- 6 13 oo- 6 14 +-o 6 15 +-- 6 17 ooo
mp-2230765,MgMn6(O2F)4,142,397,399,255,2.795774647887324,0,False,0,1.0,Mg Mn Mn Mn Mn Mn Mn O O O O O O O O F F F F 0 13 +oo 0 15 ooo 0 10 ooo 0 14 +oo 0 8 o+o 0 17 +oo 1 9 o+o 1 16 o+o 1 10 ooo 1 13 ooo 1 14 ooo 2 11 ooo 2 12 oo- 2 13 ooo 2 10 ooo 2 15 ooo 2 17 ooo 3 11 oo+ 3 16 ooo 3 12 ooo 3 9 ooo 3 7 ooo 3 18 oo+ 4 7 ooo 4 12 +oo 4 15 oo+ 4 14 +oo 4 17 +oo 4 10 ooo 5 7 ooo 5 8 ooo 5 18 +oo 5 11 ooo 5 17 +oo 5 16 +oo 6 14 o-o 6 9 -oo 6 8 -o+ 6 18 oo+ 6 15 --+ 6 13 o-+
mp-2231004,MgMn6(O2F)4,139,387,389,248,2.7841726618705036,0,False,0,1.0,Mg Mn Mn Mn Mn Mn Mn O O O O O O O O F F F F 0 16 ooo 0 15 ooo 0 12 ooo 0 17 o+o 0 11 o+o 0 7 o+o 1 13 oo+ 1 7 o+o 1 14 +oo 1 18 +oo 1 10 +oo 1 16 ooo 2 9 ooo 2 11 ooo 2 13 ooo 2 16 ooo 2 7 ooo 2 17 ooo 3 11 ooo 3 10 ooo 3 8 ooo 3 12 ooo 3 15 ooo 4 8 oo- 4 9 -oo 4 14 ooo 4 12 o-o 4 18 ooo 5 13 ooo 5 12 ooo 5 7 o+- 5 8 o+- 5 15 oo- 5 17 o+o 6 10 o-o 6 14 ooo 6 18 o-+ 6 9 -o+ 6 15 o-o 6 17 -o+
mp-2231033,MgMn6(O2F)4,142,396,398,254,2.788732394366197,0,False,0,1.0,Mg Mn Mn Mn Mn Mn Mn O O O O O O O O F F F F 0 16 +oo 0 9 ooo 0 8 ooo 0 18 +o+ 0 14 +-o 0 7 ooo 1 10 ooo 1 13 ooo 1 9 o+o 1 16 o+o 1 14 ooo 2 11 ooo 2 13 ooo 2 12 oo- 2 10 ooo 2 15 oo- 2 17 ooo 3 11 oo+ 3 16 ooo 3 12 ooo 3 9 ooo 3 7 ooo 3 18 oo+ 4 12 ooo 4 10 -oo 4 7 -oo 4 14 ooo 4 15 -oo 4 17 ooo 5 17 +oo 5 8 ooo 5 11 ooo 5 7 ooo 5 18 +oo 5 16 +oo 6 8 -+o 6 15 -o- 6 13 ooo 6 14 oo- 6 18 o+o 6 9 -+-
mp-2231117,MgMn6(O2F)4,142,397,399,255,2.795774647887324,0,False,0,1.0,Mg Mn Mn Mn Mn Mn Mn O O O O O O O O F F F F 0 16 ooo 0 17 o+o 0 18 +o- 0 14 +oo 0 12 ooo 0 9 ooo 1 7 o+o 1 13 +oo 1 12 oo+ 1 14 +oo 1 16 ooo 1 18 +oo 2 10 ooo 2 7 ooo 2 9 ooo 2 17 ooo 2 12 ooo 2 16 ooo 3 10 ooo 3 15 ooo 3 11 ooo 3 8 ooo 3 18 ooo 3 16 ooo 4 11 o-o 4 13 ooo 4 8 oo- 4 14 ooo 4 10 ooo 5 7 o+- 5 8 o+- 5 11 ooo 5 12 ooo 5 15 oo- 5 17 o+o 6 9 -oo 6 13 oo- 6 15 o-- 6 14 o-o 6 18 o-- 6 17 -oo
mp-2231446,MgMn6(O2F)4,139,388,390,249,2.79136690647482,0,False,0,1.0,Mg Mn Mn Mn Mn Mn Mn O O O O O O O O F F F F 0 16 ooo 0 18 +oo 0 17 o+o 0 13 ooo 0 9 ooo 0 10 +o- 1 7 o+o 1 16 ooo 1 10 +oo 1 14 +oo 1 13 oo+ 1 18 +oo 2 11 ooo 2 7 ooo 2 9 ooo 2 13 ooo 2 17 ooo 2 16 ooo 3 11 ooo 3 15 ooo 3 12 ooo 3 8 ooo 3 10 ooo 4 8 oo- 4 12 o-o 4 14 ooo 4 11 ooo 4 18 ooo 5 13 ooo 5 8 o+- 5 7 o+- 5 12 ooo 5 15 oo- 5 17 o+o 6 14 +oo 6 9 oo+ 6 10 +-o 6 15 +-o 6 18 +-+ 6 17 oo+
mp-2231461,MgMn6(O2F)4,145,404,406,259,2.786206896551724,0,False,0,1.0,Mg Mn Mn Mn Mn Mn Mn O O O O O O O O F F F F 0 16 ooo 0 18 +o+ 0 8 ooo 0 12 +oo 0 7 ooo 0 14 +-o 1 13 ooo 1 9 ooo 1 12 o+o 1 8 o+o 1 16 o+o 1 14 ooo 2 11 oo- 2 9 ooo 2 13 ooo 2 10 ooo 2 15 oo- 2 17 ooo 3 10 oo+ 3 11 ooo 3 8 ooo 3 12 ooo 3 18 oo+ 3 7 ooo 4 11 +oo 4 9 ooo 4 7 ooo 4 14 +oo 4 15 ooo 4 17 +oo 5 7 -oo 5 18 ooo 5 10 -oo 5 17 ooo 5 12 ooo 5 16 -oo 6 14 +o- 6 16 o+o 6 13 +oo 6 15 oo- 6 8 o+- 6 18 ++o
mp-2231790,MgMn6(O2F)4,136,377,379,241,2.7720588235294117,0,False,0,1.0,Mg Mn Mn Mn Mn Mn Mn O O O O O O O O F F F F 0 16 oo- 0 13 ooo 0 8 oo- 0 12 ooo 0 10 ooo 0 7 oo- 1 14 ooo 1 13 oo+ 1 11 +oo 1 8 ooo 1 15 o+o 1 18 +oo 2 9 ooo 2 15 ooo 2 8 ooo 2 12 ooo 2 10 ooo 3 11 ooo 3 12 ooo 3 8 ooo 3 7 ooo 3 17 o+o 4 14 -oo 4 17 ooo 4 9 -oo 4 18 ooo 4 12 ooo 4 16 oo- 5 13 oo+ 5 16 o+o 5 10 o++ 5 7 ooo 5 15 o+o 5 17 o++ 6 9 ooo 6 11 +-- 6 7 +-- 6 10 ooo 6 18 +o-
mp-2231791,MgMn6(O2F)4,139,387,389,248,2.7841726618705036,0,False,0,1.0,Mg Mn Mn Mn Mn Mn Mn O O O O O O O O F F F F 0 16 ooo 0 15 ooo 0 8 ooo 0 18 oo+ 0 12 oo+ 0 10 oo+ 1 7 o+o 1 14 +oo 1 13 +oo 1 12 oo+ 1 9 +oo 1 16 ooo 2 7 ooo 2 17 ooo 2 10 ooo 2 16 ooo 2 12 ooo 2 18 ooo 3 9 ooo 3 10 ooo 3 11 ooo 3 8 ooo 4 11 o-o 4 13 ooo 4 14 ooo 4 8 oo- 4 17 -oo 4 10 ooo 5 7 o+o 5 11 oo+ 5 8 o+o 5 12 oo+ 5 15 ooo 5 18 o++ 6 9 ooo 6 13 o+o 6 14 oo+ 6 17 -++ 6 15 ooo 6 18 -++
mp-2228340,MgMn6(O5F)2,139,387,389,248,2.7841726618705036,0,False,0,1.0,Mg Mn Mn Mn Mn Mn Mn O O O O O O O O O O F F 0 10 ooo 0 11 +-o 0 16 +-o 0 15 ooo 0 13 +-o 0 7 ooo 1 14 oo+ 1 15 ooo 1 7 o+o 1 16 +oo 1 9 ooo 2 9 ooo 2 10 ooo 2 14 ooo 2 18 ooo 2 12 ooo 2 7 ooo 3 12 ooo 3 11 ooo 3 8 oo+ 3 17 ooo 3 9 ooo 3 13 ooo 4 8 ooo 4 16 ooo 4 13 o-o 4 15 -oo 4 12 ooo 5 8 o+o 5 14 ooo 5 7 o+- 5 13 ooo 5 17 oo- 5 18 o+o 6 11 oo- 6 10 -+o 6 15 -+- 6 16 ooo 6 18 -+o 6 17 oo-
mp-2228801,MgMn6(OF)6,136,378,380,242,2.7794117647058822,0,False,0,1.0,Mg Mn Mn Mn Mn Mn Mn O O O O O O F F F F F F 0 16 ooo 0 9 +oo 0 17 ooo 0 18 ooo 0 7 +oo 0 8 +oo 1 10 ooo 1 14 ++o 1 12 o+o 1 13 +oo 1 8 +o- 2 11 ooo 2 15 ++o 2 12 o+o 2 13 +oo 2 7 +oo 3 16 o-o 3 9 ooo 3 8 o-o 3 7 o-o 3 18 ooo 3 17 ooo 4 10 oo+ 4 8 ooo 4 18 ooo 4 9 ooo 4 14 oo+ 4 16 ooo 5 12 ooo 5 11 ooo 5 10 ooo 5 15 ooo 5 14 ooo 6 11 ooo 6 7 ooo 6 17 ooo 6 9 ooo 6 15 ooo 6 16 ooo
mp-1233200,MgMn6(OF2)4,142,395,397,253,2.7816901408450705,0,False,0,1.0,Mg Mn Mn Mn Mn Mn Mn O O O O F F F F F F F F 0 13 -oo 0 17 oo+ 0 18 o-o 0 10 ooo 0 12 -oo 0 11 -oo 1 10 o+o 1 18 ooo 1 8 ooo 1 15 ooo 1 13 o+o 1 12 o+o 2 9 ooo 2 15 ooo 2 14 oo- 2 8 ooo 2 7 oo- 2 16 ooo 3 10 ooo 3 9 oo+ 3 13 ooo 3 11 ooo 3 14 ooo 3 17 oo+ 4 7 ooo 4 14 +oo 4 8 ooo 4 16 +oo 4 18 +oo 4 11 ooo 5 17 ooo 5 9 -oo 5 16 ooo 5 10 ooo 5 11 -oo 5 12 -oo 6 15 +oo 6 12 o+o 6 7 oo- 6 8 ooo 6 13 o+-
mp-1233244,MgMn6(OF2)4,139,386,388,247,2.776978417266187,0,False,0,1.0,Mg Mn Mn Mn Mn Mn Mn O O O O F F F F F F F F 0 18 ooo 0 15 oo+ 0 14 ooo 0 7 ooo 0 8 ooo 0 13 o+o 1 12 ooo 1 15 o-o 1 10 ooo 1 13 ooo 1 8 o-o 1 18 o-o 2 9 ooo 2 8 ooo 2 7 oo- 2 16 +oo 3 9 oo+ 3 10 ooo 3 11 ooo 3 17 oo+ 3 13 ooo 3 14 ooo 4 16 +oo 4 7 ooo 4 8 ooo 4 14 +oo 4 11 ooo 4 18 +oo 5 12 -oo 5 10 ooo 5 16 ooo 5 17 ooo 5 9 -oo 5 11 -oo 6 12 oo+ 6 13 ooo 6 17 +o+ 6 15 +-+ 6 18 +-o 6 7 o-o
mp-1233431,MgMn6(OF2)4,139,387,389,248,2.7841726618705036,0,False,0,1.0,Mg Mn Mn Mn Mn Mn Mn O O O O F F F F F F F F 0 17 ooo 0 12 ooo 0 13 oo- 0 15 o-o 0 10 ooo 0 9 ooo 1 18 ooo 1 8 ooo 1 13 o+o 1 15 ooo 1 10 o+o 2 7 oo- 2 8 ooo 2 9 ooo 2 14 oo- 2 15 ooo 2 16 +oo 3 11 ooo 3 14 ooo 3 10 ooo 3 13 ooo 3 9 oo+ 4 8 ooo 4 7 ooo 4 14 +oo 4 16 +oo 4 11 ooo 4 18 +oo 5 9 -oo 5 10 ooo 5 16 ooo 5 12 -oo 5 11 -oo 5 17 ooo 6 18 +oo 6 7 ooo 6 15 +o+ 6 13 o+o 6 12 o++ 6 17 +++
mp-1234708,MgMn6(OF2)4,139,388,390,249,2.79136690647482,0,False,0,1.0,Mg Mn Mn Mn Mn Mn Mn O O O O F F F F F F F F 0 14 +o- 0 16 +oo 0 9 ooo 0 11 oo- 0 7 oo- 0 17 +oo 1 10 ooo 1 8 o-o 1 18 o-o 1 12 ooo 1 13 ooo 1 15 o-o 2 9 ooo 2 8 ooo 2 15 ooo 2 14 oo- 2 7 oo- 2 16 ooo 3 10 ooo 3 9 oo+ 3 13 ooo 3 14 ooo 3 17 oo+ 3 11 ooo 4 8 ooo 4 7 ooo 4 16 +oo 4 18 +oo 4 11 ooo 5 10 ooo 5 11 -oo 5 12 -oo 5 17 ooo 5 16 ooo 6 7 oo- 6 12 o+o 6 13 o+- 6 18 +o- 6 15 +oo 6 17 ++o
mp-1233971,MgMn6O5F7,142,397,399,255,2.795774647887324,0,False,0,1.0,Mg Mn Mn Mn Mn Mn Mn O O O O O F F F F F F F 0 14 o-o 0 13 ooo 0 12 ooo 0 15 ooo 0 17 ooo 0 11 o-o 1 16 oo+ 1 10 +oo 1 12 o+o 1 18 ooo 1 17 +oo 2 7 ooo 2 8 ooo 2 9 ooo 2 15 ooo 2 16 ooo 2 12 ooo 3 10 ooo 3 7 ooo 3 11 ooo 3 13 ooo 3 15 ooo 3 14 ooo 4 8 -oo 4 11 o-o 4 18 -oo 4 13 oo- 4 17 ooo 4 15 ooo 5 9 o+o 5 16 ooo 5 7 ooo 5 11 ooo 5 18 ooo 5 12 o+o 6 9 oo+ 6 14 +-o 6 10 +-o 6 8 oo+ 6 17 +oo 6 18 o-+
mp-2230233,MgMn6O7F5,142,397,399,255,2.795774647887324,0,False,0,1.0,Mg Mn Mn Mn Mn Mn Mn O O O O O O O F F F F F 0 15 ooo 0 18 +o- 0 17 o+o 0 16 ooo 0 13 +oo 0 11 ooo 1 12 +oo 1 7 o+o 1 13 +oo 1 11 oo+ 1 15 ooo 1 18 +oo 2 9 ooo 2 7 ooo 2 17 ooo 2 11 ooo 2 16 ooo 2 15 ooo 3 9 ooo 3 10 ooo 3 14 ooo 3 8 ooo 3 18 ooo 3 15 ooo 4 12 ooo 4 8 oo- 4 10 o-o 4 13 ooo 4 9 ooo 5 7 o+o 5 8 o+o 5 10 oo+ 5 11 oo+ 5 14 ooo 5 17 o++ 6 12 ooo 6 14 o-o 6 16 -o+ 6 13 o-+ 6 18 o-o 6 17 -o+
mp-2230257,MgMn6O7F5,139,387,389,248,2.7841726618705036,0,False,0,1.0,Mg Mn Mn Mn Mn Mn Mn O O O O O O O F F F F F 0 15 +o- 0 17 +oo 0 11 ooo 0 18 +oo 0 7 oo- 0 8 oo- 1 12 o+o 1 10 ooo 1 9 o+o 1 13 ooo 1 14 o+o 1 16 ooo 2 10 ooo 2 11 ooo 2 16 ooo 2 15 oo- 2 8 oo- 2 17 ooo 3 12 ooo 3 11 oo+ 3 7 ooo 3 14 ooo 3 18 oo+ 3 15 ooo 4 8 ooo 4 17 +oo 4 13 +oo 4 7 ooo 4 10 ooo 5 12 ooo 5 9 -oo 5 7 -oo 5 18 ooo 5 17 ooo 6 9 o++ 6 8 ooo 6 13 +oo 6 18 +++ 6 14 o+o 6 16 +o+
mp-2230315,MgMn6O7F5,142,398,400,256,2.8028169014084505,0,False,0,1.0,Mg Mn Mn Mn Mn Mn Mn O O O O O O O F F F F F 0 14 ooo 0 17 +o+ 0 15 ooo 0 16 +o+ 0 11 +oo 0 10 oo+ 1 9 o-o 1 12 ooo 1 13 o-o 1 8 ooo 1 7 ooo 2 9 ooo 2 13 ooo 2 11 oo- 2 10 ooo 2 15 oo- 2 16 ooo 3 8 ooo 3 12 ooo 3 11 ooo 3 10 oo+ 3 17 oo+ 3 14 ooo 4 18 ooo 4 9 -oo 4 16 ooo 4 11 ooo 4 14 -oo 4 15 -oo 5 7 ooo 5 12 +oo 5 14 ooo 5 10 ooo 5 16 +oo 5 17 +oo 6 18 +o- 6 7 o+o 6 8 o+- 6 13 +oo 6 15 oo- 6 17 ++o
mp-2230445,MgMn6O7F5,142,395,397,253,2.7816901408450705,0,False,0,1.0,Mg Mn Mn Mn Mn Mn Mn O O O O O O O F F F F F 0 14 -oo 0 12 ooo 0 9 -oo 0 13 o-o 0 18 ooo 0 7 -oo 1 10 ooo 1 12 o+o 1 9 o+o 1 13 ooo 1 14 o+o 1 16 ooo 2 8 oo- 2 11 ooo 2 16 ooo 2 17 ooo 2 10 ooo 2 15 oo- 3 11 oo+ 3 12 ooo 3 7 ooo 3 15 ooo 3 18 ooo 3 14 ooo 4 15 +oo 4 10 ooo 4 7 ooo 4 13 +oo 4 8 ooo 4 17 +oo 5 11 ooo 5 7 ooo 5 9 ooo 5 17 +oo 5 18 +o- 6 8 -o- 6 9 -+o 6 16 ooo 6 13 oo- 6 18 o+- 6 14 -+-
mp-2230715,MgMn6O7F5,148,413,415,265,2.7905405405405403,0,False,0,1.0,Mg Mn Mn Mn Mn Mn Mn O O O O O O O F F F F F 0 14 ooo 0 15 ooo 0 16 ooo 0 12 oo+ 0 17 oo+ 0 10 oo+ 1 7 o+o 1 9 +oo 1 13 +oo 1 16 ooo 1 12 oo+ 1 18 +oo 2 7 ooo 2 8 ooo 2 12 ooo 2 10 ooo 2 16 ooo 2 17 ooo 3 10 ooo 3 11 ooo 3 9 ooo 3 13 ooo 3 14 ooo 3 18 ooo 4 8 -oo 4 11 o-o 4 13 ooo 4 10 ooo 4 18 ooo 4 9 o-o 4 14 oo- 5 11 ooo 5 12 ooo 5 7 o+- 5 14 o+- 5 17 o+o 5 15 oo- 6 18 o-+ 6 8 -o+ 6 13 ooo 6 9 o-o 6 17 -o+ 6 15 o-o
mp-2230810,MgMn6O7F5,142,395,397,253,2.7816901408450705,0,False,0,1.0,Mg Mn Mn Mn Mn Mn Mn O O O O O O O F F F F F 0 18 ooo 0 16 ooo 0 15 -oo 0 9 -oo 0 13 ooo 0 7 -+o 1 8 ooo 1 12 ooo 1 9 o-o 1 13 o-o 1 7 ooo 2 11 oo- 2 10 ooo 2 13 ooo 2 9 ooo 2 15 ooo 2 16 ooo 3 11 ooo 3 8 ooo 3 10 oo+ 3 12 ooo 3 17 oo+ 3 14 ooo 4 14 ooo 4 15 oo+ 4 11 +oo 4 9 ooo 4 16 +oo 4 18 +oo 5 12 +oo 5 10 ooo 5 7 ooo 5 14 ooo 5 16 +oo 5 17 +oo 6 18 o-o 6 8 -oo 6 7 -o+ 6 17 oo+ 6 13 o-+ 6 15 --+
mp-2231021,MgMn6O7F5,139,387,389,248,2.7841726618705036,0,False,0,1.0,Mg Mn Mn Mn Mn Mn Mn O O O O O O O F F F F F 0 15 ooo 0 16 ooo 0 11 ooo 0 7 o+o 0 17 o+o 0 10 o+o 1 12 oo+ 1 13 +oo 1 9 +oo 1 7 o+o 1 18 ooo 1 16 ooo 2 12 ooo 2 8 ooo 2 10 ooo 2 7 ooo 2 16 ooo 2 17 ooo 3 10 ooo 3 9 ooo 3 11 ooo 3 14 ooo 3 13 ooo 4 8 -oo 4 14 oo- 4 13 ooo 4 11 o-o 4 18 -oo 5 14 o+o 5 12 oo+ 5 11 oo+ 5 7 o+o 5 15 ooo 5 17 o++ 6 18 -+- 6 8 -+o 6 13 ooo 6 9 oo- 6 15 oo- 6 17 -+o
mp-2231124,MgMn6O7F5,139,387,389,248,2.7841726618705036,0,False,0,1.0,Mg Mn Mn Mn Mn Mn Mn O O O O O O O F F F F F 0 14 ooo 0 16 ooo 0 11 ooo 0 12 ooo 0 10 ooo 0 13 ooo 1 15 o-o 1 9 ooo 1 13 ooo 1 10 o-o 1 8 ooo 1 18 o-o 2 7 oo- 2 15 ooo 2 12 oo- 2 11 ooo 2 10 ooo 3 9 ooo 3 11 oo+ 3 12 ooo 3 17 oo+ 3 13 ooo 4 7 ooo 4 10 ooo 4 12 +oo 4 16 +oo 4 18 +oo 4 14 ooo 5 8 ooo 5 11 ooo 5 13 +oo 5 16 +oo 5 14 ooo 5 17 +oo 6 7 o-- 6 8 ooo 6 18 +-- 6 17 +oo 6 9 oo- 6 15 +-o
mp-2231131,MgMn6O7F5,139,388,390,249,2.79136690647482,0,False,0,1.0,Mg Mn Mn Mn Mn Mn Mn O O O O O O O F F F F F 0 15 ooo 0 10 ooo 0 17 ooo 0 7 ooo 0 11 ooo 0 16 ooo 1 9 ooo 1 12 o-o 1 13 o-o 1 11 ooo 1 15 o-o 1 14 ooo 2 12 ooo 2 8 oo- 2 10 ooo 2 16 oo- 2 17 ooo 2 15 ooo 3 10 oo+ 3 18 oo+ 3 11 ooo 3 7 ooo 3 14 ooo 3 16 ooo 4 8 ooo 4 17 +oo 4 13 +oo 4 7 ooo 4 16 +oo 4 15 ooo 5 11 +oo 5 9 ooo 5 7 ooo 5 14 ooo 6 18 o+o 6 8 -o- 6 9 -+o 6 13 oo- 6 12 ooo 6 14 -+-
mp-2231166,MgMn6O7F5,136,379,381,243,2.786764705882353,0,False,0,1.0,Mg Mn Mn Mn Mn Mn Mn O O O O O O O F F F F F 0 14 ooo 0 8 oo- 0 15 oo- 0 11 -o- 0 13 -oo 1 15 oo- 1 13 -+o 1 8 o+- 1 11 -o- 1 18 -+- 1 14 ooo 2 7 o-o 2 9 ooo 2 16 --o 2 13 -oo 2 17 -oo 2 14 o-o 3 7 +-o 3 18 ooo 3 12 o-o 3 10 +oo 3 17 ooo 3 15 +-o 4 10 ooo 4 12 ooo 4 8 ooo 4 11 ooo 4 15 ooo 4 18 ooo 5 9 ooo 5 13 ooo 5 8 oo- 5 16 ooo 5 11 oo- 6 9 ooo 6 10 ooo 6 12 ooo 6 16 ooo 6 17 ooo
mp-2231435,MgMn6O7F5,139,386,388,247,2.776978417266187,0,False,0,1.0,Mg Mn Mn Mn Mn Mn Mn O O O O O O O F F F F F 0 14 oo- 0 16 o-o 0 9 ooo 0 18 ooo 0 11 ooo 0 12 ooo 1 10 ooo 1 13 ooo 1 14 o+o 1 9 o+o 1 12 o+o 1 16 ooo 2 11 ooo 2 10 ooo 2 8 ooo 2 17 ooo 2 7 ooo 3 11 oo+ 3 12 ooo 3 7 ooo 3 15 ooo 3 18 oo+ 3 14 ooo 4 15 +oo 4 13 +oo 4 10 ooo 4 7 ooo 4 8 oo+ 4 17 +oo 5 12 ooo 5 7 -oo 5 9 -oo 5 17 ooo 5 18 ooo 6 8 -oo 6 13 oo- 6 9 -+o 6 16 ooo 6 18 o+o 6 14 -+-
mp-2231732,MgMn6O7F5,142,396,398,254,2.788732394366197,0,False,0,1.0,Mg Mn Mn Mn Mn Mn Mn O O O O O O O F F F F F 0 15 ooo 0 9 ooo 0 16 +oo 0 13 +oo 0 7 o+o 0 17 +oo 1 8 o+o 1 12 o+o 1 9 ooo 1 13 ooo 1 16 ooo 2 11 oo- 2 10 ooo 2 16 ooo 2 9 ooo 2 17 ooo 2 15 ooo 3 11 ooo 3 8 ooo 3 10 oo+ 3 12 ooo 3 18 oo+ 3 14 ooo 4 14 ooo 4 11 +oo 4 15 oo+ 4 17 +oo 4 13 +oo 4 9 ooo 5 7 -oo 5 12 ooo 5 10 -oo 5 17 ooo 5 14 -oo 5 18 ooo 6 7 -o+ 6 8 -oo 6 18 oo+ 6 13 o-o 6 16 o-+ 6 15 --+
mp-2231992,MgMn6O7F5,136,377,379,241,2.7720588235294117,0,False,0,1.0,Mg Mn Mn Mn Mn Mn Mn O O O O O O O F F F F F 0 14 oo- 0 11 ooo 0 8 oo- 0 18 ooo 0 13 ooo 0 12 ooo 1 15 ooo 1 7 o+o 1 10 +oo 1 17 ooo 1 13 oo+ 1 18 +oo 2 11 ooo 2 9 ooo 2 7 ooo 2 13 ooo 2 15 ooo 2 16 ooo 3 11 ooo 3 14 ooo 3 12 ooo 3 8 ooo 3 10 ooo 4 9 -oo 4 12 o-o 4 17 -oo 4 18 ooo 4 8 oo- 5 7 oo- 5 8 oo- 5 13 o-o 5 16 ooo 5 12 o-o 6 9 oo+ 6 16 oo+ 6 10 +-o 6 17 ooo 6 18 +-+ 6 14 +-o
mp-2226450,MgMnCu2SnS4,81,214,216,133,2.6419753086419755,0,False,0,1.0,Mg Mn Cu Cu Sn S S S S 0 8 oo- 0 6 ooo 0 7 o-- 0 5 o-o 0 2 ooo 0 3 o-- 0 4 o-o 0 4 ooo 1 5 --o 1 7 o-- 1 6 ooo 1 8 -o- 2 8 ooo 2 7 +oo 2 5 o-o 2 6 ooo 3 6 ooo 3 5 -oo 3 7 ooo 3 8 o+o 4 8 oo- 4 6 ooo 4 7 oo- 4 5 ooo
mp-2240049,MgMnCu2SnS4,72,190,192,118,2.638888888888889,0,False,0,1.0,Mg Mn Cu Cu Sn S S S S 0 5 --o 0 6 ooo 0 8 ooo 0 7 ooo 0 4 oo+ 1 7 +oo 1 8 o+o 1 5 oo+ 1 6 +++ 2 5 o-o 2 6 ooo 2 7 +oo 2 8 ooo 3 5 -oo 3 6 ooo 3 7 ooo 3 8 o+o 4 6 ooo 4 5 ooo 4 8 oo- 4 7 oo-
mp-2210635,MgMnS2,40,105,107,65,2.625,0,False,0,1.0,Mg Mn S S 0 2 o-o 0 2 -oo 0 2 oo- 0 3 o-o 0 3 oo- 0 3 -oo 1 2 +oo 1 2 oo+ 1 2 o+o 1 3 o++ 1 3 ++o 1 3 +o+
mp-2218000,MgMoOs(PbO3)2,68,182,184,114,2.676470588235294,0,False,0,1.0,Mg Mo Os Pb Pb O O O O O O 0 7 ooo 0 10 ooo 0 6 ooo 1 9 oo- 1 10 ++o 1 5 ++o 1 7 o+- 1 6 oo- 1 8 +oo 2 5 ooo 2 9 ooo 2 8 ooo 2 4 ooo 3 10 oo+ 3 7 -oo 3 6 --o 4 6 ooo 4 10 ooo 4 7 o+o
mp-1247218,MgMoWS4,110,295,297,185,2.6818181818181817,0,False,0,1.0,Mg Mg Mo Mo W W S S S S S S S S 0 6 ooo 0 11 +oo 0 10 o+o 0 13 oo+ 1 9 -oo 1 12 ooo 1 7 oo- 1 8 o-o 2 8 ooo 2 9 ooo 2 12 ooo 2 6 oo- 2 11 oo- 2 10 oo- 3 7 ooo 3 9 ooo 3 12 ooo 3 11 o-o 3 6 o-o 3 13 o-o 4 7 ooo 4 8 ooo 4 9 ooo 4 11 ooo 4 13 ooo 4 10 ooo 5 8 ooo 5 7 ooo 5 12 ooo 5 6 -oo 5 10 -oo 5 13 -oo
mp-2219183,MgNb2(BO4)2,103,275,277,172,2.6699029126213594,0,False,0,1.0,Mg Nb Nb B B O O O O O O O O 0 7 oo+ 0 12 o-o 0 9 ooo 0 11 --o 0 8 o-o 0 5 oo+ 1 5 -oo 1 7 o+o 1 6 -o- 1 10 o+o 1 11 -oo 1 8 oo- 1 9 o+o 1 12 ooo 2 8 +oo 2 12 o-o 2 10 ooo 2 6 o-o 2 9 +oo 2 5 oo+ 2 11 o-o 2 7 +o+ 3 11 ooo 3 10 ooo 3 7 ooo 3 5 ooo 4 9 ooo 4 6 ooo 4 12 ooo 4 8 ooo
mp-2218975,MgNb2(GaO4)2,94,253,255,159,2.6914893617021276,0,False,0,1.0,Mg Nb Nb Ga Ga O O O O O O O O 0 6 ooo 0 9 ooo 0 11 ooo 0 5 -oo 0 5 ooo 1 12 ooo 1 12 -oo 1 7 --o 1 6 ooo 1 8 oo- 1 9 ooo 2 11 +oo 2 11 ooo 2 8 ++o 2 7 oo+ 2 5 ooo 2 10 ooo 3 6 ooo 3 8 ooo 3 10 -oo 3 10 ooo 4 7 ooo 4 9 ooo 4 9 +oo 4 5 ooo 4 10 oo- 4 12 ooo
mp-2240058,MgNb2(I3O)2,65,170,172,105,2.6153846153846154,0,False,0,1.0,Mg Nb Nb I I I I I I O O 0 5 +oo 0 8 ooo 0 3 ooo 0 3 +oo 0 7 ooo 0 7 +oo 1 10 +oo 1 10 ooo 1 3 ooo 1 4 oo- 1 6 +-o 1 8 o-o 2 9 ooo 2 9 -oo 2 4 -+o 2 5 o+o 2 6 oo+ 2 7 ooo
mp-2230492,MgNb4(CoO6)2,145,404,406,259,2.786206896551724,0,False,0,1.0,Mg Nb Nb Nb Nb Co Co O O O O O O O O O O O O 0 16 ooo 0 8 o-o 0 12 ooo 0 15 o-o 0 10 ooo 0 13 o-o 1 7 o-o 1 17 -oo 1 10 oo- 1 13 --- 1 16 -o- 1 8 o-- 2 9 o-o 2 18 -oo 2 12 ooo 2 15 --o 2 16 -oo 2 8 o-o 3 14 ooo 3 11 ooo 3 7 ooo 3 17 ooo 3 13 oo- 3 10 oo- 4 14 ooo 4 11 ooo 4 18 ooo 4 9 ooo 4 15 ooo 4 12 ooo 5 17 -oo 5 7 o-o 5 9 o-o 5 18 -oo 5 11 ooo 5 14 --o 6 10 ooo 6 13 ooo 6 12 ooo 6 15 ooo 6 8 ooo 6 16 ooo
mp-2230498,MgNb4(CoO6)2,145,406,408,261,2.8,0,False,0,1.0,Mg Nb Nb Nb Nb Co Co O O O O O O O O O O O O 0 8 +oo 0 16 o+o 0 10 o+o 0 11 ooo 0 15 +oo 0 14 ++o 1 9 o+o 1 15 ooo 1 8 oo+ 1 16 -+o 1 17 -o+ 1 10 -++ 2 14 ooo 2 13 oo- 2 12 o-o 2 18 o-- 2 9 oo- 2 8 o-o 3 7 ooo 3 12 o-o 3 13 oo- 3 16 oo- 3 17 o-o 3 11 o-- 4 17 ooo 4 18 ooo 4 11 ooo 4 10 ooo 4 14 +oo 4 16 ooo 5 7 ooo 5 9 ooo 5 14 ooo 5 15 ooo 5 11 -oo 5 8 ooo 6 7 ooo 6 13 ooo 6 12 ooo 6 18 ooo 6 10 ooo 6 15 ooo
mp-2230530,MgNb4(CoO6)2,124,344,346,220,2.774193548387097,0,False,0,1.0,Mg Nb Nb Nb Nb Co Co O O O O O O O O O O O O 0 9 ooo 0 13 ooo 0 15 ooo 0 7 ooo 1 15 ooo 1 9 o+o 1 16 -+o 1 10 -++ 1 8 oo+ 1 17 -o+ 2 12 ooo 2 8 ooo 2 18 oo- 2 14 o+o 2 9 o+- 2 13 o+- 3 13 oo- 3 7 ooo 3 16 oo- 3 11 o-- 3 12 o-o 3 17 o-o 4 17 ooo 4 11 ooo 4 10 ooo 4 14 +oo 4 18 ooo 5 8 ooo 5 11 -oo 5 15 ooo 5 14 ooo 6 12 ooo 6 7 ooo 6 10 ooo 6 18 ooo
mp-2229195,MgNb4VO12,126,344,346,218,2.7301587301587302,0,False,0,1.0,Mg Nb Nb Nb Nb V O O O O O O O O O O O O 0 8 +oo 0 16 ooo 0 6 oo+ 0 12 +oo 0 17 ooo 0 9 oo+ 1 10 oo+ 1 8 o+o 1 16 -o+ 1 7 o+o 1 15 -o+ 1 13 -+o 2 11 ooo 2 14 +o- 2 6 +oo 2 17 oo- 2 9 ooo 2 12 +o- 3 7 o+o 3 17 ooo 3 9 o+o 3 14 ooo 3 6 o+o 3 16 ooo 4 15 ooo 4 13 ooo 4 12 ooo 4 11 ooo 4 10 ooo 4 8 ooo 5 13 o+- 5 12 ooo 5 16 ooo 5 14 ooo 5 9 -+o 5 6 o+o
mp-2230390,MgNi2(SbO3)4,145,404,406,259,2.786206896551724,0,False,0,1.0,Mg Ni Ni Sb Sb Sb Sb O O O O O O O O O O O O 0 15 ooo 0 14 o-o 0 17 ooo 0 9 o-o 0 7 o-o 0 8 ooo 1 18 ooo 1 12 -+o 1 10 oo+ 1 11 -++ 1 16 -oo 1 13 o+o 2 15 ooo 2 14 ooo 2 7 ooo 2 8 ooo 2 9 ooo 2 17 ooo 3 16 ooo 3 13 ooo 3 7 ooo 3 8 ooo 3 18 ooo 3 12 ooo 4 10 ooo 4 11 -+o 4 9 -oo 4 17 o+o 4 14 ooo 4 15 -+o 5 11 ooo 5 10 ooo 5 9 ooo 5 17 ooo 5 16 oo- 5 13 oo- 6 14 ooo 6 15 -+o 6 18 ooo 6 12 -+o 6 8 o+o 6 7 -oo
mp-2227228,MgNiHO2,32,83,85,51,2.59375,0,False,0,1.0,Mg Ni H O O 0 4 -oo 0 4 o-o 0 4 ooo 0 3 ooo 1 3 o+o 1 3 ooo 1 4 -+- 1 4 -o- 2 3 +oo
mp-1245393,MgO2,87,234,236,147,2.689655172413793,0,False,0,1.0,Mg Mg Mg Mg O O O O O O O O 0 6 -oo 0 9 -oo 0 9 ooo 0 7 -oo 0 7 ooo 0 10 o-o 1 5 +oo 1 11 +oo 1 11 ooo 1 4 +oo 1 4 ooo 1 8 o+o 2 6 ooo 2 6 -oo 2 10 -oo 2 11 oo- 2 5 oo- 3 5 ooo 3 5 +oo 3 8 +oo 3 9 oo+ 3 6 oo+ 4 10 ooo 7 8 ooo 9 11 +--
mp-2229706,MgPb4(WO5)2,95,256,258,161,2.694736842105263,0,False,0,1.0,Mg Pb Pb Pb Pb W W O O O O O O O O O O 0 11 ooo 0 12 oo- 0 13 oo- 0 14 +oo 1 8 ooo 1 9 ooo 1 7 ooo 1 14 ooo 2 8 o++ 2 10 ooo 2 7 o++ 2 13 -oo 3 7 -oo 3 8 ooo 3 11 --o 4 7 o++ 4 8 +++ 4 12 o+o 5 16 +oo 5 9 ooo 5 13 ooo 5 12 ooo 6 15 ooo 6 10 ooo 6 14 ooo 6 11 -oo
mp-1093551,MgPd2Au,16,43,45,27,2.6875,0,False,0,1.0,Mg Pd Pd Au 0 2 o-- 0 1 ooo 1 3 ooo 2 3 ooo
mp-2227111,MgSbOF3,42,109,111,67,2.5952380952380953,0,False,0,1.0,Mg Sb O F F F 0 3 ooo 0 5 o-o 0 4 +oo 0 4 ooo 0 2 oo+ 0 2 ooo 1 5 oo- 1 3 --o 1 2 ooo 1 2 -oo 1 4 ooo 1 4 oo-
mp-2226396,MgSbRhO4,52,136,138,84,2.6153846153846154,0,False,0,1.0,Mg Sb Rh O O O O 0 3 +oo 0 3 ooo 0 5 oo- 0 4 o-o 1 6 ooo 1 4 -o+ 1 4 oo+ 1 5 -+o 1 5 o+o 2 6 ooo 2 6 +oo 2 4 ooo 2 5 ooo 2 3 +oo 2 3 ooo
mp-1097450,MgScNi2,16,42,44,26,2.625,0,False,0,1.0,Mg Sc Ni Ni 0 3 o-- 0 2 ooo 1 2 ooo 1 3 ooo
mp-2218524,MgScTl(MoO4)2,67,176,178,109,2.626865671641791,0,False,0,1.0,Mg Sc Tl Mo Mo O O O O O O O O 0 9 ooo 1 6 --o 1 7 ooo 1 5 -oo 1 12 oo- 1 8 --- 1 11 o-- 2 6 --o 2 7 ooo 2 5 -oo 3 10 ooo 3 5 ooo 3 6 ooo 3 7 ooo 4 11 ooo 4 12 ooo 4 8 ooo 4 9 ooo
mp-2218801,MgScTl(MoO4)2,76,201,203,125,2.6447368421052633,0,False,0,1.0,Mg Sc Tl Mo Mo O O O O O O O O 0 5 -oo 0 6 --o 0 7 ooo 0 2 ooo 1 6 --+ 1 5 -o+ 1 7 oo+ 1 12 ooo 1 11 o-o 1 8 --o 2 12 ooo 2 8 --o 2 11 o-o 3 10 ooo 3 5 ooo 3 6 ooo 3 7 ooo 4 9 ooo 4 11 ooo 4 12 ooo 4 8 ooo
mp-1233835,MgSi2(AgO)8,127,366,368,239,2.8818897637795278,0,False,0,1.0,Mg Si Si Ag Ag Ag Ag Ag Ag Ag Ag O O O O O O O O 0 11 ooo 0 16 o-o 0 14 oo+ 0 18 ooo 1 12 ooo 1 15 ooo 1 18 ooo 1 14 ooo 2 16 ooo 2 11 ooo 2 13 ooo 2 17 ooo 3 17 o-o 3 15 -oo 3 18 ooo 4 11 oo- 4 12 ooo 4 15 o+o 5 16 ooo 5 15 o+o 5 12 ooo 6 12 ooo 6 17 +oo 6 11 ooo 7 15 oo+ 7 13 +-o 7 16 o-o 8 17 ooo 8 14 ooo 8 18 ooo 9 13 oo- 9 12 -oo 9 14 ooo 10 13 oo- 10 18 o+o 10 14 o+o
mp-1373844,MgSi2WO6,140,393,395,253,2.807142857142857,0,False,0,1.0,Mg Mg Si Si Si Si W W O O O O O O O O O O O O 0 13 ooo 0 12 oo- 0 8 ooo 0 9 ooo 0 17 +oo 0 16 o-o 1 15 ooo 1 14 oo+ 1 11 ooo 1 10 ooo 1 19 o+o 1 18 -oo 2 12 ooo 2 18 ooo 2 8 ooo 2 11 ooo 3 13 ooo 3 19 ooo 3 9 oo+ 3 10 ooo 4 15 ooo 4 16 ooo 4 11 oo- 4 8 ooo 5 14 ooo 5 17 ooo 5 10 ooo 5 9 ooo 6 12 ooo 6 13 ooo 6 16 o-+ 6 17 +oo 6 19 +oo 6 18 o-o 7 14 ooo 7 15 ooo 7 18 -oo 7 19 o+- 7 17 o+o 7 16 -oo
mp-1180468,MgSiO3,98,276,278,178,2.816326530612245,0,False,0,1.0,Mg Mg Mg Mg Si Si Si Si O O O O O O O O O O O O 0 10 o-o 0 11 +oo 0 15 +-o 0 18 +-o 0 13 ooo 0 19 oo+ 1 18 ooo 1 15 ooo 2 16 -oo 2 17 o+o 2 19 -+o 2 13 -+o 2 15 ooo 2 18 oo- 3 13 ooo 3 19 ooo 4 10 ooo 4 13 o+o 5 11 ooo 5 19 -o+ 6 16 ooo 6 18 +o- 7 17 ooo 7 15 o-o 8 14 ooo 9 12 ooo
mp-1384513,MgSn2O5,112,305,307,193,2.7232142857142856,0,False,0,1.0,Mg Mg Sn Sn Sn Sn O O O O O O O O O O 0 12 +oo 0 12 +-o 0 15 +-o 0 15 +oo 0 7 ooo 0 7 o-o 1 14 -oo 1 14 --o 1 13 --o 1 13 -oo 1 6 o-o 1 6 ooo 2 15 ooo 2 8 o+o 2 8 ooo 2 7 ooo 2 9 oo- 3 14 ooo 3 9 o-o 3 9 ooo 3 6 ooo 3 8 oo+ 4 13 ooo 4 11 o+o 4 11 ooo 4 6 ooo 4 10 ooo 5 12 ooo 5 10 o-o 5 10 ooo 5 7 ooo 5 11 ooo
mp-1009082,MgSnAs2,56,151,153,95,2.6964285714285716,0,False,0,1.0,Mg Mg Sn Sn As As As As 0 4 ooo 0 7 oo- 0 5 oo- 0 6 ooo 1 5 ooo 1 6 o-o 1 4 ooo 1 7 +oo 2 7 ooo 2 6 -oo 2 4 ooo 2 5 o+o 3 6 --o 3 7 o-- 3 5 -o- 3 4 ooo
mp-1008786,MgTe,20,53,55,33,2.65,0,False,0,1.0,Mg Te 0 1 -o- 0 1 -oo 0 1 o-- 0 1 oo- 0 1 --o 0 1 o-o
mp-1212325,MgTe3(ClO)6,64,173,175,109,2.703125,0,False,0,1.0,Mg Te Te Te Cl Cl Cl Cl Cl Cl O O O O O O 0 15 ooo 0 14 --- 0 11 o-o 0 10 -o- 1 5 ooo 1 4 --o 2 6 oo- 2 7 ooo 3 13 ooo 3 12 -o- 3 11 ooo 3 10 -o- 8 10 ooo 9 11 ooo 12 14 ooo 13 15 ooo
mp-2217622,MgTi2(CoO3)2,101,271,273,170,2.6831683168316833,0,False,0,1.0,Mg Ti Ti Co Co O O O O O O 0 8 ooo 0 5 ooo 0 9 ooo 0 6 ooo 0 10 ooo 0 7 ooo 1 7 o+o 1 6 +oo 1 5 oo+ 1 9 oo+ 1 10 +oo 1 8 o+o 2 10 o-o 2 9 -oo 2 8 oo- 2 6 oo- 2 7 -oo 2 5 o-o 3 8 o+o 3 10 +oo 3 9 oo+ 3 7 ooo 3 6 ooo 3 5 ooo 4 5 o-o 4 7 -oo 4 6 oo- 4 10 ooo 4 9 ooo 4 8 ooo
mp-2232779,MgTi2(FeO2)4,117,321,323,204,2.7435897435897436,0,False,0,1.0,Mg Ti Ti Fe Fe Fe Fe O O O O O O O O 0 7 ooo 0 8 ooo 0 10 ooo 0 9 ooo 0 4 oo- 0 5 ooo 1 12 ooo 1 14 ooo 1 13 ooo 1 9 +oo 2 11 ooo 2 14 ooo 2 13 ooo 2 10 o+o 3 8 oo- 3 7 ooo 3 10 -oo 3 9 o-o 4 11 ooo 4 12 ooo 4 14 ooo 4 9 oo+ 4 10 oo+ 4 7 oo+ 5 11 ooo 5 12 ooo 5 13 ooo 5 9 ooo 5 10 ooo 5 8 ooo 6 11 +oo 6 12 o+o 6 13 oo+ 6 14 ooo
mp-2217663,MgTi2(NiO3)2,89,238,240,149,2.6741573033707864,0,False,0,1.0,Mg Ti Ti Ni Ni O O O O O O 0 10 ooo 0 8 oo- 0 6 o-o 0 7 o-o 0 5 +oo 1 9 oo- 1 5 ooo 1 7 ooo 1 6 ooo 1 8 -o- 1 10 oo- 2 10 ooo 2 6 ooo 2 9 o+o 2 5 ooo 2 8 o+o 2 7 oo+ 3 7 o-o 3 9 ooo 3 8 -oo 3 6 --o 4 7 +o+ 4 6 oo+ 4 10 ooo 4 5 +oo 4 8 ooo
mp-2217827,MgTi2(NiO3)2,92,247,249,155,2.6847826086956523,0,False,0,1.0,Mg Ti Ti Ni Ni O O O O O O 0 9 ooo 0 5 +oo 0 8 oo+ 0 7 o-o 0 10 o-o 0 6 o-o 1 8 -oo 1 9 oo- 1 5 ooo 1 6 ooo 1 7 oo- 1 10 -oo 2 10 ooo 2 7 ooo 2 5 ooo 2 9 ooo 2 6 ooo 2 8 ooo 3 10 --o 3 6 o-o 3 7 o-- 3 5 ooo 3 9 ooo 3 8 ooo 4 6 oo+ 4 7 +oo 4 10 ooo
mp-2218089,MgTi2(SnO3)2,68,180,182,112,2.6470588235294117,0,False,0,1.0,Mg Ti Ti Sn Sn O O O O O O 0 6 oo- 0 5 ooo 0 8 ooo 1 6 o-o 1 10 -oo 1 9 o-o 1 8 ooo 1 5 ooo 1 7 oo- 2 10 ooo 2 7 ooo 2 9 ooo 2 6 ooo 2 5 +oo 2 8 oo+ 3 8 -oo 3 5 oo- 4 9 oo+ 4 7 +oo
mp-2217854,MgTi2Cd2O6,83,222,224,139,2.674698795180723,0,False,0,1.0,Mg Ti Ti Cd Cd O O O O O O 0 8 ooo 0 5 ooo 0 7 ooo 0 9 ooo 0 10 ooo 0 6 ooo 1 10 oo+ 1 8 +oo 1 9 o+o 1 7 +oo 1 6 o+o 1 5 oo+ 2 6 oo- 2 5 -oo 2 7 o-o 2 9 -oo 2 10 o-o 2 8 oo- 3 5 oo+ 3 6 o+o 3 7 +oo 4 8 oo- 4 10 o-o 4 9 -oo
mp-2217725,MgTi2Zn2O6,83,222,224,139,2.674698795180723,0,False,0,1.0,Mg Ti Ti Zn Zn O O O O O O 0 7 ooo 0 10 oo- 0 8 +-o 0 5 -+- 0 9 ooo 0 6 oo- 1 7 ooo 1 5 o+o 1 6 o+o 1 9 +o+ 1 10 +oo 2 10 ooo 2 8 o-o 2 9 o-o 2 6 -o- 2 7 -oo 3 7 -oo 3 5 oo+ 3 8 oo+ 3 9 -oo 4 10 +oo 4 8 oo- 4 5 oo- 4 6 +oo
mp-2219398,MgTi4O8,109,294,296,185,2.697247706422018,0,False,0,1.0,Mg Ti Ti Ti Ti O O O O O O O O 0 9 --o 0 11 ooo 0 10 o-o 0 12 -oo 0 7 o-o 0 5 -oo 1 12 ooo 1 7 o-o 1 9 ooo 1 5 ooo 1 6 ooo 1 8 ooo 1 11 ooo 2 11 ooo 2 5 ooo 2 6 oo- 2 12 -o- 2 8 ooo 2 10 o-o 3 10 ooo 3 5 o+o 3 11 ooo 3 7 ooo 3 8 ooo 3 6 ooo 3 9 ooo 4 9 ooo 4 7 ooo 4 8 oo+ 4 10 +o+ 4 6 ooo 4 12 o+o
mp-2231836,MgTiCo5O12,142,396,398,254,2.788732394366197,0,False,0,1.0,Mg Ti Co Co Co Co Co O O O O O O O O O O O O 0 9 ooo 0 14 -oo 0 18 -oo 0 15 o-o 0 7 -oo 1 16 o+o 1 17 ooo 1 8 +oo 1 14 o++ 1 15 +o+ 1 7 oo+ 2 13 -oo 2 11 ooo 2 10 ooo 2 18 -+o 2 12 o+o 2 9 ooo 3 16 oo- 3 14 ooo 3 8 oo- 3 17 oo- 3 7 ooo 3 15 ooo 4 8 oo- 4 17 o-- 4 15 o-o 4 7 -oo 4 16 -o- 4 14 ooo 5 12 +oo 5 13 ooo 5 18 ooo 5 11 ooo 5 9 +oo 5 10 ooo 6 11 ooo 6 12 ooo 6 13 o-o 6 10 o-o 6 9 ooo 6 18 ooo
mp-2215998,MgTiFeO4,58,152,154,94,2.6206896551724137,0,False,0,1.0,Mg Ti Fe O O O O 0 3 o+o 0 4 o++ 0 4 ooo 0 6 -oo 0 6 oo+ 1 3 ooo 1 5 ooo 1 6 oo+ 1 6 o-o 1 4 ooo 1 4 +o+ 2 5 --- 2 5 -oo 2 3 ooo 2 3 -o- 2 4 ooo 2 6 --o
mp-2233736,MgTiMn3O8,97,262,264,165,2.7010309278350517,0,False,0,1.0,Mg Ti Mn Mn Mn O O O O O O O O 0 12 -oo 0 9 -o+ 0 11 ooo 0 10 -+o 1 6 ooo 1 5 ooo 1 10 oo- 1 7 ooo 1 12 oo- 1 11 oo- 2 12 o-o 2 6 ooo 2 11 o-o 2 5 ooo 2 8 ooo 2 9 o-o 3 8 ooo 3 9 -oo 3 7 ooo 3 10 -oo 3 12 -oo 3 6 ooo 4 8 ooo 4 5 ooo 4 7 ooo 4 9 ooo 4 11 ooo 4 10 ooo
mp-2227625,MgTiMnO4,58,152,154,94,2.6206896551724137,0,False,0,1.0,Mg Ti Mn O O O O 0 5 -o- 0 5 ooo 0 6 ooo 0 3 o+o 0 3 oo- 0 4 ooo 1 4 ooo 1 4 +o+ 1 3 ooo 1 6 o-o 1 6 oo+ 1 5 ooo 2 5 o++ 2 5 ooo 2 6 oo+ 2 3 o+o 2 3 +++
mp-1245745,MgTiN2,40,105,107,65,2.625,0,False,0,1.0,Mg Ti N N 0 2 -+o 0 2 ooo 0 2 -o+ 0 3 oo- 0 3 -oo 0 3 o-o 1 3 ooo 1 3 +-o 1 3 o-+ 1 2 -o+ 1 2 ooo 1 2 o-+
mp-2222828,MgTl3VO4,45,117,119,72,2.6,0,False,0,1.0,Mg Tl Tl Tl V O O O O 0 6 ooo 0 5 ooo 1 7 ooo 2 8 +oo 2 6 oo+ 2 5 +-o 2 7 ooo 3 7 -oo 4 8 ooo 4 7 ooo 4 5 ooo 4 6 ooo
mp-2230104,MgTl6WO12,164,462,464,298,2.817073170731707,0,False,0,1.0,Mg Tl Tl Tl Tl Tl Tl W O O O O O O O O O O O O 0 16 ooo 0 11 ooo 0 13 ooo 0 14 ooo 0 17 ooo 0 10 ooo 1 13 ooo 1 16 o+o 1 18 o+o 1 11 ooo 1 9 oo+ 1 8 ooo 2 10 ooo 2 13 oo- 2 12 oo- 2 14 ooo 2 15 -oo 2 9 ooo 3 16 ooo 3 17 -oo 3 19 -oo 3 10 ooo 3 8 o-o 3 12 ooo 4 11 ooo 4 10 +oo 4 8 +oo 4 17 ooo 4 19 o+o 4 15 ooo 5 17 ooo 5 14 oo+ 5 15 oo+ 5 13 ooo 5 12 +oo 5 18 ooo 6 14 ooo 6 11 o-o 6 9 o-o 6 16 ooo 6 18 oo- 6 19 ooo 7 12 oo- 7 19 -oo 7 9 o-o 7 15 --o 7 8 o-- 7 18 -o-
mp-2229909,MgV2(Ag3O4)2,101,281,283,180,2.782178217821782,0,False,0,1.0,Mg V V Ag Ag Ag Ag Ag Ag O O O O O O O O 0 15 ooo 0 16 ooo 0 10 ooo 0 12 ooo 1 13 ooo 1 12 ooo 1 11 ooo 1 15 ooo 2 14 ooo 2 10 ooo 2 9 ooo 2 16 ooo 3 14 oo- 3 12 ooo 3 11 o-o 3 13 -oo 4 9 -+o 4 10 ooo 5 13 oo+ 5 10 ooo 5 9 o+o 5 14 +oo 6 11 +-o 6 12 ooo 7 11 o-o 7 9 -o- 8 16 ooo 8 15 -oo
mp-2232835,MgV2(FeO2)4,111,302,304,191,2.720720720720721,0,False,0,1.0,Mg V V Fe Fe Fe Fe O O O O O O O O 0 13 ooo 0 11 ooo 0 14 ooo 0 12 ooo 1 7 ooo 1 8 ooo 1 12 -oo 1 14 -oo 1 9 ooo 2 7 ooo 2 8 ooo 2 12 oo- 2 14 oo- 2 10 ooo 3 13 -o+ 3 11 ooo 3 14 -oo 3 12 -+o 4 9 oo- 4 10 -oo 4 7 ooo 4 8 o-o 5 10 ooo 5 9 ooo 5 11 o-o 5 13 o-o 5 7 ooo 6 10 ooo 6 9 ooo 6 11 ooo 6 13 ooo 6 8 ooo
mp-2218483,MgV2Cr2O8,91,243,245,152,2.67032967032967,0,False,0,1.0,Mg V V Cr Cr O O O O O O O O 0 10 oo- 0 7 ooo 0 12 oo- 0 5 ooo 0 9 ooo 0 8 oo- 1 9 -oo 1 5 ooo 1 6 oo- 1 7 o-o 2 8 +oo 2 12 ooo 2 11 oo+ 2 10 o+o 3 12 -oo 3 5 ooo 3 7 ooo 3 10 -oo 3 11 -oo 3 6 ooo 4 9 ooo 4 8 ooo 4 10 ooo 4 7 ooo 4 6 ooo 4 11 ooo
mp-2230584,MgV2Cr4O12,145,403,405,258,2.779310344827586,0,False,0,1.0,Mg V V Cr Cr Cr Cr O O O O O O O O O O O O 0 14 ooo 0 11 o+o 0 7 ooo 0 16 o+o 0 17 o+o 0 8 ooo 1 9 o-o 1 18 -oo 1 10 oo+ 1 13 --+ 1 7 o-+ 1 16 -o+ 2 12 ooo 2 15 ooo 2 8 ooo 2 11 ooo 2 17 ooo 2 14 ooo 3 16 ooo 3 7 +-o 3 8 +-o 3 17 ooo 3 14 o-o 3 11 +oo 4 15 ooo 4 18 o+o 4 12 ++o 4 9 +oo 4 17 o+o 4 8 +oo 5 13 ooo 5 10 ooo 5 14 ooo 5 11 ooo 5 16 ooo 5 7 ooo 6 13 oo+ 6 10 oo+ 6 15 ooo 6 12 ooo 6 18 ooo 6 9 ooo
mp-2230944,MgV2Cr4O12,145,402,404,257,2.7724137931034485,0,False,0,1.0,Mg V V Cr Cr Cr Cr O O O O O O O O O O O O 0 10 ooo 0 13 -oo 0 9 oo- 0 7 ooo 0 16 -oo 0 18 -o- 1 18 -oo 1 16 -o+ 1 7 o-+ 1 9 o-o 1 10 oo+ 1 13 --+ 2 8 ooo 2 15 ooo 2 14 ooo 2 11 ooo 2 12 ooo 2 17 ooo 3 17 -oo 3 8 o-o 3 16 -oo 3 11 ooo 3 7 o-o 3 14 --o 4 17 -oo 4 8 o-o 4 18 -oo 4 12 ooo 4 9 o-o 4 15 --o 5 11 ooo 5 14 ooo 5 13 ooo 5 10 ooo 5 16 ooo 5 7 ooo 6 12 ooo 6 15 ooo 6 13 oo+ 6 10 oo+ 6 18 ooo 6 9 ooo
mp-2229921,MgV2S4(Br2N3)2,89,237,239,148,2.662921348314607,0,False,0,1.0,Mg V V S S S S Br Br Br Br N N N N N N 0 10 -oo 0 7 oo- 0 9 ooo 0 8 -o- 1 11 o+o 1 16 -+o 1 13 oo+ 1 7 ooo 1 9 o++ 1 8 ooo 2 12 o-o 2 13 +-o 2 16 oo- 2 10 ooo 2 8 o-- 2 9 ooo 3 16 ooo 3 14 ooo 4 15 +oo 4 12 ooo 5 14 -oo 5 11 ooo 6 13 ooo 6 15 ooo
mp-2229416,MgV2S4(N3Cl2)2,89,238,240,149,2.6741573033707864,0,False,0,1.0,Mg V V S S S S N N N N N N Cl Cl Cl Cl 0 11 ooo 0 7 -oo 0 13 -oo 0 16 ooo 1 9 o-o 1 10 --o 1 15 ooo 1 12 oo- 1 14 ooo 1 16 o-- 2 8 o+o 2 12 ++o 2 10 oo+ 2 14 o++ 2 13 ooo 2 16 ooo 3 12 ooo 3 11 ooo 4 9 ooo 4 7 -oo 5 10 ooo 5 7 ooo 6 8 ooo 6 11 +oo
mp-2218202,MgV3(OF)4,84,222,224,138,2.642857142857143,0,False,0,1.0,Mg V V V O O O O F F F F 0 11 ooo 0 8 ooo 0 9 o-o 0 9 o-+ 0 10 ooo 0 10 oo+ 1 11 -+o 1 5 ooo 1 7 -o+ 1 7 -oo 1 9 ooo 1 9 oo+ 2 8 ooo 2 4 ooo 2 4 oo+ 2 6 ooo 2 10 ooo 2 10 oo+ 3 7 ooo 3 6 oo- 3 6 ooo 3 4 ooo 3 5 oo- 3 5 ooo
mp-2215836,MgV4O8,85,224,226,139,2.635294117647059,0,False,0,1.0,Mg V V V V O O O O O O O O 0 12 ooo 0 11 oo- 0 9 ooo 0 7 ooo 1 5 oo+ 1 10 -oo 1 8 o-o 1 11 --o 1 7 o-+ 1 9 -o+ 2 6 ooo 2 10 -oo 2 8 o-o 2 12 --o 2 7 o-o 2 9 -oo 3 6 ooo 3 5 ooo 3 9 ooo 3 7 ooo 4 12 ooo 4 11 ooo 4 8 ooo 4 10 ooo
mp-2218824,MgV4O8,97,256,258,159,2.6391752577319587,0,False,0,1.0,Mg V V V V O O O O O O O O 0 6 -oo 0 6 ooo 0 5 o-- 0 5 --- 1 5 ooo 1 8 -oo 1 8 ooo 1 9 ooo 1 11 ooo 1 7 ooo 2 6 ooo 2 7 +oo 2 7 ooo 2 10 ooo 2 12 ooo 2 8 ooo 3 10 o+o 3 12 -oo 3 12 ooo 3 9 ooo 3 5 oo- 3 7 ooo 4 9 o-o 4 11 +oo 4 11 ooo 4 10 ooo 4 6 oo+ 4 8 ooo
mp-2219121,MgV4O8,109,291,293,182,2.669724770642202,0,False,0,1.0,Mg V V V V O O O O O O O O 0 10 o+o 0 10 ++o 0 7 -oo 0 7 ooo 0 6 -oo 0 6 ooo 0 11 ooo 0 12 ooo 1 9 ooo 1 8 ooo 1 8 +oo 1 11 +o- 1 11 oo- 1 7 oo- 2 10 ooo 2 8 oo+ 2 7 ooo 2 7 -oo 2 11 --o 2 11 o-o 3 9 ooo 3 5 ooo 3 5 +oo 3 12 +oo 3 12 ooo 3 6 ooo 4 10 ooo 4 5 ooo 4 6 ooo 4 6 -oo 4 12 --o 4 12 o-o
mp-2232707,MgV4ZnO10,109,293,295,184,2.688073394495413,0,False,0,1.0,Mg V V V V Zn O O O O O O O O O O 0 14 ooo 0 14 +oo 0 12 ooo 0 12 +oo 0 7 o-o 1 12 ooo 1 11 ooo 1 10 -oo 1 10 ooo 1 7 ooo 2 13 ooo 2 6 ooo 2 11 ooo 2 11 +oo 2 10 ooo 3 15 ooo 3 6 ooo 3 8 ooo 3 8 +oo 3 9 oo- 4 14 ooo 4 8 oo+ 4 9 -oo 4 9 ooo 4 7 ooo 5 7 +oo 5 7 ooo 5 10 ooo 5 9 ooo 5 14 ++o 5 12 ++o
mp-1246349,MgVCr3S8,97,260,262,163,2.6804123711340204,0,False,0,1.0,Mg V Cr Cr Cr S S S S S S S S 0 11 ooo 0 7 o-o 0 8 -oo 0 6 oo- 1 9 ooo 1 12 ooo 1 10 ooo 1 8 ooo 1 7 ooo 1 6 ooo 2 5 ooo 2 9 ooo 2 10 ooo 2 8 oo+ 2 7 oo+ 2 11 oo+ 3 5 ooo 3 9 ooo 3 12 ooo 3 6 +oo 3 7 +oo 3 11 +oo 4 5 ooo 4 10 ooo 4 12 ooo 4 6 o+o 4 8 o+o 4 11 o+o
mp-1046254,MgVO2,136,375,377,239,2.7573529411764706,0,False,0,1.0,Mg Mg Mg Mg V V V V O O O O O O O O 0 13 ooo 0 14 -o+ 0 14 oo+ 0 11 ooo 0 11 -oo 0 8 o-+ 1 15 ooo 1 12 +o- 1 12 oo- 1 8 ooo 1 8 +oo 1 11 o+- 2 15 ooo 2 14 ooo 2 14 +oo 2 10 +oo 2 10 ooo 3 13 ooo 3 12 ooo 3 12 -oo 3 9 -oo 3 9 ooo 4 9 ooo 4 11 -+o 4 11 o+o 4 12 ooo 5 13 ooo 5 13 +oo 5 10 +oo 5 10 ooo 5 11 ooo 6 15 ooo 6 15 -oo 6 9 -oo 6 9 ooo 6 8 ooo 7 10 ooo 7 8 +-o 7 8 o-o 7 14 ooo
mp-2210700,MgVO2,40,104,106,64,2.6,0,False,0,1.0,Mg V O O 0 2 o-o 0 2 oo- 0 2 -oo 0 3 -oo 0 3 oo- 0 3 o-o 1 2 o+o 1 2 oo+ 1 2 +oo 1 3 +o+ 1 3 ++o 1 3 o++
mp-1147661,MgVS3,140,391,393,251,2.7928571428571427,0,False,0,1.0,Mg Mg Mg Mg V V V V S S S S S S S S S S S S 0 11 ooo 0 16 ooo 0 17 ooo 0 15 ooo 0 14 ooo 1 10 o-o 1 18 ooo 1 19 ooo 1 17 ooo 1 16 ooo 2 9 ooo 2 13 o-o 2 12 o-o 2 19 oo- 2 18 oo- 3 8 ooo 3 15 ooo 3 14 ooo 3 12 ooo 3 13 ooo 4 8 o+o 4 12 +oo 4 13 ooo 4 15 +oo 4 14 ooo 5 9 ooo 5 14 -oo 5 15 ooo 5 16 ooo 5 17 -oo 6 10 ooo 6 17 ooo 6 16 +oo 6 19 +oo 6 18 ooo 7 11 ooo 7 18 -+o 7 19 o+o 7 12 oo+ 7 13 -o+
mp-2210764,MgVSbO4,52,135,137,83,2.5961538461538463,0,False,0,1.0,Mg V Sb O O O O 0 5 ooo 0 5 +oo 0 3 oo- 0 4 o-o 1 6 ooo 1 3 o+o 1 3 -+o 1 4 oo+ 1 4 -o+ 2 6 ooo 2 6 +oo 2 4 ooo 2 3 ooo 2 5 ooo 2 5 +oo
mp-2218459,MgW2(SCl4)2,61,158,160,97,2.5901639344262297,0,False,0,1.0,Mg W W S S Cl Cl Cl Cl Cl Cl Cl Cl 0 10 o-o 0 5 o-+ 0 12 +oo 0 11 ooo 0 8 ooo 0 3 oo+ 1 6 o-o 1 7 +oo 1 5 o-o 1 8 ooo 1 3 ooo 2 9 ooo 2 11 o+o 2 12 o+o 2 10 -oo 2 4 oo+
mp-2218742,MgW2(SCl4)2,58,149,151,91,2.5689655172413794,0,False,0,1.0,Mg W W S S Cl Cl Cl Cl Cl Cl Cl Cl 0 8 ooo 0 7 ooo 0 10 +oo 0 9 ooo 0 4 ooo 1 12 -oo 1 6 oo- 1 10 ooo 1 8 ooo 1 3 o-o 2 11 +oo 2 5 oo+ 2 9 ooo 2 7 ooo 2 4 o+o
mp-2215878,MgZn(CoO2)4,107,288,290,181,2.691588785046729,0,False,0,1.0,Mg Zn Co Co Co Co O O O O O O O O 0 13 ooo 0 6 -oo 0 6 ooo 0 10 o+o 1 11 ooo 1 11 -oo 1 9 ooo 1 12 --o 1 12 o-o 2 7 ooo 2 12 o-o 2 10 ooo 2 10 +oo 2 9 +oo 2 9 ooo 3 9 ooo 3 13 oo- 3 8 -oo 3 8 ooo 4 11 oo+ 4 7 +oo 4 7 ooo 4 13 ooo 4 13 +oo 4 6 ooo 5 8 ooo 5 10 o+o 5 12 -oo 5 12 ooo 5 6 -oo 5 6 ooo
mp-2215916,MgZn(CoO2)4,113,307,309,194,2.7168141592920354,0,False,0,1.0,Mg Zn Co Co Co Co O O O O O O O O 0 11 -oo 0 11 ooo 0 12 ooo 0 12 -oo 0 9 ooo 0 13 ooo 1 8 o-+ 1 10 +oo 1 10 ooo 1 11 oo+ 1 11 -o+ 1 7 ooo 2 7 ooo 2 9 +oo 2 9 ooo 2 12 ooo 2 10 ooo 2 10 +oo 3 8 ooo 3 8 -oo 3 9 ooo 3 13 ooo 4 6 ooo 4 7 +oo 4 7 ooo 4 11 oo+ 4 13 oo+ 4 13 +o+ 5 10 o+o 5 6 ooo 5 6 -oo 5 12 -+o 5 12 o+o
mp-2228597,MgZn(CoS2)4,110,297,299,187,2.7,0,False,0,1.0,Mg Zn Co Co Co Co S S S S S S S S 0 7 oo- 0 8 o-o 0 6 ooo 0 9 -oo 1 11 oo+ 1 13 ooo 1 12 o+o 1 10 +oo 2 7 +oo 2 6 +oo 2 8 +oo 2 11 ooo 2 13 ooo 2 12 ooo 3 6 ooo 3 8 ooo 3 9 ooo 3 12 oo- 3 13 oo- 3 10 oo- 4 8 ooo 4 7 ooo 4 9 ooo 4 12 ooo 4 11 ooo 4 10 ooo 5 6 ooo 5 9 ooo 5 7 ooo 5 13 o-o 5 11 o-o 5 10 o-o
mp-2228001,MgZn(NiO2)4,122,329,331,207,2.69672131147541,0,False,0,1.0,Mg Zn Ni Ni Ni Ni O O O O O O O O 0 9 -oo 0 12 oo- 0 7 oo- 0 13 -oo 0 11 -o- 0 10 ooo 1 13 ooo 1 7 ooo 1 9 ooo 1 12 ooo 1 6 ooo 1 8 ooo 2 13 ooo 2 7 o+o 2 12 ooo 2 9 o+o 2 11 ooo 2 10 o+o 3 7 +oo 3 13 ooo 3 6 ooo 3 8 +oo 3 11 ooo 3 10 +oo 4 9 ooo 4 12 oo- 4 6 oo- 4 8 ooo 4 10 ooo 4 11 oo- 5 12 o-- 5 9 -oo 5 13 --o 5 7 oo- 5 8 o-o 5 6 -o-
mp-2230273,MgZn2(BiO3)4,139,387,389,248,2.7841726618705036,0,False,0,1.0,Mg Zn Zn Bi Bi Bi Bi O O O O O O O O O O O O 0 11 ooo 0 16 ooo 0 18 ooo 0 10 ooo 0 13 ooo 0 8 ooo 0 7 ooo 1 7 ooo 1 15 ooo 1 14 ooo 1 17 ooo 1 9 ooo 2 16 o+o 2 8 ++o 2 12 ooo 2 18 ooo 3 17 o-+ 3 16 ooo 3 14 oo+ 3 13 ooo 3 10 o-o 3 9 o-+ 4 13 +o- 4 9 ooo 4 18 oo- 4 14 ooo 4 10 +o- 4 15 +oo 5 7 ooo 5 8 +oo 5 12 ooo 5 11 +oo 5 15 +oo 5 18 ooo 6 17 o-o 6 11 o-o 6 12 o-o 6 7 ooo 6 8 ooo 6 16 ooo
mp-2230363,MgZn2(SbO3)4,127,353,355,226,2.779527559055118,0,False,0,1.0,Mg Zn Zn Sb Sb Sb Sb O O O O O O O O O O O O 0 15 ooo 0 14 o-o 0 17 ooo 0 9 o-o 1 12 -oo 1 18 o-o 1 10 o-+ 1 11 -o+ 1 13 ooo 1 16 --o 2 7 ooo 2 8 ooo 2 14 ooo 2 15 ooo 3 18 ooo 3 12 ooo 3 13 ooo 3 16 ooo 3 7 ooo 3 8 ooo 4 10 o-o 4 11 -oo 4 17 ooo 4 9 --o 5 9 ooo 5 17 ooo 5 11 ooo 5 10 ooo 5 16 oo- 5 13 oo- 6 15 -oo 6 14 o-o 6 12 -oo 6 18 o-o 6 8 ooo 6 7 --o
mp-2226428,MgZn2Cr2O8,79,211,213,132,2.670886075949367,0,False,0,1.0,Mg Zn Zn Cr Cr O O O O O O O O 0 12 o+o 0 5 +oo 0 9 ooo 0 7 ooo 1 8 ooo 1 11 -oo 1 6 o-o 1 5 o-- 1 12 -o- 2 10 ooo 2 11 -oo 2 6 o-o 2 5 o-o 2 12 -oo 3 10 ooo 3 8 ooo 3 6 ooo 3 11 ooo 4 9 ooo 4 7 ooo 4 12 ooo 4 5 ooo
mp-1097568,MgZrPt2,16,43,45,27,2.6875,0,False,0,1.0,Mg Zr Pt Pt 0 3 o-- 0 2 ooo 1 3 ooo 1 2 ooo
mp-1025315,Mn(AlTe2)2,43,116,118,73,2.697674418604651,0,False,0,1.0,Mn Al Al Te Te Te Te 0 3 ooo 0 4 --o 0 5 o-- 0 6 -o- 1 3 ooo 1 4 -oo 1 6 o+o 1 5 ooo 2 3 ooo 2 4 o-o 2 5 +oo 2 6 ooo
mp-1104183,Mn(BiSe2)2,116,323,325,207,2.7844827586206895,0,False,0,1.0,Mn Mn Bi Bi Bi Bi Se Se Se Se Se Se Se Se 0 12 -oo 0 13 ooo 0 10 ooo 0 10 -oo 0 11 -oo 0 11 ooo 1 9 --o 1 8 oo- 1 7 -oo 1 7 ooo 1 6 o-- 1 6 --- 2 11 ooo 2 12 ooo 2 12 -oo 2 8 o+o 2 10 o+o 2 10 -+o 3 10 ooo 3 13 ooo 3 13 +oo 3 9 o-o 3 11 o-o 3 11 +-o 4 7 oo+ 4 8 ooo 4 8 +oo 4 6 ooo 4 6 -oo 5 6 oo- 5 9 ooo 5 9 -oo 5 7 ooo 5 7 +oo
mp-1077840,Mn(BiTe2)2,61,164,166,103,2.6885245901639343,0,False,0,1.0,Mn Bi Bi Te Te Te Te 0 6 -oo 0 6 o-o 0 6 ooo 0 5 -o- 0 5 o-- 0 5 --- 1 3 o-o 1 3 -oo 1 3 ooo 1 6 o+o 1 6 +oo 1 6 ooo 2 4 o+o 2 4 +oo 2 4 ooo 2 5 o-o 2 5 -oo 2 5 ooo
mp-1246950,Mn(C4N3)2,69,180,182,111,2.608695652173913,0,False,0,1.0,Mn C C C C C C C C N N N N N N 0 12 oo+ 0 14 o+o 0 11 ++o 0 10 +o+ 0 9 +oo 0 13 o++ 1 2 ooo 1 3 ooo 1 4 ooo 2 9 ooo 3 10 ooo 4 11 ooo 5 7 ooo 5 8 ooo 5 6 ooo 6 12 ooo 7 13 ooo 8 14 ooo
mp-1222040,Mn(CuS)2,224,645,647,421,2.8794642857142856,0,True,135,0.7906976744186046,Mn Mn Mn Mn Cu Cu Cu Cu Cu Cu Cu Cu S S S S S S S S 0 19 ooo 0 18 oo- 0 17 o-o 0 7 oo- 0 5 o-o 0 8 ooo 0 15 o-- 0 13 oo- 0 14 o-o 1 19 ooo 1 16 -oo 1 18 oo- 1 9 oo- 1 5 -oo 1 6 ooo 1 15 -o- 1 12 oo- 1 14 -oo 2 19 ooo 2 16 -oo 2 17 o-o 2 9 o-o 2 7 -oo 2 4 ooo 2 15 --o 2 13 -oo 2 12 o-o 3 16 -oo 3 18 oo- 3 17 o-o 3 4 oo- 3 6 o-o 3 8 -oo 3 12 o-- 3 14 --o 3 13 -o- 4 18 ooo 4 19 ooo 4 12 o-o 4 13 -oo 5 17 ooo 5 16 ooo 5 14 ooo 5 15 oo- 6 17 ooo 6 19 ooo 6 12 oo- 6 14 -oo 7 16 ooo 7 18 ooo 7 13 ooo 7 15 o-o 8 16 ooo 8 19 ooo 8 13 oo- 8 14 o-o 9 18 ooo 9 17 ooo 9 12 ooo 9 15 -oo 10 14 ooo 10 12 ooo 10 13 ooo 10 15 ooo 11 16 ooo 11 18 ooo 11 17 ooo 11 19 ooo
mp-1221979,Mn(InTe2)2,43,116,118,73,2.697674418604651,0,False,0,1.0,Mn In In Te Te Te Te 0 6 ooo 0 3 ooo 0 5 +oo 0 4 o-o 1 6 --- 1 5 ooo 1 3 -o- 1 4 o-o 2 5 o+o 2 3 -o- 2 6 ooo 2 4 oo+
mp-1210700,Mn(SbSe2)2,110,307,309,197,2.790909090909091,0,False,0,1.0,Mn Mn Sb Sb Sb Sb Se Se Se Se Se Se Se Se 0 13 oo- 0 12 --o 0 10 -oo 0 10 o-o 0 11 -o- 0 11 o-- 1 6 ooo 1 7 --o 1 9 o-o 1 9 -oo 1 8 o-o 1 8 -oo 2 8 ooo 2 7 -oo 2 7 o-o 2 9 +oo 2 9 o+o 3 9 ooo 3 6 o+o 3 6 +oo 3 8 o-o 3 8 -oo 4 11 oo- 4 12 -oo 4 12 o-o 4 10 -oo 4 10 o-o 5 10 oo+ 5 13 o+o 5 13 +oo 5 11 o+o 5 11 +oo
mp-1097152,Mn2AlMo,16,43,45,27,2.6875,0,False,0,1.0,Mn Mn Al Mo 0 3 ooo 0 2 +o+ 1 3 ooo 1 2 ooo
mp-1093883,Mn2GaMo,16,43,45,27,2.6875,0,False,0,1.0,Mn Mn Ga Mo 0 3 ooo 0 2 ooo 1 3 ooo 1 2 +o+
mp-1222032,Mn2InSbO6,164,463,465,299,2.823170731707317,0,False,0,1.0,Mn Mn Mn Mn In In Sb Sb O O O O O O O O O O O O 0 16 o-o 0 12 ooo 0 19 ooo 0 10 ooo 0 9 o-+ 0 15 ooo 1 17 +oo 1 10 ooo 1 11 ooo 1 13 +-o 1 14 ooo 1 19 ooo 2 18 oo+ 2 8 ooo 2 12 ooo 2 15 ooo 2 11 -o+ 2 17 ooo 3 19 o+o 3 9 ooo 3 13 ooo 3 12 o+- 3 16 ooo 3 18 ooo 4 14 -oo 4 13 ooo 4 17 ooo 4 10 -+o 4 8 ooo 4 16 ooo 5 15 oo- 5 11 ooo 5 9 ooo 5 18 ooo 5 8 +o- 5 14 ooo 6 19 ooo 6 17 ooo 6 15 ooo 6 18 ooo 6 16 ooo 6 14 ooo 7 12 oo- 7 13 o-o 7 11 -oo 7 9 --o 7 10 -o- 7 8 o--
mp-1097510,Mn2NbGa,16,43,45,27,2.6875,0,False,0,1.0,Mn Mn Nb Ga 0 3 ooo 0 2 ooo 1 3 o++ 1 2 ooo
mp-1306224,Mn2O3,82,215,217,133,2.6219512195121952,0,False,0,1.0,Mn Mn Mn Mn O O O O O O 0 8 o+o 0 7 ooo 0 6 +o+ 0 9 oo+ 0 4 ooo 0 5 oo+ 1 8 +oo 1 4 ooo 1 9 ooo 1 6 +oo 1 7 o-o 1 5 ooo 2 5 -oo 2 9 ooo 2 4 ooo 2 7 -oo 2 6 o+o 2 8 ooo 3 5 o-o 3 6 ooo 3 7 -o- 3 4 oo- 3 9 ooo 3 8 oo-
mp-755331,Mn2OF3,84,225,227,141,2.6785714285714284,0,False,0,1.0,Mn Mn Mn Mn O O F F F F F F 0 4 ooo 0 5 +oo 0 7 +oo 0 10 ooo 0 9 o+o 0 8 +oo 1 4 o-o 1 5 ooo 1 11 -oo 1 6 ooo 1 8 ooo 1 9 ooo 2 5 +oo 2 6 o+- 2 11 o+o 2 10 +oo 2 7 +o- 2 8 ++- 3 4 ooo 3 6 ooo 3 7 ooo 3 11 oo+ 3 10 oo+ 3 9 oo+
mp-850855,Mn2OF3,84,225,227,141,2.6785714285714284,0,False,0,1.0,Mn Mn Mn Mn O O F F F F F F 0 5 ooo 0 11 o+- 0 10 o+o 0 7 +o- 0 6 +oo 0 8 ++o 1 4 ooo 1 11 -oo 1 10 -oo 1 7 o-o 1 6 o-o 1 9 --o 2 4 ooo 2 5 ooo 2 6 ooo 2 10 ooo 2 9 ooo 2 8 ooo 3 4 ooo 3 5 oo+ 3 11 ooo 3 7 ooo 3 9 ooo 3 8 oo+
mp-1305204,Mn2PO5,112,303,305,191,2.705357142857143,0,False,0,1.0,Mn Mn Mn Mn P P O O O O O O O O O O 0 12 o+o 0 11 ooo 0 8 o+o 0 15 ooo 0 7 ooo 0 6 o+o 1 7 ooo 1 6 ++o 1 8 o+o 1 15 +oo 1 11 +oo 1 12 o+o 2 7 ooo 2 6 oo+ 2 10 oo+ 2 14 ooo 2 13 ooo 2 9 oo+ 3 9 ooo 3 13 ooo 3 14 ooo 3 10 ooo 3 6 ooo 3 7 ooo 4 11 ooo 4 9 ooo 4 15 oo- 4 10 -oo 5 12 ooo 5 13 ooo 5 8 oo+ 5 14 +oo
mp-1210939,Mn2Pd(NO2)4,57,148,150,91,2.5964912280701755,0,False,0,1.0,Mn Mn Pd N N N N O O O O O O O O 0 8 ooo 0 11 -oo 0 10 -oo 0 14 ooo 1 7 +-o 1 13 o-o 1 12 +o- 1 9 ooo 2 14 ooo 2 9 ooo 2 6 ooo 2 3 ooo 2 4 ooo 2 5 ooo
mp-2236380,Mn2ZnO4,110,298,300,188,2.709090909090909,0,False,0,1.0,Mn Mn Mn Mn Zn Zn O O O O O O O O 0 9 +oo 0 9 ooo 0 10 ooo 0 10 +oo 0 7 ooo 1 8 ooo 1 8 -oo 1 11 ooo 1 11 -oo 1 13 oo- 1 9 ooo 2 7 +oo 2 7 ooo 2 13 ooo 2 13 +oo 2 11 oo+ 2 6 ooo 3 6 -oo 3 6 ooo 3 12 ooo 3 12 -oo 3 8 ooo 4 9 ooo 4 11 -oo 4 11 ooo 4 12 o-o 4 12 --o 5 6 ooo 5 10 o+o 5 10 ++o 5 13 +oo 5 13 ooo
mp-1176568,Mn3NiO8,84,225,227,141,2.6785714285714284,0,False,0,1.0,Mn Mn Mn Ni O O O O O O O O 0 7 oo- 0 4 ooo 0 10 ooo 0 11 ooo 0 8 oo- 0 6 oo- 1 7 -oo 1 4 ooo 1 11 ooo 1 8 -oo 1 9 ooo 1 5 -oo 2 7 o-o 2 4 ooo 2 10 ooo 2 6 o-o 2 9 ooo 2 5 o-o 3 9 oo- 3 5 --o 3 11 o-o 3 10 -oo 3 8 -o- 3 6 o--
mp-754394,Mn3OF5,126,347,349,221,2.753968253968254,0,False,0,1.0,Mn Mn Mn Mn Mn Mn O O F F F F F F F F F F 0 13 ooo 0 11 oo- 0 8 ooo 0 15 ooo 0 17 -oo 0 16 o-o 1 6 --o 1 7 oo- 1 15 -oo 1 8 o-o 1 11 oo- 1 12 --o 2 13 ooo 2 7 ooo 2 9 ooo 2 14 ooo 2 11 ooo 2 10 ooo 3 7 ooo 3 6 --o 3 9 -oo 3 14 o-o 3 17 -oo 3 16 o-o 4 10 ooo 4 12 oo+ 4 15 oo+ 4 8 oo+ 4 14 +oo 4 9 o+o 5 10 ooo 5 6 ooo 5 17 ooo 5 16 ooo 5 12 ooo 5 13 ooo
mp-755502,Mn3OF5,126,347,349,221,2.753968253968254,0,False,0,1.0,Mn Mn Mn Mn Mn Mn O O F F F F F F F F F F 0 17 ooo 0 14 ooo 0 7 ooo 0 10 ooo 0 11 ooo 0 12 ooo 1 9 ooo 1 12 ooo 1 6 ooo 1 15 ooo 1 13 ooo 1 14 ooo 2 13 o-o 2 11 oo- 2 6 o-o 2 7 oo- 2 8 ooo 2 16 o-- 3 12 ooo 3 13 +-o 3 17 +oo 3 9 o-o 3 8 ooo 3 15 +oo 4 6 -oo 4 7 oo- 4 15 ooo 4 10 -o- 4 16 oo- 4 8 -oo 5 14 ooo 5 11 -+o 5 9 -oo 5 17 o+o 5 16 ooo 5 10 -oo
mp-759176,Mn3OF6,128,352,354,224,2.75,0,False,0,1.0,Mn Mn Mn Mn Mn Mn O O F F F F F F F F F F F F 0 9 ooo 0 10 ooo 0 7 oo- 0 14 oo- 0 13 ooo 0 19 -oo 1 17 -oo 1 11 ooo 1 7 o+o 1 8 ooo 1 19 -++ 1 12 o+o 2 11 ooo 2 9 ooo 2 6 ooo 2 15 ooo 2 12 o+o 2 13 ooo 3 16 ooo 3 18 ooo 3 7 ooo 3 12 ooo 3 15 o-o 3 14 ooo 4 10 +oo 4 16 ooo 4 6 o-o 4 19 ooo 4 8 +-- 4 15 o-o 5 18 ooo 5 17 ooo 5 6 oo+ 5 13 oo+ 5 14 ooo 5 8 +oo
mp-2214957,Mn5Cr2O12,142,396,398,254,2.788732394366197,0,False,0,1.0,Mn Mn Mn Mn Mn Cr Cr O O O O O O O O O O O O 0 14 -oo 0 13 o-o 0 9 ooo 0 18 o-o 0 10 ooo 0 17 -oo 1 15 -oo 1 7 -oo 1 10 oo+ 1 18 oo+ 1 11 ooo 2 16 o-o 2 8 o-o 2 12 ooo 2 9 ooo 2 17 ooo 2 13 o-o 3 17 ooo 3 18 ooo 3 10 ooo 3 9 ooo 3 13 ooo 3 14 ooo 4 12 ooo 4 7 ooo 4 11 ooo 4 15 ooo 4 8 ooo 4 16 ooo 5 11 ooo 5 16 -oo 5 12 ooo 5 8 o-o 5 15 o-o 5 7 -oo 6 14 ooo 6 13 ooo 6 17 o+o 6 18 +oo 6 10 o+o 6 9 +oo
mp-1221988,Mn5CrO8,110,297,299,187,2.7,0,False,0,1.0,Mn Mn Mn Mn Mn Cr O O O O O O O O 0 13 ooo 0 12 ooo 0 8 ooo 0 9 oo- 1 11 ooo 1 10 ooo 1 7 ooo 1 6 oo+ 2 13 -oo 2 12 o-o 2 11 -o- 2 10 o-- 2 7 oo- 2 8 --o 3 8 o-o 3 7 ooo 3 6 ooo 3 9 o-o 3 13 ooo 3 10 o-o 4 7 ooo 4 8 -oo 4 6 ooo 4 9 -oo 4 11 -oo 4 12 ooo 5 10 o-o 5 11 -oo 5 13 -oo 5 12 o-o 5 9 --o 5 6 ooo
mp-765719,Mn6OF11,126,347,349,221,2.753968253968254,0,False,0,1.0,Mn Mn Mn Mn Mn Mn O F F F F F F F F F F F 0 6 ooo 0 17 oo+ 0 9 ooo 0 14 oo+ 0 10 oo+ 0 13 ooo 1 15 ooo 1 8 o-o 1 11 ooo 1 12 o-o 1 14 ooo 1 10 ooo 2 16 o+o 2 7 ooo 2 11 o+o 2 13 ooo 2 12 ooo 2 9 ooo 3 12 ooo 3 10 -oo 3 8 -oo 3 15 ooo 3 17 ooo 3 7 -oo 4 6 ooo 4 11 ooo 4 13 +oo 4 16 +oo 4 7 ooo 4 15 +oo 5 8 o-+ 5 9 o-o 5 16 +oo 5 6 ooo 5 14 +o+ 5 17 +-+
mp-1095372,MnBi4S7,96,261,263,165,2.71875,0,False,0,1.0,Mn Bi Bi Bi Bi S S S S S S S 0 6 ooo 0 5 --o 0 9 o-o 0 9 --o 0 10 -oo 0 10 ooo 1 7 oo+ 1 8 -oo 1 8 ooo 1 11 oo+ 1 11 -o+ 1 5 --o 2 8 oo- 2 7 +oo 2 7 ooo 2 11 o+o 2 11 ++o 2 6 ++o 3 9 ooo 3 5 ooo 3 5 -oo 3 10 ooo 3 10 -oo 4 10 ooo 4 6 ooo 4 6 +oo 4 9 ooo 4 9 +oo
mp-1180142,MnCO3,40,101,103,61,2.525,0,False,0,1.0,Mn Mn C C O O O O O O 0 6 oo- 0 9 --o 0 7 ooo 0 4 --- 1 4 --o 1 7 ooo 1 6 ooo 1 9 --o 2 5 ooo 3 8 ooo
mp-1221664,MnCd2Te3,42,113,115,71,2.6904761904761907,0,False,0,1.0,Mn Cd Cd Te Te Te 0 5 ooo 0 4 -oo 0 4 o+o 0 4 ooo 1 5 o-o 1 5 ooo 1 5 --o 1 3 oo+ 2 3 +oo 2 3 ++o 2 3 ooo 2 4 ooo
mp-1096109,MnCdAu2,16,43,45,27,2.6875,0,False,0,1.0,Mn Cd Au Au 0 2 ooo 0 3 o-- 1 3 ooo 1 2 ooo
mp-1095826,MnCdPd2,16,43,45,27,2.6875,0,False,0,1.0,Mn Cd Pd Pd 0 2 ooo 0 3 o-- 1 3 ooo 1 2 ooo
mp-1221632,MnCdS2,28,73,75,45,2.607142857142857,0,False,0,1.0,Mn Cd S S 0 3 ooo 0 2 o+o 0 2 +oo 0 2 oo+ 1 3 o-- 1 3 -o- 1 3 --o 1 2 ooo
mp-1221650,MnCdTe2,28,75,77,47,2.6785714285714284,0,False,0,1.0,Mn Cd Te Te 0 3 ooo 0 2 +oo 0 2 o+o 0 2 oo+ 1 3 o-- 1 3 -o- 1 3 --o 1 2 ooo
mp-1210824,MnCu2SiSe4,112,319,321,207,2.8482142857142856,0,False,0,1.0,Mn Mn Cu Cu Cu Cu Si Si Se Se Se Se Se Se Se Se 0 14 ooo 0 8 ooo 0 12 ooo 0 11 oo- 1 15 -oo 1 9 ooo 1 13 -oo 1 10 -oo 2 14 oo+ 2 10 ooo 2 11 o+o 2 9 ooo 3 15 -oo 3 11 ooo 3 10 --o 3 8 -o+ 4 15 -oo 4 12 ooo 4 13 --o 4 8 -oo 5 14 ooo 5 13 ooo 5 12 o+o 5 9 ooo 6 8 ooo 6 10 oo- 6 13 ooo 6 14 +oo 7 9 ooo 7 11 ooo 7 12 ooo 7 15 ooo
mp-1176438,MnF3,88,235,237,147,2.6704545454545454,0,False,0,1.0,Mn Mn Mn Mn F F F F F F F F F F F F 0 4 oo- 0 15 --o 0 12 -o- 0 7 o-o 0 6 -oo 0 13 o-- 1 15 o-o 1 4 oo- 1 11 oo- 1 8 o-o 1 5 ooo 1 14 o-- 2 13 ooo 2 6 -oo 2 7 ooo 2 12 -oo 2 10 ooo 2 9 -oo 3 14 ooo 3 5 ooo 3 8 ooo 3 11 ooo 3 9 ooo 3 10 ooo
mp-556560,MnF3,44,113,115,69,2.5681818181818183,0,False,0,1.0,Mn Mn F F F F F F 0 4 -oo 0 6 oo- 0 3 oo- 0 2 -oo 0 7 -o- 0 5 ooo 1 5 ooo 1 7 o-o 1 2 ooo 1 3 o-o 1 4 o-o 1 6 ooo
mp-764949,MnF3,44,113,115,69,2.5681818181818183,0,False,0,1.0,Mn Mn F F F F F F 0 6 ooo 0 4 oo- 0 2 +oo 0 2 ooo 0 7 oo- 0 3 ooo 1 3 ooo 1 7 o-o 1 5 +oo 1 5 ooo 1 4 ooo 1 6 o-o
mp-1210724,MnHSeO4,74,195,197,121,2.635135135135135,0,False,0,1.0,Mn Mn H H Se Se O O O O O O O O 0 11 -oo 0 10 o-- 0 3 o-o 0 2 -o- 0 6 oo- 0 7 --o 1 12 o-o 1 13 -oo 1 2 -oo 1 3 o-o 1 9 ooo 1 8 --o 4 8 ooo 4 6 ooo 4 10 ooo 4 12 ooo 5 9 ooo 5 7 ooo 5 13 ooo 5 11 ooo
mp-1096028,MnHgPd2,16,43,45,27,2.6875,0,False,0,1.0,Mn Hg Pd Pd 0 2 ooo 0 3 o-- 1 3 ooo 1 2 ooo
mp-754018,MnOF,84,225,227,141,2.6785714285714284,0,False,0,1.0,Mn Mn Mn Mn O O O O F F F F 0 5 ooo 0 6 -oo 0 8 ooo 0 10 ooo 0 4 ooo 0 9 ooo 1 4 oo- 1 7 --o 1 9 o-o 1 11 ooo 1 5 ooo 1 8 o-- 2 7 oo+ 2 4 ++o 2 10 o+o 2 8 ooo 2 6 ooo 2 11 o++ 3 6 ooo 3 5 +oo 3 11 ooo 3 9 ooo 3 7 ooo 3 10 ooo
mp-756709,MnOF2,82,219,221,137,2.6707317073170733,0,False,0,1.0,Mn Mn Mn Mn O O O O F F F F F F F F 0 9 ooo 0 10 +oo 0 8 ooo 0 12 ooo 0 5 +oo 1 8 o+o 1 11 ooo 1 9 ooo 1 13 ooo 1 4 ooo 2 15 o-o 2 12 ooo 2 14 ooo 2 10 ooo 2 7 ooo 3 14 ooo 3 13 -oo 3 15 ooo 3 11 ooo 3 6 -oo 4 7 o+- 5 6 -o-
mp-757059,MnP2O7,104,280,282,176,2.6923076923076925,0,False,0,1.0,Mn Mn P P P P O O O O O O O O O O O O O O 0 11 -oo 0 17 ooo 0 6 ooo 0 7 o+o 0 9 -oo 0 18 ooo 1 14 +oo 1 8 ooo 1 19 ooo 1 18 o-o 1 16 +oo 1 7 ooo 2 6 ooo 2 14 ooo 2 7 ooo 2 13 -oo 3 8 ooo 3 15 oo+ 3 16 ooo 3 12 o-o 4 17 ooo 4 10 oo- 4 9 ooo 4 13 o+o 5 19 ooo 5 11 ooo 5 18 ooo 5 12 +oo
mp-487,MnP4,76,197,199,121,2.5921052631578947,0,False,0,1.0,Mn Mn P P P P P P P P 0 7 ooo 0 4 ooo 0 6 +o+ 0 3 oo+ 0 8 ooo 0 9 o-o 1 6 ooo 1 5 ooo 1 7 -o- 1 2 oo- 1 9 ooo 1 8 o+o 2 7 ooo 2 5 ooo 2 3 o++ 3 6 ooo 3 4 ooo 4 8 +oo 4 5 +oo 5 9 -oo 6 8 ooo 7 9 ooo
mp-1104976,MnRe2(HO5)2,63,164,166,101,2.6031746031746033,0,False,0,1.0,Mn Re Re H H O O O O O O O O O O 0 14 ooo 0 13 -o- 0 8 oo- 0 5 -oo 0 7 oo- 0 6 -oo 1 11 +oo 1 9 ooo 1 6 ooo 1 5 o-o 2 12 -oo 2 10 ooo 2 7 o+o 2 8 ooo 3 13 ooo 4 14 ooo
mp-1095919,MnTc2Ge,16,43,45,27,2.6875,0,False,0,1.0,Mn Tc Tc Ge 0 1 ooo 0 2 o-- 1 3 ooo 2 3 ooo
mp-1210642,MnTeO3,140,395,397,255,2.8214285714285716,0,False,0,1.0,Mn Mn Mn Mn Te Te Te Te O O O O O O O O O O O O 0 12 ooo 0 14 ooo 0 16 -oo 0 19 -oo 1 15 ooo 1 10 ooo 1 17 +oo 1 18 +oo 2 11 o-o 2 9 o-o 2 18 o-o 2 17 ooo 3 8 o+o 3 13 o+o 3 19 o+o 3 16 ooo 4 10 -o- 4 12 o-o 4 9 --- 4 8 ooo 4 19 -oo 4 18 o-- 5 8 ooo 5 9 oo- 5 10 oo- 5 12 ooo 5 16 ooo 5 17 oo- 6 14 o-o 6 15 -oo 6 11 --o 6 13 ooo 6 19 -oo 6 18 o-o 7 13 ooo 7 11 ooo 7 14 ooo 7 15 ooo 7 16 ooo 7 17 ooo
mp-569859,MnTl2SnTe4,32,87,89,55,2.71875,0,False,0,1.0,Mn Tl Tl Sn Te Te Te Te 0 7 ooo 0 4 ooo 0 6 ooo 0 5 oo- 3 7 ooo 3 4 --o 3 6 --o 3 5 oo-
mp-1106224,MnVO3,188,529,531,341,2.8138297872340425,0,True,19,0.9640831758034026,Mn Mn Mn Mn V V V V O O O O O O O O O O O O 0 8 o-o 0 12 o-o 0 18 o-o 0 9 ooo 0 13 ooo 0 19 ooo 0 14 ooo 0 16 oo- 1 10 o+o 1 16 o+o 1 14 o+o 1 11 ooo 1 17 ooo 1 15 ooo 1 18 ooo 1 12 oo+ 2 9 -oo 2 19 ooo 2 13 ooo 2 8 -oo 2 18 ooo 2 12 ooo 2 17 -oo 2 15 -o- 3 11 +oo 3 15 ooo 3 17 ooo 3 10 +oo 3 14 ooo 3 16 ooo 3 13 +oo 3 19 +o+ 4 12 ooo 4 16 oo- 4 9 ooo 4 11 oo- 4 19 ooo 4 15 oo- 5 17 --o 5 13 ooo 5 8 --o 5 10 ooo 5 14 -oo 5 18 o-o 6 18 ooo 6 14 ooo 6 11 ooo 6 9 ooo 6 13 ooo 6 17 ooo 7 15 --- 7 19 ooo 7 8 --o 7 10 oo- 7 12 o-o 7 16 -o-
mp-1176413,MnWO4,84,223,225,139,2.6547619047619047,0,False,0,1.0,Mn Mn W W O O O O O O O O 0 4 ooo 0 6 oo- 0 5 ooo 0 7 oo- 0 9 ooo 0 10 oo- 1 5 oo+ 1 7 -oo 1 6 o+o 1 4 -++ 1 11 ooo 1 8 -++ 2 4 ooo 2 6 ooo 2 9 ooo 2 10 ooo 2 8 ooo 2 11 o-o 3 5 ooo 3 7 -oo 3 11 ooo 3 8 -+o 3 10 -oo 3 9 ooo
mp-1221557,MnZn(CrS2)4,110,297,299,187,2.7,0,False,0,1.0,Mn Zn Cr Cr Cr Cr S S S S S S S S 0 9 ooo 0 8 ooo 0 7 ooo 0 6 ooo 1 13 ooo 1 12 ooo 1 10 ooo 1 11 ooo 2 11 o-o 2 12 oo- 2 13 ooo 2 7 oo- 2 8 o-o 2 9 o-- 3 12 oo- 3 10 -oo 3 13 ooo 3 8 -oo 3 6 oo- 3 9 -o- 4 10 -oo 4 11 o-o 4 13 ooo 4 6 o-o 4 7 -oo 4 9 --o 5 11 o-o 5 10 -oo 5 12 oo- 5 8 --o 5 7 -o- 5 6 o--
mp-1205972,MnZn3F6,40,103,105,63,2.575,0,False,0,1.0,Mn Zn Zn Zn F F F F F F 0 9 ooo 0 8 --- 0 4 -o- 0 5 o-o 1 6 --o 1 7 ooo 2 8 oo- 2 9 ooo 3 5 ooo 3 4 -o-
mp-1221534,MnZn3S4,56,147,149,91,2.625,0,False,0,1.0,Mn Zn Zn Zn S S S S 0 6 o-o 0 6 ooo 0 6 --o 0 4 ooo 1 7 o-o 1 7 --o 1 7 ooo 1 5 ooo 2 4 o++ 2 4 +++ 2 4 oo+ 2 7 ooo 3 5 o+o 3 5 ooo 3 5 ++o 3 6 ooo
mp-1221533,MnZn4S5,140,401,403,261,2.8642857142857143,0,False,0,1.0,Mn Mn Zn Zn Zn Zn Zn Zn Zn Zn S S S S S S S S S S 0 14 -oo 0 14 --o 0 14 ooo 0 18 ooo 1 10 -o+ 1 10 --+ 1 10 oo+ 1 19 ooo 2 15 +oo 2 15 ++o 2 15 ooo 2 10 ooo 3 16 +oo 3 16 ++o 3 16 ooo 3 11 ooo 4 17 +oo 4 17 ooo 4 17 ++o 4 12 ooo 5 18 +oo 5 18 ooo 5 18 ++o 5 13 ooo 6 19 +oo 6 19 ++o 6 19 ooo 6 14 ooo 7 11 -oo 7 11 ooo 7 11 --o 7 15 ooo 8 12 -oo 8 12 --o 8 12 ooo 8 16 ooo 9 13 -oo 9 13 --o 9 13 ooo 9 17 ooo
mp-1221520,MnZnCdTe3,42,113,115,71,2.6904761904761907,0,False,0,1.0,Mn Zn Cd Te Te Te 0 3 oo- 0 3 o+o 0 4 oo- 0 4 +oo 1 5 o-- 1 5 ooo 1 3 ooo 1 3 -o- 2 5 +oo 2 5 oo- 2 4 +o- 2 4 ++o
mp-1221502,MnZnS2,28,73,75,45,2.607142857142857,0,False,0,1.0,Mn Zn S S 0 3 ooo 0 3 +oo 0 3 o-o 0 2 ooo 1 2 ooo 1 2 o+o 1 2 -oo 1 3 oo-
mp-1221491,Mo2RuSe4,104,289,291,185,2.7788461538461537,0,False,0,1.0,Mo Mo Mo Mo Ru Ru Se Se Se Se Se Se Se Se 0 11 +oo 0 10 ooo 0 6 ooo 0 12 ooo 0 8 ooo 1 9 oo- 1 10 ooo 1 11 ooo 1 7 ooo 1 12 ooo 2 10 o-o 2 8 ooo 2 7 ooo 2 12 ooo 2 13 ooo 3 8 -oo 3 9 ooo 3 7 ooo 3 13 ooo 3 11 ooo 4 6 ooo 4 12 oo+ 4 13 ooo 4 8 ooo 4 9 ooo 5 6 ooo 5 9 ooo 5 13 o+o 5 11 ooo 5 10 ooo
mp-1027483,Mo2Se3S,84,231,233,147,2.75,0,False,0,1.0,Mo Mo Mo Mo Se Se Se Se Se Se S S 0 10 o+o 0 10 -oo 0 10 ooo 0 11 -oo 0 11 o+o 0 11 ooo 1 6 +oo 1 6 o-o 1 6 +-o 1 7 +-o 1 7 o-o 1 7 +oo 2 8 +oo 2 8 o-o 2 8 ooo 2 4 o-o 2 4 +oo 2 4 ooo 3 5 ooo 3 5 o-o 3 5 +oo 3 9 ooo 3 9 +oo 3 9 o-o
mp-1025841,Mo2W(Se2S)2,63,167,169,104,2.6507936507936507,0,False,0,1.0,Mo Mo W Se Se Se Se S S 0 3 o-o 0 3 --o 0 3 ooo 0 5 o-o 0 5 --o 0 5 ooo 1 7 o+o 1 7 ++o 1 7 ooo 1 8 o+o 1 8 ooo 1 8 ++o 2 6 o-o 2 6 ooo 2 6 --o 2 4 o-o 2 4 --o 2 4 ooo
mp-1025866,Mo2W(Se2S)2,63,167,169,104,2.6507936507936507,0,False,0,1.0,Mo Mo W Se Se Se Se S S 0 7 -oo 0 7 o+o 0 7 ooo 0 8 o+o 0 8 -oo 0 8 ooo 1 5 o+o 1 5 -oo 1 5 ooo 1 4 -oo 1 4 o+o 1 4 ooo 2 3 o-o 2 3 +oo 2 3 ooo 2 6 +oo 2 6 o-o 2 6 ooo
mp-1025946,Mo2W(Se2S)2,63,167,169,104,2.6507936507936507,0,False,0,1.0,Mo Mo W Se Se Se Se S S 0 7 o-o 0 7 ooo 0 7 --o 0 8 o-o 0 8 ooo 0 8 --o 1 3 o+o 1 3 ++o 1 3 ooo 1 6 o+o 1 6 ++o 1 6 ooo 2 5 o-o 2 5 ooo 2 5 --o 2 4 o-o 2 4 ooo 2 4 --o
mp-1027109,Mo3W(Se3S)2,84,230,232,146,2.738095238095238,0,False,0,1.0,Mo Mo Mo W Se Se Se Se Se Se S S 0 7 -oo 0 7 o+o 0 7 ooo 0 5 -oo 0 5 o+o 0 5 ooo 1 8 -oo 1 8 o+o 1 8 ooo 1 6 -oo 1 6 o+o 1 6 ooo 2 10 o-o 2 10 +oo 2 10 ooo 2 11 o-o 2 11 +oo 2 11 ooo 3 9 o-o 3 9 +oo 3 9 ooo 3 4 o-o 3 4 +oo 3 4 ooo
mp-1027145,Mo3W(Se3S)2,84,230,232,146,2.738095238095238,0,False,0,1.0,Mo Mo Mo W Se Se Se Se Se Se S S 0 10 -oo 0 10 o+o 0 10 ooo 0 11 -oo 0 11 o+o 0 11 ooo 1 7 -oo 1 7 o+o 1 7 ooo 1 6 o+o 1 6 -oo 1 6 ooo 2 9 o-o 2 9 +oo 2 9 ooo 2 5 +oo 2 5 o-o 2 5 ooo 3 8 +oo 3 8 o-o 3 8 ooo 3 4 o-o 3 4 +oo 3 4 ooo
mp-1027404,Mo3W(Se3S)2,84,230,232,146,2.738095238095238,0,False,0,1.0,Mo Mo Mo W Se Se Se Se Se Se S S 0 10 o-o 0 10 --o 0 10 ooo 0 11 o-o 0 11 --o 0 11 ooo 1 8 o+o 1 8 ooo 1 8 ++o 1 4 o+o 1 4 ooo 1 4 ++o 2 5 o+o 2 5 ooo 2 5 ++o 2 9 o+o 2 9 ooo 2 9 ++o 3 6 o-o 3 6 --o 3 6 ooo 3 7 o-o 3 7 --o 3 7 ooo
mp-1027549,Mo3W(Se3S)2,84,230,232,146,2.738095238095238,0,False,0,1.0,Mo Mo Mo W Se Se Se Se Se Se S S 0 10 -oo 0 10 o+o 0 10 ooo 0 11 -oo 0 11 o+o 0 11 ooo 1 7 o+o 1 7 -oo 1 7 ooo 1 6 o+o 1 6 -oo 1 6 ooo 2 8 +oo 2 8 o-o 2 8 ooo 2 4 o-o 2 4 +oo 2 4 ooo 3 5 +oo 3 5 o-o 3 5 ooo 3 9 +oo 3 9 o-o 3 9 ooo
mp-1027781,Mo3W(Se3S)2,84,230,232,146,2.738095238095238,0,False,0,1.0,Mo Mo Mo W Se Se Se Se Se Se S S 0 6 -oo 0 6 o+o 0 6 ooo 0 7 -oo 0 7 o+o 0 7 ooo 1 10 -oo 1 10 o+o 1 10 ooo 1 11 -oo 1 11 o+o 1 11 ooo 2 8 o-o 2 8 +oo 2 8 ooo 2 4 +oo 2 4 o-o 2 4 ooo 3 5 o-o 3 5 +oo 3 5 ooo 3 9 +oo 3 9 o-o 3 9 ooo
mp-1080150,Mo3W(Se3S)2,84,230,232,146,2.738095238095238,0,False,0,1.0,Mo Mo Mo W Se Se Se Se Se Se S S 0 5 o-o 0 5 --o 0 5 ooo 0 7 o-o 0 7 --o 0 7 ooo 1 10 o+o 1 10 ooo 1 10 ++o 1 11 o+o 1 11 ++o 1 11 ooo 2 4 o+o 2 4 ooo 2 4 ++o 2 9 o+o 2 9 ++o 2 9 ooo 3 6 o-o 3 6 ooo 3 6 --o 3 8 o-o 3 8 ooo 3 8 --o
mp-1027894,Mo3W(SeS)4,84,228,230,144,2.7142857142857144,0,False,0,1.0,Mo Mo Mo W Se Se Se Se S S S S 0 9 o-o 0 9 --o 0 9 ooo 0 10 o-o 0 10 --o 0 10 ooo 1 5 o-o 1 5 ooo 1 5 --o 1 6 o-o 1 6 ooo 1 6 --o 2 11 o+o 2 11 ++o 2 11 ooo 2 8 o+o 2 8 ooo 2 8 ++o 3 4 o+o 3 4 ++o 3 4 ooo 3 7 o+o 3 7 ooo 3 7 ++o
mp-1026946,Mo3W(SeS3)2,84,226,228,142,2.6904761904761907,0,False,0,1.0,Mo Mo Mo W Se Se S S S S S S 0 4 o+o 0 4 -oo 0 4 ooo 0 5 -oo 0 5 o+o 0 5 ooo 1 8 o+o 1 8 -oo 1 8 ooo 1 9 -oo 1 9 o+o 1 9 ooo 2 10 o-o 2 10 +oo 2 10 ooo 2 6 o-o 2 6 +oo 2 6 ooo 3 11 o-o 3 11 +oo 3 11 ooo 3 7 o-o 3 7 +oo 3 7 ooo
mp-1027600,Mo3W(SeS3)2,84,226,228,142,2.6904761904761907,0,False,0,1.0,Mo Mo Mo W Se Se S S S S S S 0 9 o-o 0 9 ooo 0 9 --o 0 8 o-o 0 8 --o 0 8 ooo 1 6 o+o 1 6 ++o 1 6 ooo 1 10 o+o 1 10 ooo 1 10 ++o 2 7 o+o 2 7 ++o 2 7 ooo 2 11 o+o 2 11 ++o 2 11 ooo 3 4 o-o 3 4 --o 3 4 ooo 3 5 o-o 3 5 ooo 3 5 --o
mp-1027641,Mo3W(SeS3)2,84,226,228,142,2.6904761904761907,0,False,0,1.0,Mo Mo Mo W Se Se S S S S S S 0 7 o+o 0 7 -oo 0 7 ooo 0 9 o+o 0 9 -oo 0 9 ooo 1 8 o+o 1 8 -oo 1 8 ooo 1 10 -oo 1 10 o+o 1 10 ooo 2 11 +oo 2 11 o-o 2 11 ooo 2 6 o-o 2 6 +oo 2 6 ooo 3 4 +oo 3 4 o-o 3 4 ooo 3 5 +oo 3 5 o-o 3 5 ooo
mp-1094123,MoO2,42,109,111,67,2.5952380952380953,0,False,0,1.0,Mo Mo O O O O 0 4 o+o 0 4 -oo 0 4 ooo 0 3 o+o 0 3 -oo 0 3 ooo 1 2 o-o 1 2 +oo 1 2 ooo 1 5 +oo 1 5 o-o 1 5 ooo
mp-1180203,MoO4,46,117,119,71,2.5434782608695654,0,False,0,1.0,Mo Mo O O O O O O O O 0 6 o+o 0 2 ooo 0 5 ooo 0 5 oo+ 0 8 ooo 0 4 ++o 1 7 o-o 1 3 ooo 1 4 ooo 1 4 oo- 1 9 ooo 1 5 --o
mp-796331,MoO5,60,157,159,97,2.6166666666666667,0,False,0,1.0,Mo Mo O O O O O O O O O O 0 2 ooo 0 2 o+o 0 8 ooo 0 5 -oo 0 4 ooo 0 9 ooo 1 3 o+o 1 3 ooo 1 9 ooo 1 6 -oo 1 7 ooo 1 8 oo+ 4 11 ooo 5 11 ooo 6 10 ooo 7 10 ooo
mp-726717,MoPO7,78,205,207,127,2.628205128205128,0,False,0,1.0,Mo Mo P P O O O O O O O O O O O O O O 0 4 ooo 0 6 oo+ 0 11 ooo 0 8 +oo 0 12 ooo 0 14 ooo 1 5 ooo 1 7 oo- 1 9 ooo 1 10 -oo 1 13 ooo 1 15 ooo 2 13 ooo 2 16 ooo 2 8 ooo 2 11 ooo 3 12 ooo 3 17 ooo 3 10 ooo 3 9 ooo
mp-1023930,MoW(SeS)2,42,110,112,68,2.619047619047619,0,False,0,1.0,Mo W Se Se S S 0 4 o-o 0 4 +oo 0 4 ooo 0 5 o-o 0 5 +oo 0 5 ooo 1 3 -oo 1 3 o+o 1 3 ooo 1 2 o+o 1 2 -oo 1 2 ooo
mp-1025589,MoW2(Se2S)2,63,166,168,103,2.634920634920635,0,False,0,1.0,Mo W W Se Se Se Se S S 0 7 o-o 0 7 +oo 0 7 ooo 0 8 +o- 0 8 o-- 0 8 oo- 1 5 o+o 1 5 -oo 1 5 ooo 1 3 o+o 1 3 -oo 1 3 ooo 2 4 -oo 2 4 o+o 2 4 ooo 2 6 -oo 2 6 o+o 2 6 ooo
mp-1025870,MoW2(Se2S)2,63,166,168,103,2.634920634920635,0,False,0,1.0,Mo W W Se Se Se Se S S 0 8 o-o 0 8 ooo 0 8 --o 0 7 o-o 0 7 ooo 0 7 --o 1 5 o-o 1 5 --o 1 5 ooo 1 4 o-o 1 4 --o 1 4 ooo 2 3 o+o 2 3 ooo 2 3 ++o 2 6 o+o 2 6 ooo 2 6 ++o
mp-1027096,MoW3(Se3S)2,84,228,230,144,2.7142857142857144,0,False,0,1.0,Mo W W W Se Se Se Se Se Se S S 0 11 o-o 0 11 --o 0 11 ooo 0 10 o-o 0 10 --o 0 10 ooo 1 6 o-o 1 6 --o 1 6 ooo 1 7 o-o 1 7 ooo 1 7 --o 2 8 o+o 2 8 ++o 2 8 ooo 2 4 o+o 2 4 ++o 2 4 ooo 3 5 o+o 3 5 ooo 3 5 ++o 3 9 o+o 3 9 ooo 3 9 ++o
mp-1026974,MoWSe3S,84,229,231,145,2.7261904761904763,0,False,0,1.0,Mo Mo W W Se Se Se Se Se Se S S 0 7 o-o 0 7 ooo 0 7 --o 0 5 o-o 0 5 ooo 0 5 --o 1 11 o+o 1 11 ++o 1 11 ooo 1 10 o+o 1 10 ++o 1 10 ooo 2 6 o-o 2 6 ooo 2 6 --o 2 8 o-o 2 8 --o 2 8 ooo 3 4 o+o 3 4 ++o 3 4 ooo 3 9 o+o 3 9 ooo 3 9 ++o
mp-1027139,MoWSe3S,84,229,231,145,2.7261904761904763,0,False,0,1.0,Mo Mo W W Se Se Se Se Se Se S S 0 10 o-o 0 10 ooo 0 10 --o 0 11 o-o 0 11 --o 0 11 ooo 1 9 o+o 1 9 ooo 1 9 ++o 1 5 o+o 1 5 ++o 1 5 ooo 2 7 o-o 2 7 --o 2 7 ooo 2 6 o-o 2 6 ooo 2 6 --o 3 8 o+o 3 8 ooo 3 8 ++o 3 4 o+o 3 4 ++o 3 4 ooo
mp-1027141,MoWSe3S,84,229,231,145,2.7261904761904763,0,False,0,1.0,Mo Mo W W Se Se Se Se Se Se S S 0 10 o-o 0 10 --o 0 10 ooo 0 11 o-o 0 11 --o 0 11 ooo 1 7 o-o 1 7 ooo 1 7 --o 1 6 o-o 1 6 --o 1 6 ooo 2 8 o+o 2 8 ooo 2 8 ++o 2 4 o+o 2 4 ooo 2 4 ++o 3 5 o+o 3 5 ++o 3 5 ooo 3 9 o+o 3 9 ooo 3 9 ++o
mp-1027474,MoWSe3S,84,229,231,145,2.7261904761904763,0,False,0,1.0,Mo Mo W W Se Se Se Se Se Se S S 0 10 o-o 0 10 ooo 0 10 --o 0 11 o-o 0 11 ooo 0 11 --o 1 4 o+o 1 4 ++o 1 4 ooo 1 8 o+o 1 8 ooo 1 8 ++o 2 7 o-o 2 7 ooo 2 7 --o 2 6 o-o 2 6 --o 2 6 ooo 3 9 o+o 3 9 ++o 3 9 ooo 3 5 o+o 3 5 ++o 3 5 ooo
mp-1028857,MoWSe3S,84,229,231,145,2.7261904761904763,0,False,0,1.0,Mo Mo W W Se Se Se Se Se Se S S 0 8 o-o 0 8 ooo 0 8 --o 0 6 o-o 0 6 ooo 0 6 --o 1 10 o+o 1 10 ++o 1 10 ooo 1 11 o+o 1 11 ++o 1 11 ooo 2 5 o-o 2 5 --o 2 5 ooo 2 7 o-o 2 7 ooo 2 7 --o 3 9 o+o 3 9 ++o 3 9 ooo 3 4 o+o 3 4 ++o 3 4 ooo
mp-1030535,MoWSe3S,84,229,231,145,2.7261904761904763,0,False,0,1.0,Mo Mo W W Se Se Se Se Se Se S S 0 7 o-o 0 7 --o 0 7 ooo 0 6 o-o 0 6 ooo 0 6 --o 1 10 o-o 1 10 --o 1 10 ooo 1 11 o-o 1 11 --o 1 11 ooo 2 8 o+o 2 8 ++o 2 8 ooo 2 4 o+o 2 4 ooo 2 4 ++o 3 5 o+o 3 5 ooo 3 5 ++o 3 9 o+o 3 9 ++o 3 9 ooo
mp-1027281,MoWSeS3,84,225,227,141,2.6785714285714284,0,False,0,1.0,Mo Mo W W Se Se S S S S S S 0 7 o-o 0 7 --o 0 7 ooo 0 9 o-o 0 9 --o 0 9 ooo 1 10 o-o 1 10 --o 1 10 ooo 1 8 o-o 1 8 ooo 1 8 --o 2 6 o+o 2 6 ++o 2 6 ooo 2 11 o+o 2 11 ooo 2 11 ++o 3 5 o+o 3 5 ++o 3 5 ooo 3 4 o+o 3 4 ++o 3 4 ooo
mp-1027594,MoWSeS3,84,225,227,141,2.6785714285714284,0,False,0,1.0,Mo Mo W W Se Se S S S S S S 0 9 o-o 0 9 --o 0 9 ooo 0 8 o-o 0 8 --o 0 8 ooo 1 6 o+o 1 6 ooo 1 6 ++o 1 10 o+o 1 10 ooo 1 10 ++o 2 4 o-o 2 4 --o 2 4 ooo 2 5 o-o 2 5 --o 2 5 ooo 3 11 o+o 3 11 ++o 3 11 ooo 3 7 o+o 3 7 ooo 3 7 ++o
mp-1027624,MoWSeS3,84,225,227,141,2.6785714285714284,0,False,0,1.0,Mo Mo W W Se Se S S S S S S 0 7 o-o 0 7 ooo 0 7 --o 0 9 o-o 0 9 --o 0 9 ooo 1 6 o+o 1 6 ++o 1 6 ooo 1 11 o+o 1 11 ++o 1 11 ooo 2 10 o-o 2 10 ooo 2 10 --o 2 8 o-o 2 8 --o 2 8 ooo 3 4 o+o 3 4 ++o 3 4 ooo 3 5 o+o 3 5 ooo 3 5 ++o
mp-1030131,MoWSeS3,84,225,227,141,2.6785714285714284,0,False,0,1.0,Mo Mo W W Se Se S S S S S S 0 8 o-o 0 8 --o 0 8 ooo 0 10 o-o 0 10 --o 0 10 ooo 1 11 o+o 1 11 ++o 1 11 ooo 1 6 o+o 1 6 ++o 1 6 ooo 2 7 o-o 2 7 --o 2 7 ooo 2 9 o-o 2 9 --o 2 9 ooo 3 5 o+o 3 5 ++o 3 5 ooo 3 4 o+o 3 4 ++o 3 4 ooo
mp-1545661,N2,40,97,99,57,2.425,0,False,0,1.0,N N N N N N N N N N N N N N N N 0 4 ooo 0 6 ooo 1 7 oo- 1 5 ooo 2 8 -oo 2 9 ooo 3 11 ooo 3 10 --o
mp-726073,N2O3,56,143,145,87,2.5535714285714284,0,False,0,1.0,N N N N N N N N O O O O O O O O O O O O 4 18 ooo 4 12 ooo 4 8 ooo 5 13 ooo 5 19 ooo 5 9 ooo 6 16 ooo 6 14 ooo 6 10 ooo 7 15 ooo 7 17 ooo 7 11 ooo
mp-1180345,NO4,56,139,141,83,2.482142857142857,0,False,0,1.0,N N N N O O O O O O O O O O O O O O O O 0 4 ooo 0 12 ooo 0 8 ooo 1 5 +oo 1 13 +oo 1 9 ooo 2 6 +o+ 2 14 +oo 2 10 ooo 3 7 oo- 3 15 ooo 3 11 ooo
mp-1186069,Na(MoSe)3,158,439,441,281,2.778481012658228,0,False,0,1.0,Na Na Mo Mo Mo Mo Mo Mo Se Se Se Se Se Se 0 12 ooo 0 12 oo- 0 13 ooo 0 13 oo- 0 9 ooo 0 9 oo- 0 8 -oo 0 11 o+o 0 10 ooo 0 2 ooo 0 4 ooo 0 5 ooo 1 11 ooo 1 11 oo+ 1 10 ooo 1 10 oo+ 1 8 ooo 1 8 oo+ 1 9 +oo 1 12 o-o 1 13 ooo 1 3 ooo 1 7 ooo 1 6 ooo 2 8 -oo 2 11 ooo 2 13 ooo 2 13 oo- 3 9 +oo 3 12 ooo 3 10 ooo 3 10 oo+ 4 10 ooo 4 8 o+o 4 12 ooo 4 12 oo- 5 11 o+o 5 10 -oo 5 9 ooo 5 9 oo- 6 12 o-o 6 13 +oo 6 8 ooo 6 8 oo+ 7 13 ooo 7 9 o-o 7 11 ooo 7 11 oo+
mp-7773,Na2AsAu,122,327,329,205,2.680327868852459,0,False,0,1.0,Na Na Na Na As As Au Au 0 5 +oo 0 5 ooo 0 6 o-o 0 6 ooo 0 7 o-o 0 7 ooo 0 4 o-o 0 4 o-- 1 4 -oo 1 4 ooo 1 7 o++ 1 7 oo+ 1 6 o+o 1 6 ooo 1 5 o++ 1 5 o+o 2 5 o+o 2 5 ooo 2 7 -oo 2 7 ooo 2 6 -oo 2 6 ooo 2 4 -oo 2 4 -o- 3 4 o-o 3 4 ooo 3 7 +o+ 3 7 oo+ 3 6 +oo 3 6 ooo 3 5 +oo 3 5 +o+ 4 6 ooo 4 7 oo+ 5 6 ooo 5 7 ooo 6 7 oo+ 6 7 ooo
mp-1078709,Na2BiAu,140,375,377,235,2.6785714285714284,0,False,0,1.0,Na Na Na Na Bi Bi Au Au 0 4 o-o 0 4 ooo 0 7 ooo 0 7 +oo 0 6 ooo 0 6 +oo 0 5 oo- 0 5 ooo 0 3 ooo 0 2 o-o 0 2 o-- 1 5 +oo 1 5 ooo 1 6 ++o 1 6 +oo 1 7 +++ 1 7 +o+ 1 4 ooo 1 4 oo+ 1 2 ooo 1 3 +oo 1 3 +o+ 2 5 o+o 2 5 ooo 2 7 +++ 2 7 o++ 2 6 ++o 2 6 o+o 2 4 ooo 2 4 oo+ 3 4 -oo 3 4 ooo 3 7 ooo 3 7 o+o 3 6 ooo 3 6 o+o 3 5 oo- 3 5 ooo 4 6 ++o 4 7 ++o 5 6 ooo 5 7 oo+ 6 7 oo+ 6 7 ooo
mp-761024,Na2Cd2O3,110,301,303,191,2.7363636363636363,0,False,0,1.0,Na Na Na Na Cd Cd Cd Cd O O O O O O 0 12 o-o 0 9 ooo 0 8 ooo 0 11 oo- 1 10 -oo 1 8 ooo 1 9 o+o 1 13 oo- 2 13 +oo 2 8 oo+ 2 9 +o+ 2 10 oo+ 3 11 o+o 3 9 +++ 3 8 oo+ 3 12 oo+ 4 8 ooo 4 10 ooo 4 11 ooo 4 12 ooo 5 9 oo+ 5 11 ooo 5 10 -oo 5 13 o-o 6 9 ++o 6 12 ooo 6 13 +oo 6 10 o+o 7 8 oo+ 7 13 ooo 7 12 ooo 7 11 ooo
mp-1305077,Na2CoO3,96,261,263,165,2.71875,0,False,0,1.0,Na Na Na Na Co Co O O O O O O 0 10 ooo 0 9 +oo 0 7 ooo 0 6 ooo 0 6 oo- 1 11 o+- 1 6 oo- 1 8 oo- 1 7 ooo 1 7 oo- 2 10 o-o 2 7 ooo 2 9 ooo 2 8 ooo 2 8 oo- 3 11 oo- 3 8 oo- 3 6 -o- 3 9 ooo 3 9 oo- 4 8 oo- 4 6 o-- 4 11 +o- 4 10 o-o 5 7 ooo 5 9 o+o 5 10 -oo 5 11 o+o
mp-1104648,Na2Cu(SeO5)2,87,233,235,146,2.67816091954023,0,False,0,1.0,Na Na Cu Se Se O O O O O O O O O O 0 10 +oo 0 12 o-o 0 7 oo+ 0 8 +oo 0 13 ooo 0 11 ooo 1 9 -oo 1 11 o+o 1 8 oo- 1 7 -oo 1 14 ooo 1 12 ooo 2 13 ooo 2 14 ooo 2 5 ooo 2 6 ooo 3 9 o-o 3 11 ooo 3 7 ooo 3 6 +oo 4 10 o+o 4 12 ooo 4 8 ooo 4 5 -oo
mp-1111279,Na2CuBiF6,46,119,121,73,2.5869565217391304,0,False,0,1.0,Na Na Cu Bi F F F F F F 2 6 ooo 2 8 ooo 2 9 ooo 2 7 ooo 2 5 ooo 2 4 ooo 3 5 oo- 3 4 -oo 3 9 --o 3 6 o-- 3 7 o-o 3 8 -o-
mp-1111272,Na2CuSbF6,46,119,121,73,2.5869565217391304,0,False,0,1.0,Na Na Cu Sb F F F F F F 2 6 ooo 2 9 ooo 2 8 ooo 2 7 ooo 2 4 ooo 2 5 ooo 3 5 oo- 3 4 -oo 3 7 o-o 3 8 -o- 3 6 o-- 3 9 --o
mp-1111507,Na2EuCuCl6,46,119,121,73,2.5869565217391304,0,False,0,1.0,Na Na Eu Cu Cl Cl Cl Cl Cl Cl 2 8 o-- 2 7 -oo 2 5 --o 2 9 oo- 2 6 -o- 2 4 o-o 3 8 ooo 3 7 ooo 3 9 ooo 3 5 ooo 3 6 ooo 3 4 ooo
mp-1210460,Na2FeCl4,122,329,331,207,2.69672131147541,0,False,0,1.0,Na Na Na Na Fe Fe Cl Cl Cl Cl Cl Cl Cl Cl 0 6 +oo 0 6 ooo 0 9 +-o 0 9 o-o 0 13 o-o 0 12 ooo 1 7 ooo 1 7 +oo 1 8 ++o 1 8 o+o 1 12 o+o 1 13 ooo 2 8 +oo 2 8 ooo 2 7 +oo 2 7 ooo 2 11 ooo 2 10 oo+ 3 9 +oo 3 9 ooo 3 6 +oo 3 6 ooo 3 10 ooo 3 11 oo- 4 8 oo- 4 9 o-o 4 10 ooo 4 10 -oo 4 11 o-- 4 11 --- 5 6 ooo 5 7 ooo 5 12 ooo 5 12 -oo 5 13 -oo 5 13 ooo
mp-1111305,Na2GaAuF6,46,119,121,73,2.5869565217391304,0,False,0,1.0,Na Na Ga Au F F F F F F 2 5 oo- 2 4 -oo 2 7 o-o 2 6 o-- 2 8 -o- 2 9 --o 3 6 ooo 3 8 ooo 3 9 ooo 3 5 ooo 3 4 ooo 3 7 ooo
mp-1111304,Na2IrAuF6,46,119,121,73,2.5869565217391304,0,False,0,1.0,Na Na Ir Au F F F F F F 2 4 oo- 2 7 o-o 2 9 -oo 2 6 --o 2 5 o-- 2 8 -o- 3 5 ooo 3 6 ooo 3 8 ooo 3 4 ooo 3 7 ooo 3 9 ooo
mp-1110991,Na2LiAuF6,118,311,313,193,2.635593220338983,0,False,0,1.0,Na Na Li Au F F F F F F 0 7 ooo 0 7 o-o 0 9 ooo 0 9 -oo 0 4 oo- 0 4 ooo 0 8 -oo 0 8 oo- 0 6 -oo 0 6 o-o 0 5 oo- 0 5 o-o 1 6 ooo 1 6 oo+ 1 5 ooo 1 5 +oo 1 8 ooo 1 8 o+o 1 4 +oo 1 4 o+o 1 7 +oo 1 7 oo+ 1 9 o+o 1 9 oo+ 2 6 ooo 2 7 ooo 2 5 ooo 2 9 ooo 2 4 ooo 2 8 ooo 3 4 oo- 3 9 -oo 3 7 o-o 3 5 o-- 3 6 --o 3 8 -o-
mp-1113920,Na2LiCeCl6,46,119,121,73,2.5869565217391304,0,False,0,1.0,Na Na Li Ce Cl Cl Cl Cl Cl Cl 2 6 ooo 2 9 ooo 2 8 ooo 2 4 ooo 2 5 ooo 2 7 ooo 3 7 o-o 3 4 -oo 3 5 oo- 3 6 o-- 3 9 --o 3 8 -o-
mp-571587,Na2LiN,134,357,359,223,2.6641791044776117,0,False,0,1.0,Na Na Na Na Li Li N N 0 6 oo- 0 4 o+o 0 4 ooo 0 5 ooo 0 5 -oo 0 7 o+o 0 7 -+o 0 7 -oo 0 7 ooo 0 3 ooo 0 3 o+o 0 1 ooo 0 1 -oo 1 6 ooo 1 6 +oo 1 7 o+o 1 7 ooo 1 2 ooo 1 2 o+o 2 7 oo+ 2 4 +o+ 2 4 oo+ 2 5 oo+ 2 5 o-+ 2 6 ooo 2 6 o-o 2 6 +-o 2 6 +oo 2 3 ooo 2 3 +oo 3 6 o-o 3 6 ooo 3 7 -oo 3 7 ooo 4 7 -oo 4 7 ooo 4 6 o-- 4 6 oo- 5 7 o+o 5 7 ooo 5 6 oo- 5 6 +o-
mp-2240261,Na2Mg(FeS2)2,69,182,184,113,2.63768115942029,0,False,0,1.0,Na Na Mg Fe Fe S S S S 0 7 ooo 0 8 ooo 0 5 -oo 0 6 o-o 1 6 ooo 1 5 ooo 1 8 ++o 1 7 ooo 2 8 +oo 2 7 ooo 2 5 oo+ 2 6 +o+ 3 8 ++o 3 7 ooo 3 5 o++ 3 6 +o+ 4 6 o-o 4 5 ooo 4 7 o-- 4 8 oo-
mp-2240690,Na2Mg(FeS2)2,69,182,184,113,2.63768115942029,0,False,0,1.0,Na Na Mg Fe Fe S S S S 0 7 ooo 0 8 ooo 0 5 -oo 0 6 o-o 1 6 ooo 1 5 ooo 1 7 ooo 1 8 ++o 2 6 o-o 2 5 ooo 2 7 ooo 2 8 +oo 3 6 o-o 3 5 -oo 3 7 --- 3 8 oo- 4 5 o++ 4 6 oo+ 4 8 o+o 4 7 ooo
mp-2217453,Na2MgMn2O4,75,198,200,123,2.64,0,False,0,1.0,Na Na Mg Mn Mn O O O O 0 7 oo- 0 7 -o- 0 8 ooo 0 5 ooo 0 5 -oo 1 7 o+o 1 8 oo+ 1 8 +o+ 1 6 ooo 1 6 +oo 2 5 ooo 2 5 -oo 2 6 o-o 2 8 o-o 3 6 ooo 3 7 ooo 3 7 -oo 4 5 ooo 4 8 ooo 4 8 +oo 4 6 ooo 4 6 +oo
mp-2219449,Na2MgMn2O8,85,229,231,144,2.6941176470588237,0,False,0,1.0,Na Na Mg Mn Mn O O O O O O O O 0 12 o+o 0 10 ooo 0 6 +oo 0 5 +o+ 0 11 o++ 0 8 +++ 1 12 o+o 1 7 ooo 1 6 +oo 1 5 +oo 1 11 o+o 1 9 ++o 2 7 ooo 2 10 oo- 2 5 ooo 2 11 ooo 3 12 ooo 3 6 ooo 3 7 ooo 3 10 ooo 4 9 ooo 4 8 ooo 4 11 ooo 4 5 ooo
mp-2226407,Na2MgMn4O8,129,356,358,227,2.75968992248062,0,False,0,1.0,Na Na Mg Mn Mn Mn Mn O O O O O O O O 0 11 -oo 0 11 ooo 0 10 ooo 0 14 oo- 0 9 ooo 1 12 +oo 1 12 ooo 1 8 ooo 1 8 +oo 1 7 +oo 1 7 ooo 1 14 +oo 1 13 +oo 2 9 o+o 2 11 +oo 2 11 ooo 2 10 o+o 3 12 ooo 3 8 +-o 3 8 o-o 3 14 ooo 3 10 oo+ 4 7 ooo 4 13 ooo 4 13 +oo 4 9 o+o 4 11 ooo 5 12 ooo 5 7 +-o 5 7 o-o 5 13 ooo 5 9 ooo 6 8 oo- 6 14 oo- 6 14 +o- 6 10 o+o 6 10 -+o 6 11 ooo
mp-2226426,Na2MgMn4O8,129,354,356,225,2.744186046511628,0,False,0,1.0,Na Na Mg Mn Mn Mn Mn O O O O O O O O 0 9 ooo 0 10 +oo 0 7 ++o 0 12 ++- 1 14 +oo 1 13 ooo 1 11 ooo 1 8 oo+ 2 11 ooo 2 7 oo+ 2 12 ooo 2 8 oo+ 2 10 o-+ 2 13 ooo 3 9 ooo 3 14 o-o 3 11 ooo 3 7 ooo 3 8 ooo 3 12 ooo 4 7 +oo 4 11 ooo 4 12 +oo 4 8 ooo 4 13 o-o 4 10 +oo 5 13 ooo 5 10 ooo 5 9 ooo 5 14 ooo 5 12 ooo 5 8 o+o 6 10 oo+ 6 13 ooo 6 9 oo+ 6 14 ooo 6 7 oo+ 6 11 o+o
mp-2226818,Na2MgMn4O8,135,372,374,237,2.7555555555555555,0,False,0,1.0,Na Na Mg Mn Mn Mn Mn O O O O O O O O 0 11 -oo 0 11 ooo 0 9 ooo 0 10 ooo 0 14 oo- 0 13 ooo 1 12 +oo 1 12 ooo 1 7 ooo 1 7 +oo 1 8 ooo 1 8 +oo 1 13 +oo 1 14 +oo 2 10 o+o 2 9 o+o 2 11 +oo 2 11 ooo 3 12 ooo 3 8 +-o 3 8 o-o 3 14 ooo 3 10 oo+ 4 7 ooo 4 13 ooo 4 13 +oo 4 9 o+o 4 9 -+o 4 11 ooo 5 12 ooo 5 7 +-o 5 7 o-o 5 13 ooo 5 9 ooo 6 8 oo- 6 14 oo- 6 14 +o- 6 10 o+o 6 10 -+o 6 11 ooo
mp-2232489,Na2MgV2Cd2O8,105,284,286,179,2.704761904761905,0,False,0,1.0,Na Na Mg V V Cd Cd O O O O O O O O 0 12 ooo 0 14 ooo 0 13 ooo 0 7 oo+ 0 8 oo+ 1 11 ooo 1 14 ooo 1 13 ooo 1 7 ooo 1 8 ooo 2 8 ooo 2 7 ooo 2 9 ooo 2 10 ooo 3 14 o-o 3 13 +oo 3 12 ooo 3 11 ooo 4 8 o+o 4 7 -oo 4 10 ooo 4 9 ooo 5 10 oo+ 5 9 ooo 5 13 o+o 5 14 -oo 6 11 ooo 6 12 oo- 6 7 o-o 6 8 +oo
mp-1272454,Na2MnO2,140,409,411,269,2.9214285714285713,0,False,0,1.0,Na Na Na Na Na Na Na Na Mn Mn Mn Mn O O O O O O O O 0 18 oo+ 0 16 ooo 0 15 -oo 1 19 ooo 1 17 +oo 1 14 ooo 2 14 oo+ 2 12 -oo 2 18 ooo 3 15 ooo 3 13 ooo 3 19 o-- 4 16 oo- 4 18 +oo 4 12 ooo 5 17 ooo 5 19 ooo 5 13 o++ 6 12 oo- 6 14 ooo 6 17 +oo 7 13 ooo 7 15 -oo 7 16 ooo 8 18 ooo 8 12 ooo 8 14 ooo 8 17 ooo 9 13 o+o 9 19 -o- 9 17 ooo 9 14 ooo 10 19 o-o 10 13 +o+ 10 15 ooo 10 16 ooo 11 12 ooo 11 18 ooo 11 16 ooo 11 15 ooo
mp-1104356,Na2MnP2O7F3,96,253,255,157,2.6354166666666665,0,False,0,1.0,Na Na Mn P P O O O O O O O F F F 0 11 +-o 0 9 ooo 0 12 +oo 0 12 ooo 0 13 o-o 0 7 o-o 1 10 -+o 1 5 ooo 1 8 ooo 1 6 o+o 1 13 -o+ 1 13 oo+ 1 12 o++ 2 13 ooo 2 12 ooo 2 9 ooo 2 6 oo- 2 5 oo- 2 7 ooo 3 14 ooo 3 10 ooo 3 6 ooo 3 5 +oo 4 11 ooo 4 8 ooo 4 7 ooo 4 9 -oo
mp-1522192,Na2NbBiO6,118,311,313,193,2.635593220338983,0,False,0,1.0,Na Na Nb Bi O O O O O O 0 5 oo- 0 5 o-o 0 4 ooo 0 4 -oo 0 6 -oo 0 6 oo- 0 8 o-o 0 8 -oo 0 9 oo- 0 9 ooo 0 7 o-o 0 7 ooo 1 7 oo+ 1 7 +oo 1 6 ooo 1 6 o+o 1 4 o+o 1 4 oo+ 1 8 ooo 1 8 oo+ 1 9 o+o 1 9 +oo 1 5 +oo 1 5 ooo 2 6 ooo 2 9 ooo 2 4 ooo 2 7 ooo 2 5 ooo 2 8 ooo 3 6 -o- 3 9 oo- 3 5 o-- 3 4 -oo 3 8 --o 3 7 o-o
mp-27562,Na2Pd3O4,81,214,216,133,2.6419753086419755,0,False,0,1.0,Na Na Pd Pd Pd O O O O 0 7 +oo 0 7 ooo 0 6 +oo 0 6 ooo 0 5 o-o 0 8 ooo 1 8 -oo 1 8 ooo 1 5 -oo 1 5 ooo 1 6 o+o 1 7 ooo 2 5 --o 2 5 o-o 2 8 -oo 2 8 ooo 3 6 ++o 3 6 o+o 3 7 +oo 3 7 ooo 4 5 ooo 4 6 oo- 4 8 ooo 4 7 oo-
mp-1180244,Na2Pt(ClO)6,75,199,201,124,2.6533333333333333,0,False,0,1.0,Na Na Pt Cl Cl Cl Cl Cl Cl O O O O O O 0 9 o-o 0 10 ooo 0 6 ooo 0 11 ooo 0 13 +oo 1 10 o+o 1 9 ooo 1 5 ooo 1 12 ooo 1 14 -oo 2 6 ooo 2 5 --- 2 7 --- 2 8 ooo 2 4 -o- 2 3 o-o 3 9 ooo 4 10 ooo 11 14 ooo 12 13 ooo
mp-4366,Na2PtC2,50,132,134,82,2.64,0,False,0,1.0,Na Na Pt C C 0 3 +oo 0 3 ++o 0 3 ooo 0 2 +oo 0 2 ++o 0 2 ooo 1 4 o+o 1 4 ++o 1 4 ooo 1 2 o++ 1 2 +++ 1 2 oo+ 2 3 ooo 2 4 oo- 3 4 ooo
mp-35248,Na2SO3,66,177,179,111,2.6818181818181817,0,False,0,1.0,Na Na Na Na S S O O O O O O 0 10 -oo 0 9 o+o 1 6 +oo 1 11 o+o 1 8 ooo 1 10 ooo 2 11 -oo 2 6 o-- 2 7 oo- 2 9 ooo 3 7 +oo 3 8 o-o 4 6 ooo 4 7 ooo 4 8 ooo 5 11 ooo 5 9 ooo 5 10 ooo
mp-7774,Na2SbAu,122,327,329,205,2.680327868852459,0,False,0,1.0,Na Na Na Na Sb Sb Au Au 0 5 o+o 0 5 ooo 0 7 oo- 0 7 ooo 0 6 oo- 0 6 ooo 0 4 -o- 0 4 oo- 1 4 o-o 1 4 ooo 1 6 oo+ 1 6 ooo 1 7 +o+ 1 7 +oo 1 5 oo+ 1 5 +o+ 2 5 oo+ 2 5 ooo 2 7 o-o 2 7 ooo 2 6 o-o 2 6 ooo 2 4 o-o 2 4 --o 3 4 oo- 3 4 ooo 3 6 o+o 3 6 ooo 3 7 ++o 3 7 +oo 3 5 o+o 3 5 ++o 4 7 +oo 4 6 ooo 5 7 ooo 5 6 ooo 6 7 ooo 6 7 +oo
mp-761872,Na2Sn2O3,122,335,337,213,2.7459016393442623,0,False,0,1.0,Na Na Na Na Sn Sn Sn Sn O O O O O O 0 12 o-o 0 11 ooo 0 9 ooo 0 13 o-- 0 8 ooo 0 10 o-o 1 10 --o 1 13 o-- 1 9 -o- 1 8 ooo 1 11 ooo 1 12 ooo 2 11 oo- 2 8 ooo 2 10 ooo 2 12 ooo 2 9 -o- 2 13 oo- 3 8 -oo 3 13 ooo 3 12 ooo 3 11 ooo 3 10 --o 3 9 -oo 4 9 oo- 4 12 +oo 4 13 +o- 5 10 o-+ 5 13 o-o 5 8 oo+ 6 8 ooo 6 11 ooo 6 12 ooo 7 9 -+o 7 10 -oo 7 11 o+o
mp-1097085,Na2SrCa,16,43,45,27,2.6875,0,False,0,1.0,Na Na Sr Ca 0 3 +oo 0 2 ooo 1 3 ooo 1 2 ooo
mp-569978,Na2Ti3Cl8,103,277,279,174,2.6893203883495147,0,False,0,1.0,Na Na Ti Ti Ti Cl Cl Cl Cl Cl Cl Cl Cl 0 5 ooo 0 6 ooo 0 8 ooo 0 7 o++ 0 10 +o+ 0 12 ++o 1 8 o-- 1 6 -o- 1 5 --o 1 12 ooo 1 10 ooo 1 7 ooo 2 10 ooo 2 12 ooo 2 9 ooo 2 6 -oo 2 5 -oo 2 11 -oo 3 7 ooo 3 10 ooo 3 9 ooo 3 8 oo- 3 6 oo- 3 11 oo- 4 7 ooo 4 12 ooo 4 9 ooo 4 8 o-o 4 5 o-o 4 11 o-o
mp-866132,Na2TlSb,52,139,141,87,2.673076923076923,0,False,0,1.0,Na Na Tl Sb 0 3 ooo 0 3 -oo 0 3 o-o 0 3 oo- 0 2 --o 0 2 o-- 0 2 -o- 0 2 --- 1 3 oo+ 1 3 +oo 1 3 o+o 1 3 ooo 1 2 ooo 1 2 -oo 1 2 oo- 1 2 o-o
mp-23546,Na2UI6,63,163,165,100,2.5873015873015874,0,False,0,1.0,Na Na U I I I I I I 0 4 o-o 0 5 -oo 0 3 oo- 0 8 ooo 0 6 ooo 0 7 ooo 1 7 o+o 1 8 +oo 1 6 oo+ 1 5 ooo 1 3 ooo 1 4 ooo 2 3 o-- 2 6 -oo 2 4 --o 2 7 oo- 2 5 -o- 2 8 o-o
mp-2217388,Na3MgVO4,66,173,175,107,2.621212121212121,0,False,0,1.0,Na Na Na Mg V O O O O 0 8 ooo 0 6 ooo 0 7 --- 1 5 ooo 1 7 o-o 1 8 +o+ 1 6 ooo 2 5 o++ 2 6 ooo 2 8 ooo 2 7 -oo 3 5 ooo 3 8 +oo 3 7 ooo 3 6 oo- 4 8 o-o 4 5 -oo 4 7 --- 4 6 ooo
mp-760035,Na3Ni2O5,200,577,579,377,2.885,0,True,67,0.8838821490467937,Na Na Na Na Na Na Ni Ni Ni Ni O O O O O O O O O O 0 14 ooo 0 15 ooo 0 16 ooo 0 17 o+o 0 11 oo- 0 12 ooo 1 10 ooo 1 11 ooo 1 19 ooo 1 18 o-o 1 15 oo+ 1 13 ooo 2 18 ooo 2 13 o+o 2 14 ooo 2 12 ooo 2 16 -oo 2 17 -+o 3 19 oo- 3 16 -oo 3 14 ooo 3 10 -o- 3 15 ooo 3 11 -o- 4 15 ooo 4 11 --- 4 18 o-- 4 17 -oo 4 14 o-o 4 10 -o- 5 17 ooo 5 12 o-o 5 10 ooo 5 13 ooo 5 19 +oo 5 18 +-o 6 13 ooo 6 16 ooo 6 10 oo- 6 14 o-o 6 15 ooo 6 17 ooo 7 12 ooo 7 19 ooo 7 14 oo+ 7 10 o+o 7 11 ooo 7 18 ooo 8 17 -oo 8 12 ooo 8 15 ooo 8 19 ooo 8 16 -oo 8 13 ooo 9 18 +oo 9 13 ooo 9 11 ooo 9 16 ooo 9 19 +oo 9 12 ooo
mp-1180306,Na3NpO10,98,261,263,163,2.663265306122449,0,False,0,1.0,Na Na Na Np O O O O O O O O O O 0 7 ooo 0 6 oo- 0 8 ooo 0 9 oo- 0 13 ooo 0 12 oo- 1 8 ooo 1 4 o-o 1 11 ooo 1 12 +oo 1 10 ooo 1 7 o-o 2 9 ooo 2 5 o+o 2 10 ooo 2 13 -oo 2 11 ooo 2 6 o+o 3 6 -o- 3 7 o-o 3 8 ooo 3 9 --- 3 5 oo- 3 4 --o 4 13 ooo 5 12 ooo 10 12 ooo 11 13 ooo
mp-1598,Na3P,74,197,199,123,2.6621621621621623,0,False,0,1.0,Na Na Na Na Na Na P P 0 6 o-o 0 6 --o 0 6 ooo 1 7 -oo 1 7 ooo 1 7 --o 2 6 ooo 2 7 -oo 2 7 o+o 2 7 ooo 3 7 oo- 3 6 +oo 3 6 o-o 3 6 ooo 4 7 ooo 4 6 +oo 4 6 o-o 4 6 ooo 5 6 oo+ 5 7 -oo 5 7 o+o 5 7 ooo
mp-1101638,Na3PO4,160,445,447,285,2.78125,0,False,0,1.0,Na Na Na Na Na Na P P O O O O O O O O 0 13 ooo 0 13 o+o 0 11 ooo 0 11 -oo 0 12 -o+ 0 15 ooo 0 9 oo+ 0 8 -oo 1 12 ooo 1 9 ooo 1 11 oo- 1 10 ooo 2 13 +oo 2 13 ooo 2 11 ooo 2 11 o-o 2 12 o-+ 2 8 ooo 2 9 oo+ 2 15 o-o 3 14 ooo 3 14 +oo 3 10 ooo 3 10 o-o 3 12 o-o 3 8 ooo 3 15 o-o 3 9 ooo 4 10 ooo 4 10 -oo 4 14 o+o 4 14 ooo 4 12 -oo 4 15 ooo 4 9 ooo 4 8 -oo 5 15 o-o 5 8 -oo 5 13 ooo 5 14 ooo 6 9 ooo 6 12 --o 6 14 ooo 6 13 oo- 7 15 ooo 7 8 ooo 7 11 ooo 7 10 ooo
mp-7956,Na3Sb,74,199,201,125,2.689189189189189,0,False,0,1.0,Na Na Na Na Na Na Sb Sb 0 7 oo+ 0 6 o+o 0 6 -oo 0 6 ooo 1 6 ooo 1 7 o-o 1 7 +oo 1 7 ooo 2 7 o-o 2 7 ooo 2 7 --o 3 6 -oo 3 6 --o 3 6 ooo 4 7 ooo 4 6 o+o 4 6 -oo 4 6 ooo 5 6 oo- 5 7 o-o 5 7 +oo 5 7 ooo
mp-1237969,Na3V3H6O7,91,252,254,161,2.769230769230769,0,False,0,1.0,Na Na Na V V V H H H H H H O O O O O O O 0 14 ooo 0 18 ooo 0 13 oo- 1 16 ooo 2 17 +oo 2 13 ooo 2 12 o+o 2 11 ooo 3 12 -oo 3 15 -o- 3 14 o-o 4 13 ooo 4 15 o+o 5 14 oo+ 5 13 ooo 5 15 -+o 6 16 ooo 7 17 ooo 8 18 ooo 9 16 ooo 9 14 ooo 10 17 ooo 11 18 ooo 11 12 o+o
mp-755905,Na3VO3,122,333,335,211,2.7295081967213113,0,False,0,1.0,Na Na Na Na Na Na V V O O O O O O 0 12 ooo 0 10 ooo 0 11 -oo 0 8 o+o 0 13 -+o 1 13 ooo 1 11 ooo 1 10 +oo 1 9 o-o 1 12 +-o 2 12 ooo 2 9 -oo 2 10 oo+ 2 8 o++ 3 13 ooo 3 8 +oo 3 11 oo- 3 9 o-- 4 8 oo+ 4 11 ooo 4 10 ooo 4 12 o-o 4 9 o-o 5 9 oo- 5 10 ooo 5 11 ooo 5 13 o+o 5 8 o+o 6 9 ooo 6 11 ooo 6 12 ooo 6 13 o+o 7 8 ooo 7 10 ooo 7 13 ooo 7 12 o-o
mp-1221209,Na3W2(ClO)4,130,350,352,220,2.6923076923076925,0,False,0,1.0,Na Na Na W W Cl Cl Cl Cl O O O O 0 7 ooo 0 7 oo+ 0 8 +oo 0 8 o-o 0 5 ooo 0 11 o-o 0 10 o-o 0 9 +oo 0 12 +oo 1 9 o+o 1 11 -oo 1 12 o+o 1 10 -oo 1 6 ooo 1 6 oo+ 1 5 -oo 1 5 o+o 1 8 ooo 2 12 ooo 2 10 ooo 2 9 oo- 2 11 oo- 2 5 ooo 2 5 oo- 2 6 +oo 2 6 o-o 2 7 ooo 3 9 ooo 3 12 ooo 3 11 ooo 3 10 ooo 3 8 ooo 3 5 ooo 4 10 o-o 4 11 o-- 4 12 +oo 4 9 +o- 4 7 ooo 4 6 +-o
mp-754399,Na4CuO3,124,353,355,229,2.846774193548387,0,False,0,1.0,Na Na Na Na Na Na Na Na Cu Cu O O O O O O 0 15 +o- 0 12 +oo 0 11 ooo 0 10 ooo 1 12 o+o 1 10 ooo 1 13 ooo 1 11 ooo 2 10 ooo 2 11 o-o 2 12 ooo 3 14 ooo 3 12 +oo 3 11 ooo 3 13 ooo 4 12 o+o 4 15 o+o 4 14 ooo 4 13 ooo 5 15 +oo 5 13 ooo 5 10 oo+ 5 14 ooo 6 13 ooo 6 14 -oo 6 15 ooo 7 11 oo+ 7 15 o+o 7 14 ooo 7 10 oo+ 8 11 ooo 8 15 ++- 8 10 +oo 9 14 ooo 9 12 ++o 9 13 o+o
mp-1221197,Na4Eu(GeSe3)2,121,338,340,217,2.793388429752066,0,False,0,1.0,Na Na Na Na Eu Ge Ge Se Se Se Se Se Se 0 9 +o- 0 8 o-o 0 7 ooo 0 10 oo- 0 11 ooo 0 12 oo- 1 8 ooo 1 9 oo- 1 10 o+- 1 7 -oo 1 11 ooo 1 12 oo- 2 7 -oo 2 10 o+- 2 9 o+- 2 8 -oo 2 11 o+o 2 12 -o- 3 12 o-o 3 11 +oo 3 10 ooo 3 7 ooo 3 8 o-o 3 9 +oo 4 12 -oo 4 11 o+o 4 8 ooo 4 9 ooo 4 10 o+o 4 7 -oo 5 11 ooo 5 7 ooo 5 8 ooo 6 12 ooo 6 10 ooo 6 9 ooo
mp-28698,Na4IrO4,81,214,216,133,2.6419753086419755,0,False,0,1.0,Na Na Na Na Ir O O O O 0 6 ooo 0 7 -oo 0 7 ooo 0 8 o+o 0 5 ooo 1 5 ooo 1 8 +oo 1 8 ooo 1 7 o-o 1 6 ooo 2 8 +oo 2 6 +oo 2 6 ooo 2 5 oo+ 2 7 ooo 3 7 -oo 3 5 -oo 3 5 ooo 3 6 oo- 3 8 ooo 4 5 -oo 4 6 o-- 4 7 --o 4 8 oo-
mp-2230377,Na4Mg(Mo2O5)2,172,488,490,316,2.8372093023255816,0,False,0,1.0,Na Na Na Na Mg Mo Mo Mo Mo O O O O O O O O O O 0 17 ooo 0 10 ooo 0 9 o++ 0 15 o+o 0 12 ooo 0 13 -oo 1 11 ooo 1 12 o-- 1 9 ooo 1 14 +oo 1 10 o-- 1 16 o-o 1 18 ooo 2 18 ooo 2 9 oo+ 2 10 ooo 2 12 +oo 2 13 o-o 3 17 ooo 3 12 oo- 3 11 ooo 3 14 o+o 3 9 -oo 3 16 -oo 3 10 -o- 4 14 +oo 4 13 o-o 4 18 ooo 4 15 +oo 4 16 o-o 5 10 o-- 5 12 +-- 5 9 ooo 5 14 +oo 5 11 +oo 5 13 o-- 6 9 ooo 6 10 oo- 6 15 oo- 6 12 oo- 6 16 ooo 6 11 ooo 7 17 +oo 7 18 ooo 7 16 ooo 7 13 ooo 8 17 ooo 8 14 ooo 8 18 ooo 8 15 ooo 8 11 ooo
mp-2230651,Na4Mg(Ni2O5)2,181,516,518,335,2.850828729281768,0,True,6,0.9883720930232558,Na Na Na Na Mg Ni Ni Ni Ni O O O O O O O O O O 0 15 ooo 0 10 ooo 0 13 ooo 0 17 -oo 0 18 -oo 0 12 ooo 1 17 ooo 1 11 ooo 1 12 ooo 1 18 o+o 1 14 oo- 1 13 ooo 2 15 ooo 2 9 +-o 2 13 o-o 2 10 +oo 2 16 ooo 2 18 ooo 3 10 +oo 3 16 ooo 3 17 oo+ 3 14 ooo 3 11 +o+ 3 12 +o+ 4 11 ooo 4 17 -oo 4 13 ooo 4 18 -+o 4 9 ooo 4 15 o+o 5 10 ooo 5 16 o+o 5 14 ooo 5 9 ooo 5 13 ooo 5 11 oo+ 6 12 ++o 6 11 +oo 6 18 o+o 6 16 o+- 6 14 oo- 6 9 +o- 7 17 ooo 7 10 +oo 7 9 +oo 7 14 ooo 7 13 ooo 7 15 ooo 8 15 ooo 8 16 oo- 8 12 ooo 8 18 ooo 8 11 o-o 8 17 ooo
mp-2231875,Na4Mg(Ni2O5)2,181,516,518,335,2.850828729281768,0,True,6,0.9883720930232558,Na Na Na Na Mg Ni Ni Ni Ni O O O O O O O O O O 0 15 ooo 0 12 oo+ 0 16 ooo 0 9 o-o 0 14 ooo 0 10 ooo 1 18 o+o 1 17 ooo 1 12 ooo 1 11 ooo 1 13 ooo 1 14 oo- 2 15 ooo 2 13 o-o 2 18 ooo 2 16 ooo 2 9 +-o 2 10 +oo 3 17 oo+ 3 12 +o+ 3 11 +o+ 3 10 +oo 3 14 ooo 3 16 ooo 4 12 ooo 4 17 -oo 4 18 -oo 4 15 ooo 4 13 ooo 4 10 ooo 5 14 ooo 5 11 oo+ 5 13 ooo 5 16 o+o 5 9 ooo 5 10 ooo 6 18 oo+ 6 9 +-o 6 11 +-+ 6 16 ooo 6 12 +o+ 6 14 o-o 7 15 ooo 7 13 ooo 7 17 ooo 7 10 +oo 7 14 ooo 7 9 +oo 8 12 ooo 8 18 ooo 8 17 ooo 8 11 o-o 8 15 ooo 8 16 oo-
mp-2218325,Na4Mg(NiO3)2,121,332,334,211,2.743801652892562,0,False,0,1.0,Na Na Na Na Mg Ni Ni O O O O O O 0 7 o-o 0 8 ooo 0 11 ooo 0 12 -oo 0 10 -oo 1 12 o+o 1 10 ooo 1 9 ooo 1 7 +oo 1 8 +oo 2 11 ooo 2 9 ooo 2 8 ooo 2 10 ooo 2 7 ooo 2 12 ooo 3 11 -o- 3 9 o-o 3 8 o-o 3 10 -o- 4 9 o-o 4 11 ooo 4 10 o-o 4 8 ooo 4 12 ooo 4 7 o-o 5 8 +oo 5 11 o+- 5 12 ooo 5 7 oo- 5 10 oo- 6 10 -o- 6 9 o-o 6 7 oo- 6 12 ooo 6 8 ooo
mp-2218772,Na4Mg(NiO3)2,121,334,336,213,2.760330578512397,0,False,0,1.0,Na Na Na Na Mg Ni Ni O O O O O O 0 7 o-o 0 8 ooo 0 10 -oo 0 9 -oo 0 11 ooo 1 7 +oo 1 9 ooo 1 11 o+o 1 8 o+o 1 10 ooo 2 7 ooo 2 11 ooo 2 10 ooo 2 12 oo+ 3 7 ooo 3 8 oo+ 3 9 oo+ 3 10 -+o 3 10 -oo 3 11 -+o 3 11 o+o 3 12 -++ 4 7 ooo 4 12 -+o 4 8 ooo 4 9 ooo 5 10 oo- 5 9 ooo 5 11 o+- 5 12 ooo 5 8 +oo 6 11 oo- 6 8 ooo 6 10 -o- 6 12 ooo 6 9 o-o
mp-2233449,Na4MgV2O6,97,263,265,166,2.711340206185567,0,False,0,1.0,Na Na Na Na Mg V V O O O O O O 0 9 oo+ 0 12 ooo 0 8 ooo 0 7 oo+ 1 11 ooo 1 7 oo+ 1 10 +oo 1 8 ooo 2 10 ooo 2 9 ooo 2 11 o-o 2 8 ooo 3 12 o-- 3 9 ooo 3 10 ooo 3 7 -oo 4 10 +oo 4 8 ooo 4 7 ooo 4 9 ooo 5 7 ooo 5 9 o+o 5 12 +o- 5 11 ooo 6 11 --o 6 10 ooo 6 8 o-o 6 12 o-o
mp-2218130,Na5MgSbO5,93,256,258,163,2.752688172043011,0,False,0,1.0,Na Na Na Na Na Mg Sb O O O O O 0 9 ooo 0 10 oo+ 0 7 +oo 0 11 ooo 1 8 +oo 1 10 ooo 1 11 oo- 1 9 ooo 2 7 ooo 2 9 ooo 2 8 ooo 3 10 ooo 3 11 o-- 3 8 ooo 3 7 oo- 4 10 o+o 4 7 +oo 4 8 +oo 4 9 o+o 5 9 -oo 5 11 o-o 5 7 o-o 6 10 -+o 6 8 ooo 6 11 oo- 6 7 oo- 6 9 -+-
mp-2232351,Na7MgNbO6,108,302,304,194,2.7962962962962963,0,False,0,1.0,Na Na Na Na Na Na Na Mg Nb O O O O O O 0 10 ooo 0 12 -oo 0 11 ++o 1 11 +oo 1 9 ++o 1 14 --o 2 11 ooo 2 14 oo+ 2 9 -oo 3 12 ooo 3 14 ooo 3 13 --- 4 11 ++o 4 14 -oo 4 13 ++o 4 10 -oo 5 11 ooo 5 12 o++ 5 9 o+o 6 10 o+o 6 12 -oo 6 14 -oo 6 13 ++o 7 12 -o+ 7 13 -oo 7 9 -oo 8 10 o+o 8 13 -o- 8 9 -+- 8 14 o+o 8 11 -o-
mp-2232621,Na7MgNbO6,117,326,328,209,2.786324786324786,0,False,0,1.0,Na Na Na Na Na Na Na Mg Nb O O O O O O 0 12 -oo 0 9 ooo 0 11 ++o 1 10 ooo 1 9 +oo 1 13 +oo 1 11 +oo 2 11 oo- 2 14 ooo 2 9 --- 2 12 ooo 3 12 ooo 3 13 --- 3 14 -oo 3 10 -oo 4 14 --o 4 13 ooo 4 9 o-o 5 11 +oo 5 13 ooo 5 10 -oo 5 12 +++ 6 10 o+o 6 14 -oo 6 12 ooo 7 14 oo+ 7 9 --o 7 13 --o 8 11 --- 8 12 ooo 8 10 ooo 8 9 --- 8 13 --- 8 14 ooo
mp-2230262,Na8MgMo2(NO)4,157,454,456,297,2.8917197452229297,0,False,0,1.0,Na Na Na Na Na Na Na Na Mg Mo Mo N N N N O O O O 0 18 -oo 0 17 oo+ 0 15 ooo 0 16 o++ 1 18 o-o 1 16 oo+ 1 15 ooo 1 14 o-o 1 17 oo+ 2 13 -oo 2 11 o+o 2 12 ooo 2 14 -oo 3 15 ooo 3 11 +oo 3 14 o-o 3 13 ooo 3 12 +oo 4 12 ooo 4 14 ooo 4 11 o+o 4 13 ooo 5 13 ooo 5 12 ooo 5 17 ooo 5 11 ooo 6 11 o+o 6 13 ooo 6 18 oo- 6 17 ooo 7 12 ooo 7 14 o-o 7 16 oo+ 7 15 ooo 8 18 oo- 8 17 ooo 8 16 +oo 8 15 oo- 9 12 +oo 9 14 ooo 9 15 ooo 9 18 ooo 10 13 -oo 10 11 ooo 10 17 ooo 10 16 ooo
mp-2231347,Na8MgMo2(NO)4,157,453,455,296,2.8853503184713376,0,False,0,1.0,Na Na Na Na Na Na Na Na Mg Mo Mo N N N N O O O O 0 18 -oo 0 17 oo+ 0 15 ooo 0 16 oo+ 0 12 ooo 1 18 o-- 1 16 +oo 1 15 oo- 1 17 ooo 2 17 ooo 2 11 o+o 2 14 -oo 2 12 ooo 2 13 -oo 3 14 o-o 3 13 ooo 3 12 +oo 3 11 +oo 4 12 ooo 4 14 ooo 4 13 ooo 4 15 ooo 5 13 ooo 5 11 ooo 5 14 o-o 5 12 ooo 6 11 o+o 6 18 oo- 6 13 ooo 6 17 +oo 7 14 o-o 7 16 oo+ 7 12 ooo 7 15 ooo 8 17 ooo 8 18 oo- 8 16 o+o 8 15 oo- 9 14 ooo 9 12 +oo 9 15 ooo 9 18 ooo 10 11 ooo 10 13 -oo 10 17 ooo 10 16 ooo
mp-2230868,Na8MgTi2O8,127,366,368,239,2.8818897637795278,0,False,0,1.0,Na Na Na Na Na Na Na Na Mg Ti Ti O O O O O O O O 0 11 ooo 0 16 -oo 0 12 ooo 1 11 oo+ 1 13 -oo 1 12 ooo 2 11 ooo 2 16 ooo 2 13 oo- 3 17 -oo 3 15 ooo 3 14 ooo 4 12 o-o 4 15 ooo 4 14 ooo 5 18 ooo 5 13 oo- 5 16 ooo 6 18 oo+ 6 13 o-o 6 17 ooo 7 18 ooo 7 16 o-o 7 17 ooo 8 15 ooo 8 14 ooo 8 17 ooo 8 12 ooo 9 13 ooo 9 16 ooo 9 17 ooo 9 12 ooo 10 18 ooo 10 11 ooo 10 14 ooo 10 15 oo-
mp-1180443,NaBO7,96,261,263,165,2.71875,0,False,0,1.0,Na Na B B O O O O O O O O O O O O O O 0 7 --- 0 6 ooo 0 14 -oo 0 15 o-- 0 11 ooo 0 10 --- 1 9 ooo 1 8 -o- 1 16 o+o 1 17 --- 1 13 oo- 1 12 -oo 2 7 +oo 2 16 ooo 2 14 ooo 3 6 -oo 3 17 ooo 3 15 ooo 4 9 ooo 4 10 ooo 5 8 ooo 5 11 ooo 12 16 ooo 12 15 o-- 13 17 ooo 13 14 o++
mp-1097474,NaCd2Pd,16,43,45,27,2.6875,0,False,0,1.0,Na Cd Cd Pd 0 2 o-- 0 1 ooo 1 3 ooo 2 3 ooo
mp-1030999,NaCeMg6O8,160,447,449,287,2.79375,0,False,0,1.0,Na Ce Mg Mg Mg Mg Mg Mg O O O O O O O O 0 14 ooo 0 14 oo+ 0 12 ooo 0 12 o+o 0 10 ooo 0 11 -oo 1 14 ooo 1 14 o-o 1 12 ooo 1 12 oo- 1 8 ooo 1 9 -oo 2 8 ooo 2 9 ooo 2 13 ooo 2 13 oo- 2 15 ooo 2 15 o-o 3 10 ooo 3 11 ooo 3 13 o+o 3 13 ooo 3 15 ooo 3 15 oo+ 4 13 ooo 4 8 oo+ 4 8 ooo 4 10 o-o 4 10 ooo 4 12 ooo 5 13 ooo 5 9 ooo 5 9 oo+ 5 11 ooo 5 11 o-o 5 12 +oo 6 15 ooo 6 8 o+o 6 8 ooo 6 10 oo- 6 10 ooo 6 14 ooo 7 15 ooo 7 9 ooo 7 9 o+o 7 11 ooo 7 11 oo- 7 14 +oo
mp-1031011,NaCeMg6O8,160,447,449,287,2.79375,0,False,0,1.0,Na Ce Mg Mg Mg Mg Mg Mg O O O O O O O O 0 15 o-o 0 15 ooo 0 13 oo- 0 13 ooo 0 9 ooo 0 8 ooo 1 14 ooo 1 14 o-o 1 12 ooo 1 12 oo- 1 8 ooo 1 9 -oo 2 12 o+o 2 12 ooo 2 14 ooo 2 14 oo+ 2 11 -oo 2 10 ooo 3 15 ooo 3 15 oo+ 3 13 o+o 3 13 ooo 3 11 ooo 3 10 ooo 4 13 ooo 4 8 ooo 4 8 oo+ 4 10 ooo 4 10 o-o 4 12 ooo 5 13 ooo 5 9 oo+ 5 9 ooo 5 11 ooo 5 11 o-o 5 12 +oo 6 15 ooo 6 8 ooo 6 8 o+o 6 10 ooo 6 10 oo- 6 14 ooo 7 15 ooo 7 9 o+o 7 9 ooo 7 11 ooo 7 11 oo- 7 14 +oo
mp-1080771,NaCl7,53,136,138,83,2.5660377358490565,0,False,0,1.0,Na Cl Cl Cl Cl Cl Cl Cl 0 3 o-o 0 3 o-- 0 4 ooo 0 4 -oo 0 2 ooo 0 2 oo- 0 7 --o 0 7 -oo 0 6 ooo 0 6 o-o 0 5 oo- 0 5 -o- 2 3 o-o 4 5 oo- 6 7 -oo
mp-1210444,NaClO5,74,193,195,119,2.608108108108108,0,False,0,1.0,Na Na Cl Cl O O O O O O O O O O 0 6 ooo 0 5 ooo 0 10 ooo 0 4 ooo 0 4 -oo 0 13 -oo 1 7 ooo 1 4 ooo 1 11 ooo 1 5 ooo 1 5 +oo 1 12 +oo 2 6 ooo 2 8 -oo 3 7 ooo 3 9 +oo 4 13 ooo 5 12 ooo 10 13 ooo 11 12 ooo
mp-1179860,NaCu3SnSe4,69,186,188,117,2.6956521739130435,0,False,0,1.0,Na Cu Cu Cu Sn Se Se Se Se 0 6 ooo 0 8 ooo 0 5 ooo 0 7 ooo 1 7 oo- 1 8 -o- 1 6 -oo 1 5 ooo 2 6 --o 2 7 o-o 2 5 ooo 2 8 -oo 3 7 o-- 3 5 ooo 3 8 oo- 3 6 o-o 4 5 ooo 4 7 o-- 4 6 --o 4 8 -o-
mp-4541,NaCuO2,34,89,91,55,2.6176470588235294,0,False,0,1.0,Na Cu O O 0 2 ooo 0 2 o-o 0 2 -oo 0 3 --o 0 3 -oo 0 3 o-o 1 3 o-- 1 3 -o- 1 2 -oo 1 2 o-o
mp-997041,NaCuO2,68,179,181,111,2.6323529411764706,0,False,0,1.0,Na Na Cu Cu O O O O 0 7 oo- 0 5 ooo 0 6 o-o 0 6 +oo 0 4 +oo 0 4 o-o 1 4 ooo 1 6 oo+ 1 7 -oo 1 7 o+o 1 5 -oo 1 5 o+o 2 4 +-o 2 6 +-o 2 5 ooo 2 7 oo- 3 7 -+o 3 5 -+o 3 6 oo+ 3 4 ooo
mp-1189612,NaCuSO4F,130,353,355,223,2.7153846153846155,0,False,0,1.0,Na Na Cu Cu S S O O O O O O O O F F 0 14 ooo 0 10 ooo 0 11 ooo 0 6 o+o 0 7 -oo 0 8 ooo 0 9 oo- 0 13 oo- 0 12 ooo 1 15 ooo 1 13 ooo 1 12 ooo 1 9 +oo 1 8 o-o 1 7 oo+ 1 6 ooo 1 10 ooo 1 11 oo+ 2 14 o-o 2 15 -oo 2 6 -oo 2 8 o-o 2 12 ooo 2 10 --o 3 14 o-o 3 15 -o- 3 9 o-- 3 7 -oo 3 11 ooo 3 13 --- 4 10 ooo 4 11 ooo 4 7 ooo 4 6 ooo 5 12 ooo 5 13 ooo 5 8 ooo 5 9 ooo
mp-1519154,NaEuDyWO6,118,310,312,192,2.6271186440677967,0,False,0,1.0,Na Eu Dy W O O O O O O 0 8 oo+ 0 8 ooo 0 5 +oo 0 5 ooo 0 6 o+o 0 6 ooo 0 4 o+o 0 4 oo+ 0 7 +oo 0 7 oo+ 0 9 +oo 0 9 o+o 1 6 oo- 1 6 -oo 1 9 ooo 1 9 oo- 1 8 o-o 1 8 -oo 1 4 ooo 1 4 -oo 1 5 o-o 1 5 oo- 1 7 ooo 1 7 o-o 2 6 -o- 2 7 o-o 2 5 o-- 2 4 -oo 2 8 --o 2 9 oo- 3 9 ooo 3 4 ooo 3 6 ooo 3 5 ooo 3 8 ooo 3 7 ooo
mp-1221406,NaEuF4,162,449,451,287,2.771604938271605,0,False,0,1.0,Na Na Na Eu Eu Eu F F F F F F F F F F F F 0 7 o+o 0 8 ooo 0 11 +oo 0 17 o+o 0 15 +oo 0 16 +oo 0 12 ooo 0 14 o+o 0 13 o+o 1 6 +oo 1 8 ooo 1 10 oo- 1 14 o+o 1 16 oo- 1 12 oo- 2 11 o-o 2 9 ooo 2 7 ooo 2 15 ooo 2 13 ooo 2 17 -oo 3 16 +-o 3 13 +o+ 3 14 oo+ 3 11 +-+ 3 7 ooo 3 8 +-+ 3 9 +oo 3 6 +-+ 3 10 ooo 4 12 ooo 4 17 ooo 4 15 ooo 4 11 ooo 4 8 ooo 4 7 ooo 4 6 ooo 4 9 +oo 4 10 ooo 5 13 oo+ 5 16 ooo 5 14 oo+ 5 17 oo+ 5 15 ooo 5 12 -oo 5 10 ooo 5 9 ooo 5 6 oo+
mp-1245896,NaFeN,42,111,113,69,2.642857142857143,0,False,0,1.0,Na Na Fe Fe N N 0 4 o-o 0 4 ooo 0 4 +oo 1 5 o+o 1 5 ooo 1 5 -oo 2 4 ++o 2 4 ooo 2 4 +oo 3 5 --o 3 5 ooo 3 5 -oo
mp-571189,NaHf2CuSe5,150,435,437,285,2.9,0,False,0,1.0,Na Na Hf Hf Hf Hf Cu Cu Se Se Se Se Se Se Se Se Se Se 0 17 o+o 0 17 -oo 0 11 o+o 0 11 -oo 0 15 o+o 0 15 -oo 1 10 +oo 1 10 o-o 1 13 +oo 1 13 o-o 1 14 +oo 1 14 o-o 2 12 oo+ 2 9 -oo 2 9 o+o 2 13 -oo 2 13 o+o 2 10 ooo 3 16 ooo 3 8 o-o 3 8 +oo 3 11 +oo 3 11 o-o 3 17 ooo 4 8 ooo 4 16 -oo 4 16 o+o 4 14 -oo 4 14 o+o 4 10 ooo 5 9 oo- 5 12 o-o 5 12 +oo 5 15 o-o 5 15 +oo 5 17 ooo 6 11 ooo 6 15 ooo 6 17 o+o 6 17 -oo 7 13 ooo 7 14 ooo 7 10 +oo 7 10 o-o
mp-1033572,NaHfMg6O7,141,391,393,250,2.773049645390071,0,False,0,1.0,Na Hf Mg Mg Mg Mg Mg Mg O O O O O O O 0 11 oo- 0 11 ooo 0 13 ooo 0 13 o-o 0 8 -oo 1 8 ooo 1 14 o-o 1 14 ooo 1 12 oo- 1 12 ooo 2 11 ooo 2 11 o+o 2 13 oo+ 2 13 ooo 2 9 ooo 2 10 -oo 3 9 ooo 3 10 ooo 3 12 ooo 3 12 o+o 3 14 ooo 3 14 oo+ 4 11 ooo 4 9 o-o 4 9 ooo 4 12 ooo 5 11 +oo 5 10 o-o 5 10 ooo 5 8 ooo 5 8 oo+ 5 12 ooo 6 13 ooo 6 9 oo- 6 9 ooo 6 14 ooo 7 13 +oo 7 10 ooo 7 10 oo- 7 8 o+o 7 8 ooo 7 14 ooo
mp-1033590,NaHfMg6O7,141,391,393,250,2.773049645390071,0,False,0,1.0,Na Hf Mg Mg Mg Mg Mg Mg O O O O O O O 0 13 --o 0 13 -oo 0 11 -oo 0 11 -o- 0 8 ooo 0 9 -oo 1 13 -o+ 1 13 -oo 1 11 -oo 1 11 -+o 1 10 -oo 2 8 ooo 2 9 ooo 2 14 o-o 2 14 ooo 2 12 oo- 2 12 ooo 3 10 ooo 3 14 ooo 3 14 oo+ 3 12 o+o 3 12 ooo 4 12 ooo 4 8 oo+ 4 8 ooo 4 11 -oo 5 12 ooo 5 10 ooo 5 10 o-o 5 9 oo+ 5 9 ooo 5 11 ooo 6 14 ooo 6 8 ooo 6 8 o+o 6 13 -oo 7 14 ooo 7 10 oo- 7 10 ooo 7 9 ooo 7 9 o+o 7 13 ooo
mp-1220941,NaIn(MoSe)6,158,435,437,277,2.7531645569620253,0,False,0,1.0,Na In Mo Mo Mo Mo Mo Mo Se Se Se Se Se Se 0 8 ooo 0 9 ooo 0 10 ooo 1 13 -oo 1 12 --o 1 11 ooo 2 8 +oo 2 9 o-o 2 13 oo- 2 13 ooo 2 4 ooo 2 3 ooo 2 7 oo- 2 7 ooo 2 6 oo- 2 6 ooo 3 9 o-o 3 10 ooo 3 11 oo- 3 11 ooo 3 4 ooo 3 5 ooo 3 5 oo- 3 7 oo- 3 7 ooo 4 10 ooo 4 8 +oo 4 12 oo- 4 12 ooo 4 6 oo- 4 6 ooo 4 5 ooo 4 5 oo- 5 12 ooo 5 11 ooo 5 10 ooo 5 10 oo+ 5 7 ooo 5 6 ooo 6 13 ooo 6 12 ooo 6 8 +o+ 6 8 +oo 6 7 ooo 7 11 ooo 7 13 ooo 7 9 o-+ 7 9 o-o
mp-6389,NaLa2RuO6,188,533,535,345,2.8351063829787235,0,True,23,0.9568480300187617,Na Na La La La La Ru Ru O O O O O O O O O O O O 0 14 -o- 0 12 o-o 0 18 -oo 0 16 o-- 0 9 ooo 0 11 --- 1 15 o-o 1 13 ooo 1 17 ooo 1 19 o-o 1 8 o-o 1 10 ooo 2 13 ooo 2 8 ooo 2 18 o+o 2 12 ooo 2 9 o+o 2 19 ooo 2 16 oo- 2 10 ooo 3 12 +oo 3 9 +oo 3 19 +-o 3 13 ooo 3 8 o-o 3 18 ooo 3 17 ooo 3 11 oo- 4 15 ooo 4 10 ooo 4 16 o-o 4 14 ooo 4 11 o-o 4 17 ooo 4 18 oo+ 4 8 ooo 5 14 -oo 5 11 -oo 5 17 -+o 5 15 ooo 5 10 o+o 5 16 ooo 5 19 ooo 5 9 oo+ 6 16 oo- 6 18 ooo 6 13 ooo 6 15 oo- 6 11 oo- 6 9 ooo 7 19 ooo 7 17 -oo 7 14 -oo 7 12 ooo 7 10 ooo 7 8 -oo
mp-569905,NaLa6OsI12,146,407,409,261,2.787671232876712,0,False,0,1.0,Na La La La La La La Os I I I I I I I I I I I I 0 14 --- 0 8 ooo 0 9 --- 0 12 ooo 0 11 --- 0 16 ooo 1 7 ooo 1 16 ooo 1 8 ooo 1 19 ooo 1 18 ooo 1 17 oo- 2 7 ooo 2 9 ooo 2 11 ooo 2 15 ooo 2 19 ooo 2 10 o+o 3 7 ooo 3 8 ooo 3 12 ooo 3 13 ooo 3 15 ooo 3 18 -oo 4 7 ooo 4 12 ooo 4 16 ooo 4 10 ooo 4 17 ooo 4 15 o-o 5 7 ooo 5 11 ooo 5 14 ooo 5 17 ooo 5 13 ooo 5 19 oo+ 6 7 ooo 6 14 ooo 6 9 ooo 6 18 ooo 6 10 ooo 6 13 +oo
mp-1518772,NaLaDyFeO6,118,311,313,193,2.635593220338983,0,False,0,1.0,Na La Dy Fe O O O O O O 0 8 -oo 0 8 o-o 0 6 oo- 0 6 -oo 0 9 oo- 0 9 ooo 0 5 oo- 0 5 o-o 0 4 ooo 0 4 -oo 0 7 ooo 0 7 o-o 1 7 +oo 1 7 oo+ 1 9 +oo 1 9 o+o 1 4 o+o 1 4 oo+ 1 6 ooo 1 6 o+o 1 8 oo+ 1 8 ooo 1 5 ooo 1 5 +oo 2 5 o-- 2 7 o-o 2 6 -o- 2 9 oo- 2 4 -oo 2 8 --o 3 6 ooo 3 8 ooo 3 9 ooo 3 4 ooo 3 7 ooo 3 5 ooo
mp-1522096,NaLaVWO6,118,309,311,191,2.6186440677966103,0,False,0,1.0,Na La V W O O O O O O 0 6 o+o 0 6 ooo 0 8 oo+ 0 8 ooo 0 4 oo+ 0 4 o+o 0 7 oo+ 0 7 +oo 0 9 o+o 0 9 +oo 0 5 ooo 0 5 +oo 1 6 -oo 1 6 oo- 1 9 ooo 1 9 oo- 1 7 o-o 1 7 ooo 1 5 o-o 1 5 oo- 1 4 -oo 1 4 ooo 1 8 -oo 1 8 o-o 2 6 -o- 2 8 --o 2 4 -oo 2 9 oo- 2 5 o-- 2 7 o-o 3 8 ooo 3 5 ooo 3 7 ooo 3 6 ooo 3 4 ooo 3 9 ooo
mp-1519434,NaLiNbBiO6,82,215,217,133,2.6219512195121952,0,False,0,1.0,Na Li Nb Bi O O O O O O 0 6 o+o 0 6 ooo 0 5 +oo 0 5 ooo 0 8 oo+ 0 8 ooo 0 4 oo+ 0 4 o+o 0 7 oo+ 0 7 +oo 0 9 o+o 0 9 +oo 2 5 ooo 2 8 ooo 2 6 ooo 2 4 ooo 2 7 ooo 2 9 ooo 3 4 -oo 3 7 o-o 3 9 oo- 3 5 o-- 3 8 --o 3 6 -o-
mp-2219139,NaMgFe(SO4)2,85,227,229,142,2.6705882352941175,0,False,0,1.0,Na Mg Fe S S O O O O O O O O 0 9 -oo 0 10 o-o 0 8 ooo 0 7 --o 0 12 -oo 0 11 o-o 1 5 oo+ 1 7 ooo 1 12 ooo 1 11 ooo 2 5 oo+ 2 9 o++ 2 11 +oo 2 12 o+o 2 10 +o+ 2 6 ++o 3 9 ooo 3 10 ooo 3 5 ooo 3 7 ooo 4 8 ooo 4 6 ooo 4 12 ooo 4 11 ooo
mp-1293027,NaMn2O4,110,297,299,187,2.7,0,False,0,1.0,Na Na Mn Mn Mn Mn O O O O O O O O 0 8 --+ 0 9 o-+ 0 6 oo+ 0 11 ooo 1 13 +oo 1 12 ooo 1 10 ooo 1 7 oo+ 2 10 ooo 2 7 ooo 2 11 ooo 2 6 ooo 2 13 o-o 2 8 ooo 3 6 +oo 3 7 ooo 3 10 ooo 3 11 +oo 3 12 o-o 3 9 +oo 4 9 ooo 4 8 ooo 4 13 ooo 4 12 ooo 4 11 ooo 4 7 o+o 5 9 oo+ 5 8 oo+ 5 13 ooo 5 12 ooo 5 6 oo+ 5 10 o+o
mp-1302702,NaMn3V4O12,164,459,461,295,2.798780487804878,0,False,0,1.0,Na Mn Mn Mn V V V V O O O O O O O O O O O O 0 19 o++ 0 16 -oo 0 13 ooo 0 14 -++ 0 15 o++ 0 12 -oo 0 17 -o+ 0 18 o+o 0 9 -+o 0 10 oo+ 0 11 o++ 0 8 -oo 1 9 ooo 1 10 o-o 1 8 o-o 1 11 ooo 2 13 ooo 2 14 -oo 2 12 -oo 2 15 ooo 3 17 ooo 3 18 oo- 3 19 ooo 3 16 oo- 4 17 -oo 4 18 o+o 4 11 o+o 4 8 -oo 4 13 ooo 4 14 -+o 5 19 oo+ 5 16 o-o 5 9 ooo 5 10 o-+ 5 13 o-o 5 14 oo+ 6 15 +oo 6 12 oo- 6 9 oo- 6 10 +oo 6 17 ooo 6 18 +o- 7 15 ooo 7 12 ooo 7 16 ooo 7 19 ooo 7 8 ooo 7 11 ooo
mp-1016155,NaMn4O8,103,277,279,174,2.6893203883495147,0,False,0,1.0,Na Mn Mn Mn Mn O O O O O O O O 0 9 ooo 0 7 --o 0 6 o-o 0 8 -oo 0 10 o-o 0 12 -oo 1 10 o-o 1 12 -oo 1 6 o-- 1 8 -o- 1 5 oo- 1 11 --o 2 9 ooo 2 7 -o- 2 12 -oo 2 6 oo- 2 11 -oo 2 5 oo- 3 9 ooo 3 7 o-- 3 8 oo- 3 10 o-o 3 11 o-o 3 5 oo- 4 10 ooo 4 12 ooo 4 8 oo- 4 6 oo- 4 7 oo- 4 9 ooo
mp-1220978,NaMnCuSe2,47,126,128,79,2.6808510638297873,0,False,0,1.0,Na Mn Cu Se Se 0 4 +oo 0 4 o-o 0 4 ooo 0 3 +o+ 0 3 oo+ 0 3 +++ 1 4 ooo 1 3 o+o 1 3 ooo 1 3 ++o 2 4 o-o 2 4 ooo 2 4 --o 2 3 ooo
mp-1516393,NaNdEuWO6,118,310,312,192,2.6271186440677967,0,False,0,1.0,Na Nd Eu W O O O O O O 0 4 o+o 0 4 oo+ 0 5 +oo 0 5 ooo 0 8 ooo 0 8 oo+ 0 6 ooo 0 6 o+o 0 9 +oo 0 9 o+o 0 7 +oo 0 7 oo+ 1 4 -oo 1 5 o-- 1 6 -o- 1 7 o-o 1 9 oo- 1 8 --o 2 9 ooo 2 9 oo- 2 5 oo- 2 5 o-o 2 4 -oo 2 4 ooo 2 8 o-o 2 8 -oo 2 7 o-o 2 7 ooo 2 6 oo- 2 6 -oo 3 7 ooo 3 9 ooo 3 5 ooo 3 4 ooo 3 6 ooo 3 8 ooo
mp-1522943,NaNdEuWO6,118,310,312,192,2.6271186440677967,0,False,0,1.0,Na Nd Eu W O O O O O O 0 7 o-o 0 6 -o- 0 4 -oo 0 9 oo- 0 5 o-- 0 8 --o 1 6 ooo 1 6 o+o 1 5 +oo 1 5 ooo 1 7 oo+ 1 7 +oo 1 4 oo+ 1 4 o+o 1 9 +oo 1 9 o+o 1 8 ooo 1 8 oo+ 2 4 ooo 2 4 -oo 2 7 ooo 2 7 o-o 2 5 o-o 2 5 oo- 2 8 -oo 2 8 o-o 2 6 oo- 2 6 -oo 2 9 ooo 2 9 oo- 3 5 ooo 3 6 ooo 3 8 ooo 3 4 ooo 3 7 ooo 3 9 ooo
mp-1220963,NaNdS2,40,105,107,65,2.625,0,False,0,1.0,Na Nd S S 0 2 ooo 0 2 oo- 0 3 ooo 0 3 o-o 0 3 -oo 0 3 --o 1 3 ooo 1 3 oo+ 1 2 ooo 1 2 +oo 1 2 o+o 1 2 ++o
mp-19149,NaNiO2,40,105,107,65,2.625,0,False,0,1.0,Na Ni O O 0 2 ooo 0 2 +oo 0 2 o+o 0 3 ooo 0 3 -oo 0 3 o-o 1 3 o-- 1 3 --- 1 3 -o- 1 2 -oo 1 2 ooo 1 2 o-o
mp-1545216,NaO2,96,259,261,163,2.6979166666666665,0,False,0,1.0,Na Na Na Na O O O O O O O O 0 8 ooo 0 7 -oo 0 9 ooo 0 6 -oo 0 5 ooo 0 10 -oo 1 11 ooo 1 4 oo- 1 8 ooo 1 7 oo- 1 6 ooo 1 9 oo- 2 8 ooo 2 7 o-o 2 4 ooo 2 11 o-o 2 10 ooo 2 5 o-o 3 5 o-o 3 10 -o- 3 4 oo- 3 11 --o 3 6 -oo 3 9 o-- 4 11 o-+ 5 10 -+o 6 9 +o- 7 8 ooo
mp-725680,NaPOF6,90,241,243,151,2.6777777777777776,0,False,0,1.0,Na Na P P O O F F F F F F F F F F F F 0 10 -o- 0 17 -oo 0 14 ooo 0 13 oo- 0 4 ooo 0 5 -o- 1 11 ooo 1 15 ooo 1 16 ooo 1 12 ooo 1 5 ooo 1 4 ooo 2 6 o-- 2 7 -oo 2 14 o-o 2 10 -o- 2 11 --- 2 15 ooo 3 9 oo- 3 8 ooo 3 16 ooo 3 12 oo- 3 17 ooo 3 13 oo-
mp-542512,NaPr2RuO6,188,533,535,345,2.8351063829787235,0,True,23,0.9568480300187617,Na Na Pr Pr Pr Pr Ru Ru O O O O O O O O O O O O 0 15 o-o 0 13 -o- 0 8 o-- 0 10 -oo 0 18 ooo 0 16 --- 1 14 ooo 1 12 o-o 1 9 ooo 1 11 o-o 1 17 ooo 1 19 o-o 2 13 -oo 2 16 -oo 2 9 -+o 2 12 ooo 2 17 o+o 2 8 ooo 2 11 ooo 2 18 oo+ 3 12 ooo 3 17 ooo 3 8 o-o 3 13 ooo 3 16 o-o 3 9 ooo 3 10 oo+ 3 19 ooo 4 15 +oo 4 18 +oo 4 11 +-o 4 14 ooo 4 19 o-o 4 10 ooo 4 9 ooo 4 16 oo- 5 14 ooo 5 19 ooo 5 10 o+o 5 15 ooo 5 18 o+o 5 11 ooo 5 8 oo- 5 17 ooo 6 10 ooo 6 8 oo- 6 14 ooo 6 12 oo- 6 16 oo- 6 18 ooo 7 11 ooo 7 9 -oo 7 13 -oo 7 15 ooo 7 19 -oo 7 17 ooo
mp-1522047,NaPrDyFeO6,118,311,313,193,2.635593220338983,0,False,0,1.0,Na Pr Dy Fe O O O O O O 0 8 ooo 0 8 oo+ 0 5 ooo 0 5 +oo 0 4 oo+ 0 4 o+o 0 6 ooo 0 6 o+o 0 9 +oo 0 9 o+o 0 7 oo+ 0 7 +oo 1 7 ooo 1 7 o-o 1 9 ooo 1 9 oo- 1 5 oo- 1 5 o-o 1 6 oo- 1 6 -oo 1 4 -oo 1 4 ooo 1 8 o-o 1 8 -oo 2 5 o-- 2 6 -o- 2 9 oo- 2 4 -oo 2 7 o-o 2 8 --o 3 6 ooo 3 4 ooo 3 8 ooo 3 9 ooo 3 5 ooo 3 7 ooo
mp-1517010,NaPrEuWO6,188,529,531,341,2.8138297872340425,0,True,19,0.9640831758034026,Na Na Pr Pr Eu Eu W W O O O O O O O O O O O O 0 10 oo- 0 8 ooo 0 15 o-- 0 14 -o- 0 13 --o 0 12 ooo 1 9 ooo 1 11 ooo 1 16 ooo 1 19 ooo 1 17 ooo 1 18 ooo 2 13 o-o 2 18 ooo 2 12 ooo 2 19 o-o 2 8 ooo 2 8 +oo 2 9 o-o 2 9 ooo 3 16 -oo 3 17 ooo 3 14 -oo 3 15 ooo 3 11 ooo 3 11 -oo 3 10 o+o 3 10 ooo 4 15 oo- 4 17 ooo 4 14 -o- 4 16 -oo 4 9 ooo 4 9 -oo 4 8 ooo 4 8 o+o 5 18 ooo 5 19 o-o 5 13 o-+ 5 12 oo+ 5 11 o-o 5 11 ooo 5 10 +oo 5 10 ooo 6 19 --o 6 18 ooo 6 17 o-o 6 16 -oo 6 8 ooo 6 10 ooo 7 12 ooo 7 15 oo- 7 13 ooo 7 14 oo- 7 9 ooo 7 11 oo-
mp-1220875,NaPrS2,40,105,107,65,2.625,0,False,0,1.0,Na Pr S S 0 2 ooo 0 2 oo- 0 3 -oo 0 3 --o 0 3 ooo 0 3 o-o 1 3 ooo 1 3 oo+ 1 2 ooo 1 2 ++o 1 2 o+o 1 2 +oo
mp-1522734,NaPrYFeO6,118,310,312,192,2.6271186440677967,0,False,0,1.0,Na Pr Y Fe O O O O O O 0 4 oo+ 0 4 o+o 0 8 ooo 0 8 oo+ 0 6 ooo 0 6 o+o 0 9 o+o 0 9 +oo 0 7 oo+ 0 7 +oo 0 5 +oo 0 5 ooo 1 5 oo- 1 5 o-o 1 9 ooo 1 9 oo- 1 4 ooo 1 4 -oo 1 6 -oo 1 6 oo- 1 8 -oo 1 8 o-o 1 7 o-o 1 7 ooo 2 6 ooo 2 4 ooo 2 9 ooo 2 7 ooo 2 8 ooo 2 5 ooo 3 5 o-- 3 8 --o 3 9 oo- 3 4 -oo 3 6 -o- 3 7 o-o
mp-1029313,NaRuN,42,111,113,69,2.642857142857143,0,False,0,1.0,Na Na Ru Ru N N 0 4 -oo 0 4 o+o 0 4 ooo 1 5 o-o 1 5 +oo 1 5 ooo 2 4 -oo 2 4 ooo 2 4 --o 3 5 o-o 3 5 ooo 3 5 --o
mp-1180106,NaS,8,20,22,12,2.5,0,False,0,1.0,Na S 0 1 ooo 0 1 oo-
mp-557179,NaSbS2,74,195,197,121,2.635135135135135,0,False,0,1.0,Na Na Sb Sb S S S S 0 4 o+o 0 4 +oo 0 5 oo- 0 5 ooo 0 6 oo- 0 7 ooo 1 6 o-o 1 6 -oo 1 7 oo+ 1 7 ooo 1 4 oo+ 1 5 ooo 2 6 ooo 2 5 ooo 2 7 o+o 2 7 +oo 2 4 ++o 3 4 ooo 3 7 ooo 3 5 -oo 3 5 o-o 3 6 --o
mp-1100440,NaScSn,45,119,121,74,2.6444444444444444,0,False,0,1.0,Na Sc Sn 0 1 ooo 0 1 o+o 0 1 oo+ 0 1 +oo 0 2 o++ 0 2 +oo 0 2 o+o 0 2 oo+ 0 2 +o+ 0 2 ++o 1 2 ooo 1 2 +oo 1 2 o+o 1 2 oo+
mp-15668,NaSe,86,231,233,145,2.686046511627907,0,False,0,1.0,Na Na Na Na Se Se Se Se 0 5 -oo 0 5 --o 0 5 ooo 0 7 o-- 0 7 oo- 0 7 --- 1 4 o-o 1 4 ooo 1 4 --o 1 6 -oo 1 6 --o 1 6 ooo 2 5 o+o 2 5 -oo 2 5 ooo 2 6 o+o 2 6 -oo 2 6 ooo 3 7 o-o 3 7 +oo 3 7 ooo 3 4 o-o 3 4 +oo 3 4 ooo 4 7 ooo 5 6 ooo
mp-1523299,NaSmEuWO6,118,310,312,192,2.6271186440677967,0,False,0,1.0,Na Sm Eu W O O O O O O 0 9 o+o 0 9 +oo 0 4 oo+ 0 4 o+o 0 7 oo+ 0 7 +oo 0 5 +oo 0 5 ooo 0 8 oo+ 0 8 ooo 0 6 ooo 0 6 o+o 1 4 -oo 1 6 -o- 1 8 --o 1 5 o-- 1 7 o-o 1 9 oo- 2 5 o-o 2 5 oo- 2 4 ooo 2 4 -oo 2 6 oo- 2 6 -oo 2 9 ooo 2 9 oo- 2 7 o-o 2 7 ooo 2 8 o-o 2 8 -oo 3 9 ooo 3 6 ooo 3 8 ooo 3 5 ooo 3 7 ooo 3 4 ooo
mp-1096130,NaTl2In,16,43,45,27,2.6875,0,False,0,1.0,Na Tl Tl In 0 2 o-o 0 1 -oo 1 3 ooo 2 3 o+o
mp-5788,NaUO3,188,527,529,339,2.8031914893617023,0,True,17,0.967741935483871,Na Na Na Na U U U U O O O O O O O O O O O O 0 16 ooo 0 15 ooo 0 8 ooo 0 18 ooo 0 10 ooo 0 13 ooo 0 11 oo- 0 12 ooo 1 17 -+o 1 9 o+o 1 14 o+o 1 19 -oo 1 12 ooo 1 11 ooo 1 10 -o+ 1 13 -oo 2 18 +-o 2 10 o-o 2 13 o-o 2 16 +oo 2 15 ooo 2 8 ooo 2 14 +o- 2 9 +oo 3 19 ooo 3 11 ooo 3 12 ooo 3 17 ooo 3 14 ooo 3 9 ooo 3 8 ooo 3 15 oo+ 4 14 oo- 4 10 -oo 4 15 -oo 4 11 oo- 4 16 ooo 4 19 -o- 5 15 ooo 5 11 o-- 5 14 oo- 5 10 o-o 5 17 oo- 5 18 o-o 6 8 ooo 6 12 o-o 6 9 ooo 6 13 o-o 6 17 ooo 6 18 o-o 7 9 ooo 7 13 -oo 7 12 ooo 7 8 -oo 7 16 ooo 7 19 -oo
mp-753218,NaV2O5,112,301,303,189,2.6875,0,False,0,1.0,Na Na V V V V O O O O O O O O O O 0 15 +-o 0 14 +-o 0 11 o-o 0 11 +oo 0 10 ooo 0 9 ooo 1 7 -+o 1 6 -+o 1 8 -oo 1 8 o+o 1 12 ooo 1 13 ooo 2 7 ooo 2 8 ooo 2 13 +oo 2 13 o-o 2 9 ooo 3 6 ooo 3 8 ooo 3 12 +oo 3 12 o-o 3 10 oo- 4 14 ooo 4 11 ooo 4 9 o+o 4 9 -oo 4 13 ooo 5 15 ooo 5 11 ooo 5 10 -oo 5 10 o+o 5 12 oo+
mp-1096588,NaYAu2,16,42,44,26,2.625,0,False,0,1.0,Na Y Au Au 0 2 ooo 0 3 o-- 1 2 ooo 1 3 ooo
mp-13097,NaZnAs,84,225,227,141,2.6785714285714284,0,False,0,1.0,Na Na Zn Zn As As 0 5 ooo 0 4 ooo 0 4 +oo 0 4 ++o 0 4 o+o 0 2 oo+ 0 2 +o+ 0 3 o++ 0 3 oo+ 1 4 ooo 1 5 ooo 1 5 --o 1 5 -oo 1 5 o-o 1 2 ooo 1 2 o-o 1 3 -oo 1 3 ooo 2 4 oo- 2 4 o+- 2 5 -oo 2 5 ooo 3 5 o-o 3 5 ooo 3 4 oo- 3 4 +o-
mp-1093781,Nb2ReTc,16,43,45,27,2.6875,0,False,0,1.0,Nb Nb Re Tc 0 3 ooo 0 2 ooo 1 3 o++ 1 2 ooo
mp-1173475,Nb2SiTe4,134,369,371,235,2.753731343283582,0,False,0,1.0,Nb Nb Nb Nb Si Si Te Te Te Te Te Te Te Te 0 7 o-o 0 6 o-- 0 13 -oo 0 12 -o- 0 5 -oo 0 4 ooo 0 9 ooo 0 8 oo- 1 8 o+o 1 9 o++ 1 10 ooo 1 11 oo+ 1 5 o++ 1 4 oo+ 1 6 ooo 1 7 oo+ 2 11 oo+ 2 10 ooo 2 9 oo+ 2 8 ooo 2 4 oo+ 2 5 oo+ 2 12 ooo 2 13 oo+ 3 12 oo- 3 13 ooo 3 6 +o- 3 7 +oo 3 4 +oo 3 5 o+o 3 11 ooo 3 10 oo- 4 7 ooo 4 8 oo- 4 9 ooo 4 6 oo- 5 12 oo- 5 11 o-o 5 13 ooo 5 10 o--
mp-567713,Nb3TeI7,65,171,173,106,2.6307692307692307,0,False,0,1.0,Nb Nb Nb Te I I I I I I I 0 9 ooo 0 6 o-o 0 10 ooo 0 5 o-o 0 3 ooo 0 8 ooo 1 4 o-o 1 9 +oo 1 7 +oo 1 5 o-o 1 3 +oo 1 8 ooo 2 4 ooo 2 6 +oo 2 10 ooo 2 7 +oo 2 3 ++o 2 8 ooo
mp-865280,NbAlFe2,52,139,141,87,2.673076923076923,0,False,0,1.0,Nb Al Fe Fe 0 3 ooo 0 3 o+o 0 3 +oo 0 3 oo+ 0 2 ++o 0 2 o++ 0 2 +o+ 0 2 +++ 1 2 ooo 1 2 o+o 1 2 +oo 1 2 oo+ 1 3 o-o 1 3 -oo 1 3 oo- 1 3 ooo
mp-570044,NbI4,92,247,249,155,2.6847826086956523,0,False,0,1.0,Nb Nb Nb Nb I I I I I I I I I I I I I I I I 0 15 ooo 0 9 ooo 0 17 +oo 0 8 o+o 0 5 ooo 0 16 ooo 1 13 ooo 1 4 oo+ 1 11 -oo 1 12 o-o 1 19 ooo 1 7 ooo 2 14 ooo 2 18 ooo 2 17 o-o 2 8 -oo 2 5 ooo 2 16 ooo 3 10 ooo 3 6 oo+ 3 11 o+o 3 12 +oo 3 19 ooo 3 7 ooo
mp-562100,NbS3,124,335,337,211,2.7016129032258065,0,False,0,1.0,Nb Nb Nb Nb S S S S S S S S S S S S 0 6 ooo 0 5 o-o 0 12 ooo 0 8 ooo 0 9 -oo 0 9 ooo 0 11 o-o 0 15 o-o 1 6 ooo 1 5 ooo 1 12 ooo 1 8 ooo 1 7 -oo 1 7 ooo 1 11 ooo 1 15 ooo 2 7 ooo 2 9 o+o 2 4 ooo 2 13 ooo 2 5 +oo 2 5 ooo 2 10 o+o 2 14 o+o 3 7 ooo 3 9 ooo 3 4 ooo 3 13 ooo 3 6 +oo 3 6 ooo 3 10 ooo 3 14 ooo 4 13 ooo 8 12 ooo 10 14 ooo 11 15 ooo
mp-505297,NbSbRu,45,120,122,75,2.6666666666666665,0,False,0,1.0,Nb Sb Ru 0 2 o-o 0 2 ooo 0 2 -oo 0 2 oo- 0 1 oo- 0 1 --o 0 1 -o- 0 1 o-- 0 1 -oo 0 1 o-o 1 2 o+o 1 2 ooo 1 2 +oo 1 2 oo+
mp-540924,NbTeI3,110,301,303,191,2.7363636363636363,0,False,0,1.0,Nb Nb Nb Nb Te Te Te Te I I I I I I I I I I I I 0 12 ooo 0 16 ooo 0 8 o-+ 0 17 o-o 0 10 ooo 0 4 o-o 0 5 ooo 1 13 ooo 1 17 ooo 1 9 o+o 1 16 o+o 1 11 ooo 1 5 o+o 1 4 ooo 2 14 ooo 2 18 ooo 2 10 o+- 2 19 o+o 2 8 ooo 2 6 o+o 2 7 ooo 3 15 ooo 3 19 ooo 3 11 o-o 3 18 o-o 3 9 ooo 3 7 o-o 3 6 ooo 4 5 o+o 6 7 o-o
mp-755814,NbV3O8,84,223,225,139,2.6547619047619047,0,False,0,1.0,Nb V V V O O O O O O O O 0 9 oo- 0 8 ooo 0 5 -oo 0 5 o-o 0 11 ooo 0 10 ooo 1 8 ooo 1 11 +oo 1 11 o+o 1 7 ooo 1 6 oo- 1 5 ooo 2 7 ooo 2 4 o-o 2 4 -oo 2 9 ooo 2 8 ooo 2 10 ooo 3 6 ooo 3 7 ooo 3 10 o+o 3 10 +oo 3 4 ooo 3 5 ooo
mp-2635564,NbVO4,42,108,110,66,2.5714285714285716,0,False,0,1.0,Nb V O O O O 0 2 ooo 0 2 -o- 0 4 -oo 0 4 --- 0 3 ooo 0 5 --o 1 5 o-o 1 5 oo+ 1 3 ooo 1 3 +o+ 1 2 ooo 1 4 ooo
mp-37693,Nd2EuS4,158,429,431,271,2.7151898734177213,0,False,0,1.0,Nd Nd Nd Nd Eu Eu S S S S S S S S 0 7 o-o 0 12 +oo 0 8 ooo 0 13 +o- 0 11 oo- 0 6 oo- 0 10 +oo 0 9 +oo 1 13 ++o 1 9 ooo 1 12 ooo 1 11 ooo 1 8 ooo 1 10 ooo 1 6 o+o 1 7 oo+ 2 11 -oo 2 6 o+o 2 9 ooo 2 10 o++ 2 12 oo+ 2 7 oo+ 2 8 -oo 2 13 o+o 3 10 ooo 3 8 --o 3 6 ooo 3 7 --o 3 13 ooo 3 9 ooo 3 11 --- 3 12 o-o 4 10 ooo 4 13 +oo 4 11 ooo 4 7 o-o 4 6 ooo 4 8 ooo 4 9 +oo 4 12 o-o 5 6 oo- 5 12 ooo 5 9 oo- 5 8 ooo 5 10 ooo 5 11 oo- 5 13 oo- 5 7 ooo
mp-36407,Nd2EuSe4,158,437,439,279,2.7658227848101267,0,False,0,1.0,Nd Nd Nd Nd Eu Eu Se Se Se Se Se Se Se Se 0 12 -o+ 0 10 ooo 0 6 o++ 0 13 ooo 0 8 oo+ 0 7 oo+ 0 9 -oo 0 11 ooo 1 7 ooo 1 13 ooo 1 12 -oo 1 9 ooo 1 11 ooo 1 10 ooo 1 8 ooo 1 6 ooo 2 11 o-o 2 9 ooo 2 7 o-o 2 8 oo+ 2 13 ooo 2 6 ooo 2 10 o-o 2 12 oo+ 3 6 ++o 3 8 ooo 3 10 oo- 3 11 +oo 3 12 ooo 3 9 oo- 3 7 ooo 3 13 ++o 4 9 ooo 4 10 o-- 4 8 ooo 4 13 +oo 4 11 +oo 4 6 ooo 4 12 ooo 4 7 o-o 5 7 o-o 5 12 oo+ 5 11 +-o 5 6 +o+ 5 8 +o+ 5 13 +oo 5 10 o-o 5 9 o-o
mp-1220508,Nd2MnRhO6,188,533,535,345,2.8351063829787235,0,True,23,0.9568480300187617,Nd Nd Nd Nd Mn Mn Rh Rh O O O O O O O O O O O O 0 13 ooo 0 9 o+o 0 19 ooo 0 8 ooo 0 18 ooo 0 12 ooo 0 15 oo+ 0 17 o+o 1 12 -oo 1 8 --o 1 18 -oo 1 9 ooo 1 19 ooo 1 13 ooo 1 14 ooo 1 16 o-+ 2 17 ooo 2 11 o-o 2 15 ooo 2 10 ooo 2 14 ooo 2 16 ooo 2 19 oo- 2 13 o-o 3 16 +oo 3 10 ++o 3 14 +oo 3 11 ooo 3 15 ooo 3 17 ooo 3 18 ooo 3 12 o+- 4 11 o-o 4 9 oo- 4 12 oo- 4 16 o-o 4 15 o-o 4 19 oo- 5 8 --o 5 10 ooo 5 17 -oo 5 13 o-o 5 14 ooo 5 18 --o 6 11 ooo 6 9 ooo 6 13 ooo 6 17 ooo 6 18 ooo 6 14 ooo 7 8 -o- 7 10 ooo 7 16 ooo 7 12 -o- 7 19 oo- 7 15 -oo
mp-1105400,Nd3Bi4Au3,308,893,895,585,2.8993506493506493,0,True,383,0.5711086226203808,Nd Nd Nd Nd Nd Nd Bi Bi Bi Bi Bi Bi Bi Bi Au Au Au Au Au Au 0 18 ooo 0 19 oo- 0 16 +oo 0 17 o-o 0 12 +oo 0 7 oo- 0 6 ooo 0 13 +oo 0 10 ooo 0 9 o-- 0 8 +oo 0 11 +oo 1 18 ooo 1 16 ooo 1 17 ooo 1 19 o+o 1 9 ooo 1 8 +oo 1 10 o+o 1 11 ooo 1 7 o+o 1 13 ooo 1 6 ooo 1 12 ++o 2 15 o-o 2 14 ooo 2 19 -oo 2 18 oo+ 2 11 oo+ 2 7 ooo 2 8 o-o 2 13 oo+ 2 12 ooo 2 9 --o 2 10 oo+ 2 6 oo+ 3 14 ooo 3 15 +oo 3 18 ooo 3 19 ooo 3 10 ooo 3 12 +oo 3 6 oo+ 3 9 ooo 3 13 ooo 3 7 ooo 3 11 +o+ 3 8 +oo 4 15 oo- 4 16 ooo 4 14 o+o 4 17 -oo 4 10 o+o 4 6 -oo 4 8 ooo 4 13 o+o 4 11 ooo 4 7 o+o 4 9 -o- 4 12 o+o 5 14 ooo 5 15 ooo 5 17 oo+ 5 16 ooo 5 12 ooo 5 11 oo+ 5 7 o+o 5 9 ooo 5 8 ooo 5 13 ooo 5 6 oo+ 5 10 o++ 6 17 ooo 6 14 oo- 6 18 ooo 7 16 o-o 7 14 ooo 7 19 ooo 8 15 ooo 8 16 ooo 8 18 -oo 9 15 +oo 9 19 o+o 9 17 oo+ 10 18 ooo 10 15 o-- 10 17 o-o 11 19 -o- 11 15 oo- 11 16 ooo 12 14 ooo 12 17 --o 12 19 -oo 13 14 ooo 13 16 ooo 13 18 ooo
mp-1210067,Nd3Cu3Bi4,308,897,899,589,2.9123376623376624,0,True,387,0.568561872909699,Nd Nd Nd Nd Nd Nd Cu Cu Cu Cu Cu Cu Bi Bi Bi Bi Bi Bi Bi Bi 0 9 oo- 0 8 o+o 0 11 -oo 0 10 ooo 0 19 ooo 0 16 o+o 0 17 -oo 0 12 o+o 0 14 o+o 0 13 ooo 0 18 o+o 0 15 -o- 1 9 ooo 1 11 oo+ 1 8 ooo 1 10 ooo 1 14 ooo 1 13 oo+ 1 18 o+o 1 15 ooo 1 12 ooo 1 19 ooo 1 17 oo+ 1 16 o++ 2 7 oo- 2 6 ooo 2 11 o-o 2 10 +oo 2 18 oo- 2 17 ooo 2 14 +oo 2 12 +oo 2 13 +oo 2 15 o-- 2 19 +oo 2 16 ooo 3 11 ooo 3 7 o+o 3 6 ooo 3 10 ooo 3 16 o+o 3 13 ooo 3 19 +oo 3 15 ooo 3 17 ooo 3 18 o+o 3 12 ooo 3 14 ++o 4 9 o-o 4 8 ooo 4 6 oo+ 4 7 -oo 4 18 ooo 4 12 oo+ 4 13 oo+ 4 19 o-o 4 14 ooo 4 17 oo+ 4 16 oo+ 4 15 --o 5 7 ooo 5 8 ooo 5 6 ooo 5 9 +oo 5 16 ooo 5 15 ooo 5 14 +oo 5 17 oo+ 5 13 +o+ 5 12 ooo 5 18 ooo 5 19 +oo 6 17 ooo 6 12 ooo 6 16 ooo 6 19 +oo 7 13 +o+ 7 15 o-o 7 14 +oo 7 18 ooo 8 18 ooo 8 12 ooo 8 17 oo+ 8 14 ooo 9 16 o++ 9 19 ooo 9 15 -oo 9 13 oo+ 10 12 ooo 10 13 ooo 10 19 ooo 10 18 o+o 11 17 ooo 11 14 ++o 11 16 o+o 11 15 oo-
mp-1220251,Nd4Mn(NiO4)3,188,531,533,343,2.824468085106383,0,True,21,0.96045197740113,Nd Nd Nd Nd Mn Ni Ni Ni O O O O O O O O O O O O 0 17 ooo 0 9 ooo 0 15 ooo 0 16 ooo 0 14 ooo 0 8 ooo 0 13 ooo 0 11 oo- 1 16 +-o 1 14 o-o 1 8 o-o 1 17 +oo 1 9 ooo 1 15 ooo 1 10 +oo 1 12 +o- 2 19 ooo 2 13 ooo 2 11 ooo 2 18 ooo 2 10 ooo 2 12 ooo 2 9 ooo 2 15 oo+ 3 18 -+o 3 10 o+o 3 12 o+o 3 19 -oo 3 13 ooo 3 11 ooo 3 14 -oo 3 8 -o+ 4 8 o-o 4 12 oo- 4 16 o-o 4 18 oo- 4 15 ooo 4 11 o-- 5 17 ooo 5 19 -o- 5 11 oo- 5 15 -oo 5 8 -oo 5 12 oo- 6 18 ooo 6 16 o-o 6 14 o-o 6 10 ooo 6 9 ooo 6 13 o-o 7 19 -oo 7 17 ooo 7 9 -oo 7 13 ooo 7 10 ooo 7 14 -oo
mp-1517747,NdEu2SbO6,118,311,313,193,2.635593220338983,0,False,0,1.0,Nd Eu Eu Sb O O O O O O 0 9 oo- 0 7 o-o 0 4 -oo 0 5 o-- 0 8 --o 0 6 -o- 1 9 ooo 1 9 oo- 1 4 ooo 1 4 -oo 1 7 ooo 1 7 o-o 1 5 oo- 1 5 o-o 1 8 o-o 1 8 -oo 1 6 oo- 1 6 -oo 2 5 +oo 2 5 ooo 2 6 o+o 2 6 ooo 2 8 oo+ 2 8 ooo 2 9 o+o 2 9 +oo 2 7 +oo 2 7 oo+ 2 4 oo+ 2 4 o+o 3 8 ooo 3 6 ooo 3 5 ooo 3 9 ooo 3 4 ooo 3 7 ooo
mp-1220193,NdGaSb2,196,555,557,359,2.8316326530612246,0,True,45,0.918918918918919,Nd Nd Nd Nd Ga Ga Ga Ga Sb Sb Sb Sb Sb Sb Sb Sb 0 11 ooo 0 11 +-o 0 11 +o+ 0 11 o-- 0 12 +o+ 0 12 ooo 0 15 o-o 0 15 oo+ 0 4 ooo 0 6 o-o 1 10 o+o 1 10 +oo 1 10 +++ 1 10 oo- 1 13 oo- 1 13 o+o 1 14 +oo 1 14 oo- 1 5 oo- 1 7 ++o 2 9 oo+ 2 9 --- 2 9 o-o 2 9 -oo 2 13 ooo 2 13 -o- 2 14 o-- 2 14 ooo 2 4 -o- 2 6 o-o 3 8 +o+ 3 8 o-- 3 8 ooo 3 8 +-o 3 12 +++ 3 12 +oo 3 15 ooo 3 15 +o+ 3 7 +oo 3 5 ooo 4 11 +o+ 4 9 oo+ 4 6 o-o 4 6 +-+ 5 8 ooo 5 10 ooo 5 7 +++ 5 7 +oo 6 11 oo- 6 9 ooo 7 8 o-o 7 10 oo+ 12 15 --- 12 15 oo+ 12 15 o-o 12 15 -oo 13 14 o-- 13 14 +o+ 13 14 +-o 13 14 ooo
mp-13327,NdLuSe3,94,253,255,159,2.6914893617021276,0,False,0,1.0,Nd Nd Lu Lu Se Se Se Se Se Se 0 5 o+o 0 5 -oo 0 6 o+o 0 6 -oo 0 8 o+o 0 8 -oo 0 7 ooo 0 9 oo+ 1 4 o-o 1 4 +oo 1 7 +oo 1 7 o-o 1 9 +oo 1 9 o-o 1 6 ooo 1 8 oo- 2 4 o-o 2 5 -o- 2 8 oo- 2 8 --- 2 9 --o 2 9 ooo 3 5 -oo 3 4 o-o 3 6 --o 3 6 ooo 3 7 ooo 3 7 --o
mp-2899516,NdNO6,112,301,303,189,2.6875,0,False,0,1.0,Nd Nd N N O O O O O O O O O O O O 0 6 ooo 0 5 ooo 0 11 ooo 0 12 o-+ 0 13 -o+ 0 8 -oo 0 8 o-o 0 9 ooo 0 10 -oo 0 10 o-o 0 4 o-+ 0 4 -o+ 1 7 ooo 1 4 ooo 1 10 ooo 1 15 +o- 1 14 o+- 1 9 +oo 1 9 o+o 1 8 ooo 1 11 o+o 1 11 +oo 1 5 +o- 1 5 o+- 2 4 ooo 2 13 ooo 2 12 ooo 3 5 ooo 3 15 ooo 3 14 ooo 8 10 ooo 9 11 ooo
mp-13568,NdS2,126,341,343,215,2.7063492063492065,0,False,0,1.0,Nd Nd Nd Nd S S S S S S S S 0 9 ooo 0 9 +oo 0 10 ooo 0 10 +oo 0 11 ooo 0 4 +oo 0 4 ooo 0 6 oo- 0 5 oo- 1 8 -+o 1 8 o+o 1 11 -oo 1 11 ooo 1 10 ooo 1 5 ooo 1 5 -oo 1 7 o++ 1 4 oo+ 2 11 ooo 2 11 -oo 2 8 ooo 2 8 -oo 2 9 ooo 2 6 -oo 2 6 ooo 2 4 oo+ 2 7 oo+ 3 10 +-o 3 10 o-o 3 9 +oo 3 9 ooo 3 8 ooo 3 7 ooo 3 7 +oo 3 5 o-- 3 6 oo- 4 6 -o- 5 7 o++
mp-755364,NdSeO,114,311,313,197,2.7280701754385963,0,False,0,1.0,Nd Nd Nd Nd Se Se Se Se O O O O 0 9 ooo 0 8 oo- 0 10 o+o 0 11 -o- 0 4 oo- 0 5 oo- 0 6 ooo 0 7 ooo 1 9 ooo 1 8 ooo 1 11 -oo 1 10 o+o 1 4 -oo 1 5 o+o 1 6 o+o 1 7 -oo 2 10 ooo 2 11 ooo 2 8 o-o 2 9 +oo 2 4 o-o 2 5 +oo 2 6 +oo 2 7 o-o 3 11 oo- 3 10 ooo 3 9 +oo 3 8 o-- 3 4 oo- 3 5 oo- 3 6 ooo 3 7 ooo 4 6 +++ 5 7 ooo
mp-1018818,NdTeCl,60,159,161,99,2.65,0,False,0,1.0,Nd Nd Te Te Cl Cl 0 4 o++ 0 4 oo+ 0 5 oo+ 0 5 +o+ 0 2 ooo 0 3 +oo 0 3 o+o 0 3 ++o 0 3 ooo 1 5 ooo 1 5 o-o 1 4 ooo 1 4 -oo 1 3 ooo 1 2 o-o 1 2 --o 1 2 -oo 1 2 ooo
mp-12621,NdTeF,60,159,161,99,2.65,0,False,0,1.0,Nd Nd Te Te F F 0 5 -o+ 0 5 oo+ 0 4 o++ 0 4 oo+ 0 2 o+o 0 2 -oo 0 2 ooo 0 2 -+o 0 3 ooo 1 5 o-o 1 5 ooo 1 4 ooo 1 4 +oo 1 2 ooo 1 3 +oo 1 3 ooo 1 3 +-o 1 3 o-o
mp-769218,Ni(PS3)2,48,122,124,74,2.5416666666666665,0,False,0,1.0,Ni P P S S S S S S 0 8 ooo 0 4 oo- 0 3 ooo 0 5 oo- 0 7 +o- 0 6 o-o 1 3 ooo 1 6 ooo 1 8 ++o 1 2 ++- 2 5 ooo 2 7 ooo 2 4 --o
mp-754387,Ni3OF5,126,347,349,221,2.753968253968254,0,False,0,1.0,Ni Ni Ni Ni Ni Ni O O F F F F F F F F F F 0 17 ooo 0 17 -oo 0 10 o-+ 0 8 --+ 0 8 o-+ 0 6 oo+ 1 12 ooo 1 14 oo- 1 10 +oo 1 10 ooo 1 6 ooo 1 6 +oo 2 8 ooo 2 16 +oo 2 16 ooo 2 13 ooo 2 11 ++o 2 11 o+o 3 15 ooo 3 9 ooo 3 14 ooo 3 14 -oo 3 13 -oo 3 13 ooo 4 16 ooo 4 11 ooo 4 7 -oo 4 7 ooo 4 12 ooo 4 12 -oo 5 17 ooo 5 15 +-o 5 15 o-o 5 9 +oo 5 9 ooo 5 7 ooo
mp-755978,Ni3OF5,126,347,349,221,2.753968253968254,0,False,0,1.0,Ni Ni Ni Ni Ni Ni O O F F F F F F F F F F 0 10 oo- 0 12 ooo 0 9 ooo 0 16 ooo 0 14 o-o 0 17 -oo 1 8 ooo 1 15 ooo 1 10 ooo 1 12 ooo 1 7 ooo 1 11 ooo 2 16 -oo 2 9 o-o 2 10 oo- 2 13 --o 2 7 oo- 2 6 --o 3 17 -oo 3 14 o-o 3 8 -oo 3 15 o-o 3 7 ooo 3 6 --o 4 13 oo+ 4 11 ooo 4 9 oo+ 4 16 oo+ 4 8 o+o 4 15 +oo 5 14 ooo 5 17 ooo 5 13 ooo 5 11 ooo 5 6 ooo 5 12 ooo
mp-777382,Ni3OF5,126,347,349,221,2.753968253968254,0,False,0,1.0,Ni Ni Ni Ni Ni Ni O O F F F F F F F F F F 0 13 ooo 0 11 ooo 0 9 ooo 0 16 ooo 0 7 ooo 0 6 ooo 1 8 ooo 1 17 oo- 1 11 ooo 1 13 oo- 1 12 oo- 1 14 ooo 2 6 o-o 2 9 -oo 2 15 --o 2 14 ooo 2 11 ooo 2 10 ooo 3 14 oo+ 3 10 ooo 3 17 -oo 3 16 ooo 3 7 ooo 3 8 o-+ 4 12 oo- 4 15 ooo 4 8 +oo 4 9 ooo 4 6 ooo 4 17 o+- 5 7 o+o 5 16 +oo 5 10 ++o 5 12 ooo 5 13 ooo 5 15 ooo
mp-1220231,NiAg2Sn3S8,98,264,266,166,2.693877551020408,0,False,0,1.0,Ni Ag Ag Sn Sn Sn S S S S S S S S 0 7 oo- 0 11 o-o 0 12 o-- 0 8 ooo 1 10 ooo 1 6 o-o 1 9 o-o 1 13 ooo 2 8 -oo 2 12 oo- 2 6 ooo 2 10 -o- 3 6 ooo 3 10 -oo 3 13 ooo 3 12 ooo 3 9 ooo 4 10 ooo 4 6 +oo 4 9 ooo 4 8 ooo 4 13 ooo 5 13 ooo 5 9 --- 5 11 --o 5 7 oo- 7 8 oo+ 11 12 oo-
mp-25096,NiBiO3,164,463,465,299,2.823170731707317,0,False,0,1.0,Ni Ni Ni Ni Bi Bi Bi Bi O O O O O O O O O O O O 0 9 oo- 0 8 o-o 0 10 ooo 0 11 o-- 0 16 ooo 0 17 o-- 1 11 ooo 1 10 ooo 1 9 ooo 1 8 ooo 1 18 ooo 1 19 ooo 2 12 oo- 2 13 --o 2 15 ooo 2 14 --- 2 17 o-- 2 16 -oo 3 14 -oo 3 15 ooo 3 12 ooo 3 13 -oo 3 19 ooo 3 18 -oo 4 16 oo+ 4 13 oo+ 4 8 oo+ 4 18 ooo 4 14 ooo 4 11 ooo 5 17 oo- 5 9 oo- 5 12 oo- 5 19 ooo 5 10 ooo 5 15 ooo 6 19 o-o 6 10 ooo 6 15 ooo 6 17 o-o 6 9 ooo 6 12 ooo 7 18 o+o 7 14 ooo 7 11 ooo 7 16 o+o 7 13 ooo 7 8 ooo
mp-1180252,NiC4Br3N,66,173,175,107,2.621212121212121,0,False,0,1.0,Ni Ni C C C C C C C C Br Br Br Br Br Br N N 0 15 o+o 0 13 ooo 0 10 o+- 0 12 oo- 1 12 o-o 1 10 ooo 1 13 --+ 1 15 -o+ 2 16 ooo 2 11 ooo 3 17 ooo 3 14 ooo 4 5 ooo 4 6 ooo 7 8 ooo 7 9 ooo
mp-1180053,NiMo4O15,110,298,300,188,2.709090909090909,0,False,0,1.0,Ni Mo Mo Mo Mo O O O O O O O O O O O O O O O 0 6 o-o 0 5 -o- 0 16 -oo 0 17 o-- 0 7 oo- 0 8 --o 1 7 ooo 1 5 ooo 1 9 oo+ 1 10 ooo 1 14 ooo 1 12 ooo 2 8 ooo 2 6 ooo 2 9 ooo 2 11 ooo 2 15 ooo 2 13 ooo 3 15 ooo 3 16 ooo 3 10 ooo 3 13 +oo 3 18 +oo 3 12 ooo 4 14 ooo 4 17 ooo 4 11 ooo 4 12 -oo 4 19 -oo 4 13 ooo
mp-486,NiP2,42,109,111,67,2.5952380952380953,0,False,0,1.0,Ni Ni P P P P 0 4 ooo 0 3 ooo 0 2 ooo 0 5 ooo 1 2 -oo 1 5 o-- 1 3 o-o 1 4 -o- 2 3 +oo 2 5 +-o 3 4 oo- 4 5 +oo
mp-1210409,NiPNO5,70,185,187,115,2.642857142857143,0,False,0,1.0,Ni Ni P P N N O O O O O O O O O O 0 14 ooo 0 12 ooo 0 9 ooo 0 10 o-o 1 15 +oo 1 13 ooo 1 8 +oo 1 11 +oo 2 14 -oo 2 12 ooo 2 8 ooo 2 11 o-o 3 15 ooo 3 13 ooo 3 9 ooo 3 10 ooo 4 6 ooo 5 7 ooo
mp-1180037,NiSO9,47,120,122,73,2.5531914893617023,0,False,0,1.0,Ni S O O O O O O O O O 0 3 ooo 0 10 -oo 0 2 oo+ 0 6 -o+ 0 7 oo+ 1 2 oo+ 1 6 o++ 1 10 ooo 1 4 ooo 3 4 o-o 5 9 +oo 7 8 ooo
mp-1104318,NiSn(ClO)6,50,127,129,77,2.54,0,False,0,1.0,Ni Sn Cl Cl Cl Cl Cl Cl O O O O O O 0 9 ooo 0 12 ooo 0 8 ooo 0 11 ooo 0 10 ooo 0 13 ooo 1 3 -oo 1 6 o-- 1 2 oo- 1 5 --o 1 4 o-o 1 7 -o-
mp-1101434,NiTeO4,84,225,227,141,2.6785714285714284,0,False,0,1.0,Ni Ni Te Te O O O O O O O O 0 5 ooo 0 9 o-- 0 10 o-- 0 6 ooo 0 11 oo- 0 4 o-o 1 9 ooo 1 5 ooo 1 10 ooo 1 6 ooo 1 7 ooo 1 8 ooo 2 5 ooo 2 9 --- 2 7 ooo 2 8 --- 2 11 -o- 2 4 o-o 3 6 ooo 3 10 o-o 3 11 ooo 3 4 o-o 3 7 ooo 3 8 o-o
mp-1209793,Np(FeP3)4,161,447,449,286,2.7763975155279503,0,False,0,1.0,Np Fe Fe Fe Fe P P P P P P P P P P P P 0 7 o-- 0 8 -oo 0 5 --- 0 6 ooo 0 10 ooo 0 9 --- 0 15 o-o 0 16 -o- 0 13 --- 0 14 ooo 0 11 --o 0 12 oo- 1 13 ooo 1 14 ooo 1 9 ooo 1 10 ooo 1 5 ooo 1 6 ooo 2 14 ooo 2 13 o-- 2 7 o-- 2 8 ooo 2 11 o-o 2 12 oo- 3 15 ooo 3 16 -o- 3 7 oo- 3 8 -oo 3 10 ooo 3 9 -o- 4 15 o-o 4 16 -oo 4 11 --o 4 12 ooo 4 5 --o 4 6 ooo 5 8 ooo 5 7 +oo 6 7 ooo 6 8 -oo 9 12 ooo 9 11 oo+ 10 11 ooo 10 12 oo- 13 15 ooo 13 16 o+o 14 16 ooo 14 15 o-o
mp-1180036,O2,10,23,25,13,2.3,0,False,0,1.0,O O O O 0 1 ooo 2 3 ooo
mp-676815,OsClF8,68,177,179,109,2.6029411764705883,0,False,0,1.0,Os Os Cl Cl F F F F F F F F F F F F F F F F 0 10 o-o 0 12 ooo 0 11 o-o 0 13 ooo 0 9 ooo 0 14 o-o 1 17 o-o 1 7 ooo 1 16 o-o 1 6 ooo 1 5 ooo 1 18 o-o 2 19 +oo 2 4 +oo 3 15 -oo 3 8 -oo
mp-570238,P10Au7I,108,296,298,188,2.740740740740741,0,False,0,1.0,P P P P P P P P P P Au Au Au Au Au Au Au I 0 13 ooo 0 14 ooo 0 4 -oo 0 8 ooo 1 12 ooo 1 6 ooo 1 2 +oo 1 9 ooo 2 10 o+o 2 14 oo+ 2 7 ooo 3 13 ooo 3 11 ooo 3 8 o-o 3 4 ooo 4 12 ooo 4 5 ooo 5 13 ++o 5 16 ooo 5 8 ooo 6 10 +oo 6 11 oo+ 6 7 o-o 7 15 ooo 7 9 ooo 8 15 ooo 9 10 ooo 9 16 oo+ 10 17 ooo 13 17 ooo
mp-28266,P2Pd,42,109,111,67,2.5952380952380953,0,False,0,1.0,P P P P Pd Pd 0 5 -oo 0 4 ooo 0 1 o-o 0 3 --o 1 4 ooo 1 5 o+o 1 2 -o- 2 4 ooo 2 5 oo+ 2 3 o-o 3 5 +++ 3 4 ooo
mp-15953,P2Rh,96,263,265,167,2.7395833333333335,0,False,0,1.0,P P P P P P P P Rh Rh Rh Rh 0 8 ooo 0 9 -oo 0 11 o++ 0 7 o+o 1 9 o-o 1 8 +oo 1 10 ooo 1 6 ooo 2 10 ooo 2 11 +oo 2 9 o-- 2 5 o-o 3 11 o+o 3 10 -oo 3 8 ooo 3 4 ooo 4 11 ooo 4 8 oo- 4 10 ooo 5 10 ooo 5 9 ooo 5 11 o+o 6 9 ooo 6 10 oo+ 6 8 ooo 7 8 ooo 7 11 ooo 7 9 o-o
mp-1413,P2Ru,48,125,127,77,2.6041666666666665,0,False,0,1.0,P P P P Ru Ru 0 4 ooo 0 1 oo+ 0 5 +o+ 0 5 oo+ 1 4 ooo 1 5 o+o 1 5 ++o 2 5 ooo 2 3 o-o 2 4 -oo 2 4 ooo 3 5 o++ 3 4 -oo 3 4 ooo
mp-726666,PO4,68,175,177,107,2.573529411764706,0,False,0,1.0,P P P P O O O O O O O O O O O O O O O O 0 8 o+o 0 16 +oo 0 4 ooo 0 12 ooo 1 9 o-o 1 17 ooo 1 5 ooo 1 13 ooo 2 10 o-o 2 18 -oo 2 6 ooo 2 14 ooo 3 11 o+o 3 19 ooo 3 7 ooo 3 15 ooo
mp-1210492,Pb(ClO)2,92,255,257,163,2.7717391304347827,0,False,0,1.0,Pb Pb Pb Pb Cl Cl Cl Cl Cl Cl Cl Cl O O O O O O O O 0 18 ooo 0 14 o-o 0 16 ooo 0 19 +oo 1 19 ooo 1 16 o+o 1 14 ooo 1 18 -oo 2 12 +oo 2 15 ooo 2 13 ooo 2 17 o-o 3 17 ooo 3 13 -oo 3 12 ooo 3 15 o+o 4 12 ooo 5 13 ooo 6 14 ooo 7 15 ooo 8 16 ooo 9 17 ooo 10 18 ooo 11 19 ooo
mp-1219926,Pb2SeS,40,106,108,66,2.65,0,False,0,1.0,Pb Pb Se S 0 3 o-o 0 3 -oo 0 3 oo- 0 2 o+o 0 2 +oo 0 2 oo+ 1 3 o+o 1 3 +oo 1 3 oo+ 1 2 o++ 1 2 +o+ 1 2 ++o
mp-1219943,Pb2SeS,40,106,108,66,2.65,0,False,0,1.0,Pb Pb Se S 0 3 ooo 0 3 oo- 0 2 ooo 0 2 o-o 0 2 --o 0 2 -oo 1 3 ++o 1 3 ooo 1 3 +oo 1 3 o+o 1 2 ooo 1 2 oo+
mp-1080196,Pb3N2,128,373,375,245,2.9140625,0,False,0,1.0,Pb Pb Pb Pb Pb Pb Pb Pb Pb Pb Pb Pb N N N N N N N N 0 17 ooo 0 19 ooo 0 19 +oo 1 16 o+o 1 18 oo+ 1 18 +o+ 2 19 ooo 2 17 -oo 2 17 ooo 3 18 o-o 3 16 -o- 3 16 oo- 4 14 ooo 4 14 +oo 4 12 oo+ 5 15 o-o 5 15 +-o 5 13 ooo 6 12 ooo 6 12 -oo 6 14 oo- 7 13 -+o 7 13 o+o 7 15 ooo 8 13 ooo 8 19 +oo 8 19 ooo 9 12 ooo 9 18 ooo 9 18 +oo 10 15 ooo 10 17 -oo 10 17 ooo 11 14 ooo 11 16 -oo 11 16 ooo
mp-1219970,Pb4Se3S,80,214,216,134,2.675,0,False,0,1.0,Pb Pb Pb Pb Se Se Se S 0 7 ooo 0 4 -oo 0 4 ooo 0 4 o-o 0 4 --o 0 5 ooo 1 5 o+o 1 5 ++o 1 5 ooo 1 5 +oo 1 6 oo- 1 4 ooo 2 7 ooo 2 6 -oo 2 6 o-o 2 6 --o 2 6 ooo 2 5 oo+ 3 4 ooo 3 6 ooo 3 7 ooo 3 7 +oo 3 7 o+o 3 7 ++o
mp-1219960,Pb4SeS3,80,212,214,132,2.65,0,False,0,1.0,Pb Pb Pb Pb Se S S S 0 5 ++o 0 5 o++ 0 5 +o+ 0 6 oo+ 0 6 o+o 0 6 +oo 1 7 --o 1 7 o-- 1 7 -o- 1 6 oo- 1 6 -oo 1 6 o-o 2 7 oo- 2 7 -oo 2 7 o-o 2 4 o+o 2 4 +oo 2 4 oo+ 3 5 oo+ 3 5 +oo 3 5 o+o 3 4 o++ 3 4 +o+ 3 4 ++o
mp-997109,PbAuO2,56,147,149,91,2.625,0,False,0,1.0,Pb Pb Au Au O O O O 0 4 ooo 0 7 -oo 0 7 ooo 0 5 -oo 0 5 ooo 1 7 ooo 1 4 +oo 1 4 ooo 1 6 +oo 1 6 ooo 2 7 -oo 2 4 oo- 2 5 -o- 2 6 ooo 3 5 -o- 3 6 o-o
mp-726277,PbBr2O7,86,231,233,145,2.686046511627907,0,False,0,1.0,Pb Pb Br Br Br Br O O O O O O O O O O O O O O 0 18 ooo 0 16 ooo 0 15 oo- 0 13 ooo 0 10 ooo 1 19 ooo 1 17 oo+ 1 14 ooo 1 12 ooo 1 11 ooo 2 6 ooo 2 10 +oo 2 14 ooo 3 7 ooo 3 11 o+o 3 15 ooo 4 8 ooo 4 12 -oo 4 16 ooo 5 9 ooo 5 13 o-o 5 17 ooo
mp-1104819,PbCS(BrN)2,56,143,145,87,2.5535714285714284,0,False,0,1.0,Pb Pb C C S S Br Br Br Br N N N N 0 6 -oo 0 6 ooo 0 8 -oo 0 8 -+o 1 7 +oo 1 7 ooo 1 9 +o+ 1 9 +-+ 2 10 ooo 2 12 ooo 3 11 ooo 3 13 ooo 4 12 ooo 5 13 ooo
mp-1079543,PbS,68,179,181,111,2.6323529411764706,0,False,0,1.0,Pb Pb Pb Pb S S S S 0 6 ooo 0 4 ooo 0 4 oo- 0 7 oo- 0 7 ooo 1 6 ooo 1 5 oo- 1 5 ooo 1 7 ooo 1 7 oo- 2 6 oo+ 2 6 ooo 2 5 o-o 2 4 -oo 3 7 ooo 3 7 oo- 3 5 +o- 3 5 +oo 3 4 o+- 3 4 o+o
mp-21276,PbS,80,211,213,131,2.6375,0,False,0,1.0,Pb Pb Pb Pb S S S S 0 4 +o- 0 4 oo- 0 6 o+o 0 6 ooo 0 5 ooo 0 5 +oo 1 5 ooo 1 5 +oo 1 7 ooo 1 7 o+o 1 4 ooo 1 4 +oo 2 6 -o+ 2 6 oo+ 2 4 o-o 2 4 ooo 2 7 ooo 2 7 -oo 3 7 ooo 3 7 -oo 3 5 ooo 3 5 o-o 3 6 -oo 3 6 ooo
mp-1206683,PbS2,21,54,56,33,2.5714285714285716,0,False,0,1.0,Pb S S 0 1 o-o 0 1 ooo 0 1 --o 0 2 -o- 0 2 --- 0 2 oo-
mp-2201,PbSe,20,53,55,33,2.65,0,False,0,1.0,Pb Se 0 1 --o 0 1 oo- 0 1 -o- 0 1 o-o 0 1 o-- 0 1 -oo
mp-28323,Pd2Cl2O,58,151,153,93,2.603448275862069,0,False,0,1.0,Pd Pd Pd Pd Cl Cl Cl Cl O O 0 8 ooo 0 9 ooo 0 6 ooo 0 5 o-o 1 8 +oo 1 9 ooo 1 4 o-o 1 7 +oo 2 9 ooo 2 8 +++ 2 7 +oo 2 4 oo+ 3 8 +o+ 3 9 ooo 3 6 +o+ 3 5 o-o
mp-1189021,PdN4OF2,58,151,153,93,2.603448275862069,0,False,0,1.0,Pd Pd N N N N N N N N O O F F F F 0 6 ooo 0 8 o-- 1 7 -o- 1 9 o-o 2 13 ooo 2 4 o-o 3 12 ooo 3 5 -oo 4 15 ooo 5 14 ooo 6 11 ooo 7 11 oo+ 8 10 oo+ 9 10 ooo
mp-13682,PdS2,72,193,195,121,2.6805555555555554,0,False,0,1.0,Pd Pd Pd Pd S S S S S S S S 0 9 ooo 0 6 o-o 0 7 o-o 0 8 ooo 1 7 -oo 1 8 ooo 1 9 -oo 1 6 ooo 2 4 ooo 2 11 oo- 2 10 ooo 2 5 oo- 3 10 --o 3 5 oo- 3 4 -oo 3 11 o-- 4 11 o-- 5 10 -o+ 6 9 ooo 7 8 ++o
mp-2418,PdSe2,72,201,203,129,2.7916666666666665,0,False,0,1.0,Pd Pd Pd Pd Se Se Se Se Se Se Se Se 0 6 o-o 0 9 ooo 0 8 ooo 0 7 o-o 1 8 ooo 1 7 -oo 1 9 -oo 1 6 ooo 2 4 ooo 2 11 oo- 2 5 oo- 2 10 ooo 3 5 oo- 3 10 --o 3 11 o-- 3 4 -oo 4 11 o-- 5 10 -o+ 6 9 ooo 7 8 ++o
mp-1219871,PdSeS,72,197,199,125,2.736111111111111,0,False,0,1.0,Pd Pd Pd Pd Se Se Se Se S S S S 0 11 ooo 0 10 ooo 0 6 o+o 0 7 o+o 1 10 ooo 1 11 -oo 1 7 ooo 1 6 -oo 2 9 ooo 2 8 oo+ 2 4 ooo 2 5 oo+ 3 8 ooo 3 9 +o- 3 5 o-o 3 4 +-- 4 8 o++ 5 9 +o- 6 10 ooo 7 11 --o
mp-1232181,Pm2Se3,200,579,581,379,2.895,0,True,69,0.8808290155440415,Pm Pm Pm Pm Pm Pm Pm Pm Se Se Se Se Se Se Se Se Se Se Se Se 0 13 o+o 0 13 -+o 0 18 -oo 0 18 ooo 0 8 -+o 0 8 o+o 0 12 ooo 0 16 o+o 1 12 +-o 1 12 o-o 1 19 +oo 1 19 ooo 1 9 +-o 1 9 o-o 1 13 ooo 1 17 o-o 2 15 +oo 2 15 ooo 2 16 ooo 2 16 +oo 2 10 +oo 2 10 ooo 2 14 oo+ 2 18 ooo 3 14 -oo 3 14 ooo 3 17 -oo 3 17 ooo 3 11 -oo 3 11 ooo 3 15 oo- 3 19 ooo 4 13 ooo 4 13 -oo 4 11 -oo 4 11 ooo 4 16 ooo 4 10 ooo 4 19 ooo 5 12 +oo 5 12 ooo 5 10 ooo 5 10 +oo 5 17 ooo 5 11 ooo 5 18 ooo 6 15 ooo 6 15 +oo 6 9 +o+ 6 9 oo+ 6 18 ooo 6 8 o+o 6 17 oo+ 7 14 ooo 7 14 -oo 7 8 oo- 7 8 -o- 7 19 ooo 7 9 o-o 7 16 oo-
mp-1232276,PmS2,126,341,343,215,2.7063492063492065,0,False,0,1.0,Pm Pm Pm Pm S S S S S S S S 0 10 ooo 0 10 -oo 0 9 ooo 0 9 -oo 0 8 ooo 0 4 -oo 0 4 ooo 0 6 oo- 0 5 oo- 1 11 +-o 1 11 o-o 1 8 +oo 1 8 ooo 1 9 ooo 1 5 ooo 1 5 +oo 1 7 o-+ 1 4 oo+ 2 8 ooo 2 8 +oo 2 11 ooo 2 11 +oo 2 10 ooo 2 6 +oo 2 6 ooo 2 4 oo+ 2 7 oo+ 3 9 -+o 3 9 o+o 3 10 -oo 3 10 ooo 3 11 ooo 3 7 ooo 3 7 -oo 3 5 o+- 3 6 oo- 4 6 +o- 5 7 o-+
mp-34309,Pr2EuS4,158,429,431,271,2.7151898734177213,0,False,0,1.0,Pr Pr Pr Pr Eu Eu S S S S S S S S 0 11 ooo 0 13 -o+ 0 8 o++ 0 7 ooo 0 6 ooo 0 10 -oo 0 12 oo+ 0 9 oo+ 1 7 ooo 1 12 ooo 1 13 -oo 1 10 ooo 1 9 ooo 1 8 ooo 1 11 ooo 1 6 ooo 2 6 o-o 2 10 ooo 2 12 o-o 2 9 oo+ 2 11 o-o 2 13 oo+ 2 8 ooo 2 7 ooo 3 8 ++o 3 9 ooo 3 11 oo- 3 6 +oo 3 7 ++o 3 12 ooo 3 10 oo- 3 13 ooo 4 9 ooo 4 7 +oo 4 10 ooo 4 11 o-- 4 12 o-o 4 8 ooo 4 13 ooo 4 6 +oo 5 6 +-o 5 13 oo+ 5 12 o-o 5 8 +o+ 5 9 +o+ 5 7 +oo 5 11 o-o 5 10 o-o
mp-1520601,Pr2FeCuO6,188,531,533,343,2.824468085106383,0,True,21,0.96045197740113,Pr Pr Pr Pr Fe Fe Cu Cu O O O O O O O O O O O O 0 17 +oo 0 12 ooo 0 9 ooo 0 16 ooo 0 8 ooo 0 13 ooo 0 11 ooo 0 14 ooo 1 16 -+o 1 13 o+o 1 8 o+o 1 17 ooo 1 9 ooo 1 12 ooo 1 10 -oo 1 15 -oo 2 19 ooo 2 14 oo+ 2 11 ooo 2 18 o+o 2 10 oo+ 2 15 ooo 2 9 ooo 2 12 oo+ 3 18 ooo 3 15 --o 3 10 --+ 3 19 ooo 3 11 -oo 3 14 -o+ 3 8 oo+ 3 13 ooo 4 8 ooo 4 10 o-o 4 18 oo- 4 16 ooo 4 12 o-o 4 14 ooo 5 9 ooo 5 11 -oo 5 19 ooo 5 17 ooo 5 13 ooo 5 15 -oo 6 19 oo- 6 17 ooo 6 14 -oo 6 12 ooo 6 8 ooo 6 10 -oo 7 16 ooo 7 18 ooo 7 15 o-o 7 13 ooo 7 11 ooo 7 9 o-o
mp-1219893,Pr2MnRhO6,188,531,533,343,2.824468085106383,0,True,21,0.96045197740113,Pr Pr Pr Pr Mn Mn Rh Rh O O O O O O O O O O O O 0 17 o+o 0 9 ooo 0 15 ooo 0 16 ooo 0 14 ooo 0 8 ooo 0 11 oo+ 0 13 o+o 1 16 --o 1 8 -oo 1 14 -oo 1 17 ooo 1 15 ooo 1 9 ooo 1 10 ooo 1 12 o-+ 2 19 o-o 2 13 ooo 2 11 ooo 2 18 ooo 2 10 ooo 2 12 ooo 2 15 oo- 2 9 o-o 3 18 ++o 3 12 +oo 3 10 +oo 3 19 ooo 3 11 ooo 3 13 ooo 3 14 ooo 3 8 o+- 4 19 o-o 4 17 oo- 4 8 oo- 4 12 o-o 4 15 oo- 4 11 o-o 5 16 --o 5 18 ooo 5 9 o-o 5 13 -oo 5 10 ooo 5 14 --o 6 17 ooo 6 19 ooo 6 9 ooo 6 13 ooo 6 14 ooo 6 10 ooo 7 16 -o- 7 18 ooo 7 12 ooo 7 8 -o- 7 15 oo- 7 11 -oo
mp-18839,Pr2NiO4,79,208,210,129,2.632911392405063,0,False,0,1.0,Pr Pr Ni O O O O 0 3 ooo 0 6 o+o 0 6 ooo 0 5 +oo 0 5 ooo 0 4 ++o 0 4 ooo 0 4 o+o 0 4 +oo 1 4 ooo 1 6 oo+ 1 6 o++ 1 5 oo+ 1 5 +o+ 1 3 --o 1 3 ooo 1 3 o-o 1 3 -oo 2 5 o-o 2 5 ooo 2 6 ooo 2 6 -oo 2 3 --- 2 4 ooo
mp-1105252,Pr3Bi4Au3,308,893,895,585,2.8993506493506493,0,True,383,0.5711086226203808,Pr Pr Pr Pr Pr Pr Bi Bi Bi Bi Bi Bi Bi Bi Au Au Au Au Au Au 0 17 o-o 0 18 ooo 0 19 oo- 0 16 +oo 0 13 +oo 0 12 +oo 0 7 oo- 0 6 ooo 0 8 +oo 0 11 +oo 0 10 ooo 0 9 o-- 1 18 ooo 1 16 ooo 1 19 o+o 1 17 ooo 1 9 ooo 1 11 ooo 1 10 o+o 1 8 +oo 1 6 ooo 1 7 o+o 1 12 ++o 1 13 ooo 2 19 -oo 2 14 ooo 2 18 oo+ 2 15 o-o 2 13 oo+ 2 11 oo+ 2 7 ooo 2 8 o-o 2 6 oo+ 2 10 oo+ 2 9 --o 2 12 ooo 3 14 ooo 3 18 ooo 3 15 +oo 3 19 ooo 3 9 ooo 3 10 ooo 3 12 +oo 3 6 oo+ 3 7 ooo 3 8 +oo 3 11 +o+ 3 13 ooo 4 17 -oo 4 16 ooo 4 14 o+o 4 15 oo- 4 13 o+o 4 10 o+o 4 6 -oo 4 8 ooo 4 7 o+o 4 12 o+o 4 11 ooo 4 9 -o- 5 16 ooo 5 14 ooo 5 17 oo+ 5 15 ooo 5 9 ooo 5 11 oo+ 5 12 ooo 5 7 o+o 5 6 oo+ 5 8 ooo 5 10 o++ 5 13 ooo 6 18 ooo 6 17 ooo 6 14 oo- 7 19 ooo 7 16 o-o 7 14 ooo 8 16 ooo 8 18 -oo 8 15 ooo 9 17 oo+ 9 15 +oo 9 19 o+o 10 18 ooo 10 17 o-o 10 15 o-- 11 16 ooo 11 15 oo- 11 19 -o- 12 14 ooo 12 17 --o 12 19 -oo 13 14 ooo 13 18 ooo 13 16 ooo
mp-1516366,PrEu2NbO6,118,311,313,193,2.635593220338983,0,False,0,1.0,Pr Eu Eu Nb O O O O O O 0 8 ooo 0 6 ooo 0 9 ooo 0 4 ooo 0 7 ooo 0 5 ooo 1 9 oo- 1 9 ooo 1 6 -oo 1 6 oo- 1 8 -oo 1 8 o-o 1 7 ooo 1 7 o-o 1 5 o-o 1 5 oo- 1 4 -oo 1 4 ooo 2 6 ooo 2 6 o+o 2 5 ooo 2 5 +oo 2 8 ooo 2 8 oo+ 2 9 +oo 2 9 o+o 2 4 o+o 2 4 oo+ 2 7 +oo 2 7 oo+ 3 5 o-- 3 9 oo- 3 4 -oo 3 7 o-o 3 6 -o- 3 8 --o
mp-1517181,PrEu2SbO6,118,311,313,193,2.635593220338983,0,False,0,1.0,Pr Eu Eu Sb O O O O O O 0 9 oo- 0 4 -oo 0 7 o-o 0 6 -o- 0 8 --o 0 5 o-- 1 7 ooo 1 7 o-o 1 4 ooo 1 4 -oo 1 9 ooo 1 9 oo- 1 8 -oo 1 8 o-o 1 6 oo- 1 6 -oo 1 5 oo- 1 5 o-o 2 8 oo+ 2 8 ooo 2 5 +oo 2 5 ooo 2 6 o+o 2 6 ooo 2 9 +oo 2 9 o+o 2 7 +oo 2 7 oo+ 2 4 o+o 2 4 oo+ 3 6 ooo 3 5 ooo 3 8 ooo 3 7 ooo 3 9 ooo 3 4 ooo
mp-13326,PrLuSe3,94,253,255,159,2.6914893617021276,0,False,0,1.0,Pr Pr Lu Lu Se Se Se Se Se Se 0 5 ooo 0 5 +oo 0 8 ooo 0 8 +oo 0 6 ooo 0 6 +oo 0 9 oo+ 0 7 ooo 1 4 ooo 1 4 -oo 1 9 ooo 1 9 -oo 1 7 ooo 1 7 -oo 1 6 ooo 1 8 oo- 2 4 --o 2 5 oo- 2 8 --- 2 8 o-- 2 9 ooo 2 9 -oo 3 4 --o 3 5 ooo 3 7 ooo 3 7 -oo 3 6 --o 3 6 o-o
mp-1206667,PrNiBi,45,120,122,75,2.6666666666666665,0,False,0,1.0,Pr Ni Bi 0 1 oo+ 0 1 ooo 0 1 o+o 0 1 +oo 0 2 o+o 0 2 +oo 0 2 oo+ 0 2 ++o 0 2 +o+ 0 2 o++ 1 2 +oo 1 2 ooo 1 2 oo+ 1 2 o+o
mp-555096,PrS2,126,341,343,215,2.7063492063492065,0,False,0,1.0,Pr Pr Pr Pr S S S S S S S S 0 8 --o 0 8 o-o 0 4 -oo 0 4 ooo 0 6 ooo 0 10 ooo 0 10 -oo 0 9 o-- 0 11 oo- 1 4 ooo 1 4 -oo 1 8 ooo 1 8 -oo 1 7 ooo 1 5 -oo 1 5 ooo 1 11 oo- 1 9 oo- 2 6 ++o 2 6 o+o 2 7 +oo 2 7 ooo 2 8 ooo 2 9 ooo 2 9 +oo 2 10 o++ 2 5 oo+ 3 7 ooo 3 7 +oo 3 6 ooo 3 6 +oo 3 4 ooo 3 11 +oo 3 11 ooo 3 5 oo+ 3 10 oo+ 5 11 +o- 9 10 o++
mp-1018941,PrTeCl,60,159,161,99,2.65,0,False,0,1.0,Pr Pr Te Te Cl Cl 0 4 oo+ 0 4 o++ 0 5 +o+ 0 5 oo+ 0 2 ooo 0 3 +oo 0 3 ooo 0 3 o+o 0 3 ++o 1 4 -oo 1 4 ooo 1 5 o-o 1 5 ooo 1 3 ooo 1 2 --o 1 2 ooo 1 2 o-o 1 2 -oo
mp-1079724,Pt(NCl)2,34,85,87,51,2.5,0,False,0,1.0,Pt Pt N N N N Cl Cl Cl Cl 0 2 ooo 0 4 o+o 0 6 ++o 0 8 +oo 1 3 ooo 1 5 o-o 1 7 --o 1 9 -oo
mp-1219807,PtBr3N2,21,52,54,31,2.4761904761904763,0,False,0,1.0,Pt Br Br Br N N 0 4 o-o 0 5 --- 0 3 ooo 0 2 --o 0 1 ooo
mp-28268,PtI3,88,235,237,147,2.6704545454545454,0,False,0,1.0,Pt Pt Pt Pt I I I I I I I I I I I I 0 15 ooo 0 14 -oo 0 5 o+o 0 4 -+o 0 11 ooo 0 10 ooo 1 13 ooo 1 12 +oo 1 7 o-o 1 6 +-o 1 9 ooo 1 8 ooo 2 15 ooo 2 13 ooo 2 10 ooo 2 8 ooo 2 4 ooo 2 6 ooo 3 14 -o- 3 12 ooo 3 11 oo- 3 9 -oo 3 5 oo- 3 7 -oo
mp-288,PtS,28,73,75,45,2.607142857142857,0,False,0,1.0,Pt Pt S S 0 2 +oo 0 2 ooo 0 3 ooo 0 3 +oo 1 2 oo- 1 2 o+- 1 3 ooo 1 3 o+o
mp-1219720,PtSeS,21,55,57,34,2.619047619047619,0,False,0,1.0,Pt Se S 0 2 -oo 0 2 o+o 0 2 ooo 0 1 o+- 0 1 ++- 0 1 oo-
mp-1110817,Rb2AgSbI6,118,311,313,193,2.635593220338983,0,False,0,1.0,Rb Rb Ag Sb I I I I I I 0 8 ooo 0 8 o+o 0 9 ooo 0 9 oo+ 0 6 ooo 0 6 +oo 0 7 +oo 0 7 oo+ 0 4 o+o 0 4 oo+ 0 5 +oo 0 5 o+o 1 7 ooo 1 7 o-o 1 5 ooo 1 5 oo- 1 8 oo- 1 8 -oo 1 4 ooo 1 4 -oo 1 6 oo- 1 6 o-o 1 9 o-o 1 9 -oo 2 7 ooo 2 6 ooo 2 4 ooo 2 8 ooo 2 5 ooo 2 9 ooo 3 5 oo- 3 8 -o- 3 9 --o 3 4 -oo 3 7 o-o 3 6 o--
mp-13445,Rb2As2Pt,124,333,335,209,2.685483870967742,0,False,0,1.0,Rb Rb Rb Rb As As As As Pt Pt 0 4 ooo 0 7 ooo 0 9 o++ 0 8 +++ 0 6 ooo 0 6 +oo 0 5 ++o 0 5 o+o 1 4 oo+ 1 7 oo+ 1 5 +oo 1 5 ooo 1 6 ooo 1 6 +oo 2 6 ooo 2 5 ooo 2 8 ooo 2 9 ooo 2 4 -oo 2 4 ooo 2 7 o-o 2 7 --o 3 6 oo- 3 5 oo- 3 7 ooo 3 7 -oo 3 4 -oo 3 4 ooo 4 9 ooo 4 8 +oo 4 7 o-o 5 8 oo+ 5 9 oo+ 5 6 o-o 6 9 o++ 6 8 o++ 7 8 ++o 7 9 o+o
mp-15556,Rb2As3,136,365,367,229,2.6838235294117645,0,False,0,1.0,Rb Rb Rb Rb As As As As As As 0 7 +oo 0 5 o-o 0 6 ooo 0 4 ooo 0 8 ooo 0 8 o-o 0 9 ooo 0 9 +oo 1 5 -oo 1 7 o+o 1 4 ooo 1 6 ooo 1 9 ooo 1 9 o+o 1 8 ooo 1 8 -oo 2 7 oo- 2 7 o+- 2 5 ooo 2 5 -oo 2 6 ooo 2 6 o+o 2 4 oo- 2 4 -o- 2 8 -o- 2 9 o+o 3 5 ooo 3 5 o-o 3 7 oo- 3 7 +o- 3 4 oo- 3 4 o-- 3 6 ooo 3 6 +oo 3 9 +oo 3 8 o-- 4 5 oo+ 4 8 ooo 5 9 ++o 6 7 oo- 6 9 ooo 7 8 --o
mp-1234059,Rb2Ba8Ca(Sb3O)2,169,492,494,323,2.911242603550296,0,False,0,1.0,Rb Rb Ba Ba Ba Ba Ba Ba Ba Ba Ca Sb Sb Sb Sb Sb Sb O O 0 13 +oo 0 11 o-o 0 12 ooo 0 14 +-o 1 11 ooo 1 13 ooo 1 12 ooo 1 14 ooo 2 18 ooo 2 11 oo+ 2 12 o++ 2 14 oo+ 2 15 ooo 2 16 ooo 3 18 ooo 3 12 o++ 3 13 o++ 3 14 oo+ 3 15 o+o 3 16 -oo 4 17 o+o 4 11 ooo 4 12 o+o 4 14 ooo 4 15 ++o 4 16 ooo 5 17 ooo 5 15 +oo 5 16 ooo 6 17 ooo 6 12 ooo 6 13 ooo 6 14 o-o 6 15 ooo 6 16 ooo 7 17 ooo 7 11 oo+ 7 12 oo+ 7 13 +o+ 8 18 ooo 8 11 -oo 8 12 -oo 8 13 ooo 9 18 ooo 9 15 o+o 9 16 ooo 10 13 ooo 10 11 -oo 10 14 ooo 12 14 o-o
mp-1111720,Rb2BiAuBr6,118,311,313,193,2.635593220338983,0,False,0,1.0,Rb Rb Bi Au Br Br Br Br Br Br 0 6 +oo 0 6 ooo 0 9 oo+ 0 9 ooo 0 8 o+o 0 8 ooo 0 5 o+o 0 5 +oo 0 4 o+o 0 4 oo+ 0 7 +oo 0 7 oo+ 1 7 ooo 1 7 o-o 1 4 ooo 1 4 -oo 1 5 ooo 1 5 oo- 1 6 oo- 1 6 o-o 1 8 -oo 1 8 oo- 1 9 -oo 1 9 o-o 2 7 o-o 2 5 oo- 2 4 -oo 2 6 o-- 2 8 -o- 2 9 --o 3 8 ooo 3 6 ooo 3 9 ooo 3 4 ooo 3 5 ooo 3 7 ooo
mp-761568,Rb2CoO3,126,345,347,219,2.738095238095238,0,False,0,1.0,Rb Rb Rb Rb Co Co O O O O O O 0 6 ooo 0 11 +oo 0 9 ooo 0 7 ooo 0 10 +oo 0 8 oo- 0 8 ooo 1 7 ooo 1 10 o-+ 1 8 ooo 1 6 oo+ 1 11 o-o 1 9 ooo 1 9 oo+ 2 10 ooo 2 7 o+o 2 9 ooo 2 11 ooo 2 6 o+o 2 8 oo- 2 8 ooo 3 11 ooo 3 6 -o+ 3 8 ooo 3 10 oo+ 3 7 -oo 3 9 ooo 3 9 oo+ 4 8 ooo 4 10 +o+ 4 6 o++ 4 11 +oo 4 7 o+o 5 9 ooo 5 7 -oo 5 11 o-o 5 6 -oo 5 10 o-o
mp-1219755,Rb2Cr(BrCl)2,158,429,431,271,2.7151898734177213,0,False,0,1.0,Rb Rb Rb Rb Cr Cr Br Br Br Br Cl Cl Cl Cl 0 6 ooo 0 12 o+o 0 13 -oo 0 11 -oo 0 10 o+o 0 9 oo+ 0 9 ooo 0 8 -oo 0 8 o+o 1 7 ooo 1 10 ooo 1 11 oo- 1 13 ooo 1 12 oo- 1 8 ooo 1 8 oo- 1 9 o-o 1 9 +oo 2 8 ooo 2 13 o-o 2 12 +oo 2 11 o-o 2 10 +oo 2 7 oo+ 2 7 ooo 2 6 o-o 2 6 +oo 3 9 ooo 3 10 ooo 3 11 oo- 3 13 ooo 3 12 oo- 3 6 ooo 3 6 oo- 3 7 -oo 3 7 o+o 4 10 ooo 4 11 ooo 4 12 ooo 4 13 ooo 4 6 ooo 4 8 ooo 5 13 --o 5 12 oo- 5 10 ooo 5 11 --- 5 7 -oo 5 9 o-o
mp-1219758,Rb2CrBrCl3,158,429,431,271,2.7151898734177213,0,False,0,1.0,Rb Rb Rb Rb Cr Cr Br Br Cl Cl Cl Cl Cl Cl 0 6 ooo 0 10 o-o 0 11 +oo 0 12 o-o 0 13 +oo 0 8 o-o 0 8 +oo 0 9 ooo 0 9 oo+ 1 7 ooo 1 13 oo- 1 12 ooo 1 10 oo- 1 11 ooo 1 9 -oo 1 9 o+o 1 8 ooo 1 8 oo- 2 8 ooo 2 11 o+o 2 10 -oo 2 13 o+o 2 12 -oo 2 6 -oo 2 6 o+o 2 7 oo+ 2 7 ooo 3 9 ooo 3 13 oo- 3 12 ooo 3 11 ooo 3 10 oo- 3 7 +oo 3 7 o-o 3 6 oo- 3 6 ooo 4 8 ooo 4 11 ooo 4 10 ooo 4 13 ooo 4 12 ooo 4 6 ooo 5 9 ooo 5 12 o-o 5 13 +o- 5 10 o-- 5 11 +oo 5 7 +-o
mp-1110765,Rb2CuBiI6,118,311,313,193,2.635593220338983,0,False,0,1.0,Rb Rb Cu Bi I I I I I I 0 9 oo+ 0 9 ooo 0 6 +oo 0 6 ooo 0 8 o+o 0 8 ooo 0 4 o+o 0 4 oo+ 0 5 +oo 0 5 o+o 0 7 oo+ 0 7 +oo 1 7 ooo 1 7 o-o 1 4 ooo 1 4 -oo 1 5 ooo 1 5 oo- 1 6 oo- 1 6 o-o 1 8 -oo 1 8 oo- 1 9 -oo 1 9 o-o 2 9 ooo 2 8 ooo 2 6 ooo 2 5 ooo 2 7 ooo 2 4 ooo 3 4 -oo 3 7 o-o 3 5 oo- 3 6 o-- 3 9 --o 3 8 -o-
mp-1219782,Rb2CuBrCl3,158,429,431,271,2.7151898734177213,0,False,0,1.0,Rb Rb Rb Rb Cu Cu Br Br Cl Cl Cl Cl Cl Cl 0 8 ooo 0 10 +oo 0 11 o-o 0 13 o-o 0 12 +oo 0 6 +oo 0 6 o-o 0 7 oo+ 0 7 ooo 1 9 ooo 1 13 ooo 1 12 oo- 1 10 ooo 1 11 oo- 1 7 -oo 1 7 o+o 1 6 oo- 1 6 ooo 2 6 ooo 2 10 o+o 2 11 -oo 2 12 o+o 2 13 -oo 2 8 -oo 2 8 o+o 2 9 ooo 2 9 oo+ 3 7 ooo 3 12 oo- 3 13 ooo 3 11 oo- 3 10 ooo 3 9 +oo 3 9 o-o 3 8 ooo 3 8 oo- 4 11 ooo 4 10 ooo 4 8 ooo 4 6 ooo 4 12 ooo 4 13 ooo 5 12 o+- 5 13 -oo 5 9 ooo 5 7 -+o 5 10 o+o 5 11 -o-
mp-1110689,Rb2CuMoBr6,118,311,313,193,2.635593220338983,0,False,0,1.0,Rb Rb Cu Mo Br Br Br Br Br Br 0 5 +oo 0 5 o+o 0 9 oo+ 0 9 ooo 0 4 oo+ 0 4 o+o 0 7 +oo 0 7 oo+ 0 6 +oo 0 6 ooo 0 8 o+o 0 8 ooo 1 9 -oo 1 9 o-o 1 5 oo- 1 5 ooo 1 8 -oo 1 8 oo- 1 4 -oo 1 4 ooo 1 6 oo- 1 6 o-o 1 7 ooo 1 7 o-o 2 9 ooo 2 8 ooo 2 6 ooo 2 4 ooo 2 5 ooo 2 7 ooo 3 8 -o- 3 4 -oo 3 9 --o 3 5 oo- 3 6 o-- 3 7 o-o
mp-1110719,Rb2CuSbBr6,118,311,313,193,2.635593220338983,0,False,0,1.0,Rb Rb Cu Sb Br Br Br Br Br Br 0 9 oo+ 0 9 ooo 0 6 +oo 0 6 ooo 0 8 o+o 0 8 ooo 0 4 o+o 0 4 oo+ 0 5 +oo 0 5 o+o 0 7 oo+ 0 7 +oo 1 4 ooo 1 4 -oo 1 7 ooo 1 7 o-o 1 5 ooo 1 5 oo- 1 6 o-o 1 6 oo- 1 9 -oo 1 9 o-o 1 8 oo- 1 8 -oo 2 6 ooo 2 9 ooo 2 8 ooo 2 7 ooo 2 4 ooo 2 5 ooo 3 4 -oo 3 7 o-o 3 5 oo- 3 6 o-- 3 9 --o 3 8 -o-
mp-1111731,Rb2GaAgBr6,118,311,313,193,2.635593220338983,0,False,0,1.0,Rb Rb Ga Ag Br Br Br Br Br Br 0 9 oo+ 0 9 ooo 0 6 +oo 0 6 ooo 0 8 o+o 0 8 ooo 0 5 +oo 0 5 o+o 0 4 o+o 0 4 oo+ 0 7 +oo 0 7 oo+ 1 4 ooo 1 4 -oo 1 7 ooo 1 7 o-o 1 5 ooo 1 5 oo- 1 9 o-o 1 9 -oo 1 8 -oo 1 8 oo- 1 6 oo- 1 6 o-o 2 7 o-o 2 5 oo- 2 4 -oo 2 6 o-- 2 8 -o- 2 9 --o 3 6 ooo 3 8 ooo 3 9 ooo 3 7 ooo 3 5 ooo 3 4 ooo
mp-1111036,Rb2GaCuF6,118,311,313,193,2.635593220338983,0,False,0,1.0,Rb Rb Ga Cu F F F F F F 0 9 ooo 0 9 oo+ 0 8 ooo 0 8 o+o 0 7 oo+ 0 7 +oo 0 6 ooo 0 6 +oo 0 4 oo+ 0 4 o+o 0 5 +oo 0 5 o+o 1 5 ooo 1 5 oo- 1 6 o-o 1 6 oo- 1 7 o-o 1 7 ooo 1 4 -oo 1 4 ooo 1 8 -oo 1 8 oo- 1 9 o-o 1 9 -oo 2 6 o-- 2 5 oo- 2 9 --o 2 4 -oo 2 8 -o- 2 7 o-o 3 4 ooo 3 5 ooo 3 7 ooo 3 8 ooo 3 9 ooo 3 6 ooo
mp-1095937,Rb2HgSe,16,43,45,27,2.6875,0,False,0,1.0,Rb Rb Hg Se 0 3 ooo 0 2 ooo 1 3 +o+ 1 2 ooo
mp-1110589,Rb2IrAuF6,118,311,313,193,2.635593220338983,0,False,0,1.0,Rb Rb Ir Au F F F F F F 0 6 +oo 0 6 ooo 0 5 +oo 0 5 o+o 0 7 +oo 0 7 oo+ 0 8 o+o 0 8 ooo 0 4 oo+ 0 4 o+o 0 9 ooo 0 9 oo+ 1 7 ooo 1 7 o-o 1 5 oo- 1 5 ooo 1 4 ooo 1 4 -oo 1 6 o-o 1 6 oo- 1 9 o-o 1 9 -oo 1 8 -oo 1 8 oo- 2 8 -o- 2 9 --o 2 5 oo- 2 7 o-o 2 4 -oo 2 6 o-- 3 9 ooo 3 8 ooo 3 4 ooo 3 7 ooo 3 6 ooo 3 5 ooo
mp-1113735,Rb2LiAuF6,118,311,313,193,2.635593220338983,0,False,0,1.0,Rb Rb Li Au F F F F F F 0 8 ooo 0 8 o+o 0 6 ooo 0 6 +oo 0 5 o+o 0 5 +oo 0 4 oo+ 0 4 o+o 0 7 +oo 0 7 oo+ 0 9 oo+ 0 9 ooo 1 8 oo- 1 8 -oo 1 4 ooo 1 4 -oo 1 5 oo- 1 5 ooo 1 6 oo- 1 6 o-o 1 7 ooo 1 7 o-o 1 9 o-o 1 9 -oo 2 8 ooo 2 7 ooo 2 4 ooo 2 5 ooo 2 9 ooo 2 6 ooo 3 8 -o- 3 7 o-o 3 5 oo- 3 6 o-- 3 9 --o 3 4 -oo
mp-1110683,Rb2LiCeCl6,118,311,313,193,2.635593220338983,0,False,0,1.0,Rb Rb Li Ce Cl Cl Cl Cl Cl Cl 0 6 +oo 0 6 ooo 0 9 oo+ 0 9 ooo 0 8 o+o 0 8 ooo 0 7 +oo 0 7 oo+ 0 5 o+o 0 5 +oo 0 4 oo+ 0 4 o+o 1 5 ooo 1 5 oo- 1 9 o-o 1 9 -oo 1 6 o-o 1 6 oo- 1 7 o-o 1 7 ooo 1 8 oo- 1 8 -oo 1 4 -oo 1 4 ooo 2 8 ooo 2 6 ooo 2 5 ooo 2 9 ooo 2 4 ooo 2 7 ooo 3 7 o-o 3 6 o-- 3 9 --o 3 8 -o- 3 5 oo- 3 4 -oo
mp-1232995,Rb2LiPu(Cl2O)2,91,239,241,148,2.6263736263736264,0,False,0,1.0,Rb Rb Li Pu Cl Cl Cl Cl O O 0 9 ooo 0 7 oo+ 0 7 +o+ 0 6 o+o 0 6 ++o 0 5 o+o 0 5 ooo 0 4 oo+ 0 4 ooo 1 8 ooo 1 7 o-o 1 7 ooo 1 6 oo- 1 6 ooo 1 5 -o- 1 5 oo- 1 4 --o 1 4 o-o 2 9 ooo 2 5 -oo 2 4 -oo 3 8 ooo 3 9 ooo 3 4 ooo 3 5 ooo 3 6 ooo 3 7 ooo
mp-1235035,Rb2LiPu(Cl2O)2,94,247,249,153,2.627659574468085,0,False,0,1.0,Rb Rb Li Pu Cl Cl Cl Cl O O 0 4 ooo 0 4 oo+ 0 5 ooo 0 5 o+o 0 6 ++o 0 6 o+o 0 7 +o+ 0 7 oo+ 1 7 ooo 1 7 o-o 1 6 ooo 1 6 oo- 1 5 -o- 1 5 oo- 1 4 --o 1 4 o-o 2 9 ooo 2 8 -oo 2 4 -oo 2 5 -oo 2 6 ooo 2 7 ooo 3 9 ooo 3 8 ooo 3 4 ooo 3 5 ooo 3 6 ooo 3 7 ooo
mp-1235316,Rb2LiPu(Cl2O)2,91,239,241,148,2.6263736263736264,0,False,0,1.0,Rb Rb Li Pu Cl Cl Cl Cl O O 0 9 ooo 0 7 +o+ 0 7 oo+ 0 8 oo+ 0 5 o+o 0 5 ooo 0 4 oo+ 0 4 ooo 0 6 o+o 1 5 -o- 1 5 oo- 1 8 ooo 1 9 oo- 1 7 o-o 1 7 ooo 1 4 o-o 1 6 oo- 1 6 ooo 2 8 ooo 2 4 o-o 2 6 +oo 3 9 ooo 3 8 ooo 3 4 ooo 3 5 ooo 3 6 ooo 3 7 ooo
mp-1235412,Rb2LiPu(Cl2O)2,82,215,217,133,2.6219512195121952,0,False,0,1.0,Rb Rb Li Pu Cl Cl Cl Cl O O 0 5 o+o 0 6 ++o 0 4 oo+ 0 4 ooo 0 7 +o+ 1 8 -oo 1 6 ooo 1 6 oo- 1 7 ooo 1 7 o-o 1 5 -o- 1 5 oo- 1 4 --o 1 4 o-o 1 9 oo- 2 9 ooo 2 6 o+o 2 7 oo+ 2 4 ooo 2 5 ooo 3 9 ooo 3 8 ooo 3 4 ooo 3 5 ooo
mp-1235490,Rb2LiPu(Cl2O)2,70,183,185,113,2.6142857142857143,0,False,0,1.0,Rb Rb Li Pu Cl Cl Cl Cl O O 0 9 +oo 0 4 ooo 0 5 ooo 0 6 o+o 0 7 oo+ 1 8 -oo 1 6 ooo 1 7 ooo 1 4 o-o 1 5 oo- 2 6 oo- 2 7 o-o 2 5 -o- 2 4 --o 3 9 ooo 3 8 ooo 3 4 ooo 3 5 ooo 3 6 ooo 3 7 ooo
mp-1235786,Rb2LiPu(Cl2O)2,79,207,209,128,2.6202531645569622,0,False,0,1.0,Rb Rb Li Pu Cl Cl Cl Cl O O 0 8 o+o 0 5 ooo 0 4 ooo 0 6 o+o 0 6 ++o 0 7 +o+ 1 7 ooo 1 7 o-o 1 5 oo- 1 5 -o- 1 4 o-o 1 4 --o 1 6 ooo 1 6 oo- 2 9 +oo 2 8 ooo 2 7 +oo 2 4 ooo 3 9 ooo 3 8 ooo 3 5 ooo 3 6 ooo 3 7 ooo
mp-1078743,Rb2Mn(Cl2O)2,87,228,230,141,2.6206896551724137,0,False,0,1.0,Rb Rb Mn Cl Cl Cl Cl O O 0 8 o-o 0 4 ooo 0 4 o-o 0 5 ooo 0 5 oo- 0 3 -o- 0 3 oo- 0 6 --o 0 6 o-o 0 7 -oo 1 7 o+o 1 3 ooo 1 3 o+o 1 6 ooo 1 6 oo+ 1 4 +o+ 1 4 oo+ 1 5 ++o 1 5 o+o 1 8 +oo 2 8 ooo 2 7 -oo 2 6 -oo 2 5 ooo 2 4 ooo 2 3 -oo
mp-1188117,Rb2Mn3O4,162,465,467,303,2.8703703703703702,0,False,0,1.0,Rb Rb Rb Rb Mn Mn Mn Mn Mn Mn O O O O O O O O 0 14 ooo 0 15 ooo 0 13 ooo 0 12 oo+ 0 10 ooo 0 16 ooo 1 15 ++o 1 14 +oo 1 12 ooo 1 13 oo- 1 11 +oo 1 17 ooo 2 16 ooo 2 17 ooo 2 11 ooo 2 10 oo- 2 12 ooo 2 14 ooo 3 17 --o 3 16 -oo 3 10 ooo 3 11 oo+ 3 13 -oo 3 15 ooo 4 13 -o- 4 12 ooo 4 10 o+- 4 11 o+o 5 11 +oo 5 10 oo- 5 12 o-o 5 13 o-- 6 14 ooo 6 10 o+o 6 15 o+o 6 17 ooo 7 15 ooo 7 11 ooo 7 14 ooo 7 16 -oo 8 16 ooo 8 12 o-o 8 17 o-o 8 15 ooo 9 17 ooo 9 13 ooo 9 16 ooo 9 14 +oo
mp-1105776,Rb2Mn3S4,186,535,537,349,2.8763440860215055,0,True,25,0.9532710280373832,Rb Rb Rb Rb Mn Mn Mn Mn Mn Mn S S S S S S S S 0 10 oo+ 0 15 o-o 0 12 ooo 0 17 ooo 0 16 +oo 0 16 ooo 0 13 +oo 0 13 ooo 1 14 oo- 1 11 o+o 1 16 ooo 1 13 ooo 1 12 -oo 1 12 ooo 1 17 -oo 1 17 ooo 2 12 ooo 2 17 ooo 2 10 o+o 2 15 oo- 2 14 oo- 2 14 +o- 2 11 o+o 2 11 ++o 3 16 ooo 3 13 ooo 3 14 o-o 3 11 oo+ 3 10 oo+ 3 10 -o+ 3 15 o-o 3 15 --o 4 17 ooo 4 15 ooo 4 16 +oo 4 14 ooo 5 11 ooo 5 13 ooo 5 10 ooo 5 12 -oo 6 14 ooo 6 16 ooo 6 10 oo+ 6 12 -o+ 7 15 -oo 7 17 ooo 7 11 o+o 7 13 o+o 8 12 ooo 8 10 ooo 8 14 oo- 8 16 +o- 9 11 +oo 9 13 ooo 9 15 o-o 9 17 o-o
mp-1113488,Rb2MnHgF6,118,311,313,193,2.635593220338983,0,False,0,1.0,Rb Rb Mn Hg F F F F F F 0 9 oo- 0 9 ooo 0 6 oo- 0 6 -oo 0 7 -oo 0 7 ooo 0 4 o-o 0 4 ooo 0 5 o-o 0 5 -oo 0 8 o-o 0 8 oo- 1 4 oo+ 1 4 +oo 1 5 oo+ 1 5 ooo 1 8 +oo 1 8 ooo 1 9 o+o 1 9 +oo 1 6 o+o 1 6 ooo 1 7 o+o 1 7 oo+ 2 8 o-- 2 7 -oo 2 5 --o 2 6 -o- 2 4 o-o 2 9 oo- 3 8 ooo 3 7 ooo 3 4 ooo 3 9 ooo 3 6 ooo 3 5 ooo
mp-1106055,Rb2MoSO4,160,439,441,279,2.74375,0,False,0,1.0,Rb Rb Rb Rb Mo Mo S S O O O O O O O O 0 12 oo+ 0 11 oo+ 0 13 oo+ 0 14 ooo 0 8 ooo 0 8 o-o 0 10 ooo 0 10 -oo 0 9 -oo 0 9 o-o 1 9 oo- 1 8 oo- 1 10 oo- 1 15 ooo 1 13 ooo 1 13 +oo 1 11 ooo 1 11 o+o 1 12 +oo 1 12 o+o 2 12 ooo 2 13 ooo 2 11 ooo 2 6 ooo 2 7 --o 2 7 -oo 2 7 o-o 2 15 o-o 2 15 -oo 2 15 ooo 3 9 ooo 3 8 ooo 3 10 ooo 3 7 ooo 3 6 ++o 3 6 o+o 3 6 +oo 3 14 +oo 3 14 o+o 3 14 ooo 4 8 o-o 4 10 -oo 4 9 --o 4 6 ooo 5 11 o+o 5 13 +oo 5 12 ++o 5 7 ooo
mp-1101405,Rb2O,42,111,113,69,2.642857142857143,0,False,0,1.0,Rb Rb Rb Rb O O 0 5 ooo 0 5 -oo 0 4 o++ 1 5 -oo 1 5 ooo 1 4 ooo 2 4 ++o 2 4 o+o 2 5 ooo 3 4 oo+ 3 4 +o+ 3 5 ooo
mp-753746,Rb2O,21,55,57,34,2.619047619047619,0,False,0,1.0,Rb Rb O 0 2 oo+ 0 2 o+o 0 2 +oo 1 2 ++o 1 2 +o+ 1 2 o++
mp-755459,Rb2O,42,111,113,69,2.642857142857143,0,False,0,1.0,Rb Rb Rb Rb O O 0 5 ++o 0 5 +oo 0 4 oo+ 1 5 o-o 1 5 ooo 1 4 ooo 2 4 o+o 2 4 ooo 2 5 +oo 3 4 o-+ 3 4 oo+ 3 5 ooo
mp-1110584,Rb2RhAuF6,118,311,313,193,2.635593220338983,0,False,0,1.0,Rb Rb Rh Au F F F F F F 0 4 ooo 0 4 oo- 0 7 ooo 0 7 o-o 0 9 ooo 0 9 -oo 0 5 oo- 0 5 o-o 0 8 oo- 0 8 -oo 0 6 -oo 0 6 o-o 1 8 o+o 1 8 ooo 1 6 oo+ 1 6 ooo 1 5 +oo 1 5 ooo 1 4 +oo 1 4 o+o 1 9 oo+ 1 9 o+o 1 7 +oo 1 7 oo+ 2 4 oo- 2 9 -oo 2 7 o-o 2 6 --o 2 8 -o- 2 5 o-- 3 8 ooo 3 6 ooo 3 5 ooo 3 4 ooo 3 7 ooo 3 9 ooo
mp-1111715,Rb2SbAuCl6,118,311,313,193,2.635593220338983,0,False,0,1.0,Rb Rb Sb Au Cl Cl Cl Cl Cl Cl 0 6 +oo 0 6 ooo 0 9 oo+ 0 9 ooo 0 8 o+o 0 8 ooo 0 4 oo+ 0 4 o+o 0 5 o+o 0 5 +oo 0 7 oo+ 0 7 +oo 1 5 ooo 1 5 oo- 1 7 ooo 1 7 o-o 1 4 ooo 1 4 -oo 1 8 oo- 1 8 -oo 1 9 -oo 1 9 o-o 1 6 o-o 1 6 oo- 2 4 -oo 2 9 --o 2 7 o-o 2 8 -o- 2 5 oo- 2 6 o-- 3 5 ooo 3 7 ooo 3 8 ooo 3 4 ooo 3 9 ooo 3 6 ooo
mp-1423122,Rb2SnTe5,160,451,453,291,2.81875,0,False,0,1.0,Rb Rb Rb Rb Sn Sn Te Te Te Te Te Te Te Te Te Te 0 8 --- 0 7 ooo 0 9 o-- 0 6 -oo 0 13 oo- 0 10 ooo 0 12 ooo 0 11 oo- 1 9 oo- 1 7 oo- 1 6 ooo 1 8 ooo 1 12 oo- 1 13 +o- 1 11 ++o 1 10 o+o 2 11 ++o 2 12 oo- 2 10 o+o 2 13 +o- 2 6 o+o 2 8 oo- 2 9 +o- 2 7 ++o 3 13 oo- 3 10 ooo 3 11 oo- 3 12 ooo 3 8 ooo 3 9 oo- 3 6 ooo 3 7 oo- 4 9 ooo 4 6 -oo 4 12 ooo 4 11 o+o 5 7 ooo 5 8 o-o 5 10 ooo 5 13 +oo 6 14 +oo 7 15 ooo 8 15 o+o 9 14 ooo 10 14 +oo 11 15 ooo 12 15 o+o 13 14 ooo
mp-1219664,Rb2WSO4,160,437,439,277,2.73125,0,False,0,1.0,Rb Rb Rb Rb W W S S O O O O O O O O 0 11 ooo 0 13 ooo 0 12 ooo 0 6 ooo 0 7 o++ 0 7 +o+ 0 7 ++o 0 15 +oo 0 15 o+o 0 15 oo+ 1 8 ooo 1 10 ooo 1 9 ooo 1 7 ooo 1 6 o-- 1 6 -o- 1 6 --o 1 14 o-o 1 14 -oo 1 14 oo- 2 12 ooo 2 13 ooo 2 11 ooo 2 14 ooo 2 9 +oo 2 9 o+o 2 10 oo+ 2 10 o+o 2 8 oo+ 2 8 +oo 3 9 ooo 3 10 ooo 3 8 ooo 3 15 ooo 3 12 -oo 3 12 o-o 3 13 oo- 3 13 o-o 3 11 oo- 3 11 -oo 4 8 +o+ 4 10 o++ 4 9 ++o 4 6 ooo 5 13 o-- 5 11 -o- 5 12 --o 5 7 ooo
mp-30055,Rb3BrO,59,156,158,97,2.6440677966101696,0,False,0,1.0,Rb Rb Rb Br O 0 4 ooo 0 4 o-o 0 3 +o+ 0 3 oo+ 0 3 +oo 0 3 ooo 1 4 oo- 1 4 ooo 1 3 ++o 1 3 +oo 1 3 ooo 1 3 o+o 2 4 -oo 2 4 ooo 2 3 o+o 2 3 o++ 2 3 oo+ 2 3 ooo
mp-754892,Rb3ClO,59,156,158,97,2.6440677966101696,0,False,0,1.0,Rb Rb Rb Cl O 0 4 oo+ 0 4 ooo 0 3 ooo 0 3 --o 0 3 o-o 0 3 -oo 1 4 ooo 1 4 o+o 1 3 ooo 1 3 -oo 1 3 -o- 1 3 oo- 2 4 ooo 2 4 +oo 2 3 ooo 2 3 o-- 2 3 o-o 2 3 oo-
mp-1205664,Rb3EuF6,58,151,153,93,2.603448275862069,0,False,0,1.0,Rb Rb Rb Eu F F F F F F 0 5 +oo 0 4 +oo 0 6 ooo 0 7 ooo 1 4 ooo 1 7 o+o 1 5 ooo 1 6 o+o 2 9 ooo 2 8 ooo 3 5 o-- 3 6 ooo 3 4 ooo 3 7 -o- 3 8 ooo 3 9 --o
mp-974822,Rb3P,52,138,140,86,2.6538461538461537,0,False,0,1.0,Rb Rb Rb P 0 3 o++ 0 3 +o+ 0 3 ++o 0 3 +++ 0 2 o+o 0 2 +oo 0 2 oo+ 0 2 ooo 1 3 +oo 1 3 o+o 1 3 ooo 1 3 oo+ 1 2 oo- 1 2 ooo 1 2 -oo 1 2 o-o
mp-1189158,Rb3Ru2N(Cl4O)2,124,334,336,210,2.693548387096774,0,False,0,1.0,Rb Rb Rb Ru Ru N Cl Cl Cl Cl Cl Cl Cl Cl O O 0 8 ooo 0 9 ooo 0 6 +o- 0 7 o+- 0 10 +oo 0 11 o+o 0 12 o+- 0 13 +o- 1 7 ooo 1 6 ooo 1 9 o-+ 1 8 -o+ 1 12 -oo 1 13 o-o 1 10 o-+ 1 11 -o+ 2 6 ooo 2 7 ooo 2 9 ooo 2 8 ooo 2 12 ooo 2 13 ooo 2 11 ooo 2 10 ooo 3 14 ooo 3 5 ++o 3 10 +oo 3 11 o+o 3 6 +oo 3 7 o+o 4 15 ooo 4 5 ooo 4 13 o-o 4 12 -oo 4 8 -oo 4 9 o-o
mp-33018,Rb3Sb,52,139,141,87,2.673076923076923,0,False,0,1.0,Rb Rb Rb Sb 0 1 oo- 0 1 ooo 0 1 o-o 0 1 -oo 0 2 --o 0 2 --- 0 2 -o- 0 2 o-- 1 3 oo- 1 3 ooo 1 3 o-o 1 3 -oo 2 3 oo+ 2 3 ooo 2 3 o+o 2 3 +oo
mp-551690,Rb4CO4,66,173,175,107,2.621212121212121,0,False,0,1.0,Rb Rb Rb Rb C O O O O 0 6 o-o 0 8 ooo 0 7 ooo 1 6 oo- 1 5 ooo 1 8 ooo 2 6 -oo 2 5 ooo 2 7 ooo 3 7 oo- 3 7 ooo 3 5 o-o 3 5 ooo 3 8 -oo 3 8 ooo 4 6 ooo 4 8 o++ 4 5 +o+ 4 7 ++o
mp-674325,Rb4CO6,83,221,223,138,2.6626506024096384,0,False,0,1.0,Rb Rb Rb Rb C O O O O O O 0 7 ooo 0 6 +o- 0 8 +oo 0 9 ooo 1 6 ooo 1 8 o++ 1 10 ooo 1 5 -+o 1 7 -o+ 2 6 oo- 2 10 ooo 2 7 ooo 2 7 -oo 2 5 o+o 2 8 o+o 2 9 ooo 3 6 ooo 3 8 ooo 3 5 -oo 3 10 o-o 4 5 -+o 4 10 ooo 4 7 -oo 8 9 ooo
mp-2230093,Rb4MgTi2(CuS2)4,181,522,524,341,2.883977900552486,0,True,12,0.9770114942528736,Rb Rb Rb Rb Mg Ti Ti Cu Cu Cu Cu S S S S S S S S 0 4 ooo 0 17 +oo 0 15 +o- 0 18 o+- 0 14 o+o 1 11 -oo 1 11 ooo 1 12 o+o 1 12 ooo 1 13 -oo 1 13 ooo 1 16 o+o 1 16 ooo 2 11 o-o 2 11 ooo 2 12 +oo 2 12 ooo 2 13 o-o 2 13 ooo 2 16 +oo 2 16 ooo 3 4 ooo 3 18 -o- 3 14 -oo 3 15 o-- 3 17 o-o 4 15 oo- 4 18 oo- 4 17 ooo 4 14 ooo 5 18 ooo 5 15 ooo 5 12 ooo 5 11 ooo 6 17 ooo 6 14 ooo 6 16 ooo 6 13 ooo 7 11 -oo 7 12 ooo 7 18 -oo 7 15 ooo 8 11 o-o 8 12 ooo 8 15 o-o 8 18 ooo 9 16 ooo 9 13 -oo 9 14 -oo 9 17 ooo 10 13 o-o 10 16 ooo 10 14 ooo 10 17 o-o
mp-30373,RbAu,26,69,71,43,2.6538461538461537,0,False,0,1.0,Rb Au 0 1 ooo 0 1 oo+ 0 1 +++ 0 1 ++o 0 1 o++ 0 1 o+o 0 1 +oo 0 1 +o+
mp-1031089,RbCeMg6O8,160,447,449,287,2.79375,0,False,0,1.0,Rb Ce Mg Mg Mg Mg Mg Mg O O O O O O O O 0 12 ooo 0 12 o+o 0 14 ooo 0 14 oo+ 0 10 ooo 0 11 -oo 1 12 oo- 1 12 ooo 1 14 o-o 1 14 ooo 1 9 -oo 1 8 ooo 2 8 ooo 2 9 ooo 2 13 oo- 2 13 ooo 2 15 ooo 2 15 o-o 3 11 ooo 3 10 ooo 3 15 oo+ 3 15 ooo 3 13 o+o 3 13 ooo 4 13 ooo 4 8 oo+ 4 8 ooo 4 10 ooo 4 10 o-o 4 12 ooo 5 13 ooo 5 9 ooo 5 9 oo+ 5 11 o-o 5 11 ooo 5 12 +oo 6 15 ooo 6 8 ooo 6 8 o+o 6 10 ooo 6 10 oo- 6 14 ooo 7 15 ooo 7 9 o+o 7 9 ooo 7 11 oo- 7 11 ooo 7 14 +oo
mp-1539137,RbCr5S8,134,363,365,229,2.708955223880597,0,False,0,1.0,Rb Cr Cr Cr Cr Cr S S S S S S S S 0 10 +o+ 0 10 oo+ 0 11 -oo 0 11 ooo 0 9 ooo 0 9 -oo 0 8 oo+ 0 8 +o+ 0 13 oo+ 0 12 ooo 1 9 ooo 1 9 -oo 1 8 ooo 1 12 ooo 1 7 ooo 1 7 -oo 2 8 ooo 2 8 +oo 2 9 ooo 2 13 ooo 2 6 ooo 2 6 +oo 3 11 ooo 3 11 -oo 3 12 o-o 3 6 ooo 3 7 o-o 3 7 --o 4 10 ooo 4 10 +oo 4 13 o+o 4 7 ooo 4 6 o+o 4 6 ++o 5 13 -+o 5 13 o+o 5 10 ooo 5 12 -o- 5 12 oo- 5 11 -+-
mp-568864,RbCrCl3,200,567,569,367,2.835,0,True,57,0.8994708994708994,Rb Rb Rb Rb Cr Cr Cr Cr Cl Cl Cl Cl Cl Cl Cl Cl Cl Cl Cl Cl 0 15 ooo 0 11 oo- 0 8 o-o 0 8 -oo 0 19 ooo 0 19 o-o 0 17 -oo 0 17 ooo 0 9 oo- 1 10 ooo 1 18 ooo 1 13 -oo 1 13 o-o 1 16 ooo 1 16 -oo 1 12 ooo 1 12 o-o 1 14 ooo 2 8 ooo 2 16 ooo 2 15 o+o 2 15 +oo 2 18 ooo 2 18 o+o 2 14 ooo 2 14 +oo 2 12 ooo 3 13 ooo 3 19 oo+ 3 10 +oo 3 10 o+o 3 11 ooo 3 11 +oo 3 9 o+o 3 9 ooo 3 17 oo+ 4 19 ooo 4 11 oo- 4 17 -+o 4 9 -+- 4 8 -oo 4 10 o+- 5 15 +oo 5 8 o-o 5 14 +-o 5 17 ooo 5 19 +-o 5 18 ooo 6 13 o-o 6 10 +oo 6 12 +-o 6 9 ooo 6 11 +-o 6 16 ooo 7 16 ooo 7 18 ooo 7 12 +-o 7 14 +-o 7 13 o-o 7 15 +oo
mp-1219621,RbCu2H3(SO5)2,114,312,314,198,2.736842105263158,0,False,0,1.0,Rb Cu Cu H H H S S O O O O O O O O O O 0 8 ooo 0 9 ooo 0 10 ooo 0 11 ooo 0 14 ooo 0 15 ooo 0 16 ooo 0 17 ooo 1 9 oo+ 1 11 o+o 1 13 ooo 1 12 o++ 1 15 o+o 1 14 oo+ 2 8 oo+ 2 10 +oo 2 13 ooo 2 12 +o+ 2 15 +oo 2 14 oo+ 3 12 ooo 4 13 ooo 5 12 ooo 5 13 oo- 6 16 ooo 6 14 ooo 6 9 +oo 6 8 o+o 7 17 ooo 7 15 ooo 7 11 -oo 7 10 o-o
mp-1209301,RbCu2H3(SeO5)2,114,316,318,202,2.7719298245614037,0,False,0,1.0,Rb Cu Cu H H H Se Se O O O O O O O O O O 0 14 -oo 0 17 o-o 0 16 -o- 0 15 o-- 0 12 ooo 0 13 --- 0 9 oo- 0 8 --o 1 15 o-o 1 14 ooo 1 10 o-o 1 11 ooo 1 9 ooo 1 8 o-o 2 17 ooo 2 16 -oo 2 10 -oo 2 11 ooo 2 9 ooo 2 8 -oo 3 10 ooo 4 11 ooo 5 10 --o 5 11 ooo 6 13 oo- 6 8 ooo 6 17 ooo 6 14 ooo 7 12 oo+ 7 9 ooo 7 16 ooo 7 15 ooo
mp-10985,RbCu3S2,102,287,289,185,2.8137254901960786,0,False,0,1.0,Rb Rb Cu Cu Cu Cu Cu Cu S S S S 0 10 +++ 0 10 o++ 0 9 +oo 0 9 ooo 0 8 oo+ 0 11 +oo 0 11 ooo 1 11 --- 1 11 o-- 1 8 -oo 1 8 ooo 1 9 oo- 1 10 -oo 1 10 ooo 2 10 o+o 2 8 ooo 2 8 -oo 3 9 ooo 3 11 ooo 4 10 ooo 4 10 -oo 4 9 ooo 5 11 ooo 5 11 +oo 5 8 ooo 6 8 ooo 6 10 ooo 7 11 o-o 7 9 ooo 7 9 +oo
mp-1206801,RbEuCl3,59,155,157,96,2.6271186440677967,0,False,0,1.0,Rb Eu Cl Cl Cl 0 2 ooo 0 2 o+o 0 2 o++ 0 2 oo+ 0 3 +oo 0 3 +o+ 0 3 ooo 0 3 oo+ 0 4 ooo 0 4 ++o 0 4 o+o 0 4 +oo 1 3 o-o 1 3 ooo 1 4 oo- 1 4 ooo 1 2 ooo 1 2 -oo
mp-1206560,RbFeCl3,118,311,313,193,2.635593220338983,0,False,0,1.0,Rb Rb Fe Fe Cl Cl Cl Cl Cl Cl 0 7 o+o 0 7 ooo 0 5 -oo 0 5 ooo 0 9 o+o 0 9 -oo 0 8 oo+ 0 8 ooo 0 4 oo+ 0 4 ooo 0 6 oo+ 0 6 ooo 1 4 +oo 1 4 ooo 1 6 o-o 1 6 ooo 1 8 +oo 1 8 o-o 1 9 ooo 1 9 oo- 1 7 oo- 1 7 ooo 1 5 oo- 1 5 ooo 2 8 o-o 2 9 -o- 2 7 oo- 2 4 ooo 2 6 --o 2 5 --- 3 9 -oo 3 8 o-o 3 4 ooo 3 7 ooo 3 5 --o 3 6 --o
mp-755708,RbFeO2,68,179,181,111,2.6323529411764706,0,False,0,1.0,Rb Rb Fe Fe O O O O 0 4 ooo 0 5 oo+ 0 6 +oo 0 6 o-o 0 7 o-o 0 7 +oo 1 7 oo- 1 6 ooo 1 4 -oo 1 4 o+o 1 5 -oo 1 5 o+o 2 7 +-o 2 6 +-o 2 5 oo+ 2 4 ooo 3 4 -+o 3 5 -+o 3 6 ooo 3 7 oo-
mp-9780,RbHfAgTe3,132,365,367,233,2.765151515151515,0,False,0,1.0,Rb Rb Hf Hf Ag Ag Te Te Te Te Te Te 0 10 +oo 0 10 ooo 0 11 ++o 0 11 o+o 0 6 +oo 0 6 ooo 0 9 ooo 1 8 ooo 1 8 -oo 1 7 o-o 1 7 --o 1 9 ooo 1 9 -oo 1 6 ooo 2 6 ooo 2 8 -oo 2 8 ooo 2 7 ooo 2 7 -oo 2 10 oo+ 2 5 ooo 2 5 -oo 3 9 ooo 3 10 ooo 3 10 +oo 3 11 ooo 3 11 +oo 3 8 oo- 3 4 +oo 3 4 ooo 4 11 ooo 4 9 -oo 4 9 ooo 4 6 o-o 4 5 --o 4 5 o-o 5 7 ooo 5 6 ooo 5 6 +oo 5 9 o+o
mp-1179783,RbIO3,29,74,76,45,2.5517241379310347,0,False,0,1.0,Rb I O O O 0 3 +oo 0 3 +o- 0 4 oo- 0 4 +oo 0 1 ooo 0 1 o-o 2 4 ooo 2 3 oo-
mp-1209228,RbLi3S2O9,99,267,269,168,2.696969696969697,0,False,0,1.0,Rb Li Li Li S S O O O O O O O O O 0 10 ooo 0 10 +oo 0 8 o+o 0 8 ooo 0 11 o+o 0 13 oo- 0 14 +o- 0 14 oo- 1 6 ooo 1 8 ooo 1 9 ooo 1 7 o-o 2 11 +++ 2 13 ooo 2 12 +oo 2 14 ++o 3 6 o+o 3 10 ooo 3 7 -oo 3 12 ooo 4 13 ooo 4 7 ooo 4 12 ooo 4 9 ooo 5 11 ooo 5 10 ooo 5 6 ooo 5 8 -oo
mp-1032501,RbMg6MnO8,160,447,449,287,2.79375,0,False,0,1.0,Rb Mg Mg Mg Mg Mg Mg Mn O O O O O O O O 0 14 oo+ 0 14 ooo 0 12 ooo 0 12 o+o 0 11 -oo 0 10 ooo 1 9 ooo 1 8 ooo 1 15 o-o 1 15 ooo 1 13 ooo 1 13 oo- 2 11 ooo 2 10 ooo 2 15 oo+ 2 15 ooo 2 13 o+o 2 13 ooo 3 13 ooo 3 8 oo+ 3 8 ooo 3 10 o-o 3 10 ooo 3 12 ooo 4 13 ooo 4 9 ooo 4 9 oo+ 4 11 o-o 4 11 ooo 4 12 +oo 5 15 ooo 5 8 o+o 5 8 ooo 5 10 oo- 5 10 ooo 5 14 ooo 6 15 ooo 6 9 ooo 6 9 o+o 6 11 oo- 6 11 ooo 6 14 +oo 7 14 ooo 7 14 o-o 7 12 ooo 7 12 oo- 7 8 ooo 7 9 -oo
mp-2227755,RbMgMoO3,54,142,144,88,2.6296296296296298,0,False,0,1.0,Rb Mg Mo O O O 0 3 oo+ 0 3 ooo 0 3 o++ 0 3 o+o 0 1 ooo 0 1 +oo 1 4 ooo 1 4 oo+ 1 5 o+o 1 5 ooo 2 4 o-o 2 4 ooo 2 5 oo- 2 5 ooo 2 3 -oo 2 3 ooo
mp-1219559,RbNaCd3O4,81,214,216,133,2.6419753086419755,0,False,0,1.0,Rb Na Cd Cd Cd O O O O 0 7 +oo 0 7 o+o 0 5 +o+ 0 5 o++ 0 6 o+o 0 6 +oo 0 8 o++ 0 8 +o+ 1 5 ooo 1 7 o-o 1 7 -oo 1 8 ooo 2 6 ooo 2 7 ooo 2 8 +oo 2 8 o+o 3 7 ooo 3 6 o-o 3 6 -oo 3 5 oo+ 4 8 ooo 4 5 o+o 4 5 +oo 4 6 oo-
mp-27409,RbNiBr3,118,311,313,193,2.635593220338983,0,False,0,1.0,Rb Rb Ni Ni Br Br Br Br Br Br 0 6 o-o 0 6 +oo 0 9 ooo 0 9 +oo 0 4 ooo 0 4 o-o 0 5 oo- 0 5 ooo 0 7 oo- 0 7 ooo 0 8 ooo 0 8 oo- 1 5 o+o 1 5 -oo 1 8 ooo 1 8 -oo 1 7 ooo 1 7 o+o 1 6 oo+ 1 6 ooo 1 4 oo+ 1 4 ooo 1 9 ooo 1 9 oo+ 2 4 --o 2 7 ooo 2 9 ooo 2 8 --o 2 6 o-o 2 5 -oo 3 7 oo- 3 4 --o 3 8 --- 3 9 ooo 3 5 -o- 3 6 o-o
mp-1232303,RbNiO2,104,275,277,171,2.644230769230769,0,False,0,1.0,Rb Rb Ni Ni O O O O 0 5 o+o 0 5 oo+ 0 5 ooo 0 4 +oo 0 4 o+o 0 4 oo+ 0 6 +oo 0 6 ooo 0 6 o+o 0 7 +oo 0 7 ooo 0 7 oo+ 1 4 o++ 1 4 +o+ 1 4 ++o 1 5 oo+ 1 5 o+o 1 5 o++ 1 7 oo+ 1 7 +oo 1 7 +o+ 1 6 o+o 1 6 ++o 1 6 +oo 2 5 -oo 2 4 ooo 2 7 o-o 2 6 oo- 3 7 ooo 3 6 ooo 3 4 ooo 3 5 ooo
mp-1179684,RbS,8,20,22,12,2.5,0,False,0,1.0,Rb S 0 1 ooo 0 1 oo-
mp-13336,RbSc5Te8,134,366,368,232,2.7313432835820897,0,False,0,1.0,Rb Sc Sc Sc Sc Sc Te Te Te Te Te Te Te Te 0 9 o-- 0 9 --- 0 8 -oo 0 8 ooo 0 10 o-o 0 10 --o 0 11 -o- 0 11 oo- 0 7 o-o 0 6 -o- 1 11 o+o 1 10 ooo 1 10 -oo 1 7 ooo 1 12 ooo 1 12 -oo 2 6 -o- 2 6 oo- 2 7 +oo 2 7 ooo 2 9 oo- 2 8 ooo 3 9 +oo 3 9 ooo 3 6 ooo 3 12 ooo 3 13 +oo 3 13 ooo 4 8 -oo 4 8 ooo 4 7 ooo 4 13 ooo 4 12 -oo 4 12 ooo 5 10 o-o 5 11 ooo 5 11 +oo 5 6 ooo 5 13 ooo 5 13 +oo
mp-9064,RbTe,129,361,363,232,2.798449612403101,0,False,0,1.0,Rb Rb Rb Rb Rb Rb Te Te Te Te Te Te 0 11 ooo 0 9 o-- 0 10 oo- 0 8 o-o 0 7 +o- 0 6 +oo 1 10 oo- 1 11 ooo 1 8 ooo 1 9 oo- 1 7 oo- 1 6 ooo 2 8 ooo 2 9 oo- 2 10 -o- 2 11 -oo 2 6 o+o 2 7 o+- 3 7 ooo 3 6 ooo 3 8 o-o 3 10 ooo 3 9 o-o 3 11 ooo 4 7 ++o 4 6 ++o 4 8 ooo 4 9 ooo 4 11 ooo 4 10 ooo 5 6 ooo 5 7 ooo 5 10 -oo 5 11 -oo 5 9 ooo 5 8 ooo 6 7 oo- 8 9 ooo 10 11 ooo
mp-11775,RbUO3,59,154,156,95,2.610169491525424,0,False,0,1.0,Rb U O O O 0 2 ooo 0 2 oo+ 0 2 +o+ 0 2 +oo 0 3 ++o 0 3 +oo 0 3 ooo 0 3 o+o 0 4 o+o 0 4 oo+ 0 4 o++ 0 4 ooo 1 4 -oo 1 4 ooo 1 3 ooo 1 3 oo- 1 2 o-o 1 2 ooo
mp-23319,RbVCl3,118,309,311,191,2.6186440677966103,0,False,0,1.0,Rb Rb V V Cl Cl Cl Cl Cl Cl 0 6 ooo 0 6 o-o 0 5 +oo 0 5 o-o 0 8 ooo 0 8 +oo 0 9 oo- 0 9 ooo 0 7 ooo 0 7 oo- 0 4 oo- 0 4 ooo 1 7 ooo 1 7 o+o 1 9 -oo 1 9 o+o 1 4 ooo 1 4 -oo 1 5 oo+ 1 5 ooo 1 6 oo+ 1 6 ooo 1 8 oo+ 1 8 ooo 2 8 ooo 2 4 --o 2 6 --o 2 7 ooo 2 5 o-o 2 9 -oo 3 4 --- 3 8 ooo 3 6 --o 3 7 oo- 3 9 -o- 3 5 o-o
mp-1245885,RbZnN,84,235,237,151,2.7976190476190474,0,False,0,1.0,Rb Rb Rb Rb Zn Zn Zn Zn N N N N 0 8 ooo 0 9 ooo 0 11 oo- 0 11 o-- 1 9 ooo 1 8 -oo 1 10 o-o 1 10 ooo 2 10 ooo 2 11 ooo 2 9 o++ 2 9 oo+ 3 11 ooo 3 10 +oo 3 8 o+o 3 8 ooo 4 11 o-o 4 11 ooo 5 10 ooo 5 10 o-o 6 9 ooo 6 9 o+o 7 8 ooo 7 8 o+o
mp-1780696,Re(WO4)2,59,152,154,93,2.5762711864406778,0,False,0,1.0,Re W W O O O O O O O O 0 7 -o- 0 4 ooo 0 5 oo- 0 9 ooo 1 3 +oo 1 10 ooo 1 4 ooo 1 9 +oo 1 5 +oo 1 6 ooo 2 8 o-o 2 6 ooo 2 7 ooo 2 5 ooo 2 9 ooo 2 10 ooo
mp-1104080,Re2Pt(NO2)4,57,148,150,91,2.5964912280701755,0,False,0,1.0,Re Re Pt N N N N O O O O O O O O 0 9 ooo 0 13 ooo 0 7 -oo 0 11 ooo 1 10 ooo 1 14 ooo 1 8 +oo 1 12 ooo 2 3 o-o 2 4 oo- 2 5 ooo 2 6 o-- 5 12 ooo 6 11 ooo
mp-974381,Rh2S3,82,215,217,133,2.6219512195121952,0,False,0,1.0,Rh Rh Rh Rh S S S S S S 0 5 ooo 0 6 ooo 0 4 ooo 0 8 oo- 0 9 +o- 0 7 o-- 1 4 ooo 1 6 +oo 1 5 o-o 1 8 ooo 1 9 +oo 1 7 o-o 2 7 -oo 2 9 ooo 2 8 o+o 2 5 ooo 2 4 -oo 2 6 o+o 3 9 ooo 3 7 ooo 3 8 ooo 3 6 o++ 3 4 -o+ 3 5 oo+
mp-1922,RuSe2,96,267,269,171,2.78125,0,False,0,1.0,Ru Ru Ru Ru Se Se Se Se Se Se Se Se 0 10 -oo 0 7 -oo 0 9 ooo 0 8 ooo 0 6 -oo 0 5 ooo 1 6 ooo 1 8 ooo 1 7 oo- 1 11 ooo 1 9 oo- 1 4 oo- 2 4 ooo 2 7 o-o 2 11 o-o 2 8 ooo 2 5 o-o 2 10 ooo 3 11 --o 3 4 oo- 3 9 o-- 3 6 -oo 3 10 -o- 3 5 o-o 4 11 o-+ 5 10 -+o 6 9 +o- 7 8 ooo
mp-608100,S,54,137,139,83,2.537037037037037,0,False,0,1.0,S S S S S S S S S S S S S S S S S S 0 5 ooo 0 7 ooo 1 4 ooo 2 10 ooo 3 14 ooo 5 7 ooo 6 11 ooo 6 17 ooo 8 12 ooo 9 13 ooo 9 15 ooo 12 16 ooo
mp-1190046,Sb2Au(XeF6)2,65,171,173,106,2.6307692307692307,0,False,0,1.0,Sb Sb Au Xe Xe F F F F F F F F F F F F 0 7 ooo 0 11 ooo 0 13 ooo 0 15 ooo 0 9 ooo 0 5 ooo 1 8 ooo 1 12 ooo 1 14 ooo 1 16 ooo 1 10 ooo 1 6 ooo 2 6 ooo 2 5 --- 2 3 -o- 2 4 o-o
mp-1043381,Sb2O5,86,227,229,141,2.63953488372093,0,False,0,1.0,Sb Sb Sb Sb O O O O O O O O O O 0 4 ooo 0 5 ooo 0 8 ooo 0 6 o-o 0 6 +oo 0 7 ooo 1 9 ooo 1 8 ooo 1 5 ooo 1 7 o+o 1 7 -oo 1 6 ooo 2 9 ooo 2 10 ooo 2 11 oo- 2 12 -oo 2 12 o+o 2 13 oo- 3 4 ooo 3 11 ooo 3 10 oo+ 3 13 o-o 3 13 +oo 3 12 oo+
mp-2695,Sb2Os,42,113,115,71,2.6904761904761907,0,False,0,1.0,Sb Sb Sb Sb Os Os 0 4 ooo 0 5 +o+ 0 5 oo+ 1 4 ooo 1 5 o+o 1 5 ++o 2 5 ooo 2 4 ooo 2 4 -oo 3 5 o++ 3 4 ooo 3 4 -oo
mp-1179704,Sb2Se3,116,339,341,223,2.9224137931034484,0,False,0,1.0,Sb Sb Sb Sb Sb Sb Sb Sb Se Se Se Se Se Se Se Se Se Se Se Se 0 12 ooo 0 19 +oo 0 19 ooo 1 9 ooo 1 18 ooo 1 18 +oo 2 13 ooo 2 14 -oo 2 14 ooo 3 10 ooo 3 16 -oo 3 16 ooo 4 12 ooo 4 11 ooo 4 11 +oo 4 18 ooo 4 18 +oo 5 13 ooo 5 8 -oo 5 8 ooo 5 16 -oo 5 16 ooo 6 10 ooo 6 17 -oo 6 17 ooo 6 14 oo- 6 14 -o- 7 9 ooo 7 15 ooo 7 15 +oo 7 19 +o+ 7 19 oo+
mp-672706,Sb2Se3,92,267,269,175,2.902173913043478,0,False,0,1.0,Sb Sb Sb Sb Sb Sb Sb Sb Se Se Se Se Se Se Se Se Se Se Se Se 0 9 ooo 0 19 o-o 0 19 --o 1 12 ooo 1 18 -oo 1 18 ooo 2 10 ooo 2 14 ++o 2 14 o+o 3 13 ooo 3 16 +oo 3 16 ooo 4 12 ooo 4 11 ooo 4 11 -oo 5 13 ooo 5 8 +oo 5 8 ooo 6 10 ooo 6 17 +oo 6 17 ooo 7 9 ooo 7 15 -oo 7 15 ooo
mp-1219475,Sb2Te2Se,41,110,112,69,2.682926829268293,0,False,0,1.0,Sb Sb Te Te Se 0 2 -oo 0 2 o-o 0 2 oo- 0 3 -o- 0 3 o-- 0 3 --o 1 4 oo+ 1 4 o+o 1 4 +oo 1 3 o-o 1 3 -oo 1 3 oo-
mp-8612,Sb2TeSe2,41,110,112,69,2.682926829268293,0,False,0,1.0,Sb Sb Te Se Se 0 4 o-o 0 4 -oo 0 4 oo- 0 3 -o- 0 3 o-- 0 3 --o 1 3 -oo 1 3 o-o 1 3 oo- 1 2 +oo 1 2 o+o 1 2 oo+
mp-1389909,SbF5,30,76,78,46,2.533333333333333,0,False,0,1.0,Sb F F F F F 0 3 ooo 0 4 --o 0 2 ooo 0 2 o-- 0 1 --- 0 1 -oo 0 5 ooo 0 5 -o-
mp-1102366,SbRhSe,96,267,269,171,2.78125,0,False,0,1.0,Sb Sb Sb Sb Rh Rh Rh Rh Se Se Se Se 0 8 +o- 0 6 ooo 0 7 o-- 0 5 +oo 1 9 o-+ 1 4 ooo 1 7 --o 1 6 oo+ 2 10 -+o 2 5 ooo 2 7 -o- 2 4 o+o 3 11 ooo 3 5 +oo 3 4 o+o 3 6 oo+ 4 10 ooo 4 11 ooo 4 9 o-o 5 8 ooo 5 11 ooo 5 10 -oo 6 9 ooo 6 11 ooo 6 8 oo- 7 10 o+o 7 8 +oo 7 9 oo+
mp-1179558,SbS4N3,32,80,82,48,2.5,0,False,0,1.0,Sb S S S S N N N 0 6 o+o 0 3 oo- 0 2 -+- 1 7 ooo 1 5 ooo 2 4 ooo 3 5 oo+ 4 6 ooo
mp-1179566,SbS4N3,32,80,82,48,2.5,0,False,0,1.0,Sb S S S S N N N 0 6 -oo 0 3 o+o 0 2 -+o 1 7 ooo 1 5 ooo 2 4 oo- 3 5 o-o 4 6 oo+
mp-1104166,Sc2CdSe4,110,301,303,191,2.7363636363636363,0,False,0,1.0,Sc Sc Sc Sc Cd Cd Se Se Se Se Se Se Se Se 0 13 --o 0 9 ooo 0 12 o-o 0 7 o-o 0 11 -oo 0 8 -oo 1 9 ooo 1 13 -o- 1 12 oo- 1 6 oo- 1 10 -oo 1 8 -oo 2 13 o-- 2 9 ooo 2 10 o-o 2 11 oo- 2 7 o-o 2 6 oo- 3 11 -o- 3 7 o-o 3 6 oo- 3 12 o-- 3 8 -oo 3 10 --o 4 7 ooo 4 6 ooo 4 8 ooo 4 9 ooo 5 12 ooo 5 11 ooo 5 10 ooo 5 13 ooo
mp-1096506,Sc2CoRh,16,41,43,25,2.5625,0,False,0,1.0,Sc Sc Co Rh 0 3 ooo 0 2 ooo 1 3 ooo 1 2 o++
mp-1093865,Sc2IrOs,16,41,43,25,2.5625,0,False,0,1.0,Sc Sc Ir Os 0 2 ooo 0 3 ooo 1 2 ooo 1 3 o++
mp-1093801,Sc2OsRh,16,41,43,25,2.5625,0,False,0,1.0,Sc Sc Os Rh 0 3 ooo 0 2 ooo 1 3 o++ 1 2 ooo
mp-15661,Sc4C3,158,427,429,269,2.7025316455696204,0,False,0,1.0,Sc Sc Sc Sc Sc Sc Sc Sc C C C C C C 0 8 ooo 0 9 ooo 0 12 oo- 0 13 ooo 0 10 -o- 0 11 oo- 1 12 ooo 1 13 ooo 1 9 ooo 1 11 +oo 1 8 oo+ 1 10 o+o 2 13 o-o 2 10 ooo 2 12 ooo 2 8 o-o 2 9 ooo 2 11 o-- 3 13 ooo 3 9 -oo 3 11 ooo 3 10 -oo 3 12 ooo 3 8 --o 4 11 o-o 4 8 o-+ 4 9 oo+ 4 10 ooo 4 12 ooo 4 13 o-o 5 12 o+o 5 8 -oo 5 10 -+o 5 11 ooo 5 9 -oo 5 13 ooo 6 11 +o- 6 13 +oo 6 10 oo- 6 9 ooo 6 12 oo- 6 8 ooo 7 8 --o 7 10 -o- 7 11 o-- 7 9 ooo 7 12 ooo 7 13 ooo
mp-776150,ScAgO3,70,181,183,111,2.585714285714286,0,False,0,1.0,Sc Sc Ag Ag O O O O O O 0 8 -o+ 0 8 -oo 0 4 oo+ 0 4 ooo 0 6 ooo 0 7 -oo 1 9 o-+ 1 9 o-o 1 5 oo+ 1 5 ooo 1 7 ooo 1 6 o-o 2 5 ooo 2 4 ooo 2 8 --o 2 9 --o 3 6 oo- 3 6 ooo 3 7 oo- 3 7 ooo
mp-972937,ScAlCO,68,177,179,109,2.6029411764705883,0,False,0,1.0,Sc Sc Al Al C C O O 0 4 -o- 0 4 o-- 0 4 --o 0 5 o-o 0 5 -oo 0 5 oo- 1 6 oo+ 1 6 o+o 1 6 +oo 1 7 oo- 1 7 o-o 1 7 -oo 2 7 ooo 2 5 oo+ 2 5 +oo 2 5 o+o 3 6 ooo 3 4 oo- 3 4 o-o 3 4 -oo
mp-1105046,ScAsO5,74,193,195,119,2.608108108108108,0,False,0,1.0,Sc Sc As As O O O O O O O O O O 0 11 o+o 0 8 ooo 0 7 ooo 0 5 ooo 0 4 oo- 0 12 ooo 1 10 o-o 1 9 ooo 1 6 ooo 1 4 ooo 1 5 oo+ 1 13 ooo 2 10 +oo 2 6 o+o 2 4 ooo 2 8 ooo 3 11 -oo 3 7 o-o 3 5 ooo 3 9 ooo
mp-1097431,ScHgPd2,16,42,44,26,2.625,0,False,0,1.0,Sc Hg Pd Pd 0 2 ooo 0 3 o-- 1 3 ooo 1 2 ooo
mp-1219274,ScNb(NiSn)2,90,240,242,150,2.6666666666666665,0,False,0,1.0,Sc Nb Ni Ni Sn Sn 0 3 oo+ 0 3 o+o 0 3 +oo 0 2 +++ 0 4 +oo 0 4 o+o 0 4 oo+ 0 5 o++ 0 5 +o+ 0 5 ++o 1 3 ooo 1 2 oo+ 1 2 o+o 1 2 +oo 1 4 o-o 1 4 -oo 1 4 oo- 1 5 +oo 1 5 o+o 1 5 oo+ 2 5 ooo 2 4 --o 2 4 o-- 2 4 -o- 3 5 oo+ 3 5 +oo 3 5 o+o 3 4 ooo
mp-1100405,ScTeRh,45,119,121,74,2.6444444444444444,0,False,0,1.0,Sc Te Rh 0 2 o-o 0 2 ooo 0 2 oo- 0 2 -oo 0 1 -o- 0 1 -oo 0 1 o-- 0 1 o-o 0 1 oo- 0 1 --o 1 2 o+o 1 2 ooo 1 2 oo+ 1 2 +oo
mp-165,Si,28,75,77,47,2.6785714285714284,0,False,0,1.0,Si Si Si Si 0 3 +oo 0 3 o-o 0 3 +-o 0 2 ooo 1 2 -o- 1 2 o+- 1 2 -+- 1 3 ooo
mp-999200,Si,28,75,77,47,2.6785714285714284,0,False,0,1.0,Si Si Si Si 0 1 -oo 0 1 ooo 0 2 -+o 0 3 o+- 1 3 +o- 1 2 ooo 2 3 +oo 2 3 ooo
mp-570744,Si3As4,43,116,118,73,2.697674418604651,0,False,0,1.0,Si Si Si As As As As 0 3 -o- 0 4 o-- 0 5 ooo 0 6 --o 1 4 o-o 1 6 o-o 1 3 ooo 1 5 ooo 2 6 -oo 2 5 ooo 2 4 ooo 2 3 -oo
mp-8311,Si3NiP4,56,147,149,91,2.625,0,False,0,1.0,Si Si Si Ni P P P P 0 5 ooo 0 6 -oo 0 7 ooo 0 4 o+o 1 6 ooo 1 5 oo- 1 4 oo- 1 7 ooo 2 4 ooo 2 6 o-o 2 7 ooo 2 5 +oo 3 7 ooo 3 4 -o- 3 5 o-- 3 6 --o
mp-20191,Si3Ru2,200,593,595,393,2.965,0,True,83,0.8600337268128162,Si Si Si Si Si Si Si Si Si Si Si Si Ru Ru Ru Ru Ru Ru Ru Ru 0 16 +oo 0 18 o+o 0 14 ooo 0 12 ++o 0 13 +++ 1 19 +oo 1 17 ooo 1 15 ooo 1 12 +oo 1 13 +oo 2 19 ooo 2 17 o+o 2 15 ooo 2 13 o+o 2 12 o+o 3 18 ooo 3 16 ooo 3 14 ooo 3 13 oo+ 3 12 ooo 4 14 ooo 4 19 ooo 4 12 o+o 4 18 o+o 4 16 ooo 5 14 ooo 5 19 +oo 5 12 +oo 5 18 ooo 5 16 +oo 6 15 ooo 6 18 o+o 6 12 ++o 6 19 +oo 6 17 o+o 7 15 ooo 7 18 ooo 7 12 ooo 7 19 ooo 7 17 ooo 8 15 ooo 8 16 oo- 8 13 ooo 8 17 ooo 8 19 ooo 9 14 ooo 9 17 o++ 9 13 o++ 9 16 ooo 9 18 o+o 10 14 ooo 10 17 oo+ 10 13 +o+ 10 16 +oo 10 18 ooo 11 15 ooo 11 16 +o- 11 13 ++o 11 17 o+o 11 19 +oo
mp-1094056,Si7Ge,56,151,153,95,2.6964285714285716,0,False,0,1.0,Si Si Si Si Si Si Si Ge 0 7 ooo 0 3 ooo 0 2 ooo 0 1 ooo 1 6 ooo 1 4 -oo 1 5 -oo 2 6 oo- 2 4 oo- 2 5 ooo 3 5 o-o 3 6 o-o 3 4 ooo 4 7 +o+ 5 7 ++o 6 7 o++
mp-1208917,SiC2(NF)6,51,129,131,78,2.5294117647058822,0,False,0,1.0,Si C C N N N N N N F F F F F F 0 10 ooo 0 9 o-- 0 12 ooo 0 11 o-- 0 13 o-o 0 14 oo- 1 3 ooo 1 5 ooo 1 8 ooo 2 4 ooo 2 6 ooo 2 7 ooo
mp-1208996,SiC2(NF)6,51,129,131,78,2.5294117647058822,0,False,0,1.0,Si C C N N N N N N F F F F F F 0 9 oo+ 0 10 ooo 0 12 ooo 0 11 ooo 0 14 ooo 0 13 ooo 1 4 ooo 1 3 ooo 1 8 ooo 2 5 o-- 2 7 o-o 2 6 ooo
mp-978534,SiGe,28,75,77,47,2.6785714285714284,0,False,0,1.0,Si Si Ge Ge 0 3 ooo 0 3 --o 0 3 o-o 0 2 ooo 1 2 oo+ 1 2 +++ 1 2 o++ 1 3 ooo
mp-545488,SiO2,60,159,161,99,2.65,0,False,0,1.0,Si Si Si Si O O O O O O O O 0 10 +o+ 0 8 o+o 0 6 oo+ 0 5 +++ 1 7 +oo 1 8 ooo 1 9 ooo 1 11 +oo 2 7 ooo 2 4 o+o 2 9 ooo 2 11 o+o 3 10 ooo 3 4 ooo 3 6 ooo 3 5 ooo
mp-685105,SiO4,69,182,184,113,2.63768115942029,0,False,0,1.0,Si Si Si O O O O O O O O O O O O 0 7 ooo 0 13 ooo 0 5 ooo 0 4 ooo 1 6 ooo 1 10 ooo 1 11 oo- 1 14 oo- 2 7 o+o 2 13 ooo 2 5 ooo 2 3 ooo 2 12 o+o 3 12 o+o 4 11 ooo 4 14 ooo 8 9 ooo 9 10 +oo
mp-1023900,SiS,32,83,85,51,2.59375,0,False,0,1.0,Si Si Si Si S S S S 0 4 ooo 0 5 o+o 1 5 ooo 1 4 ooo 2 7 o+o 2 6 ooo 3 7 ooo 3 6 ooo
mp-1009813,SiSn,14,37,39,23,2.642857142857143,0,False,0,1.0,Si Sn 0 1 -oo 0 1 o-o 0 1 oo- 0 1 ooo
mp-1188682,Sm(ClO2)3,104,283,285,179,2.7211538461538463,0,False,0,1.0,Sm Sm Cl Cl Cl Cl Cl Cl O O O O O O O O O O O O 0 18 ooo 0 16 ooo 0 12 ooo 0 14 ooo 0 15 o-- 0 13 ooo 0 3 ooo 0 5 o-o 1 17 ooo 1 19 ooo 1 13 ooo 1 15 ooo 1 14 o++ 1 12 ooo 1 4 o+o 1 2 ooo 2 11 ooo 3 10 ooo 4 9 ooo 5 8 ooo 6 16 oo+ 6 18 ooo 7 19 ooo 7 17 oo- 8 10 ooo 9 11 ooo 12 13 ooo 14 15 o--
mp-675037,Sm2EuS4,158,429,431,271,2.7151898734177213,0,False,0,1.0,Sm Sm Sm Sm Eu Eu S S S S S S S S 0 8 ooo 0 13 -o+ 0 7 ooo 0 9 o++ 0 10 ooo 0 12 oo+ 0 6 ooo 0 11 -oo 1 7 ooo 1 12 ooo 1 11 ooo 1 13 -oo 1 8 ooo 1 6 ooo 1 9 ooo 1 10 oo- 2 11 ooo 2 6 o-o 2 10 ooo 2 12 o-o 2 7 ooo 2 9 ooo 2 13 oo+ 2 8 o-o 3 10 oo- 3 9 ++o 3 8 oo- 3 6 +oo 3 11 oo- 3 13 ooo 3 12 ooo 3 7 ++o 4 7 +oo 4 10 oo- 4 8 o-- 4 11 ooo 4 12 o-o 4 9 ooo 4 13 ooo 4 6 +oo 5 9 +o+ 5 6 +-o 5 13 oo+ 5 12 o-o 5 8 o-o 5 10 +oo 5 7 +oo 5 11 o-o
mp-15081,Sm2Se3,200,579,581,379,2.895,0,True,69,0.8808290155440415,Sm Sm Sm Sm Sm Sm Sm Sm Se Se Se Se Se Se Se Se Se Se Se Se 0 13 o+o 0 13 -+o 0 18 -oo 0 18 ooo 0 8 -+o 0 8 o+o 0 12 ooo 0 16 o+o 1 12 o-o 1 12 +-o 1 19 ooo 1 19 +oo 1 9 o-o 1 9 +-o 1 13 ooo 1 17 o-o 2 15 +oo 2 15 ooo 2 16 +oo 2 16 ooo 2 10 ooo 2 10 +oo 2 14 oo+ 2 18 ooo 3 14 -oo 3 14 ooo 3 17 ooo 3 17 -oo 3 11 -oo 3 11 ooo 3 15 oo- 3 19 ooo 4 11 -oo 4 11 ooo 4 13 -oo 4 13 ooo 4 16 ooo 4 10 ooo 4 19 ooo 5 10 ooo 5 10 +oo 5 12 ooo 5 12 +oo 5 17 ooo 5 11 ooo 5 18 ooo 6 9 oo+ 6 9 +o+ 6 15 +oo 6 15 ooo 6 18 ooo 6 8 o+o 6 17 oo+ 7 8 -o- 7 8 oo- 7 14 -oo 7 14 ooo 7 19 ooo 7 9 o-o 7 16 oo-
mp-1105248,Sm3Bi4Au3,308,893,895,585,2.8993506493506493,0,True,383,0.5711086226203808,Sm Sm Sm Sm Sm Sm Bi Bi Bi Bi Bi Bi Bi Bi Au Au Au Au Au Au 0 18 ooo 0 16 +oo 0 17 o-o 0 19 oo- 0 13 +oo 0 7 oo- 0 6 ooo 0 12 +oo 0 8 +oo 0 11 +oo 0 10 ooo 0 9 o-- 1 19 o+o 1 17 ooo 1 18 ooo 1 16 ooo 1 10 o+o 1 8 +oo 1 11 ooo 1 9 ooo 1 12 ++o 1 6 ooo 1 13 ooo 1 7 o+o 2 15 o-o 2 14 ooo 2 19 -oo 2 18 oo+ 2 7 ooo 2 8 o-o 2 13 oo+ 2 11 oo+ 2 6 oo+ 2 9 --o 2 10 oo+ 2 12 ooo 3 18 ooo 3 19 ooo 3 15 +oo 3 14 ooo 3 9 ooo 3 6 oo+ 3 12 +oo 3 10 ooo 3 13 ooo 3 8 +oo 3 7 ooo 3 11 +o+ 4 17 -oo 4 15 oo- 4 16 ooo 4 14 o+o 4 8 ooo 4 6 -oo 4 10 o+o 4 13 o+o 4 7 o+o 4 11 ooo 4 12 o+o 4 9 -o- 5 16 ooo 5 15 ooo 5 17 oo+ 5 14 ooo 5 11 oo+ 5 12 ooo 5 9 ooo 5 7 o+o 5 8 ooo 5 13 ooo 5 10 o++ 5 6 oo+ 6 14 oo- 6 17 ooo 6 18 ooo 7 16 o-o 7 19 ooo 7 14 ooo 8 18 -oo 8 15 ooo 8 16 ooo 9 17 oo+ 9 19 o+o 9 15 +oo 10 15 o-- 10 17 o-o 10 18 ooo 11 19 -o- 11 16 ooo 11 15 oo- 12 14 ooo 12 17 --o 12 19 -oo 13 14 ooo 13 16 ooo 13 18 ooo
mp-1247038,Sm3Mg2MoS8,110,297,299,187,2.7,0,False,0,1.0,Sm Sm Sm Mg Mg Mo S S S S S S S S 0 8 ooo 0 10 ooo 0 11 ooo 0 13 ooo 0 9 ooo 0 7 ooo 1 10 oo- 1 8 ooo 1 12 ooo 1 9 ooo 1 11 oo- 1 6 oo- 2 10 -oo 2 8 ooo 2 12 ooo 2 6 -oo 2 7 ooo 2 13 -oo 3 10 o+o 3 13 oo+ 3 11 +oo 3 6 ooo 4 8 o-o 4 7 oo- 4 9 -oo 4 12 ooo 5 7 o+o 5 6 ooo 5 13 ooo 5 12 o+o 5 9 o+o 5 11 ooo
mp-1516316,SmEu2NbO6,118,311,313,193,2.635593220338983,0,False,0,1.0,Sm Eu Eu Nb O O O O O O 0 4 ooo 0 8 ooo 0 5 ooo 0 9 ooo 0 7 ooo 0 6 ooo 1 8 o-o 1 8 -oo 1 5 oo- 1 5 o-o 1 9 ooo 1 9 oo- 1 6 oo- 1 6 -oo 1 4 -oo 1 4 ooo 1 7 o-o 1 7 ooo 2 6 o+o 2 6 ooo 2 8 oo+ 2 8 ooo 2 7 +oo 2 7 oo+ 2 5 +oo 2 5 ooo 2 9 +oo 2 9 o+o 2 4 oo+ 2 4 o+o 3 4 -oo 3 5 o-- 3 7 o-o 3 9 oo- 3 8 --o 3 6 -o-
mp-1208842,SmTeAs,132,367,369,235,2.7803030303030303,0,False,0,1.0,Sm Sm Sm Sm Te Te Te Te As As As As 0 5 -oo 0 5 ooo 0 6 -oo 0 6 ooo 0 11 o+o 0 8 ooo 0 10 -o+ 0 10 oo+ 0 4 oo+ 1 4 ooo 1 4 +oo 1 7 ooo 1 7 +oo 1 10 o-o 1 9 ooo 1 11 oo- 1 11 +o- 1 5 oo- 2 7 ++o 2 7 o+o 2 4 ooo 2 4 +oo 2 9 ooo 2 10 ooo 2 8 ooo 2 8 +oo 2 6 ooo 3 6 --o 3 6 o-o 3 5 ooo 3 5 -oo 3 8 ooo 3 11 ooo 3 9 -oo 3 9 ooo 3 7 ooo 8 9 ooo 8 9 -oo 10 11 o+- 10 11 ++-
mp-1218979,SmZnAgP2,47,124,126,77,2.6382978723404253,0,False,0,1.0,Sm Zn Ag P P 0 4 o+o 0 4 ooo 0 4 ++o 0 3 o+- 0 3 -o- 0 3 oo- 1 3 -oo 1 3 ooo 1 3 --o 1 4 ooo 2 4 +oo 2 4 ++o 2 4 ooo 2 3 ooo
mp-38605,Sn(BiTe2)2,61,164,166,103,2.6885245901639343,0,False,0,1.0,Sn Bi Bi Te Te Te Te 0 4 --o 0 4 -o- 0 4 o-- 0 5 oo- 0 5 -oo 0 5 o-o 1 3 oo- 1 3 o-o 1 3 -oo 1 5 oo+ 1 5 o+o 1 5 +oo 2 6 oo+ 2 6 o+o 2 6 +oo 2 4 oo- 2 4 o-o 2 4 -oo
mp-1246266,Sn(PbN)4,114,325,327,211,2.8508771929824563,0,False,0,1.0,Sn Sn Pb Pb Pb Pb Pb Pb Pb Pb N N N N N N N N 0 12 ooo 0 14 ooo 0 17 o+o 0 10 +oo 1 13 ooo 1 15 ooo 1 16 o-o 1 11 -oo 2 16 ooo 2 11 ooo 2 12 oo- 3 17 ooo 3 10 ooo 3 13 oo+ 4 15 oo+ 4 13 +o+ 4 12 o-o 5 14 oo- 5 12 -o- 5 13 o+o 6 10 +oo 6 14 ooo 6 11 ooo 7 11 -oo 7 15 ooo 7 10 ooo 8 14 ooo 8 16 ooo 8 17 o+o 9 15 ooo 9 17 ooo 9 16 o-o
mp-1219030,Sn4GeTe4Se,100,269,271,169,2.69,0,False,0,1.0,Sn Sn Sn Sn Ge Te Te Te Te Se 0 9 o-o 0 9 -oo 0 9 oo- 0 5 +oo 0 5 o+o 0 5 oo+ 1 5 +o+ 1 5 o++ 1 5 ++o 1 6 +oo 1 6 o+o 1 6 oo+ 2 6 -oo 2 6 o-o 2 6 oo- 2 7 -o- 2 7 o-- 2 7 --o 3 7 o-o 3 7 -oo 3 7 oo- 3 8 +oo 3 8 o+o 3 8 oo+ 4 8 o-o 4 8 -oo 4 8 oo- 4 9 o-- 4 9 -o- 4 9 --o
mp-1219009,Sn4Te5Pb,100,269,271,169,2.69,0,False,0,1.0,Sn Sn Sn Sn Te Te Te Te Te Pb 0 6 -oo 0 6 --- 0 6 oo+ 0 6 o-o 0 7 ooo 0 5 ooo 1 7 +++ 1 7 oo- 1 7 o+o 1 7 +oo 1 6 ooo 1 8 ooo 2 8 oo+ 2 8 -oo 2 8 o-o 2 8 --- 2 4 ooo 2 7 ooo 3 4 o+o 3 4 +++ 3 4 oo- 3 4 +oo 3 8 ooo 3 5 ooo 4 9 ooo 5 9 +oo 5 9 oo- 5 9 o+o 5 9 +++ 6 9 ++o
mp-1101917,SnBi4Te7,102,281,283,179,2.7549019607843137,0,False,0,1.0,Sn Bi Bi Bi Bi Te Te Te Te Te Te Te 0 6 -o- 0 6 oo- 0 6 --- 0 7 o-o 0 7 ooo 0 7 --o 1 9 +oo 1 9 ooo 1 9 ++o 1 7 o-o 1 7 +oo 1 7 ooo 2 8 o+o 2 8 ++o 2 8 ooo 2 6 -oo 2 6 o+o 2 6 ooo 3 11 +oo 3 11 o-o 3 11 ooo 3 5 +oo 3 5 ++o 3 5 ooo 4 10 o+o 4 10 -oo 4 10 ooo 4 5 o+o 4 5 ++o 4 5 ooo
mp-1209071,SnC2(NF)6,51,129,131,78,2.5294117647058822,0,False,0,1.0,Sn C C N N N N N N F F F F F F 0 9 oo+ 0 10 ooo 0 14 ooo 0 13 ooo 0 12 ooo 0 11 ooo 1 8 ooo 1 4 ooo 1 3 ooo 2 5 o-- 2 6 ooo 2 7 o-o
mp-1195050,SnIr2Se5,112,315,317,203,2.8125,0,False,0,1.0,Sn Sn Ir Ir Ir Ir Se Se Se Se Se Se Se Se Se Se 0 14 ooo 0 14 +oo 0 13 o-o 0 5 ooo 1 15 ooo 1 15 +oo 1 12 o+o 1 4 ooo 2 11 -oo 2 11 ooo 2 6 o-o 2 9 ooo 2 12 -oo 2 12 ooo 3 10 -oo 3 10 ooo 3 7 o+o 3 8 ooo 3 13 -oo 3 13 ooo 4 10 oo- 4 6 +oo 4 6 ooo 4 9 ooo 4 9 +oo 5 11 oo+ 5 7 +oo 5 7 ooo 5 8 +oo 5 8 ooo 6 7 o+- 10 11 oo+
mp-2097,SnO,28,73,75,45,2.607142857142857,0,False,0,1.0,Sn Sn O O 0 2 ooo 0 2 +oo 0 3 o+o 0 3 ooo 1 3 oo+ 1 3 -o+ 1 2 o-+ 1 2 oo+
mp-1047381,SnO2,84,227,229,143,2.7023809523809526,0,False,0,1.0,Sn Sn Sn Sn O O O O O O O O 0 8 ooo 0 7 -oo 0 7 o+o 0 6 oo- 0 10 o+o 0 10 -oo 1 9 ooo 1 6 o-o 1 6 +oo 1 7 oo+ 1 10 o-+ 1 10 +o+ 2 8 ooo 2 4 -oo 2 4 o+o 2 5 ooo 2 11 o+o 2 11 -oo 3 9 ooo 3 5 o-o 3 5 +oo 3 4 ooo 3 11 +oo 3 11 o-o
mp-562610,SnO2,96,258,260,162,2.6875,0,False,0,1.0,Sn Sn Sn Sn O O O O O O O O 0 7 o-o 0 8 oo+ 0 11 -oo 0 11 ooo 0 9 ooo 0 5 -o+ 0 5 oo+ 1 5 o+o 1 11 oo- 1 8 ooo 1 8 +oo 1 10 ooo 1 7 +o- 1 7 oo- 2 10 ooo 2 4 o-o 2 6 +oo 2 6 ooo 2 5 ooo 2 9 +oo 2 9 ooo 3 9 ooo 3 6 o+o 3 4 -oo 3 4 ooo 3 7 ooo 3 10 -oo 3 10 ooo
mp-559676,SnS,34,89,91,55,2.6176470588235294,0,False,0,1.0,Sn Sn S S 0 2 ooo 0 3 +-o 0 3 +oo 0 3 ooo 0 3 o-o 1 3 ooo 1 2 -+o 1 2 -oo 1 2 ooo 1 2 o+o
mp-628773,SnSe,28,75,77,47,2.6785714285714284,0,False,0,1.0,Sn Sn Se Se 0 2 -oo 0 2 o+o 0 3 oo- 0 3 ooo 1 3 +oo 1 3 o-o 1 2 ooo 1 2 oo+
mp-1218924,SnTe2Pb,40,107,109,67,2.675,0,False,0,1.0,Sn Te Te Pb 0 2 oo- 0 2 o-o 0 2 -oo 0 1 oo+ 0 1 o+o 0 1 +oo 1 3 oo+ 1 3 +oo 1 3 o+o 2 3 ++o 2 3 +o+ 2 3 o++
mp-1218925,SnTe4Pb3,80,215,217,135,2.6875,0,False,0,1.0,Sn Te Te Te Te Pb Pb Pb 0 1 ooo 0 3 oo- 0 2 ooo 0 2 o-o 0 2 --o 0 2 -oo 1 7 -oo 1 7 --o 1 7 o-o 1 7 ooo 1 6 ooo 2 7 ooo 2 5 oo- 3 5 -oo 3 5 o-o 3 5 --o 3 5 ooo 3 6 ooo 4 6 ooo 4 6 +oo 4 6 o+o 4 6 ++o 4 7 ooo 4 5 ooo
mp-1056418,Sr,4,10,12,6,2.5,0,False,0,1.0,Sr 0 0 +oo
mp-6987,Sr(GaTe2)2,110,305,307,195,2.772727272727273,0,False,0,1.0,Sr Sr Ga Ga Ga Ga Te Te Te Te Te Te Te Te 0 7 ooo 0 6 ooo 0 8 ooo 0 9 ooo 0 12 ooo 0 12 o+o 0 13 +oo 0 13 ooo 1 7 oo+ 1 6 oo+ 1 9 ooo 1 8 ooo 1 10 o+o 1 10 ooo 1 11 ooo 1 11 +oo 2 9 ooo 2 8 -oo 2 12 o+o 2 10 o+o 3 8 ooo 3 9 +oo 3 10 ooo 3 12 ooo 4 6 ooo 4 7 o+o 4 13 ooo 4 11 oo- 5 7 ooo 5 6 o-o 5 11 +o- 5 13 +oo
mp-1205860,Sr(InAs)2,88,237,239,149,2.6931818181818183,0,False,0,1.0,Sr Sr In In In In As As As As 0 9 --o 0 9 ooo 0 9 -oo 0 8 oo- 0 8 o-- 0 8 --- 1 7 --o 1 7 o-o 1 7 ooo 1 6 ooo 1 6 -oo 1 6 --o 2 8 +oo 2 8 o-o 2 8 ooo 2 5 ooo 3 9 -oo 3 9 o+o 3 9 ooo 3 4 ooo 4 6 -oo 4 6 o+o 4 6 ooo 5 7 +oo 5 7 o-o 5 7 ooo
mp-1069695,Sr(MgBi)2,47,126,128,79,2.6808510638297873,0,False,0,1.0,Sr Mg Mg Bi Bi 0 3 -o- 0 3 --- 0 3 oo- 0 4 o-o 0 4 --o 0 4 ooo 1 4 +oo 1 4 o-o 1 4 ooo 1 3 ooo 2 3 o+o 2 3 -oo 2 3 ooo 2 4 ooo
mp-15074,Sr(PIr)2,186,514,516,328,2.763440860215054,0,True,4,0.9922178988326849,Sr Sr Sr P P P P P P Ir Ir Ir Ir Ir Ir 0 5 oo+ 0 3 -oo 0 7 o+o 0 8 -oo 0 4 ooo 0 6 -o+ 0 14 ooo 0 11 -o+ 0 13 o+o 0 9 -oo 0 10 o++ 1 6 ooo 1 8 ooo 1 3 -oo 1 4 o-o 1 5 ooo 1 7 ooo 1 9 ooo 1 12 ooo 1 13 ooo 1 14 ooo 1 10 ooo 2 7 oo- 2 4 o-o 2 5 +oo 2 6 o-o 2 3 ooo 2 8 o-- 2 10 ooo 2 12 +oo 2 11 o-o 2 9 o-o 2 14 +o- 3 12 +oo 3 13 ooo 3 9 o-o 3 14 +oo 4 13 o+o 4 12 ooo 4 9 -oo 4 10 o+o 5 12 ooo 5 11 ooo 5 10 ooo 5 14 oo- 6 11 ooo 6 12 +oo 6 10 ++o 6 9 ooo 7 13 ooo 7 11 oo+ 7 14 ooo 7 10 oo+ 8 11 oo+ 8 13 o+o 8 14 ++o 8 9 ooo
mp-1246346,Sr(ZnN)2,141,395,397,254,2.801418439716312,0,False,0,1.0,Sr Sr Sr Zn Zn Zn Zn Zn Zn N N N N N N 0 13 ooo 0 14 -oo 0 10 -oo 0 11 ooo 0 12 -oo 0 9 o-o 1 14 -oo 1 13 ooo 1 12 ooo 1 9 -oo 1 10 ooo 1 11 -+o 2 13 oo- 2 14 -oo 2 9 -o- 2 11 ooo 2 12 ooo 2 10 -o- 3 9 ooo 3 13 o+o 3 11 o++ 3 10 +oo 4 10 ooo 4 13 ooo 4 12 oo+ 4 9 +-o 5 11 ooo 5 14 o-o 5 9 o-- 5 12 -oo 6 12 ooo 6 14 ooo 6 10 oo- 6 11 -+o 7 10 ooo 7 9 ooo 7 14 ooo 7 13 -+o 8 12 ooo 8 11 ooo 8 13 ooo 8 14 +-o
mp-1246713,Sr(ZnN)2,142,377,379,235,2.6549295774647885,0,False,0,1.0,Sr Sr Zn Zn Zn Zn N N N N 0 9 o-- 0 9 --o 0 7 -oo 0 7 o-- 0 8 ooo 0 8 -oo 0 6 -oo 0 6 o-o 0 5 o-o 0 5 --o 0 3 -oo 0 3 o-o 0 4 oo- 0 4 -oo 0 2 -oo 0 2 o-- 1 8 -o+ 1 8 ooo 1 6 o-o 1 6 -o+ 1 9 --o 1 9 o-o 1 7 o-o 1 7 -oo 1 4 -oo 1 4 ooo 1 2 o-o 1 2 -oo 1 5 --+ 1 5 o-o 1 3 o-o 1 3 -o+ 2 7 ooo 2 9 ooo 2 8 +oo 3 6 ooo 3 8 ooo 3 9 -oo 4 9 o-o 4 7 ooo 4 6 -o+ 5 8 o+o 5 6 ooo 5 7 +o-
mp-1095891,Sr2AgSb,16,43,45,27,2.6875,0,False,0,1.0,Sr Sr Ag Sb 0 3 ooo 0 2 ooo 1 3 ooo 1 2 o++
mp-867193,Sr2BiAu,52,139,141,87,2.673076923076923,0,False,0,1.0,Sr Sr Bi Au 0 3 o-o 0 3 ooo 0 3 oo- 0 3 -oo 0 2 +oo 0 2 ooo 0 2 oo+ 0 2 o+o 1 3 o+o 1 3 oo+ 1 3 ooo 1 3 +oo 1 2 +++ 1 2 ++o 1 2 +o+ 1 2 o++
mp-1520339,Sr2CaCrO6,118,311,313,193,2.635593220338983,0,False,0,1.0,Sr Sr Ca Cr O O O O O O 0 6 oo- 0 6 -oo 0 5 oo- 0 5 o-o 0 9 oo- 0 9 ooo 0 7 ooo 0 7 o-o 0 8 o-o 0 8 -oo 0 4 ooo 0 4 -oo 1 5 +oo 1 5 ooo 1 6 o+o 1 6 ooo 1 7 oo+ 1 7 +oo 1 9 o+o 1 9 +oo 1 4 oo+ 1 4 o+o 1 8 ooo 1 8 oo+ 2 6 -o- 2 4 -oo 2 7 o-o 2 9 oo- 2 5 o-- 2 8 --o 3 4 ooo 3 7 ooo 3 9 ooo 3 8 ooo 3 6 ooo 3 5 ooo
mp-1147608,Sr2Co(CO)2,70,184,186,114,2.6285714285714286,0,False,0,1.0,Sr Sr Co C C O O 0 5 ooo 0 5 +oo 0 6 o+o 0 6 ooo 0 3 +oo 0 3 ooo 0 3 o+o 0 3 ++o 1 6 ooo 1 6 o+o 1 5 +oo 1 5 ooo 1 4 ++o 1 4 ooo 1 4 +oo 1 4 o+o 2 5 ooo 2 5 o-o 2 6 ooo 2 6 -oo 3 4 oo+
mp-18805,Sr2CoMoO6,118,311,313,193,2.635593220338983,0,False,0,1.0,Sr Sr Co Mo O O O O O O 0 5 ++o 0 5 oo- 0 7 ooo 0 7 ++o 0 6 oo- 0 6 o+o 0 9 o+o 0 9 ooo 0 8 oo- 0 8 ooo 0 4 +oo 0 4 ooo 1 5 ooo 1 5 o+o 1 7 o++ 1 7 ooo 1 6 o+o 1 6 -oo 1 9 -oo 1 9 o++ 1 4 oo+ 1 4 ooo 1 8 ooo 1 8 -oo 2 4 ooo 2 8 --- 2 7 ooo 2 5 oo- 2 9 -oo 2 6 -o- 3 8 ooo 3 4 o-o 3 6 ooo 3 9 ooo 3 5 ooo 3 7 ooo
mp-560723,Sr2CoMoO6,118,311,313,193,2.635593220338983,0,False,0,1.0,Sr Sr Co Mo O O O O O O 0 7 -oo 0 7 oo+ 0 4 o++ 0 4 ooo 0 6 ooo 0 6 -oo 0 9 o++ 0 9 -oo 0 8 ooo 0 8 oo+ 0 5 ooo 0 5 o+o 1 7 o-o 1 7 oo+ 1 4 +o+ 1 4 ooo 1 6 ooo 1 6 o-o 1 8 +o+ 1 8 o-o 1 9 ooo 1 9 oo+ 1 5 +oo 1 5 ooo 2 6 --- 2 5 ooo 2 8 o-o 2 9 -oo 2 4 ooo 2 7 --o 3 9 ooo 3 8 ooo 3 5 oo- 3 6 ooo 3 7 ooo 3 4 ooo
mp-1147648,Sr2CoSeO2,66,175,177,109,2.6515151515151514,0,False,0,1.0,Sr Sr Co Se O O 0 5 ooo 0 5 o+o 0 4 ooo 0 4 +oo 0 3 o++ 0 3 oo+ 0 3 +o+ 0 3 +++ 1 5 ooo 1 5 o+o 1 4 +oo 1 4 ooo 1 3 +oo 1 3 ++o 1 3 o+o 1 3 ooo 2 5 ooo 2 5 -oo 2 4 ooo 2 4 o-o
mp-19207,Sr2CoWO6,236,669,671,433,2.8347457627118646,0,True,159,0.7623318385650224,Sr Sr Sr Sr Co Co W W O O O O O O O O O O O O 0 11 --o 0 11 -oo 0 12 -oo 0 17 -oo 0 8 ooo 0 8 -oo 0 15 ooo 0 18 ooo 0 19 oo- 0 14 o-o 0 16 --o 0 13 -o- 1 10 o-o 1 10 ooo 1 13 ooo 1 16 ooo 1 9 ooo 1 9 +oo 1 14 ooo 1 19 ooo 1 18 ooo 1 15 o-+ 1 17 o-+ 1 12 ooo 2 9 ++o 2 9 +oo 2 14 +oo 2 19 +oo 2 10 ooo 2 10 +oo 2 13 ooo 2 16 ooo 2 17 oo+ 2 12 o+o 2 18 ++o 2 15 +o+ 3 8 o+o 3 8 ooo 3 15 ooo 3 18 ooo 3 11 ooo 3 11 -oo 3 12 ooo 3 17 ooo 3 16 ooo 3 13 o+- 3 19 o+- 3 14 ooo 4 8 ooo 4 10 oo- 4 17 ooo 4 19 oo- 4 15 ooo 4 13 oo- 5 9 ooo 5 11 -oo 5 16 -oo 5 18 ooo 5 14 ooo 5 12 -oo 6 18 ooo 6 16 o-o 6 12 ooo 6 14 o-o 6 8 ooo 6 10 o-o 7 19 oo- 7 17 --o 7 13 -o- 7 15 o-o 7 9 oo- 7 11 --o
mp-542018,Sr2Fe2O5,186,523,525,337,2.8118279569892475,0,True,13,0.9751434034416826,Sr Sr Sr Sr Fe Fe Fe Fe O O O O O O O O O O 0 16 ooo 0 14 ooo 0 14 -o- 0 11 -oo 0 9 -oo 0 12 o++ 0 12 ooo 0 8 oo+ 0 10 ooo 1 17 ooo 1 15 ooo 1 15 +o+ 1 10 +oo 1 13 ooo 1 13 o-- 1 8 +o+ 1 11 ooo 1 9 ooo 2 17 ooo 2 12 ooo 2 12 +o+ 2 9 o-o 2 14 ooo 2 14 o-- 2 11 oo+ 2 8 o-o 2 10 ooo 3 16 ooo 3 13 ooo 3 13 -o- 3 8 ooo 3 10 o+o 3 15 o++ 3 15 ooo 3 11 o++ 3 9 ooo 4 10 o++ 4 11 -++ 4 8 oo+ 4 9 -oo 4 13 -oo 4 12 o++ 5 9 oo+ 5 8 oo+ 5 11 oo+ 5 10 ooo 5 14 ooo 5 15 oo+ 6 17 -oo 6 15 oo+ 6 12 oo+ 6 16 oo+ 7 16 +oo 7 14 oo- 7 13 oo- 7 17 o+o
mp-1205525,Sr2FeBiO6,118,311,313,193,2.635593220338983,0,False,0,1.0,Sr Sr Fe Bi O O O O O O 0 4 oo+ 0 4 ooo 0 6 o+o 0 6 ooo 0 8 +oo 0 8 ooo 0 7 +oo 0 7 oo+ 0 9 o+o 0 9 oo+ 0 5 o+o 0 5 +oo 1 9 ooo 1 9 -oo 1 7 ooo 1 7 o-o 1 5 ooo 1 5 oo- 1 8 oo- 1 8 o-o 1 4 o-o 1 4 -oo 1 6 -oo 1 6 oo- 2 8 ooo 2 4 ooo 2 6 ooo 2 9 ooo 2 7 ooo 2 5 ooo 3 7 o-o 3 5 oo- 3 9 -oo 3 8 o-- 3 4 --o 3 6 -o-
mp-1218844,Sr2FeCu(PbO3)2,108,293,295,185,2.712962962962963,0,False,0,1.0,Sr Sr Fe Cu Pb Pb O O O O O O 0 10 ooo 0 9 ooo 0 9 -oo 0 8 ooo 0 8 o-o 0 6 --o 0 6 o-o 0 6 -oo 0 6 ooo 1 11 ooo 1 9 -+o 1 9 o+o 1 8 ooo 1 8 o+o 1 7 o+o 1 7 -+o 1 7 -oo 1 7 ooo 2 8 ooo 2 8 +oo 2 9 o+o 2 9 ooo 2 7 ooo 2 6 ooo 3 10 ooo 3 11 o-- 4 6 ooo 4 10 +oo 4 10 ooo 5 7 ooo 5 11 +oo 5 11 ooo
mp-2576,Sr2Ge,96,273,275,177,2.84375,0,False,0,1.0,Sr Sr Sr Sr Sr Sr Sr Sr Ge Ge Ge Ge 0 9 ooo 0 10 +o+ 0 10 oo+ 0 11 ooo 1 8 ooo 1 11 oo- 1 11 -o- 1 10 ooo 2 11 ooo 2 8 ooo 2 8 +oo 2 9 o+o 3 10 ooo 3 9 ooo 3 9 -oo 3 8 o-o 4 10 oo+ 4 11 o-o 4 11 --o 5 11 oo- 5 10 o+o 5 10 ++o 6 8 ooo 6 9 ooo 6 9 -oo 7 9 ooo 7 8 +oo 7 8 ooo
mp-1279561,Sr2HfFeO6,236,671,673,435,2.843220338983051,0,True,161,0.7600596125186289,Sr Sr Sr Sr Hf Hf Fe Fe O O O O O O O O O O O O 0 11 o-o 0 10 ooo 0 16 +oo 0 16 oo- 0 14 +oo 0 14 ooo 0 8 oo- 0 8 ooo 0 12 ooo 0 18 ooo 0 13 o-o 0 19 o-o 1 18 ooo 1 12 oo+ 1 19 -o+ 1 17 -oo 1 17 oo+ 1 15 -oo 1 15 ooo 1 13 -oo 1 9 oo+ 1 9 ooo 1 11 oo+ 1 10 -oo 2 17 ooo 2 15 oo- 2 16 +o- 2 18 +oo 2 18 oo- 2 12 +oo 2 12 ooo 2 14 +oo 2 10 oo- 2 10 ooo 2 8 oo- 2 9 +oo 3 8 o+o 3 9 ooo 3 19 -oo 3 19 oo+ 3 13 -oo 3 13 ooo 3 11 oo+ 3 11 ooo 3 15 ooo 3 17 ooo 3 14 o+o 3 16 o+o 4 8 ooo 4 18 ooo 4 12 oo+ 4 14 ooo 4 16 ooo 4 10 -oo 5 11 ooo 5 17 ooo 5 15 oo- 5 13 ooo 5 19 ooo 5 9 +oo 6 9 ooo 6 10 ooo 6 15 ooo 6 12 ooo 6 17 ooo 6 18 ooo 7 14 +o+ 7 13 o-o 7 16 +oo 7 19 o-+ 7 8 ooo 7 11 +-+
mp-1105283,Sr2InOsO6,188,533,535,345,2.8351063829787235,0,True,23,0.9568480300187617,Sr Sr Sr Sr In In Os Os O O O O O O O O O O O O 0 11 --o 0 17 o-o 0 14 o-o 0 8 ooo 0 13 ooo 0 18 ooo 0 19 oo+ 0 12 -oo 1 10 -oo 1 16 ooo 1 15 ooo 1 9 ooo 1 12 ooo 1 19 ooo 1 18 ooo 1 13 -o- 2 9 ++o 2 19 o+o 2 12 o+o 2 10 ooo 2 15 ooo 2 16 ooo 2 17 oo- 2 14 +oo 3 8 +oo 3 18 ooo 3 13 ooo 3 11 ooo 3 14 ooo 3 17 ooo 3 16 ooo 3 15 +o+ 4 10 -oo 4 8 ooo 4 14 ooo 4 12 -oo 4 16 -oo 4 18 ooo 5 11 --- 5 9 ooo 5 13 -o- 5 15 o-o 5 19 ooo 5 17 --- 6 9 ooo 6 11 o-o 6 12 ooo 6 14 o-o 6 18 ooo 6 16 o-o 7 8 oo- 7 10 ooo 7 15 ooo 7 13 oo- 7 17 oo- 7 19 ooo
mp-1205776,Sr2InOsO6,118,311,313,193,2.635593220338983,0,False,0,1.0,Sr Sr In Os O O O O O O 0 6 o+o 0 6 ooo 0 8 +oo 0 8 ooo 0 7 +oo 0 7 oo+ 0 5 +oo 0 5 o+o 0 4 oo+ 0 4 ooo 0 9 o+o 0 9 oo+ 1 7 ooo 1 7 o-o 1 6 oo- 1 6 -oo 1 5 ooo 1 5 oo- 1 4 o-o 1 4 -oo 1 9 -oo 1 9 ooo 1 8 o-o 1 8 oo- 2 8 ooo 2 4 ooo 2 6 ooo 2 7 ooo 2 5 ooo 2 9 ooo 3 5 oo- 3 4 --o 3 7 o-o 3 9 -oo 3 6 -o- 3 8 o--
mp-1093736,Sr2MgCd,16,43,45,27,2.6875,0,False,0,1.0,Sr Sr Mg Cd 0 3 o++ 0 2 +++ 1 3 ooo 1 2 ooo
mp-1095841,Sr2MgHg,16,43,45,27,2.6875,0,False,0,1.0,Sr Sr Mg Hg 0 3 oo+ 0 2 +o+ 1 3 o+o 1 2 o+o
mp-2227802,Sr2MgTiO4,71,187,189,116,2.6338028169014085,0,False,0,1.0,Sr Sr Mg Ti O O O O 0 4 ooo 0 5 ooo 0 5 o+o 0 5 +oo 0 5 ++o 0 7 o-o 0 7 ooo 0 6 -oo 0 6 ooo 1 5 ooo 1 4 --o 1 4 -oo 1 4 o-o 2 4 --o 2 7 o-+ 2 6 -o+ 3 6 ooo 3 6 o+o 3 7 ooo 3 7 +oo 3 5 ++o
mp-2217069,Sr2MgVO4,68,178,180,110,2.6176470588235294,0,False,0,1.0,Sr Sr Mg V O O O O 0 4 ooo 0 5 ooo 0 5 o+o 0 5 +oo 0 5 ++o 1 5 ooo 1 4 --o 1 4 o-o 1 4 -oo 1 4 ooo 2 5 ooo 2 7 -oo 2 7 ooo 2 6 o-o 2 6 ooo 3 6 oo+ 3 6 +o+ 3 7 oo+ 3 7 o++ 3 4 ooo
mp-2223652,Sr2MgZrVO6,113,302,304,189,2.672566371681416,0,False,0,1.0,Sr Sr Mg Zr V O O O O O O 0 6 ++o 0 5 +oo 0 10 +oo 0 9 ++o 0 8 o+o 0 8 ooo 0 7 oo- 0 7 ooo 0 2 ooo 1 5 o-o 1 6 ooo 1 9 ooo 1 10 o-o 1 7 o-o 1 7 ooo 1 8 oo+ 1 8 ooo 1 2 +o+ 2 9 ooo 2 10 oo- 2 5 ooo 2 6 oo- 3 10 ooo 3 9 ooo 3 5 ooo 3 6 ooo 3 7 ooo 3 8 -oo 4 9 ooo 4 10 o-- 4 6 oo- 4 5 o-o 4 8 ooo 4 7 ---
mp-1246333,Sr2PbN2,164,475,477,311,2.8963414634146343,0,False,0,1.0,Sr Sr Sr Sr Sr Sr Sr Sr Pb Pb Pb Pb N N N N N N N N 0 19 ooo 0 18 oo+ 0 15 +-o 0 15 -oo 0 12 ooo 1 18 ooo 1 19 oo- 1 14 -+o 1 14 +oo 1 13 ooo 2 17 o-o 2 16 ooo 2 13 -oo 2 13 +-o 2 14 ooo 3 16 o+o 3 17 ooo 3 12 +oo 3 12 -+o 3 15 ooo 4 14 oo+ 4 18 oo+ 4 19 -oo 4 19 +-o 4 15 o-o 5 15 oo- 5 19 oo- 5 18 +oo 5 18 -+o 5 14 o+o 6 12 ooo 6 16 ooo 6 17 +-o 6 17 -oo 6 13 ooo 7 13 ooo 7 17 ooo 7 16 -+o 7 16 +oo 7 12 ooo 8 16 ooo 8 12 ooo 9 17 ooo 9 13 ooo 10 18 ooo 10 14 ooo 11 19 ooo 11 15 ooo
mp-675618,Sr2RuO6,138,383,385,245,2.7753623188405796,0,False,0,1.0,Sr Sr Sr Sr Ru Ru O O O O O O O O O O O O 0 10 +oo 0 13 oo+ 0 11 ooo 0 9 o-+ 0 7 ooo 0 17 ooo 0 15 ooo 1 8 ooo 1 15 ooo 1 6 +oo 1 7 o-o 1 9 ooo 1 12 ooo 1 13 ooo 2 15 ooo 2 8 ooo 2 17 -oo 2 16 o+o 2 14 ooo 2 11 ooo 2 10 ooo 3 13 -oo 3 10 oo- 3 12 ooo 3 14 o+- 3 16 ooo 3 6 ooo 3 8 ooo 4 7 --o 4 16 ooo 4 6 ooo 4 17 --o 5 9 o-o 5 14 oo- 5 12 o-o 5 11 oo- 6 8 ooo 10 11 ooo 12 13 ooo 15 17 ooo
mp-1106,Sr2Si,96,273,275,177,2.84375,0,False,0,1.0,Sr Sr Sr Sr Sr Sr Sr Sr Si Si Si Si 0 9 oo- 0 8 ++o 0 8 o+o 1 8 oo+ 1 9 --o 1 9 o-o 2 11 ooo 2 10 ooo 2 10 +oo 3 10 ooo 3 11 -oo 3 11 ooo 4 10 ooo 4 9 oo- 4 9 -o- 4 8 ooo 5 11 ooo 5 8 +o+ 5 8 oo+ 5 9 ooo 6 8 ooo 6 11 ooo 6 11 -oo 6 10 o-o 7 9 ooo 7 10 +oo 7 10 ooo 7 11 o+o
mp-1282190,Sr2VMoO6,236,669,671,433,2.8347457627118646,0,True,159,0.7623318385650224,Sr Sr Sr Sr V V Mo Mo O O O O O O O O O O O O 0 14 o+- 0 15 oo- 0 12 o+o 0 13 ooo 0 8 o+o 0 8 ooo 0 9 -oo 0 9 ooo 0 19 ooo 0 18 o+o 0 17 -oo 0 16 ooo 1 14 +o- 1 15 oo- 1 13 +oo 1 12 ooo 1 8 ooo 1 8 +oo 1 9 ooo 1 9 o-o 1 19 ooo 1 18 +oo 1 16 o-o 1 17 ooo 2 15 -oo 2 14 ooo 2 12 -o+ 2 13 oo+ 2 11 ooo 2 11 -oo 2 10 ooo 2 10 o+o 2 18 o+o 2 19 ooo 2 16 ooo 2 17 -oo 3 15 o-o 3 14 ooo 3 12 oo+ 3 13 o-+ 3 11 o-o 3 11 ooo 3 10 ooo 3 10 +oo 3 18 +oo 3 19 ooo 3 17 ooo 3 16 o-o 4 11 ooo 4 8 oo+ 4 15 ooo 4 14 ooo 4 13 oo+ 4 12 oo+ 5 13 o-+ 5 12 -o+ 5 10 ooo 5 9 --+ 5 14 ooo 5 15 --o 6 18 ooo 6 19 ooo 6 8 ooo 6 10 ooo 6 17 -oo 6 16 o-o 7 17 ooo 7 16 ooo 7 19 ooo 7 18 ++o 7 11 ooo 7 9 ooo
mp-1096564,Sr2ZnCd,16,43,45,27,2.6875,0,False,0,1.0,Sr Sr Zn Cd 0 3 ooo 0 2 +o+ 1 3 ooo 1 2 ooo
mp-18924,Sr3(FeO3)2,119,320,322,201,2.689075630252101,0,False,0,1.0,Sr Sr Sr Fe Fe O O O O O O 0 5 ooo 0 6 ++o 0 6 o+o 0 6 +oo 0 6 ooo 0 9 ooo 0 9 +oo 0 10 ooo 0 10 o+o 1 6 ooo 1 5 -oo 1 5 --o 1 5 o-o 1 5 ooo 1 8 ooo 1 8 o-o 1 7 ooo 1 7 -oo 2 7 -o- 2 7 oo- 2 8 o-- 2 8 oo- 2 9 +oo 2 9 ooo 2 10 o+o 2 10 ooo 3 5 ooo 3 8 +oo 3 8 ooo 3 7 o+o 3 7 ooo 4 6 ooo 4 10 -oo 4 10 ooo 4 9 o-o 4 9 ooo
mp-1246311,Sr3AlN3,122,335,337,213,2.7459016393442623,0,False,0,1.0,Sr Sr Sr Sr Sr Sr Al Al N N N N N N 0 12 +oo 0 8 oo- 0 8 ooo 0 13 ooo 0 11 +oo 1 13 o-o 1 9 ooo 1 9 oo- 1 11 +oo 1 12 o-o 2 11 ooo 2 10 oo- 2 10 ooo 2 12 o-o 2 13 ooo 3 9 -oo 3 11 oo+ 3 11 ooo 3 10 ooo 3 8 -oo 4 10 o+o 4 12 ooo 4 12 oo+ 4 8 -oo 4 9 o+o 5 8 ooo 5 13 oo+ 5 13 ooo 5 9 o+o 5 10 ooo 6 9 ooo 6 10 ooo 6 8 ooo 7 12 ooo 7 13 ooo 7 11 ooo
mp-1013555,Sr3AsN,59,157,159,98,2.6610169491525424,0,False,0,1.0,Sr Sr Sr As N 0 4 ooo 0 4 -oo 0 3 o+o 0 3 ooo 0 3 oo+ 0 3 o++ 1 4 o-o 1 4 ooo 1 3 ooo 1 3 +o+ 1 3 +oo 1 3 oo+ 2 4 oo- 2 4 ooo 2 3 +oo 2 3 ooo 2 3 o+o 2 3 ++o
mp-1029665,Sr3BN3,122,333,335,211,2.7295081967213113,0,False,0,1.0,Sr Sr Sr Sr Sr Sr B B N N N N N N 0 12 +oo 0 11 +oo 0 8 oo- 0 8 ooo 0 13 ooo 1 13 o-o 1 12 o-o 1 9 oo- 1 9 ooo 1 11 +oo 2 11 ooo 2 13 ooo 2 10 oo- 2 10 ooo 2 12 o-o 3 9 -oo 3 8 -oo 3 11 ooo 3 11 oo+ 3 10 ooo 4 10 o+o 4 9 o+o 4 12 oo+ 4 12 ooo 4 8 -oo 5 8 ooo 5 10 ooo 5 13 oo+ 5 13 ooo 5 9 o+o 6 9 ooo 6 8 ooo 6 10 ooo 7 12 ooo 7 11 ooo 7 13 ooo
mp-1048428,Sr3Cr2Cu2S2O5,152,414,416,262,2.723684210526316,0,False,0,1.0,Sr Sr Sr Cr Cr Cu Cu S S O O O O O 0 9 +oo 0 9 ooo 0 9 o+o 0 9 ++o 0 10 oo+ 0 10 -o+ 0 11 oo+ 0 11 o-+ 0 13 ooo 0 13 o+o 0 12 ooo 0 12 +oo 1 10 -oo 1 10 ooo 1 11 o-o 1 11 ooo 1 7 ooo 1 7 -oo 1 7 o-o 1 7 --o 2 12 +oo 2 12 ooo 2 13 o+o 2 13 ooo 2 8 ooo 2 8 +oo 2 8 o+o 2 8 ++o 3 9 ooo 3 13 -oo 3 13 ooo 3 12 o-o 3 12 ooo 4 9 ++- 4 11 +oo 4 11 ooo 4 10 o+o 4 10 ooo 5 7 ooo 5 7 -oo 5 8 ooo 5 8 o+o 6 7 ooo 6 7 o-o 6 8 ooo 6 8 +oo
mp-30950,Sr3GeO,188,551,553,363,2.9308510638297873,0,True,41,0.925589836660617,Sr Sr Sr Sr Sr Sr Sr Sr Sr Sr Sr Sr Ge Ge Ge Ge O O O O 0 17 o+o 0 19 ooo 0 12 -oo 0 13 ooo 0 15 o+- 1 16 +oo 1 18 o+o 1 12 ooo 1 13 ooo 1 14 ooo 2 19 oo+ 2 17 oo+ 2 13 oo+ 2 14 ooo 2 15 ooo 3 18 ooo 3 16 +oo 3 12 o-o 3 14 ooo 3 15 +oo 4 18 o+o 4 16 ooo 4 12 -oo 4 13 ooo 4 15 o+o 5 19 +oo 5 17 o+o 5 12 ooo 5 13 ooo 5 14 oo- 6 16 ooo 6 18 ooo 6 13 ooo 6 14 ooo 6 15 ooo 7 17 oo+ 7 19 +o+ 7 12 o-+ 7 14 ooo 7 15 +oo 8 18 ooo 8 17 ooo 8 12 o-o 8 13 ooo 9 16 ooo 9 19 ooo 9 12 --o 9 13 ooo 10 19 +o+ 10 16 +oo 10 14 ooo 10 15 ++o 11 17 o++ 11 18 o+o 11 14 ooo 11 15 o+o
mp-1245417,Sr3InN3,122,335,337,213,2.7459016393442623,0,False,0,1.0,Sr Sr Sr Sr Sr Sr In In N N N N N N 0 13 ooo 0 12 +oo 0 8 oo- 0 8 ooo 0 11 +oo 1 11 +oo 1 13 o-o 1 9 oo- 1 9 ooo 1 12 o-o 2 12 o-o 2 11 ooo 2 10 oo- 2 10 ooo 2 13 ooo 3 10 ooo 3 9 -oo 3 11 oo+ 3 11 ooo 3 8 -oo 4 8 -oo 4 10 o+o 4 12 oo+ 4 12 ooo 4 9 o+o 5 9 o+o 5 8 ooo 5 13 oo+ 5 13 ooo 5 10 ooo 6 9 ooo 6 10 ooo 6 8 ooo 7 12 ooo 7 13 ooo 7 11 ooo
mp-2228145,Sr3MgMn2O7,97,261,263,164,2.6907216494845363,0,False,0,1.0,Sr Sr Sr Mg Mn Mn O O O O O O O 0 8 ooo 0 8 +oo 0 6 oo- 0 6 -o- 0 3 o+o 0 3 ooo 1 12 ooo 1 6 -oo 1 6 ooo 2 10 ooo 2 8 +oo 2 8 ooo 3 11 ooo 3 11 +oo 3 7 o-- 3 9 ooo 4 12 ooo 4 9 ooo 4 9 -oo 4 11 ooo 4 8 ooo 4 8 o-o 5 10 ooo 5 7 ooo 5 7 +oo 5 11 +++ 5 6 ooo 5 6 o+o
mp-1013588,Sr3SbP,59,157,159,98,2.6610169491525424,0,False,0,1.0,Sr Sr Sr Sb P 0 4 ooo 0 4 -oo 0 3 o+o 0 3 ooo 0 3 o++ 0 3 oo+ 1 4 o-o 1 4 ooo 1 3 +oo 1 3 +o+ 1 3 ooo 1 3 oo+ 2 4 oo- 2 4 ooo 2 3 +oo 2 3 ++o 2 3 o+o 2 3 ooo
mp-30949,Sr3SiO,188,551,553,363,2.9308510638297873,0,True,41,0.925589836660617,Sr Sr Sr Sr Sr Sr Sr Sr Sr Sr Sr Sr Si Si Si Si O O O O 0 19 ooo 0 17 o+o 0 12 -oo 0 13 ooo 0 15 o+- 1 18 o+o 1 16 +oo 1 12 ooo 1 13 ooo 1 14 ooo 2 17 oo+ 2 19 oo+ 2 13 oo+ 2 14 ooo 2 15 ooo 3 16 +oo 3 18 ooo 3 12 o-o 3 14 ooo 3 15 +oo 4 16 ooo 4 18 o+o 4 12 -oo 4 13 ooo 4 15 o+o 5 17 o+o 5 19 +oo 5 12 ooo 5 13 ooo 5 14 oo- 6 18 ooo 6 16 ooo 6 13 ooo 6 14 ooo 6 15 ooo 7 19 +o+ 7 17 oo+ 7 12 o-+ 7 14 ooo 7 15 +oo 8 18 ooo 8 17 ooo 8 12 o-o 8 13 ooo 9 19 ooo 9 16 ooo 9 12 --o 9 13 ooo 10 16 +oo 10 19 +o+ 10 14 ooo 10 15 ++o 11 18 o+o 11 17 o++ 11 14 ooo 11 15 o+o
mp-1246302,Sr3VN3,122,333,335,211,2.7295081967213113,0,False,0,1.0,Sr Sr Sr Sr Sr Sr V V N N N N N N 0 12 +oo 0 8 oo- 0 8 ooo 0 13 ooo 0 11 +oo 1 13 o-o 1 9 ooo 1 9 oo- 1 11 +oo 1 12 o-o 2 11 ooo 2 10 ooo 2 10 oo- 2 12 o-o 2 13 ooo 3 9 -oo 3 11 oo+ 3 11 ooo 3 10 ooo 3 8 -oo 4 10 o+o 4 12 oo+ 4 12 ooo 4 8 -oo 4 9 o+o 5 8 ooo 5 13 oo+ 5 13 ooo 5 9 o+o 5 10 ooo 6 8 ooo 6 10 ooo 6 9 ooo 7 11 ooo 7 13 ooo 7 12 ooo
mp-1247263,Sr3Y2N4,150,427,429,277,2.8466666666666667,0,False,0,1.0,Sr Sr Sr Sr Sr Sr Y Y Y Y N N N N N N N N 0 16 ooo 0 11 -oo 0 14 o+- 0 10 ooo 1 17 ooo 1 10 +oo 1 15 ooo 1 11 ooo 2 14 ooo 2 13 +oo 2 16 o-+ 2 12 ooo 3 15 ooo 3 12 -oo 3 17 ooo 3 13 ooo 4 11 -o+ 4 10 ooo 4 14 -oo 4 15 ooo 4 17 -oo 4 16 oo+ 5 13 oo- 5 12 -oo 5 16 ooo 5 17 -oo 5 15 ooo 5 14 -o- 6 12 ooo 6 17 ooo 6 14 ooo 6 10 o-o 7 13 ooo 7 16 oo+ 7 15 ooo 7 11 oo+ 8 10 ooo 8 15 ooo 8 16 ooo 8 12 o+o 9 11 ooo 9 14 oo- 9 17 ooo 9 13 oo-
mp-1233378,Sr4CaMn2(GaO5)2,157,445,447,288,2.8343949044585988,0,False,0,1.0,Sr Sr Sr Sr Ca Mn Mn Ga Ga O O O O O O O O O O 0 10 ooo 0 15 o+o 0 17 ooo 0 12 -oo 0 11 -o+ 0 13 -oo 1 11 ooo 1 16 o-o 1 18 ooo 1 9 +oo 1 10 +o- 1 14 +oo 2 15 +oo 2 16 o-o 2 18 ooo 2 12 o-o 2 13 o-o 3 16 -oo 3 15 o+o 3 17 ooo 3 9 o+o 3 14 o+o 4 9 ooo 4 12 o-- 4 11 ooo 4 10 o-- 4 13 oo- 4 14 o-o 5 12 oo- 5 9 ooo 5 11 ooo 5 10 oo- 5 13 oo- 5 14 ooo 6 9 ooo 6 12 --- 6 11 -oo 6 10 o-- 7 16 ooo 7 13 ooo 7 18 ooo 7 17 ooo 8 15 ooo 8 14 ooo 8 17 ooo 8 18 ooo
mp-1235032,Sr4LiMn2(GaO5)2,169,479,481,310,2.834319526627219,0,False,0,1.0,Sr Sr Sr Sr Li Mn Mn Ga Ga O O O O O O O O O O 0 17 ooo 0 12 -oo 0 9 oo+ 0 15 o+o 0 15 ooo 0 10 ooo 0 13 -oo 0 13 ooo 0 11 -oo 1 18 ooo 1 14 ooo 1 11 oo- 1 16 o-o 1 12 oo- 1 9 +oo 2 18 ooo 2 15 +oo 2 11 ooo 2 13 o-o 2 10 o-o 2 12 o-o 3 17 ooo 3 14 o+o 3 16 -oo 3 10 oo- 3 11 o+- 3 9 o+o 4 14 ooo 4 10 oo- 4 9 ooo 4 5 oo- 5 13 ooo 5 11 ooo 5 12 ooo 5 9 oo+ 5 10 ooo 6 10 ooo 6 11 -+o 6 12 -oo 6 9 o++ 6 15 o+o 6 16 -o+ 7 16 ooo 7 13 ooo 7 18 ooo 7 17 ooo 8 15 ooo 8 14 ooo 8 17 ooo 8 18 ooo
mp-1236134,Sr4LiMn2Ga2O11,185,528,530,343,2.854054054054054,0,True,18,0.9659090909090909,Sr Sr Sr Sr Li Mn Mn Ga Ga O O O O O O O O O O O 0 10 -oo 0 14 -oo 0 19 ooo 0 17 -oo 0 18 -o+ 0 15 ooo 0 9 ooo 0 16 ooo 1 14 ooo 1 17 ooo 1 16 ooo 1 13 ooo 1 10 o-o 1 9 ooo 1 19 ooo 2 15 ooo 2 16 ooo 2 11 ooo 2 18 ooo 2 12 -oo 2 17 o+- 3 19 +o- 3 13 ooo 3 18 ooo 3 11 +oo 3 15 +-o 3 12 ooo 3 12 o-o 3 14 ooo 3 16 ooo 4 10 ooo 4 9 o+o 4 19 ooo 4 16 ooo 4 13 o+o 5 11 ooo 5 13 ooo 5 14 -oo 5 9 ooo 5 15 o-o 6 10 ooo 6 16 ooo 6 13 o+o 6 15 +oo 6 14 ooo 6 12 ooo 7 17 oo- 7 19 oo- 7 11 ooo 7 18 ooo 7 10 oo- 8 17 o+o 8 18 oo+ 8 12 oo+ 8 9 ++o
mp-2228325,Sr4Mg(Co2O5)2,172,490,492,318,2.8488372093023258,0,False,0,1.0,Sr Sr Sr Sr Mg Co Co Co Co O O O O O O O O O O 0 11 ooo 0 9 ooo 0 14 ooo 0 15 +oo 0 15 ooo 0 16 o-o 0 18 o-o 1 12 ooo 1 11 ooo 1 18 +o+ 1 16 oo+ 1 10 +oo 1 14 +o+ 1 13 ooo 2 14 ooo 2 17 ooo 2 16 -oo 2 18 ooo 2 15 ooo 2 9 -oo 2 9 ooo 3 10 ooo 3 18 oo+ 3 14 o++ 3 12 -oo 3 16 oo+ 3 17 ooo 3 13 o+o 4 12 o-o 4 13 ooo 4 11 ooo 4 17 o-o 5 9 ooo 5 17 +oo 5 12 ooo 5 11 o+o 6 15 +oo 6 13 oo- 6 14 +oo 6 16 o-o 6 18 +-o 6 12 o-- 7 15 ooo 7 10 ooo 7 17 o-o 7 11 ooo 8 18 ooo 8 13 oo- 8 9 ooo 8 16 ooo 8 14 ooo
mp-2228633,Sr4MgFe2(ClO3)2,183,506,508,323,2.7650273224043715,0,False,0,1.0,Sr Sr Sr Sr Mg Fe Fe Cl Cl O O O O O O 0 12 -oo 0 12 ooo 0 9 ooo 0 9 o-o 0 7 o-o 0 7 -oo 0 7 ooo 0 7 --o 0 8 ooo 1 9 ooo 1 9 o-o 1 12 -oo 1 12 ooo 1 10 oo- 1 14 -oo 1 14 o-o 1 14 --o 1 14 ooo 1 4 o-- 1 4 oo- 2 11 ooo 2 11 +oo 2 13 ooo 2 13 o+o 2 14 oo+ 2 10 +oo 2 10 o+o 2 10 ooo 2 10 ++o 2 4 ooo 2 4 +oo 3 13 o+o 3 13 ooo 3 11 +oo 3 11 ooo 3 8 o+o 3 8 +oo 3 8 ++o 3 8 ooo 3 7 ooo 4 10 o+o 4 10 ooo 4 14 oo+ 4 14 -o+ 5 12 ooo 5 12 o+o 5 9 ooo 5 9 +oo 5 14 ooo 5 7 ooo 6 11 ooo 6 11 o-o 6 13 -oo 6 13 ooo 6 10 ooo 6 8 ooo
mp-2230058,Sr4MgFe4O11,218,623,625,405,2.8577981651376145,0,True,113,0.8186195826645265,Sr Sr Sr Sr Mg Fe Fe Fe Fe O O O O O O O O O O O 0 17 +oo 0 14 ooo 0 12 ooo 0 9 +oo 0 15 +oo 0 18 +oo 0 18 ooo 0 4 +oo 1 17 +oo 1 9 +-o 1 15 +o+ 1 12 oo+ 1 14 o-o 1 19 ooo 1 19 +oo 1 11 ooo 1 13 ooo 1 10 +oo 1 16 +oo 2 14 o-o 2 12 oo+ 2 9 o-o 2 15 oo+ 2 16 o-o 2 10 oo+ 2 11 o-o 2 13 oo+ 2 19 ooo 3 19 ooo 3 18 ooo 3 17 ooo 3 17 +oo 3 14 ooo 3 12 ooo 3 15 ooo 3 9 ooo 3 16 ooo 3 10 ooo 3 13 ooo 3 11 ooo 4 16 oo- 4 10 o+o 4 11 -o- 4 13 -+o 5 18 ooo 5 19 o+o 5 14 ooo 5 9 ooo 5 10 o+o 5 13 o+o 6 18 ooo 6 19 oo- 6 12 ooo 6 15 ooo 6 16 oo- 6 11 oo- 7 17 +oo 7 15 +oo 7 12 ooo 7 13 ooo 7 10 +oo 8 17 +oo 8 9 +oo 8 14 ooo 8 11 ooo 8 16 +oo
mp-1233760,Sr4MgMn2(GaO5)2,160,454,456,294,2.8375,0,False,0,1.0,Sr Sr Sr Sr Mg Mn Mn Ga Ga O O O O O O O O O O 0 9 ooo 0 11 -o+ 0 10 oo+ 0 15 o+o 0 13 -oo 0 12 -oo 1 10 +oo 1 11 ooo 1 16 o-o 1 14 +oo 1 18 ooo 1 9 +o- 2 9 ooo 2 12 o-o 2 11 oo+ 2 10 o-+ 2 13 ooo 2 15 ooo 2 18 ooo 3 17 ooo 3 16 -oo 3 14 o+o 3 10 ooo 3 11 o+o 3 9 o+- 4 18 o+o 4 13 ooo 4 12 ooo 4 15 ++o 5 9 oo- 5 12 oo- 5 14 ooo 5 11 ooo 5 10 ooo 6 9 ++- 6 12 oo- 6 16 ooo 6 10 +oo 6 11 o+o 7 13 ooo 7 16 ooo 7 17 ooo 7 18 ooo 8 15 ooo 8 14 ooo 8 17 ooo 8 18 ooo
mp-2228330,Sr4MgMn4O10,169,481,483,312,2.8461538461538463,0,False,0,1.0,Sr Sr Sr Sr Mg Mn Mn Mn Mn O O O O O O O O O O 0 15 ooo 0 17 ooo 0 13 ooo 0 11 oo- 0 9 oo- 0 10 o-- 0 12 o-o 1 18 ooo 1 10 ooo 1 9 o+o 1 16 ooo 1 11 o+o 1 14 -oo 1 14 ooo 2 10 oo- 2 15 ooo 2 13 ooo 2 9 oo- 2 18 ooo 2 12 -oo 2 11 -o- 3 17 ooo 3 14 ooo 3 16 ooo 3 11 ooo 3 9 +oo 3 10 +oo 4 15 ooo 4 17 o+o 4 12 ooo 4 18 +oo 5 14 --- 5 13 ooo 5 12 --o 5 9 oo- 5 11 -o- 5 10 o-- 6 11 ooo 6 10 ooo 6 16 ooo 6 12 oo+ 6 9 ooo 7 16 ooo 7 13 ooo 7 18 o-o 7 17 -oo 8 14 ooo 8 18 ooo 8 15 ooo 8 17 o+o
mp-2228427,Sr4MgMn4O10,169,481,483,312,2.8461538461538463,0,False,0,1.0,Sr Sr Sr Sr Mg Mn Mn Mn Mn O O O O O O O O O O 0 17 ooo 0 13 ooo 0 11 ooo 0 12 o-o 0 15 ooo 0 10 o-- 1 12 oo+ 1 11 o++ 1 14 ooo 1 18 ooo 1 10 ooo 1 16 ooo 1 9 o+o 2 11 -oo 2 18 ooo 2 12 -oo 2 13 o+o 2 10 oo- 2 15 ooo 3 14 ooo 3 17 ooo 3 16 ooo 3 10 +oo 3 12 oo+ 3 11 oo+ 3 9 +oo 4 17 -oo 4 18 o-o 4 14 --o 4 9 ooo 4 16 ooo 5 11 -oo 5 10 o-- 5 9 oo- 5 13 ooo 5 12 --o 6 9 ooo 6 12 oo+ 6 15 oo+ 6 16 ooo 6 10 ooo 6 11 oo+ 7 13 ooo 7 18 ooo 7 16 ooo 7 17 -oo 8 15 ooo 8 14 ooo 8 18 ooo 8 17 o+o
mp-1218334,Sr5Ca3Si4,120,341,343,221,2.841666666666667,0,False,0,1.0,Sr Sr Sr Sr Sr Ca Ca Ca Si Si Si Si 0 8 oo+ 0 10 ooo 0 10 +oo 0 11 +oo 0 11 ooo 1 9 ooo 1 11 o+o 1 11 ++o 1 10 ooo 1 10 +oo 2 10 oo- 2 8 -oo 2 8 ooo 2 9 ooo 2 9 -oo 3 11 ooo 3 9 o-o 3 9 --o 3 8 ooo 3 8 -oo 4 11 ooo 4 11 +oo 4 8 ooo 4 9 ooo 5 10 oo- 5 10 +o- 5 8 o+o 5 9 ooo 6 10 ooo 6 9 -oo 6 9 ooo 6 11 ooo 7 8 -o+ 7 8 oo+ 7 11 ooo 7 10 o-o
mp-1247333,Sr9(CrN4)2,151,436,438,285,2.8874172185430464,0,False,0,1.0,Sr Sr Sr Sr Sr Sr Sr Sr Sr Cr Cr N N N N N N N N 0 17 ooo 0 18 -oo 1 17 o+o 1 17 ooo 1 13 ooo 1 11 ooo 1 12 -++ 2 18 o-o 2 18 ooo 2 14 ooo 2 12 ooo 2 11 +-- 3 18 ooo 3 14 o+o 3 14 ooo 3 13 ooo 3 15 ooo 4 17 ooo 4 13 o-o 4 13 ooo 4 14 ooo 4 16 ooo 5 17 +oo 5 12 oo+ 5 12 o++ 5 18 oo+ 6 18 -oo 6 11 oo- 6 11 o-- 6 17 oo- 7 15 o-o 7 15 ooo 7 12 oo+ 7 16 oo+ 8 16 o+o 8 16 ooo 8 11 oo- 8 15 oo- 9 13 ooo 9 11 ooo 9 15 ooo 10 14 ooo 10 12 ooo 10 16 ooo
mp-1189840,SrBO3,152,423,425,271,2.7828947368421053,0,False,0,1.0,Sr Sr Sr Sr B B B B O O O O O O O O O O O O 0 11 ooo 0 13 -oo 0 12 ooo 0 10 -oo 0 16 ooo 0 8 o-o 0 14 o-o 0 17 o-- 1 12 ooo 1 10 -oo 1 13 -o+ 1 11 oo+ 1 17 o-o 1 15 ooo 1 9 ooo 1 16 ooo 2 9 +oo 2 15 ooo 2 14 +oo 2 8 ooo 2 18 ooo 2 12 o+o 2 10 o+o 2 19 o++ 3 14 +oo 3 8 ooo 3 9 +o- 3 15 oo- 3 19 o+o 3 11 ooo 3 13 ooo 3 18 ooo 4 8 ooo 4 14 ooo 4 16 ooo 5 15 ooo 5 9 ooo 5 17 ooo 6 12 ooo 6 10 ooo 6 18 ooo 7 13 ooo 7 11 ooo 7 19 ooo
mp-29164,SrBiO3,188,531,533,343,2.824468085106383,0,True,21,0.96045197740113,Sr Sr Sr Sr Bi Bi Bi Bi O O O O O O O O O O O O 0 16 +oo 0 9 ooo 0 12 ooo 0 17 +oo 0 8 ooo 0 13 ooo 0 14 +o- 0 11 +oo 1 17 o-o 1 8 o-o 1 13 o-o 1 16 ooo 1 9 ooo 1 12 ooo 1 15 ooo 1 10 oo- 2 18 -oo 2 11 ooo 2 14 ooo 2 19 -oo 2 10 ooo 2 15 ooo 2 12 -o+ 2 9 -oo 3 19 o+o 3 10 o+o 3 15 o+o 3 18 ooo 3 11 ooo 3 14 ooo 3 13 ooo 3 8 oo+ 4 14 o-- 4 12 -oo 4 17 o-o 4 19 -o- 4 8 --o 4 10 oo- 5 15 ooo 5 13 ooo 5 18 ooo 5 16 ooo 5 9 ooo 5 11 ooo 6 13 --o 6 15 ooo 6 19 -oo 6 17 o-o 6 9 -oo 6 11 o-o 7 14 oo- 7 12 ooo 7 16 ooo 7 18 oo- 7 10 oo- 7 8 ooo
mp-1189014,SrBr2O,148,403,405,255,2.722972972972973,0,False,0,1.0,Sr Sr Sr Sr Br Br Br Br Br Br Br Br O O O O 0 15 -oo 0 15 ooo 0 9 o-o 0 5 oo+ 0 4 ooo 0 7 --o 0 7 o-o 0 10 ooo 0 10 -oo 1 14 ooo 1 14 -oo 1 8 ooo 1 4 ooo 1 5 ooo 1 6 ooo 1 6 -oo 1 11 ooo 1 11 -oo 2 13 ooo 2 13 +oo 2 11 o+o 2 7 oo- 2 6 ooo 2 5 o+o 2 5 ++o 2 8 ooo 2 8 +oo 3 12 ooo 3 12 +oo 3 10 ooo 3 6 ooo 3 7 ooo 3 4 ooo 3 4 +oo 3 9 ooo 3 9 +oo 4 12 ooo 5 13 o-o 6 14 ooo 7 15 o+o 8 13 ooo 9 12 ooo 10 15 ooo 11 14 ooo
mp-1179222,SrBrO5,86,227,229,141,2.63953488372093,0,False,0,1.0,Sr Sr Br Br O O O O O O O O O O 0 9 ooo 0 9 -oo 0 11 ooo 0 7 --o 0 5 o-o 0 8 o-o 0 6 ooo 0 10 --- 1 8 ooo 1 8 +oo 1 10 ooo 1 6 ++o 1 4 o+o 1 9 o+o 1 7 ooo 1 11 +++ 2 8 ooo 3 9 ooo 4 6 ooo 4 12 oo+ 5 7 ooo 5 13 oo- 10 13 ooo 11 12 ooo
mp-1246052,SrCa5N4,140,411,413,271,2.9357142857142855,0,False,0,1.0,Sr Sr Ca Ca Ca Ca Ca Ca Ca Ca Ca Ca N N N N N N N N 0 13 ooo 0 12 o-o 0 19 +oo 0 18 ooo 1 15 ooo 1 14 o+o 1 16 ooo 1 17 -oo 2 13 oo- 2 18 ooo 2 16 ooo 3 13 oo- 3 19 +oo 3 17 ooo 4 12 oo- 4 18 o+o 4 16 ooo 5 12 oo- 5 19 ++o 5 17 ooo 6 15 oo+ 6 16 ooo 6 18 ooo 7 15 oo+ 7 17 -oo 7 19 ooo 8 14 oo+ 8 16 o-o 8 18 ooo 9 14 oo+ 9 17 --o 9 19 ooo 10 13 ooo 10 12 ooo 10 16 ooo 10 17 ooo 11 15 ooo 11 14 ooo 11 18 ooo 11 19 ooo
mp-1097195,SrCaCd2,16,43,45,27,2.6875,0,False,0,1.0,Sr Ca Cd Cd 0 3 ooo 0 2 ooo 1 2 ooo 1 3 -o-
mp-1520073,SrCaFeBiO6,118,311,313,193,2.635593220338983,0,False,0,1.0,Sr Ca Fe Bi O O O O O O 0 9 oo- 0 9 ooo 0 4 -oo 0 4 ooo 0 8 o-o 0 8 -oo 0 5 oo- 0 5 o-o 0 6 oo- 0 6 -oo 0 7 o-o 0 7 ooo 1 8 oo+ 1 8 ooo 1 5 +oo 1 5 ooo 1 9 +oo 1 9 o+o 1 6 o+o 1 6 ooo 1 7 +oo 1 7 oo+ 1 4 o+o 1 4 oo+ 2 4 ooo 2 5 ooo 2 9 ooo 2 7 ooo 2 6 ooo 2 8 ooo 3 8 --o 3 6 -o- 3 5 o-- 3 7 o-o 3 9 oo- 3 4 -oo
mp-12418,SrCaGe,120,341,343,221,2.841666666666667,0,False,0,1.0,Sr Sr Sr Sr Ca Ca Ca Ca Ge Ge Ge Ge 0 10 oo+ 0 8 -oo 0 8 ooo 0 11 ooo 0 11 -oo 1 9 ooo 1 11 o-o 1 11 --o 1 8 ooo 1 8 -oo 2 11 ooo 2 9 ++o 2 9 o+o 2 10 ooo 2 10 +oo 3 8 oo- 3 10 ooo 3 10 +oo 3 9 ooo 3 9 +oo 4 10 oo+ 4 10 +o+ 4 11 ooo 4 8 o+o 5 8 oo- 5 8 -o- 5 9 ooo 5 10 o-o 6 9 ooo 6 9 +oo 6 8 ooo 6 11 ooo 7 11 ooo 7 11 -oo 7 10 ooo 7 9 ooo
mp-7084,SrCaSi,120,341,343,221,2.841666666666667,0,False,0,1.0,Sr Sr Sr Sr Ca Ca Ca Ca Si Si Si Si 0 8 oo+ 0 10 -oo 0 10 ooo 0 11 -oo 0 11 ooo 1 9 ooo 1 11 o-o 1 11 --o 1 10 -oo 1 10 ooo 2 11 ooo 2 9 o+o 2 9 ++o 2 8 ooo 2 8 +oo 3 10 oo- 3 8 +oo 3 8 ooo 3 9 ooo 3 9 +oo 4 9 +oo 4 9 ooo 4 10 ooo 4 11 ooo 5 10 oo- 5 10 -o- 5 9 ooo 5 8 o-o 6 8 oo+ 6 8 +o+ 6 11 ooo 6 10 o+o 7 11 -oo 7 11 ooo 7 8 ooo 7 9 ooo
mp-962057,SrCaSi,27,72,74,45,2.6666666666666665,0,False,0,1.0,Sr Ca Si 0 2 oo+ 0 2 +oo 0 2 o+o 0 2 ooo 0 1 +++ 0 1 ++o 0 1 o++ 0 1 +o+
mp-1097624,SrCaZn2,16,43,45,27,2.6875,0,False,0,1.0,Sr Ca Zn Zn 0 3 ooo 0 2 ooo 1 2 ooo 1 3 -o-
mp-1218320,SrCeN2,40,105,107,65,2.625,0,False,0,1.0,Sr Ce N N 0 2 oo- 0 2 ooo 0 3 ooo 0 3 -oo 0 3 --o 0 3 o-o 1 3 ooo 1 3 oo+ 1 2 ooo 1 2 o+o 1 2 +oo 1 2 ++o
mp-17119,SrCu3(SnO3)4,164,463,465,299,2.823170731707317,0,False,0,1.0,Sr Cu Cu Cu Sn Sn Sn Sn O O O O O O O O O O O O 0 17 --- 0 11 ooo 0 8 oo- 0 19 o-o 0 18 o-- 0 10 --- 0 16 ooo 0 13 -oo 0 9 --o 0 15 --- 0 14 -o- 0 12 ooo 1 18 ooo 1 12 ooo 1 15 -oo 1 13 -oo 2 9 ooo 2 10 oo- 2 8 oo- 2 16 ooo 3 17 o-o 3 19 o-o 3 14 ooo 3 11 ooo 4 11 ooo 4 17 ooo 4 16 ooo 4 15 ooo 4 12 ooo 4 10 ooo 5 18 o-- 5 13 ooo 5 8 oo- 5 17 o-- 5 11 ooo 5 9 o-o 6 10 -o- 6 13 -oo 6 14 -o- 6 19 ooo 6 18 oo- 6 16 ooo 7 8 ooo 7 12 ooo 7 15 --o 7 19 o-o 7 9 --o 7 14 -oo
mp-1518315,SrEuDyNbO6,118,311,313,193,2.635593220338983,0,False,0,1.0,Sr Eu Dy Nb O O O O O O 0 7 o-o 0 7 ooo 0 5 oo- 0 5 o-o 0 4 -oo 0 4 ooo 0 6 oo- 0 6 -oo 0 8 o-o 0 8 -oo 0 9 oo- 0 9 ooo 1 8 ooo 1 8 oo+ 1 6 ooo 1 6 o+o 1 5 ooo 1 5 +oo 1 4 oo+ 1 4 o+o 1 7 oo+ 1 7 +oo 1 9 +oo 1 9 o+o 2 6 -o- 2 9 oo- 2 8 --o 2 4 -oo 2 7 o-o 2 5 o-- 3 4 ooo 3 7 ooo 3 9 ooo 3 6 ooo 3 8 ooo 3 5 ooo
mp-1518060,SrEuGdSbO6,118,311,313,193,2.635593220338983,0,False,0,1.0,Sr Eu Gd Sb O O O O O O 0 4 ooo 0 4 -oo 0 7 ooo 0 7 o-o 0 9 ooo 0 9 oo- 0 8 -oo 0 8 o-o 0 5 o-o 0 5 oo- 0 6 -oo 0 6 oo- 1 6 o+o 1 6 ooo 1 5 +oo 1 5 ooo 1 8 oo+ 1 8 ooo 1 7 +oo 1 7 oo+ 1 4 oo+ 1 4 o+o 1 9 +oo 1 9 o+o 2 4 -oo 2 9 oo- 2 7 o-o 2 5 o-- 2 8 --o 2 6 -o- 3 6 ooo 3 8 ooo 3 5 ooo 3 4 ooo 3 9 ooo 3 7 ooo
mp-1518253,SrEuHfSnO6,118,311,313,193,2.635593220338983,0,False,0,1.0,Sr Eu Hf Sn O O O O O O 0 5 +oo 0 5 ooo 0 6 o+o 0 6 ooo 0 8 oo+ 0 8 ooo 0 7 oo+ 0 7 +oo 0 4 oo+ 0 4 o+o 0 9 o+o 0 9 +oo 1 5 oo- 1 5 o-o 1 8 o-o 1 8 -oo 1 4 ooo 1 4 -oo 1 9 ooo 1 9 oo- 1 7 ooo 1 7 o-o 1 6 -oo 1 6 oo- 2 4 -oo 2 8 --o 2 6 -o- 2 9 oo- 2 5 o-- 2 7 o-o 3 5 ooo 3 8 ooo 3 9 ooo 3 6 ooo 3 4 ooo 3 7 ooo
mp-1519163,SrEuHfZrO6,118,311,313,193,2.635593220338983,0,False,0,1.0,Sr Eu Hf Zr O O O O O O 0 7 +oo 0 7 oo+ 0 8 ooo 0 8 oo+ 0 4 oo+ 0 4 o+o 0 5 +oo 0 5 ooo 0 6 o+o 0 6 ooo 0 9 o+o 0 9 +oo 1 5 oo- 1 5 o-o 1 6 -oo 1 6 oo- 1 9 oo- 1 9 ooo 1 7 o-o 1 7 ooo 1 4 -oo 1 4 ooo 1 8 -oo 1 8 o-o 2 6 -o- 2 9 oo- 2 8 --o 2 5 o-- 2 7 o-o 2 4 -oo 3 9 ooo 3 4 ooo 3 7 ooo 3 6 ooo 3 8 ooo 3 5 ooo
mp-1518310,SrEuMgWO6,118,310,312,192,2.6271186440677967,0,False,0,1.0,Sr Eu Mg W O O O O O O 0 8 ooo 0 8 oo+ 0 9 +oo 0 9 o+o 0 6 o+o 0 6 ooo 0 4 o+o 0 4 oo+ 0 7 +oo 0 7 oo+ 0 5 ooo 0 5 +oo 1 7 o-o 1 7 ooo 1 6 -oo 1 6 oo- 1 8 o-o 1 8 -oo 1 5 oo- 1 5 o-o 1 9 oo- 1 9 ooo 1 4 ooo 1 4 -oo 2 5 o-- 2 9 oo- 2 6 -o- 2 4 -oo 2 7 o-o 2 8 --o 3 4 ooo 3 9 ooo 3 7 ooo 3 5 ooo 3 6 ooo 3 8 ooo
mp-1518126,SrEuNbGaO6,118,311,313,193,2.635593220338983,0,False,0,1.0,Sr Eu Nb Ga O O O O O O 0 5 o-o 0 5 oo- 0 9 oo- 0 9 ooo 0 4 -oo 0 4 ooo 0 8 o-o 0 8 -oo 0 6 -oo 0 6 oo- 0 7 o-o 0 7 ooo 1 6 ooo 1 6 o+o 1 5 ooo 1 5 +oo 1 4 o+o 1 4 oo+ 1 8 ooo 1 8 oo+ 1 9 +oo 1 9 o+o 1 7 +oo 1 7 oo+ 2 4 ooo 2 7 ooo 2 9 ooo 2 8 ooo 2 5 ooo 2 6 ooo 3 4 -oo 3 5 o-- 3 6 -o- 3 8 --o 3 7 o-o 3 9 oo-
mp-1516349,SrEuNiWO6,118,310,312,192,2.6271186440677967,0,False,0,1.0,Sr Eu Ni W O O O O O O 0 4 ooo 0 4 -oo 0 5 o-o 0 5 oo- 0 9 ooo 0 9 oo- 0 8 -oo 0 8 o-o 0 7 ooo 0 7 o-o 0 6 oo- 0 6 -oo 1 6 o+o 1 6 ooo 1 5 +oo 1 5 ooo 1 7 oo+ 1 7 +oo 1 8 ooo 1 8 oo+ 1 4 oo+ 1 4 o+o 1 9 o+o 1 9 +oo 2 4 -oo 2 8 --o 2 7 o-o 2 5 o-- 2 9 oo- 2 6 -o- 3 8 ooo 3 4 ooo 3 6 ooo 3 7 ooo 3 9 ooo 3 5 ooo
mp-1521037,SrEuYNbO6,118,310,312,192,2.6271186440677967,0,False,0,1.0,Sr Eu Y Nb O O O O O O 0 4 oo+ 0 4 o+o 0 9 +oo 0 9 o+o 0 5 ooo 0 5 +oo 0 8 oo+ 0 8 ooo 0 7 +oo 0 7 oo+ 0 6 ooo 0 6 o+o 1 6 oo- 1 6 -oo 1 9 oo- 1 9 ooo 1 7 o-o 1 7 ooo 1 5 oo- 1 5 o-o 1 8 -oo 1 8 o-o 1 4 -oo 1 4 ooo 2 4 ooo 2 9 ooo 2 7 ooo 2 6 ooo 2 5 ooo 2 8 ooo 3 6 -o- 3 8 --o 3 9 oo- 3 5 o-- 3 7 o-o 3 4 -oo
mp-1520937,SrEuYSbO6,118,310,312,192,2.6271186440677967,0,False,0,1.0,Sr Eu Y Sb O O O O O O 0 5 +oo 0 5 ooo 0 9 +oo 0 9 o+o 0 6 o+o 0 6 ooo 0 4 o+o 0 4 oo+ 0 8 ooo 0 8 oo+ 0 7 oo+ 0 7 +oo 1 9 ooo 1 9 oo- 1 6 oo- 1 6 -oo 1 5 oo- 1 5 o-o 1 4 -oo 1 4 ooo 1 8 -oo 1 8 o-o 1 7 o-o 1 7 ooo 2 5 ooo 2 9 ooo 2 8 ooo 2 4 ooo 2 6 ooo 2 7 ooo 3 6 -o- 3 7 o-o 3 9 oo- 3 8 --o 3 4 -oo 3 5 o--
mp-1519428,SrEuZnWO6,118,310,312,192,2.6271186440677967,0,False,0,1.0,Sr Eu Zn W O O O O O O 0 6 ooo 0 6 o+o 0 9 o+o 0 9 +oo 0 8 ooo 0 8 oo+ 0 4 oo+ 0 4 o+o 0 5 +oo 0 5 ooo 0 7 +oo 0 7 oo+ 1 8 -oo 1 8 o-o 1 4 -oo 1 4 ooo 1 7 o-o 1 7 ooo 1 6 -oo 1 6 oo- 1 9 oo- 1 9 ooo 1 5 oo- 1 5 o-o 2 8 --o 2 6 -o- 2 9 oo- 2 4 -oo 2 5 o-- 2 7 o-o 3 7 ooo 3 9 ooo 3 4 ooo 3 5 ooo 3 8 ooo 3 6 ooo
mp-1516732,SrEuZr2O6,118,311,313,193,2.635593220338983,0,False,0,1.0,Sr Eu Zr Zr O O O O O O 0 6 ++o 0 6 +oo 0 6 o+o 0 6 ooo 0 5 ooo 0 5 o+o 0 8 +oo 0 8 ooo 0 4 o+o 0 4 ooo 0 9 +oo 0 9 ooo 1 8 +o- 1 8 oo- 1 5 o+o 1 5 ooo 1 4 o+- 1 4 oo- 1 9 ooo 1 9 +oo 1 7 ++o 1 7 o+o 1 7 ooo 1 7 +oo 2 7 oo+ 2 8 ooo 2 8 o-o 2 4 -oo 2 4 ooo 2 6 ooo 3 7 ooo 3 9 ooo 3 9 o-o 3 5 ooo 3 5 -oo 3 6 ooo
mp-979137,SrGaSiH,34,90,92,56,2.6470588235294117,0,False,0,1.0,Sr Ga Si H 0 3 o-o 0 3 +oo 0 3 ooo 0 2 +o+ 0 2 +++ 0 2 oo+ 1 3 ooo 1 2 o+o 1 2 ++o 1 2 ooo
mp-978852,SrGaSnH,34,90,92,56,2.6470588235294117,0,False,0,1.0,Sr Ga Sn H 0 3 +oo 0 3 o-o 0 3 ooo 0 2 +o+ 0 2 oo+ 0 2 +++ 1 3 ooo 1 2 o+o 1 2 ooo 1 2 ++o
mp-9383,SrHfN2,40,105,107,65,2.625,0,False,0,1.0,Sr Hf N N 0 3 ooo 0 3 o-o 0 3 -oo 0 2 --- 0 2 -o- 0 2 o-- 1 3 o+o 1 3 +oo 1 3 ooo 1 2 -oo 1 2 o-o 1 2 ooo
mp-1097349,SrHg2Pb,16,43,45,27,2.6875,0,False,0,1.0,Sr Hg Hg Pb 0 2 o-- 0 1 ooo 1 3 ooo 2 3 ooo
mp-1218254,SrLa3(NiO4)2,158,429,431,271,2.7151898734177213,0,False,0,1.0,Sr La La La Ni Ni O O O O O O O O 0 7 ooo 0 8 o+o 0 8 ++o 0 9 ooo 0 9 o+o 0 11 oo+ 0 10 o++ 0 13 oo+ 0 12 o++ 1 6 ooo 1 12 oo+ 1 10 -o+ 1 11 oo+ 1 13 -o+ 1 8 o+o 1 8 ooo 1 9 ooo 1 9 -oo 2 9 ooo 2 11 +oo 2 13 ooo 2 12 +oo 2 10 ooo 2 7 o-o 2 7 ooo 2 6 +oo 2 6 ooo 3 8 o+o 3 10 o+o 3 11 ooo 3 12 o+o 3 13 ooo 3 7 ooo 3 7 -oo 3 6 o+o 3 6 ooo 4 12 oo+ 4 10 oo+ 4 11 oo+ 4 13 oo+ 4 9 ooo 4 6 oo+ 5 10 -o+ 5 12 oo+ 5 13 --+ 5 11 o-+ 5 7 --+ 5 8 ooo
mp-1218286,SrLa3Mn2Cr2O12,209,591,593,382,2.827751196172249,0,True,81,0.8629441624365483,Sr La La La Mn Mn Cr Cr O O O O O O O O O O O O 0 8 ooo 0 8 oo- 0 15 +oo 0 14 ooo 0 11 +oo 0 11 ooo 0 19 ooo 0 18 +oo 0 16 ooo 0 17 ++o 0 12 +oo 0 13 o+o 1 9 ooo 1 12 oo- 1 13 oo- 1 19 ooo 1 18 o-o 1 16 oo- 1 17 oo- 1 10 ooo 1 10 +oo 2 11 ooo 2 18 oo+ 2 19 oo+ 2 8 ooo 2 8 -oo 2 15 oo+ 2 14 oo+ 2 12 ooo 2 13 o+o 3 16 ooo 3 17 +oo 3 10 +oo 3 9 ooo 3 9 +oo 3 12 +oo 3 13 ooo 3 15 +oo 3 14 o-o 4 15 ooo 4 19 -oo 4 12 oo- 4 16 -o- 4 8 -o- 4 10 ooo 5 14 ooo 5 18 +oo 5 13 o+- 5 17 ++- 5 8 oo- 5 10 ++o 6 14 ooo 6 13 o+o 6 18 ooo 6 11 ooo 6 17 o+o 6 9 o+o 7 15 ooo 7 12 ooo 7 19 ooo 7 16 ooo 7 11 ooo 7 9 ooo
mp-1218266,SrLa3Mn3CrO12,209,592,594,383,2.8325358851674642,0,True,82,0.8614864864864865,Sr La La La Mn Mn Mn Cr O O O O O O O O O O O O 0 8 oo+ 0 8 +oo 0 12 o+o 0 12 oo+ 0 10 +oo 0 10 o+o 0 15 ooo 0 19 ooo 0 17 ooo 0 14 ooo 0 16 ooo 0 18 ooo 1 9 -oo 1 13 oo- 1 11 o-o 1 14 oo- 1 18 o-o 1 16 -oo 1 15 --o 1 17 o-- 1 19 -o- 2 19 oo- 2 17 o-o 2 15 -oo 2 10 ooo 2 8 ooo 2 12 ooo 2 11 ooo 2 13 ooo 2 9 ooo 3 16 oo+ 3 18 +oo 3 14 o+o 3 10 ++o 3 12 o++ 3 8 +o+ 3 11 oo+ 3 9 o+o 3 13 +oo 4 8 ooo 4 10 ooo 4 12 ooo 4 18 o-o 4 14 oo- 4 16 -oo 5 19 ooo 5 15 ooo 5 17 ooo 5 9 o+o 5 11 oo+ 5 13 +oo 6 12 o++ 6 10 ++o 6 8 +o+ 6 17 +oo 6 15 oo+ 6 19 o+o 7 16 ooo 7 14 ooo 7 18 ooo 7 13 ooo 7 11 ooo 7 9 ooo
mp-1284822,SrLaCoO4,158,429,431,271,2.7151898734177213,0,False,0,1.0,Sr Sr La La Co Co O O O O O O O O 0 8 ooo 0 9 ooo 0 9 o+o 0 7 -oo 0 7 ooo 0 12 ooo 0 13 -oo 0 11 -o- 0 10 oo- 1 9 o+o 1 8 ooo 1 8 o+o 1 6 ooo 1 6 -oo 1 10 o+o 1 11 ooo 1 13 o++ 1 12 oo+ 2 6 o-o 2 12 o-o 2 13 ooo 2 9 +oo 2 9 ooo 2 7 ooo 2 7 o-o 2 11 o-- 2 10 oo- 3 7 ooo 3 11 ooo 3 10 +oo 3 8 ooo 3 8 +oo 3 6 ooo 3 6 o-o 3 13 oo+ 3 12 +o+ 4 10 oo- 4 11 --- 4 12 o-o 4 13 -oo 4 9 ooo 4 6 --- 5 12 oo+ 5 13 oo+ 5 10 ooo 5 11 ooo 5 8 ooo 5 7 oo+
mp-1218225,SrLaCuSbO6,194,549,551,355,2.829896907216495,0,True,39,0.9289617486338798,Sr Sr La La Cu Cu Sb Sb O O O O O O O O O O O O 0 11 ooo 0 11 o+o 0 19 ooo 0 12 o+o 0 8 +oo 0 8 ooo 0 16 ++o 0 15 +oo 0 14 ooo 0 17 oo+ 1 10 ooo 1 10 o+o 1 18 ooo 1 13 o+o 1 9 -oo 1 9 ooo 1 17 -+o 1 14 -oo 1 15 oo- 1 16 ooo 2 9 ooo 2 17 ooo 2 14 o-o 2 10 ooo 2 18 o-o 2 13 ooo 2 12 ooo 3 8 ooo 3 16 ooo 3 15 o-o 3 11 ooo 3 19 o-o 3 12 ooo 3 13 oo+ 4 13 oo+ 4 15 +-o 4 17 oo+ 4 19 o-o 4 11 ooo 4 9 o-+ 5 12 ooo 5 14 --o 5 16 ooo 5 18 o-o 5 10 ooo 5 8 o-o 6 11 ooo 6 9 ooo 6 16 +oo 6 12 ooo 6 14 ooo 6 18 ooo 7 10 ooo 7 8 oo- 7 17 -oo 7 13 ooo 7 15 oo- 7 19 oo-
mp-1280895,SrLaFeCoO6,236,671,673,435,2.843220338983051,0,True,161,0.7600596125186289,Sr Sr La La Fe Fe Co Co O O O O O O O O O O O O 0 17 +o- 0 14 +oo 0 10 ooo 0 18 +oo 0 18 ooo 0 8 oo- 0 8 ooo 0 12 +o- 0 12 ooo 0 16 ooo 0 15 ooo 0 11 +oo 1 10 o+o 1 14 o+o 1 17 o+o 1 13 -oo 1 13 oo- 1 9 ooo 1 9 oo- 1 19 ooo 1 19 -oo 1 16 oo- 1 11 ooo 1 15 ooo 2 13 -oo 2 9 ooo 2 19 -o+ 2 15 ooo 2 15 -o+ 2 11 ooo 2 11 oo+ 2 16 -oo 2 16 ooo 2 8 -oo 2 12 ooo 2 18 ooo 3 19 o-o 3 9 o-o 3 13 o-o 3 14 +oo 3 14 oo+ 3 10 ooo 3 10 oo+ 3 17 ooo 3 17 +oo 3 12 ooo 3 8 ooo 3 18 oo+ 4 11 +oo 4 15 ooo 4 16 ooo 4 13 ooo 4 9 ooo 4 19 ooo 5 18 ooo 5 8 -oo 5 12 ooo 5 14 ooo 5 10 ooo 5 17 ooo 6 12 ooo 6 8 ooo 6 18 oo+ 6 16 ooo 6 11 oo+ 6 15 oo+ 7 17 ooo 7 10 -o+ 7 14 oo+ 7 13 --o 7 9 o-o 7 19 --+
mp-2234765,SrLaMn2O6,106,279,281,173,2.6320754716981134,0,False,0,1.0,Sr La Mn Mn O O O O O O 0 9 -o- 0 9 o+o 0 5 oo- 0 5 ooo 0 8 oo+ 0 8 -oo 0 6 o++ 0 6 ooo 0 7 ooo 0 7 -oo 0 4 o+o 0 4 ooo 1 8 o-o 1 6 ooo 1 5 +oo 1 9 ooo 1 4 ooo 1 4 +oo 1 7 o-o 1 7 ooo 2 4 +oo 2 7 o-- 2 8 o-o 2 9 oo- 2 6 +oo 2 5 +-- 3 9 ooo 3 5 ooo 3 8 oo+ 3 6 oo+ 3 4 ooo 3 7 oo+
mp-694873,SrLaNiRuO6,188,533,535,345,2.8351063829787235,0,True,23,0.9568480300187617,Sr Sr La La Ni Ni Ru Ru O O O O O O O O O O O O 0 19 ooo 0 17 ooo 0 18 o+o 0 13 -oo 0 12 -oo 0 11 -+o 0 10 ooo 0 9 oo- 1 14 ooo 1 16 ooo 1 15 o+o 1 8 +oo 1 9 +oo 1 10 ++o 1 11 oo+ 1 12 ooo 2 13 ooo 2 11 ooo 2 12 o-o 2 19 ooo 2 17 o-o 2 18 ooo 2 15 ooo 2 16 oo- 3 8 ooo 3 10 ooo 3 9 o-o 3 14 ooo 3 16 o-o 3 15 ooo 3 18 oo+ 3 17 ooo 4 19 o+o 4 8 ooo 4 12 -oo 4 15 o+o 4 10 o+o 4 17 ooo 5 14 o+- 5 13 ooo 5 9 +o- 5 18 o+o 5 11 o+o 5 16 oo- 6 19 ooo 6 11 -oo 6 18 ooo 6 9 oo- 6 16 oo- 6 8 oo- 7 14 ooo 7 10 +oo 7 15 ooo 7 12 ooo 7 17 ooo 7 13 ooo
mp-1218204,SrLaZnRuO6,188,533,535,345,2.8351063829787235,0,True,23,0.9568480300187617,Sr Sr La La Zn Zn Ru Ru O O O O O O O O O O O O 0 11 ooo 0 18 o-o 0 15 ooo 0 8 -oo 0 12 --o 0 17 -oo 0 16 ooo 0 13 oo- 1 10 ooo 1 19 o-o 1 14 ooo 1 9 +oo 1 13 +-o 1 16 +oo 1 17 oo+ 1 12 ooo 2 9 ooo 2 13 ooo 2 16 o+o 2 10 ooo 2 19 ooo 2 14 o+o 2 15 oo+ 2 18 ooo 3 8 ooo 3 12 ooo 3 17 o+o 3 11 ooo 3 18 ooo 3 15 o+o 3 14 ooo 3 19 oo- 4 13 +o- 4 8 ooo 4 10 oo- 4 17 ooo 4 19 oo- 4 15 ooo 5 12 -oo 5 9 ooo 5 11 ooo 5 16 ooo 5 18 ooo 5 14 ooo 6 10 o-o 6 14 ooo 6 8 ooo 6 12 o-o 6 18 o-o 6 16 +oo 7 11 o-+ 7 15 oo+ 7 9 ooo 7 13 o-o 7 19 o-o 7 17 -o+
mp-1033482,SrMg6BiO8,160,447,449,287,2.79375,0,False,0,1.0,Sr Mg Mg Mg Mg Mg Mg Bi O O O O O O O O 0 9 -oo 0 8 ooo 0 12 ooo 0 12 oo- 0 14 o-o 0 14 ooo 1 10 ooo 1 11 -oo 1 12 ooo 1 12 o+o 1 14 ooo 1 14 oo+ 2 10 ooo 2 11 ooo 2 15 oo+ 2 15 ooo 2 13 o+o 2 13 ooo 3 12 ooo 3 8 ooo 3 8 oo+ 3 10 o-o 3 10 ooo 3 13 ooo 4 12 +oo 4 9 ooo 4 9 oo+ 4 11 o-o 4 11 ooo 4 13 ooo 5 14 ooo 5 8 o+o 5 8 ooo 5 10 ooo 5 10 oo- 5 15 ooo 6 14 +oo 6 9 o+o 6 9 ooo 6 11 oo- 6 11 ooo 6 15 ooo 7 9 ooo 7 8 ooo 7 15 ooo 7 15 o-o 7 13 ooo 7 13 oo-
mp-1093616,SrMgHg2,16,43,45,27,2.6875,0,False,0,1.0,Sr Mg Hg Hg 0 2 o-o 0 3 oo- 1 2 --o 1 3 oo-
mp-1093825,SrMgPb2,16,43,45,27,2.6875,0,False,0,1.0,Sr Mg Pb Pb 0 2 oo- 0 3 o-o 1 3 o-o 1 2 -o-
mp-1208638,SrMn2O6,63,164,166,101,2.6031746031746033,0,False,0,1.0,Sr Mn Mn O O O O O O 0 8 ooo 0 4 oo- 0 6 ooo 0 7 oo- 0 3 --- 0 5 --o 1 6 +oo 1 4 +oo 1 8 ooo 1 7 ooo 1 3 ooo 1 5 ooo 2 8 o+o 2 7 o+o 2 4 ooo 2 6 ooo 2 3 ooo 2 5 ooo
mp-1208650,SrMoO2,136,379,381,243,2.786764705882353,0,False,0,1.0,Sr Sr Sr Sr Mo Mo Mo Mo O O O O O O O O 0 11 ooo 0 9 +oo 0 13 oo- 0 8 +oo 0 15 +oo 0 12 ooo 1 11 oo+ 1 13 ooo 1 9 ooo 1 8 ooo 1 14 ooo 1 10 ooo 2 10 oo- 2 15 ooo 2 14 ooo 2 12 ooo 2 11 ooo 2 8 ooo 3 10 ooo 3 12 oo+ 3 14 o-o 3 15 o-o 3 9 o-o 3 13 ooo 4 8 ooo 4 11 o-o 4 9 o-- 4 13 ooo 5 8 +o+ 5 13 ooo 5 11 o-o 5 9 +-o 6 12 ooo 6 10 +oo 6 14 o-- 6 15 +-o 7 15 +o+ 7 10 +oo 7 14 ooo 7 12 ooo
mp-1519972,SrNdEuNbO6,118,311,313,193,2.635593220338983,0,False,0,1.0,Sr Nd Eu Nb O O O O O O 0 8 oo+ 0 8 ooo 0 5 +oo 0 5 ooo 0 6 o+o 0 6 ooo 0 9 o+o 0 9 +oo 0 4 o+o 0 4 oo+ 0 7 +oo 0 7 oo+ 1 5 ooo 1 6 ooo 1 8 ooo 1 7 ooo 1 4 ooo 1 9 ooo 2 9 ooo 2 9 oo- 2 7 ooo 2 7 o-o 2 4 ooo 2 4 -oo 2 8 -oo 2 8 o-o 2 6 oo- 2 6 -oo 2 5 o-o 2 5 oo- 3 4 -oo 3 7 o-o 3 9 oo- 3 8 --o 3 6 -o- 3 5 o--
mp-1522919,SrNdEuSbO6,118,311,313,193,2.635593220338983,0,False,0,1.0,Sr Nd Eu Sb O O O O O O 0 8 oo+ 0 8 ooo 0 4 o+o 0 4 oo+ 0 7 oo+ 0 7 +oo 0 6 o+o 0 6 ooo 0 9 +oo 0 9 o+o 0 5 ooo 0 5 +oo 1 6 -o- 1 5 o-- 1 9 oo- 1 8 --o 1 7 o-o 1 4 -oo 2 4 -oo 2 4 ooo 2 6 -oo 2 6 oo- 2 8 -oo 2 8 o-o 2 9 oo- 2 9 ooo 2 7 o-o 2 7 ooo 2 5 o-o 2 5 oo- 3 7 ooo 3 4 ooo 3 9 ooo 3 5 ooo 3 8 ooo 3 6 ooo
mp-1218098,SrNdFeO4,79,208,210,129,2.632911392405063,0,False,0,1.0,Sr Nd Fe O O O O 0 3 ooo 0 4 o+o 0 4 +oo 0 4 +++ 0 4 oo- 0 6 o-- 0 6 ooo 0 5 ooo 0 5 -o- 1 4 ooo 1 5 -o- 1 5 ooo 1 6 o-- 1 6 ooo 1 3 -oo 1 3 --- 1 3 oo+ 1 3 o-o 2 6 o-o 2 6 --- 2 5 -oo 2 5 --- 2 4 ooo 2 3 --o
mp-1218129,SrNdMgRuO6,188,533,535,345,2.8351063829787235,0,True,23,0.9568480300187617,Sr Sr Nd Nd Mg Mg Ru Ru O O O O O O O O O O O O 0 15 ooo 0 10 o-o 0 19 ooo 0 12 -oo 0 16 --o 0 9 -oo 0 8 ooo 0 17 oo- 1 14 ooo 1 11 o-o 1 18 ooo 1 13 +oo 1 17 +-o 1 8 +oo 1 9 oo+ 1 16 ooo 2 13 ooo 2 17 ooo 2 8 o+o 2 14 ooo 2 11 ooo 2 18 o+o 2 19 oo+ 2 10 ooo 3 12 ooo 3 16 ooo 3 9 o+o 3 15 ooo 3 10 ooo 3 19 o+o 3 18 ooo 3 11 oo- 4 17 +o- 4 12 ooo 4 14 oo- 4 9 ooo 4 11 oo- 4 19 ooo 5 16 -oo 5 13 ooo 5 15 ooo 5 8 ooo 5 10 ooo 5 18 ooo 6 14 o-o 6 8 +oo 6 16 o-o 6 18 ooo 6 12 ooo 6 10 o-o 7 15 o-+ 7 9 -o+ 7 17 o-o 7 19 oo+ 7 13 ooo 7 11 o-o
mp-1516486,SrNdNiBiO6,118,311,313,193,2.635593220338983,0,False,0,1.0,Sr Nd Ni Bi O O O O O O 0 6 -oo 0 6 oo- 0 7 o-o 0 7 ooo 0 4 -oo 0 4 ooo 0 5 o-o 0 5 oo- 0 8 o-o 0 8 -oo 0 9 oo- 0 9 ooo 1 6 ooo 1 6 o+o 1 5 ooo 1 5 +oo 1 9 +oo 1 9 o+o 1 8 oo+ 1 8 ooo 1 4 oo+ 1 4 o+o 1 7 +oo 1 7 oo+ 2 4 ooo 2 5 ooo 2 9 ooo 2 7 ooo 2 8 ooo 2 6 ooo 3 8 --o 3 9 oo- 3 6 -o- 3 7 o-o 3 5 o-- 3 4 -oo
mp-1218114,SrNdNiRuO6,188,531,533,343,2.824468085106383,0,True,21,0.96045197740113,Sr Sr Nd Nd Ni Ni Ru Ru O O O O O O O O O O O O 0 19 ooo 0 11 ooo 0 14 o-o 0 16 -oo 0 8 --o 0 13 -oo 0 12 ooo 0 9 oo- 1 18 ooo 1 10 ooo 1 15 o-o 1 17 +oo 1 9 +-o 1 12 +oo 1 13 oo+ 1 8 ooo 2 17 ooo 2 9 ooo 2 12 o+o 2 18 ooo 2 15 ooo 2 10 o+o 2 11 oo+ 2 14 ooo 3 16 ooo 3 8 ooo 3 13 o+o 3 19 ooo 3 14 ooo 3 11 o+o 3 10 ooo 3 15 oo- 4 9 +o- 4 13 ooo 4 15 oo- 4 11 ooo 4 16 ooo 4 18 oo- 5 8 -oo 5 12 ooo 5 14 ooo 5 10 ooo 5 17 ooo 5 19 ooo 6 12 +oo 6 10 ooo 6 18 o-o 6 16 ooo 6 8 o-o 6 14 o-o 7 13 -o+ 7 11 oo+ 7 19 o-+ 7 17 ooo 7 9 o-o 7 15 o-o
mp-1206311,SrO3,80,209,211,129,2.6125,0,False,0,1.0,Sr Sr O O O O O O 0 2 oo- 0 3 o-o 0 3 ooo 0 6 +oo 0 6 ooo 0 7 oo- 0 7 +o- 0 4 o-- 0 4 +-- 1 3 ooo 1 2 o+o 1 2 ooo 1 7 ooo 1 7 +oo 1 6 ooo 1 6 +oo 1 5 ++o 1 5 o+o 2 5 ooo 2 5 +oo 3 4 +o- 3 4 oo- 4 7 ooo 5 6 ooo
mp-1208665,SrO4,17,42,44,25,2.4705882352941178,0,False,0,1.0,Sr O O O O 0 3 ooo 0 4 ooo 1 4 ooo 2 3 ooo
mp-7931,SrP,129,355,357,226,2.751937984496124,0,False,0,1.0,Sr Sr Sr Sr Sr Sr P P P P P P 0 8 ooo 0 9 ooo 0 7 -oo 0 6 -oo 0 10 o+o 0 11 o+o 1 7 ooo 1 6 ooo 1 8 ooo 1 9 ooo 1 11 ooo 1 10 ooo 2 7 ooo 2 6 ooo 2 8 o-o 2 9 o-o 2 10 +oo 2 11 +oo 3 11 ooo 3 10 oo- 3 7 -o- 3 6 -oo 3 9 ooo 3 8 oo- 4 10 ++- 4 11 ++o 4 9 ooo 4 8 oo- 4 6 ooo 4 7 oo- 5 10 oo- 5 11 ooo 5 9 o-o 5 8 o-- 5 7 oo- 5 6 ooo 6 7 oo- 8 9 oo+ 10 11 ooo
mp-569867,SrP3,160,440,442,280,2.75,0,False,0,1.0,Sr Sr Sr Sr P P P P P P P P P P P P 0 4 o-- 0 14 -o- 0 6 ooo 0 10 -oo 0 5 o-o 0 7 o-o 0 13 -oo 0 12 -oo 0 15 o-o 1 15 +oo 1 12 o+o 1 7 ooo 1 13 ooo 1 8 ooo 1 4 oo- 1 14 oo- 1 9 oo- 2 14 -oo 2 4 o-o 2 10 ooo 2 5 ooo 2 11 ooo 2 12 oo+ 2 15 oo+ 2 6 oo+ 3 12 o++ 3 15 +o+ 3 9 ooo 3 7 +oo 3 13 o+o 3 10 o+o 3 5 +oo 3 4 +oo 3 14 o+o 4 9 ooo 4 15 oo+ 5 8 ooo 5 13 -oo 6 12 ooo 6 15 ooo 6 8 ooo 7 11 ooo 7 10 o+o 8 10 ooo 9 14 ooo 9 11 ooo 11 13 ooo 12 14 oo-
mp-1521843,SrPrEuSbO6,118,311,313,193,2.635593220338983,0,False,0,1.0,Sr Pr Eu Sb O O O O O O 0 5 oo- 0 5 o-o 0 6 oo- 0 6 -oo 0 4 -oo 0 4 ooo 0 8 -oo 0 8 o-o 0 7 ooo 0 7 o-o 0 9 ooo 0 9 oo- 1 7 o-o 1 9 oo- 1 6 -o- 1 4 -oo 1 5 o-- 1 8 --o 2 6 o+o 2 6 ooo 2 7 +oo 2 7 oo+ 2 5 +oo 2 5 ooo 2 9 o+o 2 9 +oo 2 8 ooo 2 8 oo+ 2 4 oo+ 2 4 o+o 3 6 ooo 3 7 ooo 3 8 ooo 3 4 ooo 3 9 ooo 3 5 ooo
mp-1218058,SrPrMgRuO6,188,533,535,345,2.8351063829787235,0,True,23,0.9568480300187617,Sr Sr Pr Pr Mg Mg Ru Ru O O O O O O O O O O O O 0 11 -oo 0 18 -oo 0 15 -oo 0 8 ooo 0 12 ooo 0 17 ooo 0 16 ooo 0 13 oo- 1 10 o+o 1 19 ooo 1 14 ooo 1 9 o+o 1 13 ooo 1 16 ooo 1 17 o++ 1 12 o+o 2 9 +oo 2 13 +oo 2 16 +oo 2 10 ooo 2 19 ooo 2 14 ooo 2 15 oo+ 2 18 ooo 3 8 o-o 3 12 ooo 3 17 ooo 3 11 o-o 3 18 ooo 3 15 ooo 3 14 o-o 3 19 o-- 4 13 oo- 4 8 ooo 4 10 oo- 4 17 ooo 4 19 oo- 4 15 ooo 5 12 ooo 5 9 ooo 5 11 --o 5 16 o-o 5 18 -oo 5 14 --o 6 10 ooo 6 16 ooo 6 12 ooo 6 14 ooo 6 8 ooo 6 18 ooo 7 11 -o+ 7 17 o++ 7 13 ooo 7 15 -++ 7 9 o+o 7 19 -oo
mp-1518344,SrPrNiBiO6,118,311,313,193,2.635593220338983,0,False,0,1.0,Sr Pr Ni Bi O O O O O O 0 7 ooo 0 7 o-o 0 9 ooo 0 9 oo- 0 4 ooo 0 4 -oo 0 6 oo- 0 6 -oo 0 5 oo- 0 5 o-o 0 8 o-o 0 8 -oo 1 6 o+o 1 6 ooo 1 8 oo+ 1 8 ooo 1 4 o+o 1 4 oo+ 1 7 +oo 1 7 oo+ 1 9 +oo 1 9 o+o 1 5 +oo 1 5 ooo 2 4 ooo 2 7 ooo 2 6 ooo 2 5 ooo 2 8 ooo 2 9 ooo 3 7 o-o 3 4 -oo 3 6 -o- 3 5 o-- 3 9 oo- 3 8 --o
mp-1218113,SrPrNiRuO6,188,533,535,345,2.8351063829787235,0,True,23,0.9568480300187617,Sr Sr Pr Pr Ni Ni Ru Ru O O O O O O O O O O O O 0 11 ooo 0 14 o-o 0 19 ooo 0 8 -oo 0 16 --o 0 13 -oo 0 12 ooo 0 17 oo- 1 10 ooo 1 15 o-o 1 18 ooo 1 9 +oo 1 17 +-o 1 12 +oo 1 13 oo+ 1 16 ooo 2 9 ooo 2 17 ooo 2 12 o+o 2 10 ooo 2 15 ooo 2 18 o+o 2 19 oo+ 2 14 ooo 3 8 ooo 3 16 ooo 3 13 o+o 3 11 ooo 3 14 ooo 3 19 o+o 3 18 ooo 3 15 oo- 4 17 +o- 4 10 oo- 4 8 ooo 4 15 oo- 4 13 ooo 4 19 ooo 5 16 -oo 5 11 ooo 5 9 ooo 5 14 ooo 5 12 ooo 5 18 ooo 6 10 o-o 6 12 +oo 6 16 o-o 6 18 ooo 6 8 ooo 6 14 o-o 7 11 o-+ 7 13 -o+ 7 17 o-o 7 19 oo+ 7 9 ooo 7 15 o-o
mp-1245971,SrReN2,148,413,415,265,2.7905405405405403,0,False,0,1.0,Sr Sr Sr Sr Re Re Re Re N N N N N N N N 0 11 ooo 0 8 ooo 0 8 oo+ 0 14 oo+ 0 13 ooo 0 12 o+o 0 15 o+o 1 10 ooo 1 9 oo+ 1 9 ooo 1 15 ooo 1 12 ooo 1 13 ooo 1 14 oo+ 2 9 ooo 2 10 ooo 2 10 oo- 2 12 oo- 2 15 ooo 2 14 o-o 2 13 o-o 3 8 ooo 3 11 oo- 3 11 ooo 3 13 ooo 3 14 ooo 3 15 ooo 3 12 oo- 4 11 ooo 4 12 ooo 4 15 ooo 4 9 -oo 5 10 o+o 5 13 ooo 5 14 oo+ 5 8 +o+ 6 9 ooo 6 14 ooo 6 13 ooo 6 11 +oo 7 8 o-o 7 15 ooo 7 12 oo- 7 10 -o-
mp-1523179,SrSmEuNbO6,118,311,313,193,2.635593220338983,0,False,0,1.0,Sr Sm Eu Nb O O O O O O 0 7 o-o 0 7 ooo 0 9 oo- 0 9 ooo 0 5 o-o 0 5 oo- 0 8 -oo 0 8 o-o 0 6 oo- 0 6 -oo 0 4 ooo 0 4 -oo 1 8 ooo 1 5 ooo 1 4 ooo 1 9 ooo 1 6 ooo 1 7 ooo 2 7 +oo 2 7 oo+ 2 4 o+o 2 4 oo+ 2 9 o+o 2 9 +oo 2 8 ooo 2 8 oo+ 2 6 ooo 2 6 o+o 2 5 +oo 2 5 ooo 3 4 -oo 3 6 -o- 3 5 o-- 3 8 --o 3 7 o-o 3 9 oo-
mp-1520782,SrSmEuSbO6,118,311,313,193,2.635593220338983,0,False,0,1.0,Sr Sm Eu Sb O O O O O O 0 4 ooo 0 4 -oo 0 5 oo- 0 5 o-o 0 6 -oo 0 6 oo- 0 9 oo- 0 9 ooo 0 8 -oo 0 8 o-o 0 7 o-o 0 7 ooo 1 7 ooo 1 4 ooo 1 8 ooo 1 5 ooo 1 6 ooo 1 9 ooo 2 8 ooo 2 8 oo+ 2 6 ooo 2 6 o+o 2 5 ooo 2 5 +oo 2 7 +oo 2 7 oo+ 2 4 o+o 2 4 oo+ 2 9 o+o 2 9 +oo 3 8 --o 3 4 -oo 3 5 o-- 3 6 -o- 3 9 oo- 3 7 o-o
mp-10653,SrTe,26,69,71,43,2.6538461538461537,0,False,0,1.0,Sr Te 0 1 ooo 0 1 --o 0 1 o-- 0 1 o-o 0 1 -oo 0 1 --- 0 1 -o- 0 1 oo-
mp-1186765,SrTl2Cd,70,187,189,117,2.6714285714285713,0,False,0,1.0,Sr Tl Tl Cd 0 2 ++o 0 2 +o+ 0 2 o++ 0 2 +++ 0 1 ooo 0 1 oo+ 0 1 o+o 0 1 +oo 0 3 o+o 0 3 oo+ 0 3 +oo 0 3 o++ 0 3 ++o 0 3 +o+ 1 3 ooo 1 3 +oo 1 3 oo+ 1 3 o+o 2 3 ooo 2 3 oo- 2 3 -oo 2 3 o-o
mp-1208662,SrUI6,88,233,235,145,2.647727272727273,0,False,0,1.0,Sr Sr U U I I I I I I I I I I I I 0 15 -oo 0 5 o+o 0 12 -oo 0 7 o+o 0 10 ooo 0 8 ooo 1 4 +oo 1 14 o-o 1 6 +oo 1 13 o-o 1 9 ooo 1 11 ooo 2 15 ooo 2 5 ooo 2 10 ooo 2 8 ooo 2 12 ooo 2 7 ooo 3 4 ooo 3 14 ooo 3 9 ooo 3 11 ooo 3 6 ooo 3 13 ooo
mp-1521404,SrVSnWO6,82,213,215,131,2.597560975609756,0,False,0,1.0,Sr V Sn W O O O O O O 0 8 ooo 0 8 oo+ 0 6 ooo 0 6 o+o 0 4 o+o 0 4 oo+ 0 7 oo+ 0 7 +oo 0 5 ooo 0 5 +oo 0 9 +oo 0 9 o+o 1 5 o-- 1 4 -oo 1 8 --o 1 7 o-o 1 9 oo- 1 6 -o- 3 4 ooo 3 7 ooo 3 9 ooo 3 6 ooo 3 8 ooo 3 5 ooo
mp-2220557,Ta2CuO6,60,156,158,96,2.6,0,False,0,1.0,Ta Ta Cu O O O O O O 0 6 o-o 0 8 -oo 0 4 ooo 0 5 -o+ 0 7 --+ 0 3 o-+ 1 6 ooo 1 3 ooo 1 7 ooo 1 5 ooo 1 4 ooo 1 8 ooo 2 3 +oo 2 4 o+o 2 8 o+o 2 7 ooo 2 5 oo+
mp-867249,TaAlFe2,52,139,141,87,2.673076923076923,0,False,0,1.0,Ta Al Fe Fe 0 2 ++o 0 2 o++ 0 2 +++ 0 2 +o+ 0 3 o+o 0 3 +oo 0 3 oo+ 0 3 ooo 1 2 ooo 1 2 o+o 1 2 +oo 1 2 oo+ 1 3 o-o 1 3 -oo 1 3 oo- 1 3 ooo
mp-1095983,TaAlRe2,16,43,45,27,2.6875,0,False,0,1.0,Ta Al Re Re 0 2 ooo 0 3 ooo 1 2 ooo 1 3 o--
mp-1097350,TaAlTc2,16,43,45,27,2.6875,0,False,0,1.0,Ta Al Tc Tc 0 3 ooo 0 2 ooo 1 3 o-- 1 2 ooo
mp-8927,TaCuN2,28,73,75,45,2.607142857142857,0,False,0,1.0,Ta Cu N N 0 2 o-o 0 2 -oo 0 2 oo- 0 3 o+o 0 3 +oo 0 3 oo+ 1 3 ooo 1 2 ---
mp-999135,TaCuN2,40,105,107,65,2.625,0,False,0,1.0,Ta Cu N N 0 3 +oo 0 3 o+o 0 3 ooo 0 2 o-o 0 2 -oo 0 2 ooo 1 3 ooo 1 3 o-o 1 3 -oo 1 2 --- 1 2 o-- 1 2 -o-
mp-3102,TaCuS3,140,394,396,254,2.8142857142857145,0,False,0,1.0,Ta Ta Ta Ta Cu Cu Cu Cu S S S S S S S S S S S S 0 19 ooo 0 15 ooo 0 15 +oo 0 17 ooo 0 17 +oo 0 16 ooo 1 11 ooo 1 14 ooo 1 14 -oo 1 16 -oo 1 16 ooo 1 17 ooo 2 10 ooo 2 13 ooo 2 13 +oo 2 18 o-o 2 18 +-o 2 8 oo+ 3 9 ooo 3 12 -oo 3 12 ooo 3 8 -+o 3 8 o+o 3 18 oo- 4 16 ooo 4 9 ooo 4 9 +oo 4 12 ooo 5 18 ooo 5 19 ooo 5 19 -oo 5 15 ooo 6 8 ooo 6 11 ooo 6 11 +oo 6 14 ooo 7 17 ooo 7 10 ooo 7 10 -oo 7 13 ooo
mp-1097419,TaGaRh2,16,43,45,27,2.6875,0,False,0,1.0,Ta Ga Rh Rh 0 2 ooo 0 3 ooo 1 3 o-- 1 2 ooo
mp-1096284,TaGaTc2,16,43,45,27,2.6875,0,False,0,1.0,Ta Ga Tc Tc 0 2 ooo 0 3 ooo 1 2 ooo 1 3 o--
mp-1096060,TaNb2Re,16,43,45,27,2.6875,0,False,0,1.0,Ta Nb Nb Re 0 2 o-- 0 1 ooo 1 3 ooo 2 3 ooo
mp-1245990,TaSN,60,157,159,97,2.6166666666666667,0,False,0,1.0,Ta Ta S S N N 0 5 ooo 0 5 +oo 0 4 o-o 0 4 ooo 0 2 ooo 0 3 ooo 0 3 +oo 0 3 +-o 0 3 o-o 1 4 -o+ 1 4 oo+ 1 5 o++ 1 5 oo+ 1 3 ooo 1 2 -oo 1 2 -+o 1 2 ooo 1 2 o+o
mp-1173110,Tb2EuS4,158,429,431,271,2.7151898734177213,0,False,0,1.0,Tb Tb Tb Tb Eu Eu S S S S S S S S 0 8 ooo 0 13 o+o 0 7 oo- 0 9 o+o 0 12 ooo 0 10 ooo 0 11 o+- 0 6 oo- 1 7 ooo 1 12 --o 1 11 ooo 1 13 -oo 1 6 ooo 1 8 oo+ 1 9 ooo 1 10 --o 2 11 ooo 2 6 +oo 2 10 oo+ 2 12 o-o 2 7 ooo 2 9 ooo 2 13 oo+ 2 8 +o+ 3 9 ooo 3 10 ooo 3 8 ooo 3 6 +oo 3 13 ooo 3 11 oo- 3 7 ooo 3 12 ooo 4 8 ooo 4 11 o+o 4 7 ooo 4 10 -oo 4 9 o+o 4 12 ooo 4 6 ooo 4 13 -oo 5 13 -oo 5 12 --- 5 6 o-- 5 9 ooo 5 11 oo- 5 10 --o 5 8 ooo 5 7 ---
mp-2220173,Tb2MgNb2O8,109,294,296,185,2.697247706422018,0,False,0,1.0,Tb Tb Mg Nb Nb O O O O O O O O 0 11 -o- 0 7 o+o 0 10 ooo 0 12 oo- 0 6 -oo 0 9 o+- 0 5 o+o 0 8 -o- 1 8 ooo 1 5 ooo 1 11 o-o 1 7 +oo 1 9 +oo 1 6 o-o 1 12 +oo 1 10 o-o 2 12 ooo 2 10 ooo 2 9 o+o 2 6 -oo 2 7 o+o 2 11 -oo 3 9 oo- 3 6 ooo 3 8 oo- 3 5 ooo 4 11 ooo 4 7 ooo 4 10 ooo 4 12 ooo 4 5 ooo 4 8 ooo
mp-15257,Tb2Se3,200,579,581,379,2.895,0,True,69,0.8808290155440415,Tb Tb Tb Tb Tb Tb Tb Tb Se Se Se Se Se Se Se Se Se Se Se Se 0 18 ooo 0 18 -oo 0 13 ooo 0 13 -oo 0 11 ooo 0 8 ooo 0 19 o-o 1 19 +oo 1 19 ooo 1 12 ooo 1 12 +oo 1 10 ooo 1 9 ooo 1 18 o+o 2 16 +o- 2 16 oo- 2 15 +oo 2 15 ooo 2 9 ooo 2 10 oo- 2 17 ooo 3 17 oo+ 3 17 -o+ 3 14 ooo 3 14 -oo 3 8 ooo 3 11 oo+ 3 16 ooo 4 14 -oo 4 14 ooo 4 10 o-o 4 10 --o 4 18 ooo 4 18 -oo 4 15 o-+ 4 8 ooo 5 15 +-o 5 15 o-o 5 11 +oo 5 11 ooo 5 19 +-o 5 19 o-o 5 14 oo- 5 9 o-o 6 12 +oo 6 12 ooo 6 8 ooo 6 8 +oo 6 16 ooo 6 16 +oo 6 13 ooo 6 10 ooo 7 13 -oo 7 13 ooo 7 9 -oo 7 9 ooo 7 17 -oo 7 17 ooo 7 12 ooo 7 11 ooo
mp-1189005,Tb6NiBr10,125,342,344,217,2.736,0,False,0,1.0,Tb Tb Tb Tb Tb Tb Ni Br Br Br Br Br Br Br Br Br Br 0 12 --o 0 14 o-o 0 15 ooo 0 6 oo+ 0 7 ooo 0 11 ooo 1 11 ++o 1 13 o+o 1 16 ooo 1 6 ++o 1 8 ooo 1 12 ooo 2 9 +oo 2 15 +o- 2 13 ooo 2 6 +oo 2 16 ooo 2 7 oo- 3 10 -oo 3 16 -o+ 3 14 ooo 3 6 o++ 3 15 ooo 3 8 oo+ 4 9 ooo 4 11 ooo 4 6 ooo 4 8 o-o 4 7 oo- 4 13 ooo 5 10 ooo 5 12 ooo 5 6 +++ 5 7 o+o 5 8 oo+ 5 14 ooo
mp-979271,TbAgSe2,80,215,217,135,2.6875,0,False,0,1.0,Tb Tb Ag Ag Se Se Se Se 0 5 +oo 0 5 ooo 0 7 ooo 0 7 o+o 0 4 ooo 0 6 ooo 1 4 -o- 1 4 --- 1 6 ooo 1 6 -oo 1 5 ooo 1 7 -o- 2 7 ooo 2 7 -oo 2 5 ooo 2 5 o-o 2 6 oo+ 2 4 --- 3 6 ooo 3 6 o-o 3 4 o-- 3 4 --- 3 7 ooo 3 5 o--
mp-22055,TbMnO3,188,533,535,345,2.8351063829787235,0,True,23,0.9568480300187617,Tb Tb Tb Tb Mn Mn Mn Mn O O O O O O O O O O O O 0 9 ooo 0 13 ooo 0 19 ooo 0 8 ooo 0 18 ooo 0 12 ooo 0 17 ooo 0 15 oo- 1 8 +-o 1 18 o-o 1 12 o-o 1 9 +oo 1 13 ooo 1 19 ooo 1 16 +o- 1 14 +oo 2 11 ooo 2 17 ooo 2 15 ooo 2 10 ooo 2 14 ooo 2 16 ooo 2 13 ooo 2 19 oo+ 3 10 -+o 3 14 o+o 3 16 o+o 3 11 -oo 3 17 ooo 3 15 ooo 3 12 -o+ 3 18 -oo 4 19 -oo 4 15 oo- 4 9 ooo 4 11 -o- 4 12 -oo 4 16 oo- 5 18 o-o 5 14 ooo 5 10 ooo 5 8 o-o 5 17 o-o 5 13 ooo 6 17 ooo 6 13 -oo 6 9 ooo 6 11 -oo 6 18 -oo 6 14 ooo 7 12 o-o 7 16 oo- 7 8 o-o 7 10 oo- 7 15 o-- 7 19 ooo
mp-3716,TbNiSb,45,120,122,75,2.6666666666666665,0,False,0,1.0,Tb Ni Sb 0 1 oo+ 0 1 ooo 0 1 +oo 0 1 o+o 0 2 ++o 0 2 o+o 0 2 o++ 0 2 oo+ 0 2 +oo 0 2 +o+ 1 2 oo+ 1 2 ooo 1 2 +oo 1 2 o+o
mp-1103226,TbS2,126,341,343,215,2.7063492063492065,0,False,0,1.0,Tb Tb Tb Tb S S S S S S S S 0 6 ooo 0 6 -oo 0 5 ooo 0 5 -oo 0 4 ooo 0 8 -oo 0 8 ooo 0 10 oo- 0 9 oo- 1 7 +-o 1 7 o-o 1 4 +oo 1 4 ooo 1 5 ooo 1 9 ooo 1 9 +oo 1 11 o-+ 1 8 oo+ 2 4 ooo 2 4 +oo 2 7 ooo 2 7 +oo 2 6 ooo 2 10 +oo 2 10 ooo 2 8 oo+ 2 11 oo+ 3 5 -+o 3 5 o+o 3 6 -oo 3 6 ooo 3 7 ooo 3 11 ooo 3 11 -oo 3 9 o+- 3 10 oo- 8 10 +o- 9 11 o-+
mp-1179137,Tc(I3O)2,72,192,194,120,2.6666666666666665,0,False,0,1.0,Tc Tc I I I I I I I I I I I I O O O O 0 6 ooo 0 4 oo+ 0 2 ooo 0 10 oo+ 0 11 ooo 0 7 oo+ 1 8 -oo 1 5 ooo 1 3 ooo 1 13 ooo 1 12 --o 1 9 o-o 10 15 ooo 10 16 oo- 11 16 -oo 12 17 ooo 13 14 ooo 13 17 o-o
mp-1179242,Tc(I3O)2,78,209,211,131,2.6794871794871793,0,False,0,1.0,Tc Tc I I I I I I I I I I I I O O O O 0 6 ooo 0 11 o+- 0 2 oo- 0 4 o+o 0 10 ooo 0 7 o+- 1 13 ooo 1 8 +oo 1 3 ooo 1 5 +oo 1 9 ooo 1 12 +oo 6 17 ooo 7 14 ooo 8 15 ooo 9 16 ooo 10 15 ooo 11 16 ooo 12 17 ooo 13 14 ooo
mp-28029,TcP3,124,339,341,215,2.7338709677419355,0,False,0,1.0,Tc Tc Tc Tc P P P P P P P P P P P P 0 11 ooo 0 13 -oo 0 13 ooo 0 4 ooo 0 6 -oo 0 6 ooo 1 10 ooo 1 12 ooo 1 12 +oo 1 5 ooo 1 7 ooo 1 7 +oo 2 9 ooo 2 15 o+o 2 15 ++o 2 6 o+o 2 4 ooo 2 4 +oo 3 8 ooo 3 14 --o 3 14 o-o 3 7 o-o 3 5 -oo 3 5 ooo 4 15 ooo 5 14 ooo 6 13 o-o 7 12 o+o 8 9 -o- 8 9 oo- 8 15 oo- 9 14 oo+ 10 11 o+o 10 11 ++o 10 13 ooo 11 12 ooo
mp-1030505,Te2Mo(WSe2)3,84,230,232,146,2.738095238095238,0,False,0,1.0,Te Te Mo W W W Se Se Se Se Se Se 0 5 o-o 0 5 --o 0 5 ooo 1 5 o-o 1 5 --o 1 5 ooo 2 7 o-o 2 7 --o 2 7 ooo 2 9 o-o 2 9 --o 2 9 ooo 3 10 o-o 3 10 --o 3 10 ooo 3 8 o-o 3 8 ooo 3 8 --o 4 6 o+o 4 6 ooo 4 6 ++o 4 11 o+o 4 11 ooo 4 11 ++o
mp-1080171,Te2Mo(WSe2)3,84,230,232,146,2.738095238095238,0,False,0,1.0,Te Te Mo W W W Se Se Se Se Se Se 0 3 o+o 0 3 ++o 0 3 ooo 1 3 o+o 1 3 ++o 1 3 ooo 2 8 o-o 2 8 --o 2 8 ooo 2 9 o-o 2 9 ooo 2 9 --o 4 10 o+o 4 10 ooo 4 10 ++o 4 6 o+o 4 6 ooo 4 6 ++o 5 7 o+o 5 7 ++o 5 7 ooo 5 11 o+o 5 11 ++o 5 11 ooo
mp-1025956,Te2Mo2W(SeS)2,63,167,169,104,2.6507936507936507,0,False,0,1.0,Te Te Mo Mo W Se Se S S 0 4 -oo 0 4 o+o 0 4 ooo 1 4 -oo 1 4 o+o 1 4 ooo 2 7 -oo 2 7 o+o 2 7 ooo 2 8 -oo 2 8 o+o 2 8 ooo 3 6 -oo 3 6 o+o 3 6 ooo 3 5 -oo 3 5 o+o 3 5 ooo
mp-1028505,Te2Mo3WSe6,84,232,234,148,2.761904761904762,0,False,0,1.0,Te Te Mo Mo Mo W Se Se Se Se Se Se 0 5 +oo 0 5 o-o 0 5 ooo 1 5 +oo 1 5 o-o 1 5 ooo 2 8 -oo 2 8 o+o 2 8 ooo 2 9 -oo 2 9 o+o 2 9 ooo 3 6 +oo 3 6 o-o 3 6 ooo 3 10 o-o 3 10 +oo 3 10 ooo 4 11 +oo 4 11 o-o 4 11 ooo 4 7 o-o 4 7 +oo 4 7 ooo
mp-1023945,Te2MoWSe2,42,112,114,70,2.6666666666666665,0,False,0,1.0,Te Te Mo W Se Se 0 3 +oo 0 3 o-o 0 3 ooo 1 3 +oo 1 3 o-o 1 3 ooo 2 4 +oo 2 4 o-o 2 4 ooo 2 5 o-o 2 5 +oo 2 5 ooo
mp-1028931,Te2MoWSe2,84,231,233,147,2.75,0,False,0,1.0,Te Te Te Te Mo Mo W W Se Se Se Se 0 7 o-o 0 7 ooo 0 7 --o 1 5 o+o 1 5 ooo 1 5 ++o 2 5 o+o 2 5 ooo 2 5 ++o 3 7 o-o 3 7 --o 3 7 ooo 4 9 o-o 4 9 --o 4 9 ooo 4 10 o-o 4 10 ooo 4 10 --o 6 11 o+o 6 11 ooo 6 11 ++o 6 8 o+o 6 8 ooo 6 8 ++o
mp-1029321,Te2MoWSe2,84,231,233,147,2.75,0,False,0,1.0,Te Te Te Te Mo Mo W W Se Se Se Se 0 7 o-o 0 7 --o 0 7 ooo 1 4 o+o 1 4 ooo 1 4 ++o 2 4 o+o 2 4 ooo 2 4 ++o 3 7 o-o 3 7 ooo 3 7 --o 5 9 o-o 5 9 ooo 5 9 --o 5 10 o-o 5 10 --o 5 10 ooo 6 11 o+o 6 11 ++o 6 11 ooo 6 8 o+o 6 8 ++o 6 8 ooo
mp-1030292,Te2MoWSe2,84,231,233,147,2.75,0,False,0,1.0,Te Te Te Te Mo Mo W W Se Se Se Se 0 4 o+o 0 4 ooo 0 4 ++o 1 6 o+o 1 6 ooo 1 6 ++o 2 4 o+o 2 4 ++o 2 4 ooo 3 6 o+o 3 6 ++o 3 6 ooo 5 10 o+o 5 10 ooo 5 10 ++o 5 8 o+o 5 8 ++o 5 8 ooo 7 11 o+o 7 11 ++o 7 11 ooo 7 9 o+o 7 9 ++o 7 9 ooo
mp-484,Te3As2,64,173,175,109,2.703125,0,False,0,1.0,Te Te Te Te Te Te As As As As 0 6 ooo 0 6 -oo 0 8 ooo 1 7 ooo 1 7 +oo 1 9 ooo 2 6 ooo 2 8 ooo 2 8 +oo 3 7 ooo 3 9 ooo 3 9 -oo 4 8 ooo 4 9 -o- 4 9 oo- 5 9 ooo 5 8 +o+ 5 8 oo+
mp-1030447,Te3Mo2Se,84,233,235,149,2.7738095238095237,0,False,0,1.0,Te Te Te Te Te Te Mo Mo Mo Mo Se Se 0 9 -oo 0 9 o+o 0 9 ooo 1 6 +oo 1 6 o-o 1 6 ooo 2 7 +oo 2 7 o-o 2 7 ooo 3 6 o-o 3 6 +oo 3 6 ooo 4 7 o-o 4 7 +oo 4 7 ooo 5 9 -oo 5 9 o+o 5 9 ooo 8 10 o-o 8 10 +oo 8 10 ooo 8 11 +oo 8 11 o-o 8 11 ooo
mp-1030721,Te3Mo2Se,84,233,235,149,2.7738095238095237,0,False,0,1.0,Te Te Te Te Te Te Mo Mo Mo Mo Se Se 0 8 o-o 0 8 ooo 0 8 --o 1 9 o-o 1 9 --o 1 9 ooo 2 7 o+o 2 7 ++o 2 7 ooo 3 7 o+o 3 7 ooo 3 7 ++o 4 8 o-o 4 8 --o 4 8 ooo 5 9 o-o 5 9 ooo 5 9 --o 6 10 o-o 6 10 ooo 6 10 --o 6 11 o-o 6 11 --o 6 11 ooo
mp-1028592,Te3MoWSe,84,231,233,147,2.75,0,False,0,1.0,Te Te Te Te Te Te Mo Mo W W Se Se 0 9 o-o 0 9 --o 0 9 ooo 1 8 o+o 1 8 ooo 1 8 ++o 2 6 o+o 2 6 ooo 2 6 ++o 3 8 o+o 3 8 ++o 3 8 ooo 4 6 o+o 4 6 ooo 4 6 ++o 5 9 o-o 5 9 ooo 5 9 --o 7 10 o+o 7 10 ooo 7 10 ++o 7 11 o+o 7 11 ooo 7 11 ++o
mp-1029236,Te3MoWSe,84,231,233,147,2.75,0,False,0,1.0,Te Te Te Te Te Te Mo Mo W W Se Se 0 8 o-o 0 8 ooo 0 8 --o 1 9 o-o 1 9 --o 1 9 ooo 2 6 o+o 2 6 ooo 2 6 ++o 3 6 o+o 3 6 ooo 3 6 ++o 4 8 o-o 4 8 ooo 4 8 --o 5 9 o-o 5 9 ooo 5 9 --o 7 11 o-o 7 11 --o 7 11 ooo 7 10 o-o 7 10 ooo 7 10 --o
mp-1029252,Te3MoWSe,84,231,233,147,2.75,0,False,0,1.0,Te Te Te Te Te Te Mo Mo W W Se Se 0 7 o-o 0 7 --o 0 7 ooo 1 6 o+o 1 6 ooo 1 6 ++o 2 8 o+o 2 8 ooo 2 8 ++o 3 6 o+o 3 6 ++o 3 6 ooo 4 8 o+o 4 8 ooo 4 8 ++o 5 7 o-o 5 7 ooo 5 7 --o 9 11 o+o 9 11 ++o 9 11 ooo 9 10 o+o 9 10 ooo 9 10 ++o
mp-1030235,Te3MoWSe,84,231,233,147,2.75,0,False,0,1.0,Te Te Te Te Te Te Mo Mo W W Se Se 0 8 o-o 0 8 ooo 0 8 --o 1 9 o-o 1 9 ooo 1 9 --o 2 7 o+o 2 7 ++o 2 7 ooo 3 7 o+o 3 7 ooo 3 7 ++o 4 8 o-o 4 8 --o 4 8 ooo 5 9 o-o 5 9 ooo 5 9 --o 6 10 o-o 6 10 ooo 6 10 --o 6 11 o-o 6 11 --o 6 11 ooo
mp-1025598,Te4Mo(WSe)2,63,168,170,105,2.6666666666666665,0,False,0,1.0,Te Te Te Te Mo W W Se Se 0 4 o+o 0 4 -oo 0 4 ooo 1 6 o-o 1 6 +oo 1 6 ooo 2 6 +oo 2 6 o-o 2 6 ooo 3 4 -oo 3 4 o+o 3 4 ooo 5 8 -oo 5 8 o+o 5 8 ooo 5 7 -oo 5 7 o+o 5 7 ooo
mp-1025682,Te4Mo(WSe)2,63,168,170,105,2.6666666666666665,0,False,0,1.0,Te Te Te Te Mo W W Se Se 0 4 o+o 0 4 ooo 0 4 ++o 1 5 o+o 1 5 ooo 1 5 ++o 2 4 o+o 2 4 ooo 2 4 ++o 3 5 o+o 3 5 ooo 3 5 ++o 6 7 o+o 6 7 ooo 6 7 ++o 6 8 o+o 6 8 ++o 6 8 ooo
mp-1025732,Te4Mo(WSe)2,63,168,170,105,2.6666666666666665,0,False,0,1.0,Te Te Te Te Mo W W Se Se 0 6 o-o 0 6 --o 0 6 ooo 1 4 o+o 1 4 ++o 1 4 ooo 2 4 o+o 2 4 ooo 2 4 ++o 3 6 o-o 3 6 --o 3 6 ooo 5 8 o-o 5 8 ooo 5 8 --o 5 7 o-o 5 7 ooo 5 7 --o
mp-1025664,Te4Mo2WSe2,63,169,171,106,2.6825396825396823,0,False,0,1.0,Te Te Te Te Mo Mo W Se Se 0 5 o-o 0 5 ooo 0 5 --o 1 4 o+o 1 4 ++o 1 4 ooo 2 4 o+o 2 4 ++o 2 4 ooo 3 5 o-o 3 5 ooo 3 5 --o 6 7 o-o 6 7 ooo 6 7 --o 6 8 o-o 6 8 --o 6 8 ooo
mp-1025675,Te4Mo2WSe2,63,169,171,106,2.6825396825396823,0,False,0,1.0,Te Te Te Te Mo Mo W Se Se 0 4 o-o 0 4 +oo 0 4 ooo 1 5 o-o 1 5 +oo 1 5 ooo 2 4 o-o 2 4 +oo 2 4 ooo 3 5 o-o 3 5 +oo 3 5 ooo 6 7 o-o 6 7 +oo 6 7 ooo 6 8 o-- 6 8 +o- 6 8 oo-
mp-1025733,Te4Mo3Se2,63,170,172,107,2.6984126984126986,0,False,0,1.0,Te Te Te Te Mo Mo Mo Se Se 0 6 o-o 0 6 --o 0 6 ooo 1 5 o+o 1 5 ++o 1 5 ooo 2 5 o+o 2 5 ++o 2 5 ooo 3 6 o-o 3 6 ooo 3 6 --o 4 8 o-o 4 8 ooo 4 8 --o 4 7 o-o 4 7 --o 4 7 ooo
mp-1030616,Te4Mo3WSe4,84,232,234,148,2.761904761904762,0,False,0,1.0,Te Te Te Te Mo Mo Mo W Se Se Se Se 0 5 o-o 0 5 ooo 0 5 --o 1 7 o+o 1 7 ooo 1 7 ++o 2 7 o+o 2 7 ooo 2 7 ++o 3 5 o-o 3 5 ooo 3 5 --o 4 9 o-o 4 9 --o 4 9 ooo 4 10 o-o 4 10 --o 4 10 ooo 6 8 o+o 6 8 ++o 6 8 ooo 6 11 o+o 6 11 ooo 6 11 ++o
mp-1028851,Te4MoW3Se4,84,230,232,146,2.738095238095238,0,False,0,1.0,Te Te Te Te Mo W W W Se Se Se Se 0 7 o+o 0 7 -oo 0 7 ooo 1 6 +oo 1 6 o-o 1 6 ooo 2 6 +oo 2 6 o-o 2 6 ooo 3 7 -oo 3 7 o+o 3 7 ooo 4 8 +oo 4 8 o-o 4 8 ooo 4 11 o-o 4 11 +oo 4 11 ooo 5 10 o+o 5 10 -oo 5 10 ooo 5 9 -oo 5 9 o+o 5 9 ooo
mp-1029264,Te4MoW3Se4,84,230,232,146,2.738095238095238,0,False,0,1.0,Te Te Te Te Mo W W W Se Se Se Se 0 7 o-o 0 7 --o 0 7 ooo 1 4 o+o 1 4 ooo 1 4 ++o 2 4 o+o 2 4 ++o 2 4 ooo 3 7 o-o 3 7 --o 3 7 ooo 5 9 o-o 5 9 ooo 5 9 --o 5 10 o-o 5 10 ooo 5 10 --o 6 8 o+o 6 8 ooo 6 8 ++o 6 11 o+o 6 11 ooo 6 11 ++o
mp-1217406,Te4Pb5Se,100,269,271,169,2.69,0,False,0,1.0,Te Te Te Te Pb Pb Pb Pb Pb Se 0 5 o+o 0 5 +++ 0 5 oo- 0 5 +oo 0 8 ++o 0 6 ooo 1 6 oo+ 1 6 -oo 1 6 --- 1 6 o-o 1 4 ooo 1 5 ooo 2 4 o+o 2 4 oo- 2 4 +++ 2 4 +oo 2 6 ooo 2 7 ooo 3 7 o-o 3 7 -oo 3 7 --- 3 7 oo+ 3 8 ooo 3 4 ooo 5 9 ooo 7 9 ooo 8 9 --- 8 9 o-o 8 9 -oo 8 9 oo+
mp-1026350,Te4W3Se2,63,167,169,104,2.6507936507936507,0,False,0,1.0,Te Te Te Te W W W Se Se 0 6 o-o 0 6 ooo 0 6 --o 1 5 o+o 1 5 ooo 1 5 ++o 2 5 o+o 2 5 ++o 2 5 ooo 3 6 o-o 3 6 ooo 3 6 --o 4 7 o-o 4 7 ooo 4 7 --o 4 8 o-o 4 8 --o 4 8 ooo
mp-1026356,Te4W3Se2,63,167,169,104,2.6507936507936507,0,False,0,1.0,Te Te Te Te W W W Se Se 0 4 o+o 0 4 ++o 0 4 ooo 1 5 o+o 1 5 ++o 1 5 ooo 2 4 o+o 2 4 ooo 2 4 ++o 3 5 o+o 3 5 ++o 3 5 ooo 6 8 o+- 6 8 oo- 6 8 ++- 6 7 o+o 6 7 ++o 6 7 ooo
mp-1029143,Te6Mo3WSe2,84,232,234,148,2.761904761904762,0,False,0,1.0,Te Te Te Te Te Te Mo Mo Mo W Se Se 0 8 o-o 0 8 ooo 0 8 --o 1 6 o+o 1 6 ++o 1 6 ooo 2 9 o+o 2 9 ++o 2 9 ooo 3 6 o+o 3 6 ++o 3 6 ooo 4 9 o+o 4 9 ++o 4 9 ooo 5 8 o-o 5 8 ooo 5 8 --o 7 11 o+o 7 11 ooo 7 11 ++o 7 10 o+o 7 10 ooo 7 10 ++o
mp-1030194,Te6Mo3WSe2,84,232,234,148,2.761904761904762,0,False,0,1.0,Te Te Te Te Te Te Mo Mo Mo W Se Se 0 9 o+o 0 9 -oo 0 9 ooo 1 8 -oo 1 8 o+o 1 8 ooo 2 7 o-o 2 7 +oo 2 7 ooo 3 7 o-o 3 7 +oo 3 7 ooo 4 9 -oo 4 9 o+o 4 9 ooo 5 8 -oo 5 8 o+o 5 8 ooo 6 10 -oo 6 10 o+o 6 10 ooo 6 11 -oo 6 11 o+o 6 11 ooo
mp-1030577,Te6Mo3WSe2,84,232,234,148,2.761904761904762,0,False,0,1.0,Te Te Te Te Te Te Mo Mo Mo W Se Se 0 8 o+o 0 8 -oo 0 8 ooo 1 9 -oo 1 9 o+o 1 9 ooo 2 7 +oo 2 7 o-o 2 7 ooo 3 7 o-o 3 7 +oo 3 7 ooo 4 8 o+o 4 8 -oo 4 8 ooo 5 9 -oo 5 9 o+o 5 9 ooo 6 11 -oo 6 11 o+o 6 11 ooo 6 10 o+o 6 10 -oo 6 10 ooo
mp-1030614,Te6Mo3WSe2,84,232,234,148,2.761904761904762,0,False,0,1.0,Te Te Te Te Te Te Mo Mo Mo W Se Se 0 7 o-o 0 7 --o 0 7 ooo 1 8 o-o 1 8 --o 1 8 ooo 2 9 o+o 2 9 ++o 2 9 ooo 3 9 o+o 3 9 ooo 3 9 ++o 4 7 o-o 4 7 --o 4 7 ooo 5 8 o-o 5 8 --o 5 8 ooo 6 10 o-o 6 10 ooo 6 10 --o 6 11 o-o 6 11 ooo 6 11 --o
mp-1028433,Te6MoW3Se2,84,230,232,146,2.738095238095238,0,False,0,1.0,Te Te Te Te Te Te Mo W W W Se Se 0 8 o-o 0 8 --o 0 8 ooo 1 9 o-o 1 9 ooo 1 9 --o 2 6 o+o 2 6 ++o 2 6 ooo 3 6 o+o 3 6 ooo 3 6 ++o 4 8 o-o 4 8 --o 4 8 ooo 5 9 o-o 5 9 ooo 5 9 --o 7 10 o-o 7 10 ooo 7 10 --o 7 11 o-o 7 11 --o 7 11 ooo
mp-1028595,Te6MoW3Se2,84,230,232,146,2.738095238095238,0,False,0,1.0,Te Te Te Te Te Te Mo W W W Se Se 0 9 -oo 0 9 o+o 0 9 ooo 1 7 +oo 1 7 o-o 1 7 ooo 2 8 +oo 2 8 o-o 2 8 ooo 3 7 o-o 3 7 +oo 3 7 ooo 4 8 +oo 4 8 o-o 4 8 ooo 5 9 o+o 5 9 -oo 5 9 ooo 6 10 +oo 6 10 o-o 6 10 ooo 6 11 o-o 6 11 +oo 6 11 ooo
mp-1028646,Te6MoW3Se2,84,230,232,146,2.738095238095238,0,False,0,1.0,Te Te Te Te Te Te Mo W W W Se Se 0 6 -oo 0 6 o+o 0 6 ooo 1 9 -oo 1 9 o+o 1 9 ooo 2 8 +oo 2 8 o-o 2 8 ooo 3 8 o-o 3 8 +oo 3 8 ooo 4 6 -oo 4 6 o+o 4 6 ooo 5 9 -oo 5 9 o+o 5 9 ooo 7 10 -oo 7 10 o+o 7 10 ooo 7 11 -oo 7 11 o+o 7 11 ooo
mp-1030448,Te6MoW3Se2,84,230,232,146,2.738095238095238,0,False,0,1.0,Te Te Te Te Te Te Mo W W W Se Se 0 8 o-o 0 8 --o 0 8 ooo 1 9 o-o 1 9 --o 1 9 ooo 2 7 o+o 2 7 ooo 2 7 ++o 3 7 o+o 3 7 ooo 3 7 ++o 4 8 o-o 4 8 ooo 4 8 --o 5 9 o-o 5 9 ooo 5 9 --o 6 10 o-o 6 10 ooo 6 10 --o 6 11 o-o 6 11 ooo 6 11 --o
mp-541032,Te7As5I,76,214,216,138,2.8157894736842106,0,False,0,1.0,Te Te Te Te Te Te Te As As As As As I 0 8 ooo 0 9 +oo 0 9 o+o 1 9 ++o 1 10 o+o 1 10 +oo 2 11 -oo 2 11 o-o 2 10 ooo 3 11 ooo 3 10 +oo 3 10 o+o 4 10 ooo 4 9 o+o 4 9 +oo 5 8 -oo 5 8 o-o 5 9 ooo 6 7 o-o 6 7 -oo 7 12 ooo
mp-1217334,TeMo2S3,42,110,112,68,2.619047619047619,0,False,0,1.0,Te Mo Mo S S S 0 2 ooo 0 2 o-o 0 2 -oo 1 3 o-o 1 3 ooo 1 3 -oo 1 4 o-o 1 4 -oo 1 4 ooo 2 5 o+o 2 5 ooo 2 5 +oo
mp-1023948,TeMoSe,42,113,115,71,2.6904761904761907,0,False,0,1.0,Te Te Mo Mo Se Se 0 3 o+o 0 3 -oo 0 3 ooo 1 3 -oo 1 3 o+o 1 3 ooo 2 4 -oo 2 4 o+o 2 4 ooo 2 5 -oo 2 5 o+o 2 5 ooo
mp-1400848,TeO3,38,97,99,59,2.5526315789473686,0,False,0,1.0,Te Te O O O O O O 0 3 ooo 0 4 ooo 0 7 +oo 0 7 ooo 0 7 ++o 1 2 ooo 1 5 ooo 1 6 o+o 1 6 ++o 1 6 ooo
mp-1208290,TePOs,96,267,269,171,2.78125,0,False,0,1.0,Te Te Te Te P P P P Os Os Os Os 0 4 ooo 0 11 ooo 0 8 +oo 0 10 o+o 1 5 ooo 1 10 ooo 1 9 -oo 1 11 o-o 2 6 -oo 2 9 -o+ 2 10 ooo 2 8 o-o 3 7 +oo 3 8 +o- 3 11 ooo 3 9 o+o 4 8 ooo 4 11 oo+ 4 10 ooo 5 9 ooo 5 10 oo- 5 11 ooo 6 10 ooo 6 9 ooo 6 8 +oo 7 11 ooo 7 8 ooo 7 9 -oo
mp-2458827,TePdI2,56,147,149,91,2.625,0,False,0,1.0,Te Te Pd Pd I I I I 0 7 -oo 0 7 ooo 0 2 ooo 0 3 -o- 0 3 oo- 1 5 +oo 1 5 ooo 1 3 ooo 1 2 +o+ 1 2 oo+ 2 4 oo- 2 6 o-o 2 6 --o 3 6 oo+ 3 4 o+o 3 4 ++o
mp-1023943,TeWSe,42,111,113,69,2.642857142857143,0,False,0,1.0,Te Te W W Se Se 0 3 o+o 0 3 -oo 0 3 ooo 1 3 -oo 1 3 o+o 1 3 ooo 2 4 o+o 2 4 -oo 2 4 ooo 2 5 -oo 2 5 o+o 2 5 ooo
mp-1189150,Th(As3Os)4,161,462,464,301,2.869565217391304,0,False,0,1.0,Th As As As As As As As As As As As As Os Os Os Os 0 3 --- 0 7 --- 0 4 ooo 0 12 ooo 0 11 --- 0 8 ooo 0 1 oo- 0 10 o-- 0 9 -oo 0 5 o-o 0 6 -o- 0 2 --o 1 14 oo+ 1 13 ooo 1 4 oo+ 1 3 ooo 2 14 o+o 2 13 ++o 2 3 oo- 2 4 ooo 3 16 ooo 3 15 +o+ 4 16 ooo 4 15 ooo 5 13 o+o 5 15 ooo 5 8 o+o 5 7 ooo 6 13 +oo 6 15 +o+ 6 7 o-o 6 8 ooo 7 16 ooo 7 14 o++ 8 16 ooo 8 14 ooo 9 15 +oo 9 14 ooo 9 12 +oo 9 11 ooo 10 15 oo+ 10 14 o++ 10 11 -oo 10 12 ooo 11 16 ooo 11 13 ++o 12 16 ooo 12 13 ooo
mp-1105961,ThTaN3,188,533,535,345,2.8351063829787235,0,True,23,0.9568480300187617,Th Th Th Th Ta Ta Ta Ta N N N N N N N N N N N N 0 9 ooo 0 13 ooo 0 19 ooo 0 8 ooo 0 12 ooo 0 18 ooo 0 15 oo- 0 17 ooo 1 8 +-o 1 12 o-o 1 18 o-o 1 9 +oo 1 19 ooo 1 13 ooo 1 16 +o- 1 14 +oo 2 11 ooo 2 17 ooo 2 15 ooo 2 10 ooo 2 14 ooo 2 16 ooo 2 13 ooo 2 19 oo+ 3 10 -+o 3 14 o+o 3 16 o+o 3 11 -oo 3 17 ooo 3 15 ooo 3 12 -o+ 3 18 -oo 4 15 oo- 4 19 -oo 4 11 -o- 4 9 ooo 4 12 -oo 4 16 oo- 5 18 o-o 5 14 ooo 5 8 o-o 5 10 ooo 5 17 o-o 5 13 ooo 6 17 ooo 6 13 -oo 6 11 -oo 6 9 ooo 6 18 -oo 6 14 ooo 7 12 o-o 7 16 oo- 7 8 o-o 7 10 oo- 7 15 o-- 7 19 ooo
mp-1187536,ThTaN3,76,199,201,123,2.6184210526315788,0,False,0,1.0,Th Th Ta Ta N N N N N N 0 5 oo+ 0 7 ooo 0 8 oo+ 0 9 --o 0 6 -o+ 1 4 oo- 1 8 +oo 1 7 ++o 1 6 ooo 1 9 ooo 2 9 o-o 2 6 oo+ 2 8 o-o 2 7 ooo 2 4 o-o 2 5 ooo 3 9 -oo 3 6 -oo 3 8 oo+ 3 7 ooo 3 5 -oo 3 4 ooo
mp-1246160,Ti(InN)4,114,325,327,211,2.8508771929824563,0,False,0,1.0,Ti Ti In In In In In In In In N N N N N N N N 0 14 ooo 0 10 ooo 0 17 o+o 0 12 ooo 1 15 ooo 1 11 ooo 1 16 o-o 1 13 ooo 2 11 +oo 2 12 oo- 2 15 o+o 3 10 -oo 3 13 oo+ 3 14 o-o 4 13 +o+ 4 15 oo+ 4 12 o-o 5 12 -o- 5 14 oo- 5 13 o+o 6 16 ooo 6 10 ooo 6 17 ooo 6 11 +oo 7 17 ooo 7 11 ooo 7 16 ooo 7 10 -oo 8 16 ooo 8 14 ooo 9 17 ooo 9 15 ooo
mp-776387,Ti2N2O,164,461,463,297,2.8109756097560976,0,False,0,1.0,Ti Ti Ti Ti Ti Ti Ti Ti N N N N N N N N O O O O 0 17 o+o 0 17 +oo 0 18 o+o 0 18 +oo 0 8 ooo 0 16 oo+ 1 8 --o 1 10 ooo 1 15 -oo 1 15 o-o 1 13 -oo 1 13 o-o 2 10 ooo 2 14 o-o 2 14 -oo 2 12 o-o 2 12 -oo 2 11 ooo 3 9 ++o 3 14 ooo 3 11 +oo 3 11 o+o 3 12 o+o 3 12 +oo 4 16 -oo 4 16 o-o 4 19 -oo 4 19 o-o 4 9 ooo 4 17 oo- 5 18 ooo 5 8 -oo 5 8 o-o 5 15 o-o 5 15 -oo 5 13 ooo 6 14 ooo 6 10 o+o 6 10 +oo 6 13 +oo 6 13 o+o 6 15 ooo 7 19 ooo 7 9 o+o 7 9 +oo 7 11 +oo 7 11 o+o 7 12 ooo
mp-1179268,Ti2O3,58,151,153,93,2.603448275862069,0,False,0,1.0,Ti Ti Ti Ti O O O O O O 0 8 ooo 0 4 o-o 0 9 oo- 0 6 o-o 1 5 ooo 1 7 o+o 1 6 oo+ 1 9 o+o 2 5 -+o 2 9 ooo 2 4 oo+ 2 7 ooo 3 8 +-o 3 6 ooo 3 7 oo- 3 4 ooo
mp-1217186,Ti3Sn5S12,134,377,379,243,2.8134328358208953,0,False,0,1.0,Ti Ti Ti Sn Sn Sn Sn Sn S S S S S S S S S S S S 0 13 ooo 0 19 oo+ 0 9 -o+ 0 9 oo+ 0 17 o-o 0 17 --o 1 14 ooo 1 10 ooo 1 10 +oo 1 18 ooo 1 18 +oo 1 16 ooo 2 17 oo- 2 11 +o- 2 11 oo- 2 15 ooo 2 19 o+o 2 19 ++o 3 12 ooo 3 12 +oo 3 8 ooo 3 17 ooo 4 13 +oo 4 13 ooo 4 9 oo+ 5 14 -oo 5 14 ooo 5 10 ooo 6 15 -oo 6 15 ooo 6 11 oo- 6 18 ooo 7 8 -oo 7 8 ooo 7 12 ooo 7 16 -oo 7 16 ooo 7 18 ooo
mp-1096760,TiAlIr2,16,43,45,27,2.6875,0,False,0,1.0,Ti Al Ir Ir 0 2 ooo 0 3 ooo 1 2 ooo 1 3 o--
mp-1208230,TiC2(NF)6,51,129,131,78,2.5294117647058822,0,False,0,1.0,Ti C C N N N N N N F F F F F F 0 9 oo+ 0 10 ooo 0 13 ooo 0 14 ooo 0 11 ooo 0 12 ooo 1 8 ooo 1 3 ooo 1 4 ooo 2 5 o-- 2 7 o-o 2 6 ooo
mp-1095949,TiCdAu2,16,43,45,27,2.6875,0,False,0,1.0,Ti Cd Au Au 0 2 ooo 0 3 o-- 1 3 ooo 1 2 ooo
mp-1097444,TiCdRh2,16,43,45,27,2.6875,0,False,0,1.0,Ti Cd Rh Rh 0 3 o-- 0 2 ooo 1 3 ooo 1 2 ooo
mp-2017901,TiCl3,88,235,237,147,2.6704545454545454,0,False,0,1.0,Ti Ti Ti Ti Cl Cl Cl Cl Cl Cl Cl Cl Cl Cl Cl Cl 0 10 o+o 0 14 ooo 0 12 o+o 0 7 ++o 0 11 ooo 0 9 ++o 1 11 ooo 1 12 ooo 1 14 ooo 1 7 ooo 1 10 ooo 1 9 ooo 2 13 o-o 2 5 +oo 2 4 o-o 2 8 +-o 2 6 +oo 2 15 +-o 3 6 ooo 3 4 ooo 3 5 ooo 3 8 ooo 3 13 ooo 3 15 ooo
mp-755606,TiCrO3,164,463,465,299,2.823170731707317,0,False,0,1.0,Ti Ti Ti Ti Cr Cr Cr Cr O O O O O O O O O O O O 0 17 ooo 0 10 oo- 0 12 oo- 0 15 ooo 0 8 ooo 0 19 oo- 1 9 ooo 1 18 ooo 1 11 ooo 1 16 ooo 1 19 ooo 1 8 ooo 2 15 ooo 2 12 --- 2 17 o-o 2 10 -o- 2 14 oo- 2 13 --o 3 16 ooo 3 11 --o 3 9 -oo 3 18 o-o 3 14 ooo 3 13 --o 4 14 o+o 4 19 ooo 4 10 o+o 4 9 o+o 4 12 ooo 4 11 ooo 5 19 +oo 5 14 +oo 5 12 ooo 5 11 ooo 5 10 ooo 5 9 ooo 6 8 -oo 6 13 -oo 6 16 ooo 6 15 ooo 6 18 ooo 6 17 ooo 7 13 o-o 7 8 ooo 7 18 o-o 7 17 o-o 7 16 ooo 7 15 ooo
mp-282,TiF2,27,70,72,43,2.5925925925925926,0,False,0,1.0,Ti F F 0 2 o-o 0 2 oo- 0 2 ooo 0 2 -oo 0 1 --o 0 1 -o- 0 1 --- 0 1 o--
mp-866141,TiFe2Si,70,187,189,117,2.6714285714285713,0,False,0,1.0,Ti Fe Fe Si 0 1 o++ 0 1 +o+ 0 1 ++o 0 1 +++ 0 2 +oo 0 2 o+o 0 2 oo+ 0 2 ooo 0 3 o+o 0 3 oo+ 0 3 +oo 0 3 o++ 0 3 +o+ 0 3 ++o 1 3 oo- 1 3 o-o 1 3 -oo 1 3 ooo 2 3 oo+ 2 3 o+o 2 3 +oo 2 3 ooo
mp-1278941,TiFeO4,84,225,227,141,2.6785714285714284,0,False,0,1.0,Ti Ti Fe Fe O O O O O O O O 0 10 ooo 0 9 ooo 0 8 ooo 0 11 ooo 0 6 ooo 0 4 ooo 1 10 +oo 1 9 +o- 1 11 oo- 1 8 ooo 1 5 ooo 1 7 oo- 2 5 o+o 2 7 ooo 2 6 ooo 2 4 o+o 2 11 ooo 2 8 o+o 3 6 o-o 3 4 oo- 3 5 -oo 3 7 --- 3 9 oo- 3 10 o-o
mp-1105715,TiGeS3,128,359,361,231,2.8046875,0,False,0,1.0,Ti Ti Ti Ti Ge Ge Ge Ge S S S S S S S S S S S S 0 10 oo+ 0 16 +o+ 0 16 oo+ 0 12 ooo 0 8 +oo 0 8 ooo 1 11 ooo 1 17 +oo 1 17 ooo 1 13 ooo 1 9 o+o 1 9 ++o 2 8 oo- 2 18 oo- 2 18 -o- 2 14 ooo 2 10 ooo 2 10 -oo 3 9 ooo 3 19 -oo 3 19 ooo 3 15 ooo 3 11 --o 3 11 o-o 4 12 ooo 4 12 -oo 4 16 oo+ 5 13 ooo 5 13 -oo 5 17 ooo 6 14 ooo 6 14 +oo 6 18 oo- 7 15 ooo 7 15 +oo 7 19 ooo
mp-574169,TiGeTe6,100,282,284,182,2.82,0,False,0,1.0,Ti Ti Ge Ge Te Te Te Te Te Te Te Te Te Te Te Te 0 3 ooo 0 13 +oo 0 13 ooo 0 9 ooo 0 8 ++o 0 8 o+o 0 15 +oo 0 15 ooo 1 2 ooo 1 14 -oo 1 14 ooo 1 6 ooo 1 4 --o 1 4 o-o 1 7 -oo 1 7 ooo 2 12 o-o 2 12 --o 2 11 ooo 3 11 o+o 3 11 ++o 3 12 ooo 5 9 ooo 5 9 -oo 5 13 ooo 6 10 ooo 6 10 -oo 10 14 ooo
mp-1104830,TiNi(OF)6,50,127,129,77,2.54,0,False,0,1.0,Ti Ni O O O O O O F F F F F F 0 12 -oo 0 9 o-- 0 13 oo- 0 10 --o 0 11 o-o 0 8 -o- 1 3 ooo 1 6 ooo 1 2 ooo 1 5 ooo 1 4 ooo 1 7 ooo
mp-924130,TiNiSn,45,120,122,75,2.6666666666666665,0,False,0,1.0,Ti Ni Sn 0 1 ooo 0 1 +-o 0 1 +o- 0 1 +oo 0 2 +-o 0 2 o-o 0 2 ooo 0 2 +o- 0 2 oo- 0 2 +-- 1 2 ooo 1 2 o-o 1 2 oo- 1 2 -oo
mp-961659,TiSiPd,45,120,122,75,2.6666666666666665,0,False,0,1.0,Ti Si Pd 0 2 oo- 0 2 o-o 0 2 -oo 0 2 ooo 0 1 +oo 0 1 o+o 0 1 ++o 0 1 oo+ 0 1 +o+ 0 1 o++ 1 2 -o- 1 2 --- 1 2 o-- 1 2 --o
mp-961646,TiTeOs,45,120,122,75,2.6666666666666665,0,False,0,1.0,Ti Te Os 0 2 -oo 0 2 ooo 0 2 oo- 0 2 o-o 0 1 o++ 0 1 +o+ 0 1 ++o 0 1 oo+ 0 1 o+o 0 1 +oo 1 2 o-- 1 2 --- 1 2 -o- 1 2 --o
mp-755715,TiV3O8,84,223,225,139,2.6547619047619047,0,False,0,1.0,Ti V V V O O O O O O O O 0 9 ooo 0 8 ooo 0 5 o-o 0 5 +oo 0 11 ooo 0 10 ooo 1 8 ooo 1 11 -oo 1 11 o+o 1 6 oo- 1 7 ooo 1 5 ooo 2 7 ooo 2 9 oo+ 2 4 o-o 2 4 +oo 2 10 ooo 2 8 ooo 3 6 ooo 3 4 ooo 3 10 o+o 3 10 -oo 3 7 ooo 3 5 ooo
mp-2224111,TiVO4,42,108,110,66,2.5714285714285716,0,False,0,1.0,Ti V O O O O 0 3 +o+ 0 3 ooo 0 4 ooo 0 5 o-o 0 5 oo+ 0 2 ooo 1 2 o+- 1 2 ++o 1 5 ooo 1 4 o+o 1 4 oo- 1 3 ++o
mp-1216579,Tl2BiSbTe4,80,215,217,135,2.6875,0,False,0,1.0,Tl Tl Bi Sb Te Te Te Te 0 4 ooo 0 4 -oo 0 6 ooo 0 6 -oo 0 7 ooo 0 5 ooo 1 7 +-o 1 7 o-o 1 5 ooo 1 5 +oo 1 6 ooo 1 4 o-o 2 6 -o- 2 6 oo- 2 4 o-o 2 4 --o 2 5 ooo 2 7 o-- 3 4 ooo 3 6 oo- 3 5 +oo 3 5 ooo 3 7 +o- 3 7 oo-
mp-568890,Tl2CdGeTe4,32,87,89,55,2.71875,0,False,0,1.0,Tl Tl Cd Ge Te Te Te Te 2 7 ooo 2 4 ooo 2 5 ooo 2 6 oo- 3 7 ooo 3 6 oo- 3 4 --o 3 5 --o
mp-570076,Tl2CdSnTe4,32,87,89,55,2.71875,0,False,0,1.0,Tl Tl Cd Sn Te Te Te Te 2 7 oo- 2 4 ooo 2 6 ooo 2 5 ooo 3 4 ooo 3 7 oo- 3 5 --o 3 6 --o
mp-1216595,Tl2SeS,32,85,87,53,2.65625,0,False,0,1.0,Tl Tl Tl Tl Se Se S S 2 7 ooo 2 6 oo- 2 5 ooo 2 4 o-o 3 6 ooo 3 7 oo+ 3 4 ooo 3 5 o+o
mp-28921,Tl5Se2Br,124,353,355,229,2.846774193548387,0,False,0,1.0,Tl Tl Tl Tl Tl Tl Tl Tl Tl Tl Se Se Se Se Br Br 0 12 oo+ 0 13 o-+ 0 10 oo+ 1 13 oo+ 1 12 oo+ 1 11 -o+ 2 10 oo+ 2 11 oo+ 2 12 +o+ 3 10 ooo 3 11 ooo 3 12 +oo 4 11 oo+ 4 13 oo+ 4 10 o++ 5 11 ooo 5 10 o+o 5 13 ooo 6 12 ooo 6 10 ooo 6 13 o-o 7 13 ooo 7 12 ooo 7 11 -oo 8 14 ooo 8 15 oo- 8 13 ooo 8 10 ooo 8 12 ooo 8 11 ooo 9 15 ooo 9 14 --- 9 11 --o 9 12 ooo 9 10 -oo 9 13 o-o
mp-1093545,TlAgPd2,16,43,45,27,2.6875,0,False,0,1.0,Tl Ag Pd Pd 0 2 ooo 0 3 ooo 1 3 o-- 1 2 ooo
mp-554310,TlBiS2,40,105,107,65,2.625,0,False,0,1.0,Tl Bi S S 0 2 -oo 0 2 o-o 0 2 oo- 0 3 o+o 0 3 +oo 0 3 oo+ 1 2 -o- 1 2 o-- 1 2 --o 1 3 -oo 1 3 o-o 1 3 oo-
mp-27438,TlBiTe2,40,107,109,67,2.675,0,False,0,1.0,Tl Bi Te Te 0 3 o+o 0 3 +oo 0 3 oo+ 0 2 -oo 0 2 o-o 0 2 oo- 1 2 o-- 1 2 -o- 1 2 --o 1 3 -oo 1 3 o-o 1 3 oo-
mp-755788,TlCoO3,82,215,217,133,2.6219512195121952,0,False,0,1.0,Tl Tl Co Co O O O O O O 0 6 oo+ 0 5 o+o 0 4 +oo 0 8 +oo 0 7 o+o 0 9 oo+ 1 7 oo- 1 8 o-o 1 9 -oo 1 5 -oo 1 6 o-o 1 4 oo- 2 9 oo+ 2 8 +oo 2 7 o+o 2 6 ooo 2 5 ooo 2 4 ooo 3 4 oo- 3 5 -oo 3 6 o-o 3 7 ooo 3 8 ooo 3 9 ooo
mp-1105306,TlCrO3,188,533,535,345,2.8351063829787235,0,True,23,0.9568480300187617,Tl Tl Tl Tl Cr Cr Cr Cr O O O O O O O O O O O O 0 19 ooo 0 13 ooo 0 9 ooo 0 8 ooo 0 18 ooo 0 12 ooo 0 17 ooo 0 15 oo- 1 12 o-o 1 18 o-o 1 8 +-o 1 9 +oo 1 19 ooo 1 13 ooo 1 14 +oo 1 16 +o- 2 15 ooo 2 17 ooo 2 11 ooo 2 10 ooo 2 16 ooo 2 14 ooo 2 19 oo+ 2 13 ooo 3 16 o+o 3 14 o+o 3 10 -+o 3 11 -oo 3 15 ooo 3 17 ooo 3 12 -o+ 3 18 -oo 4 16 oo- 4 12 -oo 4 19 -oo 4 15 oo- 4 9 ooo 4 11 -o- 5 17 o-o 5 13 ooo 5 18 o-o 5 14 ooo 5 10 ooo 5 8 o-o 6 14 ooo 6 18 -oo 6 17 ooo 6 13 -oo 6 9 ooo 6 11 -oo 7 15 o-- 7 19 ooo 7 12 o-o 7 16 oo- 7 10 oo- 7 8 o-o
mp-13829,TlCu3S2,60,167,169,107,2.783333333333333,0,False,0,1.0,Tl Tl Cu Cu Cu Cu Cu Cu S S S S 2 9 o+o 2 10 -oo 2 10 ooo 3 11 ooo 3 8 ooo 4 9 ooo 4 9 -oo 4 11 ooo 5 8 ooo 5 8 +oo 5 10 ooo 6 10 ooo 6 9 ooo 7 8 o-o 7 11 +oo 7 11 ooo
mp-1100994,TlCu7Se4,111,313,315,202,2.81981981981982,0,False,0,1.0,Tl Cu Cu Cu Cu Cu Cu Cu Se Se Se Se 0 8 ++o 0 8 o+o 0 10 ooo 0 11 +o- 1 8 ooo 1 9 ooo 1 9 -oo 1 5 -oo 1 5 ooo 2 8 o+o 2 11 ooo 2 11 -oo 2 10 ooo 2 5 -+o 2 5 o+o 3 9 ooo 3 11 ooo 3 11 -oo 4 10 ooo 4 8 +oo 4 8 ooo 4 5 ooo 5 11 o-o 5 9 ooo 5 8 +oo 5 8 ooo 6 10 oo+ 6 9 ooo 6 9 +oo 6 11 ooo 7 10 -oo 7 10 ooo 7 11 -oo
mp-1105457,TlCuCl3,140,391,393,251,2.7928571428571427,0,False,0,1.0,Tl Tl Tl Tl Cu Cu Cu Cu Cl Cl Cl Cl Cl Cl Cl Cl Cl Cl Cl Cl 0 8 o+o 0 14 ooo 0 14 -oo 0 11 -oo 0 12 o+o 1 9 ooo 1 15 ooo 1 15 +oo 1 10 +oo 1 13 oo- 2 10 o-o 2 12 ooo 2 12 +oo 2 9 +oo 2 14 o-o 3 11 ooo 3 13 ooo 3 13 -oo 3 8 -oo 3 15 oo+ 4 8 ooo 4 12 ooo 4 12 +oo 4 18 ooo 4 16 +oo 5 9 ooo 5 13 oo- 5 13 -o- 5 19 oo- 5 17 --o 6 10 ooo 6 14 ooo 6 14 -oo 6 16 ooo 6 18 -oo 7 11 ooo 7 15 oo+ 7 15 +o+ 7 17 oo+ 7 19 ++o
mp-690725,TlCuHSO5,90,243,245,153,2.7,0,False,0,1.0,Tl Tl Cu Cu H H S S O O O O O O O O O O 0 8 ooo 1 9 ooo 2 8 o-o 2 9 oo- 2 17 o-o 2 16 oo- 2 12 ooo 2 10 o-- 3 8 o-o 3 9 -o- 3 17 --o 3 16 oo- 3 11 -oo 3 13 o-- 4 8 ooo 5 9 ooo 6 10 ooo 6 13 ooo 6 14 ooo 6 16 ooo 7 11 ooo 7 12 ooo 7 15 ooo 7 17 ooo
mp-997042,TlCuO2,56,147,149,91,2.625,0,False,0,1.0,Tl Tl Cu Cu O O O O 0 4 +o- 0 7 oo- 0 5 o+o 0 6 o+o 1 6 oo+ 1 5 -o+ 1 7 o-o 1 4 o-o 2 7 ooo 2 4 ooo 2 6 o+o 2 5 -+o 3 5 ooo 3 6 ooo 3 4 +-o 3 7 o-o
mp-1096374,TlCuPd2,16,43,45,27,2.6875,0,False,0,1.0,Tl Cu Pd Pd 0 2 ooo 0 3 ooo 1 2 ooo 1 3 o--
mp-1216619,TlIn2GaSe4,50,135,137,85,2.7,0,False,0,1.0,Tl In In Ga Se Se Se Se 0 2 o-- 0 2 ooo 0 6 ooo 0 4 oo- 0 7 --o 0 5 --- 1 6 o-o 1 4 ooo 1 5 ooo 1 7 o-o 3 5 oo- 3 7 ooo 3 6 ooo 3 4 oo-
mp-1216567,TlIn3Se4,38,103,105,65,2.710526315789474,0,False,0,1.0,Tl In In In Se Se Se Se 0 3 ooo 0 3 --o 1 4 ooo 1 6 o-o 1 5 ooo 1 7 o-o 2 6 ooo 2 5 -oo 2 7 ooo 2 4 -oo
mp-20042,TlInS2,80,211,213,131,2.6375,0,False,0,1.0,Tl Tl In In S S S S 0 6 +oo 0 6 o-o 0 6 ooo 0 4 +oo 0 4 o-o 0 4 ooo 1 5 -oo 1 5 o+o 1 5 ooo 1 7 -oo 1 7 o+o 1 7 ooo 2 5 -oo 2 5 ooo 2 5 --o 2 6 o-o 2 6 --o 2 6 ooo 3 7 -oo 3 7 ooo 3 7 --o 3 4 o-- 3 4 --- 3 4 oo-
mp-541487,TlPt2Se3,84,233,235,149,2.7738095238095237,0,False,0,1.0,Tl Tl Pt Pt Pt Pt Se Se Se Se Se Se 0 4 ooo 0 3 o+o 0 5 ooo 1 4 +o+ 1 3 oo+ 1 5 oo+ 2 11 -oo 2 6 o-- 2 8 --- 2 9 ooo 2 10 --o 2 7 oo- 3 9 ooo 3 8 o-- 3 6 o-- 3 11 ooo 4 10 -oo 4 7 oo- 4 11 -oo 4 6 oo- 5 10 ooo 5 7 oo- 5 8 oo- 5 9 ooo
mp-322,TlS,32,83,85,51,2.59375,0,False,0,1.0,Tl Tl Tl Tl S S S S 2 5 +oo 2 6 ooo 2 7 o-o 2 4 ooo 3 6 -oo 3 5 ooo 3 4 o+o 3 7 ooo
mp-1101266,Tm2TeO2,94,249,251,155,2.648936170212766,0,False,0,1.0,Tm Tm Tm Tm Te Te O O O O 0 6 oo+ 0 8 -oo 0 8 o+o 0 8 ooo 0 5 o+o 0 5 ++o 0 5 ooo 1 7 ooo 1 9 -oo 1 9 o+o 1 9 ooo 1 5 o+o 1 5 ooo 1 5 ++o 2 9 ooo 2 7 o-o 2 7 +oo 2 7 ooo 2 4 +oo 2 4 ooo 2 4 ++o 3 8 oo- 3 6 +oo 3 6 o-o 3 6 ooo 3 4 +oo 3 4 ++o 3 4 ooo
mp-754827,Tm2TeO2,47,124,126,77,2.6382978723404253,0,False,0,1.0,Tm Tm Te O O 0 3 ooo 0 4 ooo 0 4 o+o 0 4 -oo 0 2 o+o 0 2 ooo 0 2 ++o 1 4 ooo 1 3 +oo 1 3 o-o 1 3 ooo 1 2 oo+ 1 2 +++ 1 2 +o+
mp-1216628,Tm4MnS7,108,292,294,184,2.7037037037037037,0,False,0,1.0,Tm Tm Tm Tm Mn S S S S S S S 0 9 +oo 0 9 o+o 0 6 o+o 0 6 +oo 0 7 +oo 0 7 o+o 0 8 oo- 1 10 -oo 1 10 o-o 1 8 -oo 1 8 o-o 1 5 -oo 1 5 o-o 1 7 oo+ 2 9 ++o 2 10 oo- 2 8 +o- 2 8 o+- 2 7 +oo 2 7 o+o 3 11 o-o 3 11 -oo 3 6 ooo 3 10 --o 3 5 -oo 3 5 o-o 4 9 ++o 4 11 +oo 4 11 o+o 4 6 o+o 4 6 +oo 4 5 ooo
mp-1206396,TmCuTe2,46,123,125,77,2.6739130434782608,0,False,0,1.0,Tm Cu Te Te 0 3 o-o 0 3 --o 0 3 ooo 0 2 -o- 0 2 --- 0 2 oo- 0 1 oo- 0 1 ooo 1 2 -oo 1 2 --o 1 2 ooo 1 3 o-o 1 3 ooo 1 3 --o
mp-1018118,TmSbPd,45,120,122,75,2.6666666666666665,0,False,0,1.0,Tm Sb Pd 0 1 o-- 0 1 -o- 0 1 --o 0 1 --- 0 2 oo- 0 2 o-o 0 2 o-- 0 2 -oo 0 2 -o- 0 2 --o 1 2 ooo 1 2 o+o 1 2 +oo 1 2 oo+
mp-732190,U(NO5)2,52,132,134,80,2.5384615384615383,0,False,0,1.0,U N N O O O O O O O O O O 0 3 ooo 0 4 oo- 0 11 +oo 0 12 o+o 0 7 o+- 0 8 +o- 1 10 ooo 1 9 ooo 2 5 ooo 2 6 ooo 2 12 ooo 2 11 ooo 7 8 ooo
mp-13836,U(RhO3)2,126,345,347,219,2.738095238095238,0,False,0,1.0,U U Rh Rh Rh Rh O O O O O O O O O O O O 0 17 o-- 0 9 o-o 0 11 -o- 0 10 -oo 0 12 ooo 0 15 --o 1 8 ooo 1 16 ooo 1 6 ooo 1 7 ooo 1 13 ooo 1 14 ooo 2 8 --o 2 16 ooo 2 10 -oo 2 9 o-o 2 13 o-o 2 14 -oo 3 11 ooo 3 17 ooo 3 7 ooo 3 6 ooo 3 15 oo+ 3 12 oo+ 4 7 ooo 4 6 --o 4 11 -oo 4 17 o-o 4 13 o-o 4 14 -oo 5 9 ooo 5 10 ooo 5 16 ooo 5 8 ooo 5 12 ooo 5 15 ooo
mp-615420,U3CuO10,92,241,243,149,2.619565217391304,0,False,0,1.0,U U U Cu O O O O O O O O O O 0 6 o-o 0 5 -o- 0 13 -oo 0 9 o-- 0 10 oo- 0 4 --o 1 12 ooo 1 10 ooo 1 8 ooo 1 11 ooo 1 9 ooo 1 5 ooo 1 13 oo+ 2 7 ooo 2 4 ooo 2 11 ooo 2 8 ooo 2 13 ooo 2 6 ooo 2 9 oo- 3 5 -oo 3 6 o-o 3 8 o-o 3 11 -oo 3 7 ooo 3 12 --o
mp-1179589,UC2O7,98,259,261,161,2.642857142857143,0,False,0,1.0,U U C C C C O O O O O O O O O O O O O O 0 6 ooo 0 18 ooo 0 18 -oo 0 11 o+o 0 10 ooo 0 7 -oo 0 7 ooo 1 9 o-+ 1 19 oo+ 1 19 -o+ 1 12 ooo 1 13 oo+ 1 8 --o 1 8 o-o 2 10 o-o 2 17 ooo 2 6 ooo 3 16 ooo 3 11 ooo 3 7 ooo 4 15 ooo 4 12 ooo 4 8 ooo 5 13 ooo 5 14 ooo 5 9 ooo
mp-1208294,UCl2,36,89,91,53,2.4722222222222223,0,False,0,1.0,U U U U Cl Cl Cl Cl Cl Cl Cl Cl 0 7 ooo 0 5 o+o 1 4 ooo 1 8 ooo 2 11 ooo 2 9 ooo 3 10 -oo 3 6 ooo
mp-1852,UF5,24,59,61,35,2.4583333333333335,0,False,0,1.0,U F F F F F 0 3 o-- 0 1 -oo 0 5 o-o 0 4 -o- 0 2 -oo 0 2 ooo
mp-233,UO3,28,71,73,43,2.5357142857142856,0,False,0,1.0,U O O O 0 2 oo- 0 2 ooo 0 1 +oo 0 1 o-o 0 1 ooo 0 3 o+o 0 3 -oo 0 3 ooo
mp-1216960,UP2C2(NO4)2,63,162,164,99,2.5714285714285716,0,False,0,1.0,U P P C C N N O O O O O O O O 0 9 ooo 0 11 o-- 0 7 o-o 0 8 oo- 0 10 ooo 0 12 o-- 1 13 -oo 1 9 -oo 1 10 ooo 1 7 ooo 2 14 +oo 2 11 +oo 2 12 ooo 2 8 ooo 3 5 ooo 4 6 ooo
mp-2758056,V2CoO4,110,293,295,183,2.6636363636363636,0,False,0,1.0,V V V V Co Co O O O O O O O O 0 10 ooo 0 9 -oo 0 12 ooo 0 7 -oo 0 13 ooo 0 6 -oo 1 12 o-- 1 7 ooo 1 6 ooo 1 13 o-- 1 11 o-- 1 8 ooo 2 10 ooo 2 8 ooo 2 11 ooo 2 9 ooo 2 7 ooo 2 12 ooo 3 11 oo- 3 8 ooo 3 13 oo- 3 6 ooo 3 9 ooo 3 10 oo- 4 9 o-o 4 6 oo+ 4 7 ooo 4 8 +o+ 5 13 oo- 5 12 ooo 5 10 o+o 5 11 -o-
mp-540757,V2CuO6,57,146,148,89,2.56140350877193,0,False,0,1.0,V V Cu O O O O O O 0 5 ooo 0 3 ooo 0 8 +oo 0 8 o+o 0 7 oo- 1 6 ooo 1 4 ooo 1 7 o-o 1 7 -oo 1 8 oo+ 2 4 ooo 2 3 --o 2 5 o-o 2 5 -oo 2 6 o-o 2 6 -oo
mp-690658,V2CuO6,63,162,164,99,2.5714285714285716,0,False,0,1.0,V V Cu O O O O O O 0 5 ooo 0 3 ooo 0 8 ooo 0 8 -oo 0 7 ooo 0 4 --o 1 6 ooo 1 4 ooo 1 7 ooo 1 7 +oo 1 8 ooo 1 3 ++o 2 4 oo+ 2 3 ++o 2 5 ooo 2 5 +oo 2 6 +++ 2 6 o++
mp-818255,V2NiO7,104,283,285,179,2.7211538461538463,0,False,0,1.0,V V V V Ni Ni O O O O O O O O O O O O O O 0 10 o+o 0 18 ooo 0 17 ooo 0 14 ooo 1 11 o-o 1 19 ooo 1 16 ooo 1 15 ooo 2 12 ooo 2 8 oo+ 2 15 ooo 2 16 +oo 3 13 ooo 3 9 oo- 3 14 ooo 3 17 -oo 4 6 ooo 4 10 ooo 4 13 ooo 4 8 ooo 4 19 ooo 4 18 ooo 5 7 ooo 5 11 ooo 5 12 ooo 5 9 ooo 5 18 ooo 5 19 ooo
mp-553955,V2O3,46,115,117,69,2.5,0,False,0,1.0,V V V V O O O O O O 0 9 -oo 0 6 ooo 0 4 ooo 1 8 o-o 1 7 ooo 1 5 ooo 2 4 ooo 2 6 o+o 2 9 ooo 3 5 ooo 3 7 +oo 3 8 ooo
mp-1376600,V2S5,74,190,192,116,2.5675675675675675,0,False,0,1.0,V V V V S S S S S S S S S S 0 13 ooo 0 12 ooo 0 4 -oo 0 4 ooo 0 5 ooo 1 10 ooo 1 11 oo+ 1 5 +oo 1 5 ooo 1 4 ooo 2 9 ooo 2 11 ooo 2 6 +oo 2 6 ooo 2 7 ooo 3 8 ooo 3 12 ooo 3 7 -oo 3 7 ooo 3 6 ooo
mp-752919,V3(O2F)2,126,341,343,215,2.7063492063492065,0,False,0,1.0,V V V V V V O O O O O O O O F F F F 0 17 ooo 0 14 o+o 0 10 o+o 0 9 ooo 0 8 ooo 0 12 ooo 1 13 ooo 1 12 ooo 1 8 ooo 1 11 oo+ 1 7 oo+ 1 15 oo+ 2 6 ooo 2 10 ooo 2 15 ooo 2 16 o-o 2 9 o-o 2 11 ooo 3 10 ooo 3 14 -oo 3 17 ooo 3 8 -oo 3 6 -oo 3 13 ooo 4 11 +oo 4 6 ooo 4 9 ooo 4 7 ooo 4 17 +oo 4 16 +oo 5 12 ooo 5 16 oo+ 5 14 -+o 5 15 -++ 5 13 o+o 5 7 -o+
mp-754702,V3(O2F)2,126,341,343,215,2.7063492063492065,0,False,0,1.0,V V V V V V O O O O O O O O F F F F 0 6 ooo 0 6 oo- 0 7 +oo 0 8 o-o 0 17 ooo 0 17 oo- 1 6 -oo 1 11 o-o 1 14 ooo 1 14 oo+ 1 16 --o 1 16 --+ 2 10 ooo 2 8 ooo 2 8 oo+ 2 7 ooo 2 7 oo+ 2 15 ooo 3 16 ooo 3 14 ooo 3 10 ooo 3 10 oo- 3 12 oo- 3 12 ooo 4 11 ooo 4 11 oo- 4 13 o+o 4 9 -oo 4 15 ooo 4 15 oo- 5 12 ooo 5 9 oo+ 5 9 ooo 5 13 oo+ 5 13 ooo 5 17 ooo
mp-754729,V3(O2F)2,126,341,343,215,2.7063492063492065,0,False,0,1.0,V V V V V V O O O O O O O O F F F F 0 16 ooo 0 15 ooo 0 9 oo+ 0 6 ooo 0 8 ooo 0 7 oo+ 1 14 -oo 1 17 ooo 1 7 -oo 1 8 ooo 1 6 -oo 1 9 ooo 2 13 ooo 2 12 ooo 2 8 o+o 2 11 ooo 2 14 o+o 2 15 o+o 3 11 ooo 3 10 ooo 3 6 ooo 3 13 +oo 3 16 +oo 3 17 +oo 4 10 oo- 4 11 ooo 4 7 ooo 4 12 ooo 4 17 ooo 4 16 oo- 5 12 oo+ 5 13 ooo 5 9 o++ 5 10 -oo 5 15 -+o 5 14 -++
mp-778167,V3(O2F)2,126,341,343,215,2.7063492063492065,0,False,0,1.0,V V V V V V O O O O O O O O F F F F 0 9 ooo 0 6 +o+ 0 13 oo+ 0 8 +oo 0 16 ooo 0 14 ++o 1 10 ooo 1 6 +oo 1 13 ooo 1 7 +oo 1 17 ooo 1 15 ++o 2 11 -oo 2 12 o+o 2 7 ooo 2 8 ooo 2 16 -oo 2 17 -oo 3 6 ooo 3 13 o-o 3 10 ooo 3 9 oo- 3 15 ooo 3 14 oo- 4 8 ooo 4 11 ooo 4 12 ooo 4 9 ooo 4 14 ooo 4 16 o-o 5 7 ooo 5 11 ooo 5 12 ooo 5 10 ooo 5 15 ooo 5 17 o-o
mp-771199,V3FeO8,84,223,225,139,2.6547619047619047,0,False,0,1.0,V V V Fe O O O O O O O O 0 6 ooo 0 10 o+o 0 10 -oo 0 4 ooo 0 7 ooo 0 5 ooo 1 8 ooo 1 6 oo- 1 11 -oo 1 11 o+o 1 5 ooo 1 7 ooo 2 9 ooo 2 7 ooo 2 4 +oo 2 4 o-o 2 10 ooo 2 8 ooo 3 9 oo- 3 11 ooo 3 8 ooo 3 5 +oo 3 5 o-o 3 10 ooo
mp-755528,V3O5F,126,341,343,215,2.7063492063492065,0,False,0,1.0,V V V V V V O O O O O O O O O O F F 0 13 oo- 0 8 o-o 0 14 ooo 0 14 -oo 0 7 o-- 0 7 --- 1 15 -oo 1 15 ooo 1 10 o-o 1 11 ooo 1 16 o-o 1 16 --o 2 6 ooo 2 6 -oo 2 12 o+o 2 9 ooo 2 17 o+o 2 17 -+o 3 14 ooo 3 8 ooo 3 8 +oo 3 11 +oo 3 11 ooo 3 16 ooo 4 10 +oo 4 10 ooo 4 12 +oo 4 12 ooo 4 6 ooo 4 15 ooo 5 7 ooo 5 13 ooo 5 13 +oo 5 9 +oo 5 9 ooo 5 17 ooo
mp-763908,V3O5F,126,341,343,215,2.7063492063492065,0,False,0,1.0,V V V V V V O O O O O O O O O O F F 0 7 o+- 0 6 ooo 0 6 -oo 0 8 ooo 0 17 -+- 0 17 o+- 1 11 ooo 1 14 +oo 1 14 ooo 1 16 o+o 1 16 ++o 1 6 ooo 2 13 ooo 2 8 oo+ 2 8 +o+ 2 10 oo+ 2 7 +oo 2 7 ooo 3 14 ooo 3 10 ooo 3 10 -oo 3 16 ooo 3 12 ooo 3 12 -oo 4 13 ooo 4 13 -oo 4 15 ooo 4 9 ooo 4 11 -oo 4 11 ooo 5 12 ooo 5 9 +oo 5 9 ooo 5 15 +-o 5 15 o-o 5 17 ooo
mp-849287,V3O5F,126,341,343,215,2.7063492063492065,0,False,0,1.0,V V V V V V O O O O O O O O O O F F 0 8 o+o 0 17 ooo 0 14 ooo 0 11 ooo 0 10 ooo 0 12 o+o 1 10 ooo 1 14 ooo 1 13 oo+ 1 15 ooo 1 7 oo+ 1 9 oo+ 2 12 ooo 2 9 ooo 2 6 ooo 2 11 o-o 2 13 ooo 2 16 o-o 3 10 ooo 3 8 ooo 3 12 +oo 3 17 +oo 3 15 +oo 3 6 ooo 4 11 ooo 4 7 ooo 4 6 ooo 4 13 +oo 4 16 +oo 4 17 +oo 5 8 ooo 5 15 +oo 5 14 +-o 5 16 +-+ 5 7 o-+ 5 9 oo+
mp-850973,V3O5F,126,341,343,215,2.7063492063492065,0,False,0,1.0,V V V V V V O O O O O O O O O O F F 0 10 oo- 0 12 ooo 0 14 ooo 0 17 ooo 0 11 ooo 0 9 oo- 1 11 o-o 1 13 o-- 1 15 ooo 1 16 -o- 1 10 --- 1 8 -oo 2 10 ooo 2 13 +oo 2 12 ooo 2 6 ooo 2 9 +oo 2 17 +oo 3 11 ooo 3 12 ooo 3 13 ooo 3 7 o+o 3 8 o+o 3 16 o+o 4 9 ooo 4 14 oo+ 4 7 ooo 4 15 oo+ 4 6 ooo 4 16 ooo 5 8 ooo 5 15 +oo 5 6 ooo 5 14 ooo 5 7 +oo 5 17 +oo
mp-801665,V3OF11,66,170,172,104,2.5757575757575757,0,False,0,1.0,V V V O F F F F F F F F F F F 0 11 o-o 0 14 o-+ 0 4 -oo 0 6 -o+ 0 3 ooo 1 5 ooo 1 7 oo- 1 9 ooo 1 10 ooo 1 6 ooo 1 3 oo- 2 12 ooo 2 10 oo+ 2 13 oo+ 2 8 ooo 2 7 ooo 2 11 ooo
mp-1207908,V4CuO11,106,285,287,179,2.688679245283019,0,False,0,1.0,V V V V Cu O O O O O O O O O O O 0 14 --- 0 8 ooo 0 10 ooo 0 10 -oo 0 7 ooo 0 11 ooo 1 5 ooo 1 6 oo- 1 7 ooo 1 7 +oo 1 9 ooo 1 10 ooo 2 9 ooo 2 12 ooo 2 11 +oo 2 11 ooo 2 13 ooo 2 10 ooo 3 15 o-o 3 6 ooo 3 13 ooo 3 13 -oo 3 8 ooo 3 11 ooo 4 5 oo+ 4 15 ooo 4 12 ooo 4 12 -oo 4 14 ooo 4 14 -oo
mp-780119,V6O11F,126,341,343,215,2.7063492063492065,0,False,0,1.0,V V V V V V O O O O O O O O O O O F 0 6 +oo 0 6 +o- 0 16 oo- 0 16 ooo 0 7 ooo 0 8 +oo 1 9 -oo 1 9 -o+ 1 14 ooo 1 14 oo+ 1 6 ooo 1 11 ooo 2 8 o-o 2 8 o-+ 2 7 ooo 2 7 oo+ 2 10 ooo 2 13 ooo 3 10 o+- 3 10 o+o 3 12 oo- 3 12 ooo 3 14 ooo 3 9 o+o 4 15 ooo 4 11 ooo 4 11 oo- 4 13 ooo 4 13 oo- 4 17 ooo 5 15 +++ 5 15 ++o 5 12 ooo 5 16 ooo 5 17 oo+ 5 17 ooo
mp-754691,V6O7F5,126,341,343,215,2.7063492063492065,0,False,0,1.0,V V V V V V O O O O O O O F F F F F 0 9 ooo 0 14 o+o 0 17 ooo 0 10 o+o 0 8 ooo 0 15 ooo 1 7 ooo 1 6 ooo 1 12 oo- 1 11 ooo 1 8 oo- 1 15 oo- 2 13 ooo 2 16 o-o 2 10 ooo 2 11 ooo 2 9 o-o 2 7 ooo 3 10 ooo 3 12 ooo 3 17 ooo 3 8 -oo 3 14 -oo 3 13 -oo 4 9 ooo 4 11 +oo 4 13 ooo 4 16 +oo 4 6 ooo 4 17 +oo 5 7 ooo 5 14 oo- 5 16 +-o 5 15 +-- 5 6 o-o 5 12 +o-
mp-777608,V6O7F5,126,341,343,215,2.7063492063492065,0,False,0,1.0,V V V V V V O O O O O O O F F F F F 0 8 o-o 0 9 ooo 0 10 ooo 0 17 ooo 0 14 o-o 0 15 ooo 1 12 oo+ 1 13 ooo 1 15 oo+ 1 9 oo+ 1 7 ooo 1 11 ooo 2 6 ooo 2 13 ooo 2 14 ooo 2 16 o+o 2 11 ooo 2 10 o+o 3 9 ooo 3 8 ooo 3 12 +oo 3 17 +oo 3 14 +oo 3 6 ooo 4 7 ooo 4 6 ooo 4 11 +oo 4 10 ooo 4 16 +oo 4 17 +oo 5 8 ooo 5 15 ++o 5 13 oo- 5 12 +oo 5 7 o+- 5 16 ++-
mp-27713,VBr2O,22,55,57,33,2.5,0,False,0,1.0,V Br Br O 0 3 --o 0 3 -oo 0 2 ooo 0 2 -oo 0 1 --- 0 1 o--
mp-22649,VCdO3,188,527,529,339,2.8031914893617023,0,True,17,0.967741935483871,V V V V Cd Cd Cd Cd O O O O O O O O O O O O 0 8 ooo 0 12 o-o 0 17 ooo 0 18 o-o 0 13 o-o 0 9 ooo 1 9 ooo 1 13 -oo 1 19 -oo 1 16 ooo 1 12 ooo 1 8 -oo 2 10 -oo 2 14 oo- 2 16 ooo 2 19 -o- 2 11 oo- 2 15 -oo 3 15 ooo 3 11 o-- 3 18 o-o 3 17 oo- 3 10 o-o 3 14 oo- 4 17 -+o 4 14 o+o 4 9 o+o 4 19 -oo 4 11 ooo 4 12 ooo 4 10 -o+ 4 13 -oo 5 16 ooo 5 8 ooo 5 15 ooo 5 18 ooo 5 13 ooo 5 10 ooo 5 12 ooo 5 11 oo- 6 19 ooo 6 11 ooo 6 12 ooo 6 17 ooo 6 14 ooo 6 9 ooo 6 15 oo+ 6 8 ooo 7 18 +-o 7 13 o-o 7 10 o-o 7 16 +oo 7 8 ooo 7 15 ooo 7 9 +oo 7 14 +o-
mp-1190083,VCdPO7,116,315,317,199,2.7155172413793105,0,False,0,1.0,V V Cd Cd P P O O O O O O O O O O O O O O 0 8 ooo 0 18 ooo 0 17 ooo 0 19 oo- 0 14 oo- 0 13 oo- 1 9 ooo 1 19 ooo 1 16 o-o 1 18 o-+ 1 15 oo+ 1 12 o-+ 2 6 +-o 2 7 ooo 2 10 o-o 2 9 +oo 2 11 +oo 2 12 o-o 3 7 -oo 3 6 ooo 3 11 ooo 3 8 -oo 3 10 -oo 3 13 ooo 4 6 ooo 4 16 ooo 4 10 ooo 4 14 ooo 5 7 ooo 5 17 ooo 5 11 ooo 5 15 ooo
mp-2051057,VCl4,68,175,177,107,2.573529411764706,0,False,0,1.0,V V V V Cl Cl Cl Cl Cl Cl Cl Cl Cl Cl Cl Cl Cl Cl Cl Cl 0 4 ooo 0 8 oo+ 0 12 ooo 0 16 ooo 1 9 -oo 1 13 -oo 1 5 ooo 1 17 ooo 2 6 ooo 2 14 ooo 2 10 oo- 2 18 ooo 3 7 ooo 3 15 +oo 3 11 +oo 3 19 ooo
mp-756413,VCoO4,72,190,192,118,2.638888888888889,0,False,0,1.0,V V Co Co O O O O O O O O 0 7 ooo 0 4 -oo 0 6 oo- 0 10 o+o 1 8 ooo 1 11 +oo 1 9 oo+ 1 5 o-o 2 4 ooo 2 11 oo- 2 10 oo- 2 5 ooo 2 9 ooo 2 6 oo- 3 7 ooo 3 8 -oo 3 6 ooo 3 9 -oo 3 5 -oo 3 10 ooo
mp-1246941,VCr3O8,84,224,226,140,2.6666666666666665,0,False,0,1.0,V Cr Cr Cr O O O O O O O O 0 9 ooo 0 6 ooo 0 8 ooo 0 11 ooo 0 7 ooo 0 5 ooo 1 4 ooo 1 10 oo+ 1 8 ooo 1 7 oo+ 1 9 ooo 1 6 oo+ 2 4 ooo 2 10 +oo 2 8 ooo 2 6 +oo 2 5 +oo 2 11 ooo 3 4 o-o 3 10 ooo 3 7 ooo 3 9 o-o 3 5 ooo 3 11 o-o
mp-567636,VFeSb,45,119,121,74,2.6444444444444444,0,False,0,1.0,V Fe Sb 0 1 oo- 0 1 ooo 0 1 o-o 0 1 -oo 0 2 --o 0 2 oo- 0 2 -oo 0 2 o-o 0 2 -o- 0 2 o-- 1 2 oo- 1 2 ooo 1 2 o-o 1 2 -oo
mp-627684,VHO3,95,251,253,156,2.642105263157895,0,False,0,1.0,V V V V H H H H O O O O O O O O O O O O 0 14 ooo 0 10 ++o 0 8 ooo 0 8 +oo 0 12 ooo 1 15 ooo 1 11 --o 1 9 ooo 1 9 -oo 1 13 ooo 2 16 ooo 2 10 ooo 2 8 ooo 2 12 ooo 2 12 -oo 3 17 ooo 3 11 ooo 3 13 ooo 3 13 +oo 3 9 ooo 4 12 ooo 5 15 ooo 6 19 ooo 6 18 o+o 7 19 ooo
mp-2050200,VI3,44,111,113,67,2.522727272727273,0,False,0,1.0,V V I I I I I I 0 2 oo+ 0 2 ooo 0 4 ooo 0 4 oo+ 0 3 oo+ 0 3 ooo 1 5 ooo 1 5 oo- 1 7 oo- 1 7 ooo 1 6 ooo 1 6 oo-
mp-20974,VO2,84,221,223,137,2.630952380952381,0,False,0,1.0,V V V V O O O O O O O O 0 10 ooo 0 7 ooo 0 4 -oo 0 4 ooo 0 9 -oo 0 9 ooo 1 11 ooo 1 5 o-- 1 6 -oo 1 6 ooo 1 8 --o 1 8 o-o 2 8 ooo 2 4 ooo 2 7 +oo 2 7 ooo 2 11 ooo 2 11 +oo 3 9 ooo 3 6 o++ 3 5 +oo 3 5 ooo 3 10 ++o 3 10 o+o
mp-566801,VO2,60,153,155,93,2.55,0,False,0,1.0,V V V V O O O O O O O O 0 11 ooo 0 8 ooo 0 7 -oo 0 4 ooo 1 10 ooo 1 9 ooo 1 6 -oo 1 5 ooo 2 5 o-o 2 4 ooo 2 9 ooo 2 8 o-o 3 4 +oo 3 5 +-o 3 6 ooo 3 7 o-o
mp-1100421,VSnRh,45,119,121,74,2.6444444444444444,0,False,0,1.0,V Sn Rh 0 2 o+o 0 2 ooo 0 2 oo+ 0 2 +oo 0 1 o++ 0 1 oo+ 0 1 o+o 0 1 +oo 0 1 +o+ 0 1 ++o 1 2 oo- 1 2 o-o 1 2 -oo 1 2 ooo
mp-1393942,VZnO2,112,307,309,195,2.7410714285714284,0,False,0,1.0,V V V V Zn Zn Zn Zn O O O O O O O O 0 11 ooo 0 11 -oo 0 12 -oo 0 12 ooo 1 11 ooo 1 13 ooo 1 13 -oo 1 10 ooo 1 10 -oo 1 9 o-o 2 8 ooo 2 15 ooo 2 15 +oo 2 9 +oo 2 9 ooo 2 10 o+o 3 14 ooo 3 14 +oo 3 8 +oo 3 8 ooo 4 13 ooo 4 11 ooo 5 15 ooo 5 8 ooo 6 14 ooo 6 10 -oo 6 10 ooo 6 15 o-o 7 12 ooo 7 9 +oo 7 9 ooo 7 13 o+o
mp-1101178,WN2,84,221,223,137,2.630952380952381,0,False,0,1.0,W W W W N N N N N N N N 0 11 ++o 0 6 oo+ 0 5 +oo 0 5 o+o 0 7 ooo 0 4 ooo 1 6 ooo 1 4 ooo 1 8 o+o 1 8 +oo 1 10 ooo 1 7 ooo 2 9 ooo 2 11 ooo 2 7 -oo 2 7 o-o 2 5 ooo 2 8 ooo 3 4 --o 3 9 oo- 3 10 o-o 3 10 -oo 3 8 ooo 3 11 ooo
mp-1208477,WN6,25,61,63,36,2.44,0,False,0,1.0,W N N N N N N 0 3 --o 0 4 ooo 0 6 --o 0 5 ooo 3 6 ooo 4 5 ooo
mp-1207942,Y(PO)2,68,181,183,113,2.661764705882353,0,False,0,1.0,Y Y Y Y P P P P P P P P O O O O O O O O 0 13 ooo 0 15 o-o 1 12 ooo 1 16 o-o 2 17 +oo 2 19 ooo 3 14 +oo 3 18 ooo 4 12 ooo 5 13 ooo 6 14 ooo 7 15 ooo 8 16 +oo 9 17 o-o 10 18 ooo 11 19 ooo
mp-1206803,Y2CI2,41,105,107,64,2.5609756097560976,0,False,0,1.0,Y Y C I I 0 2 o+o 0 2 ++o 0 2 ooo 0 4 o+o 0 4 -oo 0 4 ooo 1 2 +o+ 1 2 +++ 1 2 oo+ 1 3 o-o 1 3 +oo 1 3 ooo
mp-1216153,Y2CrFeO6,188,529,531,341,2.8138297872340425,0,True,19,0.9640831758034026,Y Y Y Y Cr Cr Fe Fe O O O O O O O O O O O O 0 9 ooo 0 13 ooo 0 19 ooo 0 8 ooo 0 18 ooo 0 12 ooo 0 17 oo- 0 15 ooo 1 8 +-o 1 12 o-o 1 18 o-o 1 9 +oo 1 19 ooo 1 13 ooo 1 16 +oo 1 14 +o- 2 11 ooo 2 15 ooo 2 17 ooo 2 10 ooo 2 16 ooo 2 14 ooo 2 19 oo+ 2 13 ooo 3 10 -+o 3 14 o+o 3 16 o+o 3 11 -oo 3 17 ooo 3 15 ooo 3 18 -oo 3 12 -o+ 4 9 ooo 4 11 -oo 4 15 ooo 4 13 -oo 4 18 -oo 4 16 ooo 5 10 oo- 5 8 o-o 5 14 oo- 5 12 o-o 5 17 o-- 5 19 ooo 6 9 ooo 6 11 -o- 6 19 -oo 6 17 oo- 6 14 oo- 6 12 -oo 7 8 ooo 7 10 o+o 7 16 o+o 7 18 ooo 7 13 o+o 7 15 ooo
mp-2217541,Y2Mg(CoO3)2,95,252,254,157,2.6526315789473682,0,False,0,1.0,Y Y Mg Co Co O O O O O O 0 7 +oo 0 7 o-o 0 7 ooo 0 10 ooo 0 5 o-o 0 5 +oo 0 5 +-o 1 6 +oo 1 6 o-o 1 6 ooo 1 8 o-+ 1 8 +o+ 1 8 +-+ 2 5 ooo 2 5 o-o 2 5 +oo 2 9 o-o 2 9 +oo 2 9 +-o 3 6 ooo 3 10 -oo 3 10 o+o 3 10 ooo 3 7 ooo 4 8 ooo 4 9 ooo 4 9 +oo 4 9 o-o
mp-1096238,Y2OsPd,16,41,43,25,2.5625,0,False,0,1.0,Y Y Os Pd 0 2 ooo 0 3 ooo 1 2 ooo 1 3 o++
mp-1097270,Y2RuPt,16,41,43,25,2.5625,0,False,0,1.0,Y Y Ru Pt 0 2 ooo 0 3 ooo 1 2 o++ 1 3 ooo
mp-1207306,Y2Te3,11,28,30,17,2.5454545454545454,0,False,0,1.0,Y Y Te Te Te 0 3 ooo 1 2 ooo
mp-754039,Y2V2O7,77,200,202,123,2.5974025974025974,0,False,0,1.0,Y Y V V O O O O O O O 0 5 o-o 0 10 +oo 0 7 ooo 0 6 ooo 0 9 ooo 0 4 ooo 1 4 -oo 1 9 o+o 1 7 ooo 1 6 ooo 1 10 ooo 1 5 ooo 2 8 +++ 2 5 ooo 2 4 ooo 2 6 oo+ 2 7 ooo 3 8 ooo 3 9 ooo 3 10 ooo 3 7 oo- 3 6 ooo
mp-1216125,Y4Ge(O4F)2,111,297,299,186,2.675675675675676,0,False,0,1.0,Y Y Y Y Ge O O O O O O O O F F 0 13 ooo 0 11 oo+ 0 8 ooo 0 12 ++o 0 9 +o+ 0 6 +oo 0 10 ooo 1 14 ooo 1 12 oo- 1 11 --o 1 7 ooo 1 5 -oo 1 9 ooo 1 10 -o- 2 14 o+o 2 11 ooo 2 13 ooo 2 5 o+o 2 12 o+- 2 9 ooo 2 7 ooo 3 14 ooo 3 12 ooo 3 11 o-+ 3 6 o-o 3 13 o-o 3 8 ooo 3 10 ooo 4 5 -oo 4 8 ooo 4 6 ooo 4 10 -oo
mp-1216113,Y4MnS7,108,288,290,180,2.6666666666666665,0,False,0,1.0,Y Y Y Y Mn S S S S S S S 0 9 o+o 0 9 +oo 0 6 o+o 0 6 +oo 0 7 +oo 0 7 o+o 0 8 oo- 1 10 o-o 1 10 -oo 1 8 -oo 1 8 o-o 1 5 o-o 1 5 -oo 1 7 oo+ 2 9 ++o 2 10 oo- 2 8 o+- 2 8 +o- 2 7 +oo 2 7 o+o 3 11 -oo 3 11 o-o 3 6 ooo 3 10 --o 3 5 -oo 3 5 o-o 4 9 ++o 4 11 +oo 4 11 o+o 4 6 +oo 4 6 o+o 4 5 ooo
mp-1188648,Y6NiBr10,125,338,340,213,2.704,0,False,0,1.0,Y Y Y Y Y Y Ni Br Br Br Br Br Br Br Br Br Br 0 10 ++o 0 16 o+o 0 11 ooo 0 6 ++o 0 14 ooo 0 9 ooo 1 9 --o 1 15 o-o 1 12 ooo 1 6 oo+ 1 13 ooo 1 10 ooo 2 7 -oo 2 11 -o+ 2 15 ooo 2 6 o++ 2 12 ooo 2 14 oo+ 3 8 +oo 3 12 +o- 3 16 ooo 3 6 +oo 3 11 ooo 3 13 oo- 4 7 ooo 4 9 ooo 4 6 +++ 4 13 o+o 4 14 oo+ 4 15 ooo 5 8 ooo 5 10 ooo 5 6 ooo 5 14 o-o 5 13 oo- 5 16 ooo
mp-1188535,Y6NiI10,125,338,340,213,2.704,0,False,0,1.0,Y Y Y Y Y Y Ni I I I I I I I I I I 0 6 ++o 0 10 ++o 0 16 o+o 0 12 ooo 0 13 ooo 0 9 ooo 1 6 oo+ 1 9 --o 1 15 o-o 1 11 ooo 1 14 ooo 1 10 ooo 2 6 o++ 2 7 -oo 2 12 -o+ 2 15 ooo 2 13 oo+ 2 11 ooo 3 6 +oo 3 8 +oo 3 11 +o- 3 16 ooo 3 14 oo- 3 12 ooo 4 6 +++ 4 7 ooo 4 9 ooo 4 14 o+o 4 13 oo+ 4 15 ooo 5 6 ooo 5 8 ooo 5 10 ooo 5 13 o-o 5 14 oo- 5 16 ooo
mp-1100873,YAgSe2,80,213,215,133,2.6625,0,False,0,1.0,Y Y Ag Ag Se Se Se Se 0 6 o-- 0 6 +-- 0 7 +-o 0 7 +oo 0 4 o-- 0 5 +oo 1 4 ooo 1 4 -oo 1 5 ooo 1 5 o+o 1 6 ooo 1 7 ooo 2 6 ooo 2 6 o-o 2 7 oo+ 2 7 +o+ 2 5 ooo 2 4 oo+ 3 5 ooo 3 5 +oo 3 4 o-o 3 4 ooo 3 7 +o+ 3 6 o--
mp-937836,YAgSe2,80,213,215,133,2.6625,0,False,0,1.0,Y Y Ag Ag Se Se Se Se 0 7 ooo 0 7 -o- 0 6 -oo 0 6 --- 0 5 ooo 0 4 --o 1 4 oo+ 1 4 o-o 1 5 +o+ 1 5 ooo 1 6 ooo 1 7 ooo 2 7 oo- 2 7 o+o 2 6 -o- 2 6 ooo 2 4 ooo 2 5 ooo 3 4 oo+ 3 4 -oo 3 5 o++ 3 5 ooo 3 7 o+o 3 6 -oo
mp-1100401,YCdB,45,118,120,73,2.6222222222222222,0,False,0,1.0,Y Cd B 0 2 oo+ 0 2 +oo 0 2 o+o 0 2 ooo 0 1 o++ 0 1 ++o 0 1 +o+ 0 1 o+o 0 1 oo+ 0 1 +oo 1 2 ooo 1 2 -oo 1 2 oo- 1 2 o-o
mp-1096711,YCdCu2,16,42,44,26,2.625,0,False,0,1.0,Y Cd Cu Cu 0 3 o-- 0 2 ooo 1 2 ooo 1 3 ooo
mp-1273178,YCoO3,188,527,529,339,2.8031914893617023,0,True,17,0.967741935483871,Y Y Y Y Co Co Co Co O O O O O O O O O O O O 0 16 -+o 0 14 o+o 0 19 -oo 0 11 o+o 0 9 ooo 0 12 ooo 0 13 -oo 0 8 -o+ 1 19 ooo 1 9 ooo 1 12 ooo 1 16 ooo 1 14 ooo 1 11 ooo 1 10 ooo 1 15 oo+ 2 17 ooo 2 10 ooo 2 15 ooo 2 18 ooo 2 13 ooo 2 8 ooo 2 9 ooo 2 12 oo- 3 18 +-o 3 13 o-o 3 17 +oo 3 8 o-o 3 10 ooo 3 15 ooo 3 14 +oo 3 11 +o- 4 8 o-o 4 11 oo- 4 16 oo- 4 18 o-o 4 15 ooo 4 12 o-- 5 16 ooo 5 18 o-o 5 14 ooo 5 13 o-o 5 10 ooo 5 9 o-o 6 12 oo- 6 15 -oo 6 17 ooo 6 19 -o- 6 11 oo- 6 8 -oo 7 17 ooo 7 19 -oo 7 9 ooo 7 10 -oo 7 14 ooo 7 13 -oo
mp-1045838,YCu3(MoO3)4,164,462,464,298,2.817073170731707,0,False,0,1.0,Y Cu Cu Cu Mo Mo Mo Mo O O O O O O O O O O O O 0 18 -oo 0 13 o-+ 0 19 ooo 0 14 --+ 0 9 o-o 0 8 -o+ 0 11 oo+ 0 17 --o 0 10 --o 0 16 oo+ 0 12 oo+ 0 15 --o 1 13 o-o 1 18 ooo 1 15 o-o 1 12 ooo 2 14 oo+ 2 19 ooo 2 11 oo+ 2 17 ooo 3 16 ooo 3 10 -oo 3 8 -oo 3 9 ooo 4 12 ooo 4 15 o-- 4 8 ooo 4 9 o-- 4 14 o-o 4 19 oo- 5 16 +oo 5 10 o-o 5 14 o-o 5 19 +oo 5 13 +-o 5 18 ooo 6 17 -o- 6 11 ooo 6 13 ooo 6 18 -o- 6 8 -oo 6 9 oo- 7 11 ooo 7 17 ooo 7 12 ooo 7 15 ooo 7 16 ooo 7 10 ooo
mp-1093955,YHg2Au,16,42,44,26,2.625,0,False,0,1.0,Y Hg Hg Au 0 1 ooo 0 2 o-- 1 3 ooo 2 3 ooo
mp-1100402,YHgB,45,118,120,73,2.6222222222222222,0,False,0,1.0,Y Hg B 0 2 ooo 0 2 o-o 0 2 oo- 0 2 -oo 0 1 +o+ 0 1 oo+ 0 1 o+o 0 1 +oo 0 1 ++o 0 1 o++ 1 2 --- 1 2 --o 1 2 o-- 1 2 -o-
mp-1031866,YMg6NbO8,160,446,448,286,2.7875,0,False,0,1.0,Y Mg Mg Mg Mg Mg Mg Nb O O O O O O O O 0 12 ooo 0 12 oo- 0 14 o-o 0 14 ooo 0 9 -oo 0 8 ooo 1 9 ooo 1 8 ooo 1 15 o-o 1 15 ooo 1 13 oo- 1 13 ooo 2 11 ooo 2 10 ooo 2 13 ooo 2 13 o+o 2 15 ooo 2 15 oo+ 3 13 ooo 3 8 ooo 3 8 oo+ 3 10 o-o 3 10 ooo 3 12 ooo 4 13 ooo 4 9 ooo 4 9 oo+ 4 11 o-o 4 11 ooo 4 12 +oo 5 15 ooo 5 8 ooo 5 8 o+o 5 10 oo- 5 10 ooo 5 14 ooo 6 15 ooo 6 9 o+o 6 9 ooo 6 11 ooo 6 11 oo- 6 14 +oo 7 12 ooo 7 12 o+o 7 14 ooo 7 14 oo+ 7 11 -oo 7 10 ooo
mp-20699,YMnO3,188,529,531,341,2.8138297872340425,0,True,19,0.9640831758034026,Y Y Y Y Mn Mn Mn Mn O O O O O O O O O O O O 0 9 ooo 0 13 ooo 0 19 ooo 0 8 ooo 0 18 ooo 0 12 ooo 0 15 oo- 0 17 ooo 1 8 +-o 1 12 o-o 1 18 o-o 1 9 +oo 1 13 ooo 1 19 ooo 1 16 +o- 1 14 +oo 2 11 ooo 2 17 ooo 2 15 ooo 2 10 ooo 2 14 ooo 2 16 ooo 2 19 oo+ 2 13 ooo 3 10 -+o 3 16 o+o 3 14 o+o 3 11 -oo 3 17 ooo 3 15 ooo 3 18 -oo 3 12 -o+ 4 15 oo- 4 19 -oo 4 9 ooo 4 11 -o- 4 16 oo- 4 12 -oo 5 18 o-o 5 14 ooo 5 8 o-o 5 10 ooo 5 13 ooo 5 17 o-o 6 17 ooo 6 13 -oo 6 9 ooo 6 11 -oo 6 14 ooo 6 18 -oo 7 12 o-o 7 16 oo- 7 8 o-o 7 10 oo- 7 19 ooo 7 15 o--
mp-1178684,YO2,42,107,109,65,2.5476190476190474,0,False,0,1.0,Y Y O O O O 0 3 ooo 0 3 -oo 0 2 ooo 0 2 o+o 0 4 -o+ 0 5 o+o 1 5 ooo 1 5 +oo 1 4 ooo 1 4 o-o 1 2 +o- 1 3 o-o
mp-1096491,YPd2Au,16,42,44,26,2.625,0,False,0,1.0,Y Pd Pd Au 0 2 o-- 0 1 ooo 1 3 ooo 2 3 ooo
mp-1047347,YSb(WO4)2,75,198,200,123,2.64,0,False,0,1.0,Y Sb W W O O O O O O O O 0 9 ooo 0 11 oo+ 0 4 oo+ 0 7 o-o 0 8 oo+ 0 5 ooo 1 5 ooo 1 10 -oo 1 6 oo+ 2 4 ooo 2 10 ooo 2 5 ooo 2 11 -oo 2 6 ooo 2 7 ooo 3 8 o+o 3 9 o+o 3 6 ooo 3 7 +oo 3 11 ooo 3 10 ooo
mp-1207056,YSbPd,45,119,121,74,2.6444444444444444,0,False,0,1.0,Y Sb Pd 0 2 -oo 0 2 ooo 0 2 oo- 0 2 o-o 0 1 o++ 0 1 +o+ 0 1 +oo 0 1 ++o 0 1 o+o 0 1 oo+ 1 2 -o- 1 2 --o 1 2 --- 1 2 o--
mp-1097424,YZn2Ag,16,42,44,26,2.625,0,False,0,1.0,Y Zn Zn Ag 0 1 ooo 0 2 o-- 1 3 ooo 2 3 ooo
mp-1095965,YZn2Au,16,42,44,26,2.625,0,False,0,1.0,Y Zn Zn Au 0 2 o-- 0 1 ooo 1 3 ooo 2 3 ooo
mp-1097223,YZnAu2,16,42,44,26,2.625,0,False,0,1.0,Y Zn Au Au 0 3 ooo 0 2 ooo 1 2 ooo 1 3 o--
mp-10314,Yb(ZnAs)2,47,126,128,79,2.6808510638297873,0,False,0,1.0,Yb Zn Zn As As 0 3 -o- 0 3 oo- 0 3 --- 0 4 o-o 0 4 ooo 0 4 --o 1 4 +oo 1 4 o-o 1 4 ooo 1 3 ooo 2 3 o+o 2 3 -oo 2 3 ooo 2 4 ooo
mp-864675,Yb3N2,82,217,219,135,2.6463414634146343,0,False,0,1.0,Yb Yb Yb Yb Yb Yb N N N N 0 7 ooo 0 6 o-o 0 9 +oo 0 8 +oo 1 6 -oo 1 7 ooo 1 8 oo+ 1 9 oo+ 2 7 ooo 2 6 oo- 2 8 o+o 2 9 o+o 3 9 oo+ 3 8 ooo 3 6 o-o 3 7 o-o 4 9 +oo 4 8 ooo 4 7 oo- 4 6 oo- 5 8 ooo 5 9 o+o 5 6 -oo 5 7 -oo
mp-3216821,YbO3,68,177,179,109,2.6029411764705883,0,False,0,1.0,Yb Yb O O O O O O 0 4 o+o 0 4 ooo 0 7 ooo 0 7 +oo 0 6 +oo 0 6 ooo 0 5 +oo 0 5 ooo 0 2 oo+ 1 7 o-o 1 7 ooo 1 4 ooo 1 4 -oo 1 3 ooo 1 3 -oo 1 2 -oo 1 2 ooo 1 5 oo- 2 3 o+o 5 6 o-o
mp-1046891,Zn(BiO2)2,110,297,299,187,2.7,0,False,0,1.0,Zn Zn Bi Bi Bi Bi O O O O O O O O 0 9 -oo 0 10 o-o 0 11 oo- 0 13 ooo 1 12 -o- 1 7 --o 1 6 o-- 1 8 --- 2 8 oo- 2 13 ooo 2 10 ooo 2 9 ooo 2 12 oo- 2 6 oo- 3 8 -oo 3 13 ooo 3 11 ooo 3 10 ooo 3 7 -oo 3 12 -oo 4 6 ooo 4 12 ooo 4 7 ooo 4 9 ooo 4 10 ooo 4 11 ooo 5 8 o-o 5 13 ooo 5 11 ooo 5 9 ooo 5 6 o-o 5 7 o-o
mp-1046252,Zn(BiO2)4,94,254,256,160,2.702127659574468,0,False,0,1.0,Zn Bi Bi Bi Bi O O O O O O O O 0 8 ooo 0 10 -oo 0 10 o-o 0 11 -oo 0 11 o-o 1 9 +oo 1 9 o+o 1 11 ooo 1 8 o+o 1 8 +oo 1 6 ooo 2 8 ooo 2 7 o-o 2 7 -oo 2 12 oo- 3 10 oo+ 3 5 ooo 3 6 +oo 3 6 o+o 3 12 +oo 3 12 o+o 4 9 ooo 4 5 -oo 4 5 o-o 4 7 ooo 4 11 o-o 4 11 -oo
mp-1047156,Zn(CuO2)2,86,231,233,145,2.686046511627907,0,False,0,1.0,Zn Zn Cu Cu Cu Cu O O O O O O O O 0 10 o-o 0 11 o-- 0 13 ooo 0 9 --- 1 12 ooo 1 7 ooo 1 8 o-o 1 6 +oo 2 10 ooo 2 12 ooo 2 9 ooo 2 6 oo- 3 13 +oo 3 8 ooo 3 11 +oo 3 7 oo- 4 6 ooo 4 9 o-o 4 12 oo+ 4 10 o-o 5 11 ooo 5 7 ooo 5 13 ooo 5 8 oo+
mp-1047701,Zn(FeO2)2,122,329,331,207,2.69672131147541,0,False,0,1.0,Zn Zn Fe Fe Fe Fe O O O O O O O O 0 11 o+o 0 11 -oo 0 7 +oo 0 7 o-o 0 8 +oo 0 8 o-o 1 10 o-o 1 10 +oo 1 6 o+o 1 6 -oo 1 9 o+o 1 9 -oo 2 10 ooo 2 9 o+o 2 9 -oo 2 12 o+o 2 12 -oo 2 8 oo- 3 11 ooo 3 8 +oo 3 8 o-o 3 12 +o+ 3 12 o-+ 3 9 oo+ 4 10 ooo 4 6 o+o 4 6 -oo 4 13 o+o 4 13 -oo 4 7 ooo 5 11 ooo 5 7 +oo 5 7 o-o 5 13 +oo 5 13 o-o 5 6 ooo
mp-1094005,Zn(IrO2)2,110,297,299,187,2.7,0,False,0,1.0,Zn Zn Ir Ir Ir Ir O O O O O O O O 0 13 ooo 0 10 oo- 0 12 -oo 0 11 o-o 1 6 --o 1 7 -o- 1 8 o-- 1 9 --- 2 9 oo- 2 11 ooo 2 12 ooo 2 13 ooo 2 7 oo- 2 8 oo- 3 9 o-o 3 10 ooo 3 12 ooo 3 13 ooo 3 6 o-o 3 8 o-o 4 9 -oo 4 11 ooo 4 10 ooo 4 13 ooo 4 6 -oo 4 7 -oo 5 7 ooo 5 6 ooo 5 8 ooo 5 12 ooo 5 10 ooo 5 11 ooo
mp-8207,Zn(PtO2)3,82,215,217,133,2.6219512195121952,0,False,0,1.0,Zn Pt Pt Pt O O O O O O 0 9 ooo 0 9 -oo 0 8 ooo 0 8 -oo 0 7 ooo 0 6 ooo 0 4 ooo 0 5 ooo 1 6 +o- 1 6 oo- 1 7 ooo 1 7 +oo 1 9 ooo 1 8 oo- 2 4 o-- 2 5 ooo 2 7 ooo 2 6 o-- 3 4 o-o 3 4 +-o 3 5 +oo 3 5 ooo 3 9 o-o 3 8 ooo
mp-1043628,Zn(SnO2)4,103,277,279,174,2.6893203883495147,0,False,0,1.0,Zn Sn Sn Sn Sn O O O O O O O O 0 5 ooo 0 7 ooo 0 8 ooo 0 11 ooo 0 12 ooo 0 6 ooo 1 6 ooo 1 12 -oo 1 8 ooo 1 11 -oo 1 10 -oo 1 9 ooo 2 6 ooo 2 12 o-o 2 7 ooo 2 5 o-o 2 10 o-o 2 9 ooo 3 7 ooo 3 8 ooo 3 5 oo- 3 11 oo- 3 10 oo- 3 9 ooo 4 8 o-o 4 11 -o- 4 5 o-- 4 7 -oo 4 12 --o 4 6 oo-
mp-1095823,Zn2AgIr,16,43,45,27,2.6875,0,False,0,1.0,Zn Zn Ag Ir 0 3 ooo 0 2 ooo 1 3 ooo 1 2 o++
mp-1400342,Zn2Co3O8,103,278,280,175,2.6990291262135924,0,False,0,1.0,Zn Zn Co Co Co O O O O O O O O 0 6 ooo 0 10 ooo 0 9 ooo 0 7 oo- 0 11 +oo 0 12 o+o 1 5 ooo 1 11 ooo 1 12 ooo 1 8 oo+ 1 10 -oo 1 9 o-o 2 9 o-o 2 10 -oo 2 12 -oo 2 11 o-o 2 8 ooo 2 7 --o 3 6 ooo 3 5 oo- 3 10 oo- 3 12 ooo 3 8 +oo 3 7 o-- 4 6 ooo 4 5 oo- 4 9 oo- 4 11 ooo 4 8 o+o 4 7 -o-
mp-1215599,Zn2Cr3GaSe8,110,305,307,195,2.772727272727273,0,False,0,1.0,Zn Zn Cr Cr Cr Ga Se Se Se Se Se Se Se Se 0 9 o-o 0 7 -oo 0 8 oo- 0 6 ooo 1 11 +oo 1 13 o+o 1 12 oo+ 1 10 ooo 2 8 ooo 2 12 -oo 2 9 ooo 2 13 -oo 2 10 -oo 2 6 ooo 3 9 ooo 3 7 ooo 3 13 oo- 3 11 oo- 3 10 oo- 3 6 ooo 4 8 ooo 4 12 o-o 4 7 ooo 4 11 o-o 4 10 o-o 4 6 ooo 5 11 ooo 5 13 ooo 5 9 ooo 5 7 ooo 5 12 ooo 5 8 ooo
mp-6278,Zn2Cu(AsO4)2,79,212,214,133,2.6835443037974684,0,False,0,1.0,Zn Zn Cu As As O O O O O O O O 0 8 ooo 0 10 o-o 0 12 +oo 0 9 oo+ 0 5 ooo 1 7 ooo 1 11 o+o 1 9 -oo 1 12 oo- 1 6 ooo 2 5 ooo 2 6 ooo 2 10 ooo 2 11 ooo 3 8 o+o 3 6 ooo 3 10 -oo 3 12 ooo 4 7 o-o 4 5 ooo 4 11 +oo 4 9 ooo
mp-1041762,Zn2CuWO6,70,182,184,112,2.6,0,False,0,1.0,Zn Zn Cu W O O O O O O 0 9 -oo 0 5 ooo 0 8 ooo 0 4 o+o 0 6 -+o 1 6 ooo 1 7 ooo 1 4 ooo 1 8 ooo 1 9 ooo 2 8 ooo 2 5 oo+ 2 7 oo+ 2 4 ooo 3 6 o++ 3 7 +++ 3 9 ooo 3 5 +o+ 3 4 o+o 3 8 ooo
mp-1215542,Zn2GaCuSe4,56,151,153,95,2.6964285714285716,0,False,0,1.0,Zn Zn Ga Cu Se Se Se Se 0 4 +oo 0 6 ooo 0 7 o-o 0 5 oo+ 1 6 ooo 1 4 o+o 1 5 -oo 1 7 oo+ 2 5 ooo 2 7 ooo 2 6 ooo 2 4 oo- 3 6 --- 3 4 ooo 3 7 o-o 3 5 -oo
mp-1096208,Zn2IrAu,16,43,45,27,2.6875,0,False,0,1.0,Zn Zn Ir Au 0 3 ooo 0 2 ooo 1 3 ooo 1 2 o++
mp-2458726,Zn2MoN3,84,229,231,145,2.7261904761904763,0,False,0,1.0,Zn Zn Zn Zn Mo Mo N N N N N N 0 9 ooo 0 8 o-o 0 10 ooo 0 6 ooo 1 8 ooo 1 9 -oo 1 10 ooo 1 7 ooo 2 6 o+o 2 7 ooo 2 11 ooo 2 8 oo- 3 7 +oo 3 6 ooo 3 11 ooo 3 9 oo- 4 7 ooo 4 6 ooo 4 11 --o 4 10 oo- 5 9 ooo 5 8 ooo 5 10 ++o 5 11 ooo
mp-1103830,Zn2SnO4,110,297,299,187,2.7,0,False,0,1.0,Zn Zn Zn Zn Sn Sn O O O O O O O O 0 12 o-o 0 11 oo- 0 8 oo- 0 7 o-o 0 9 ooo 0 13 o-- 1 12 -oo 1 10 oo- 1 8 oo- 1 6 -oo 1 9 ooo 1 13 -o- 2 10 o-o 2 11 -oo 2 7 o-o 2 6 -oo 2 9 ooo 2 13 --o 3 6 -oo 3 7 o-o 3 8 oo- 3 12 --o 3 10 o-- 3 11 -o- 4 9 ooo 4 7 ooo 4 6 ooo 4 8 ooo 5 13 ooo 5 12 ooo 5 11 ooo 5 10 ooo
mp-1373817,Zn2TeWO6,128,357,359,229,2.7890625,0,False,0,1.0,Zn Zn Zn Zn Te Te W W O O O O O O O O O O O O 0 9 ooo 0 17 o-o 0 16 ooo 0 14 ooo 1 8 +oo 1 16 ++o 1 17 ooo 1 15 +oo 2 11 ooo 2 18 o+o 2 19 ooo 2 12 ooo 3 10 -oo 3 19 --o 3 18 ooo 3 13 -oo 4 13 ooo 4 15 o-o 4 9 o-o 4 11 ooo 5 14 -o- 5 12 o-o 5 10 --o 5 8 oo- 6 17 oo- 6 18 ooo 6 12 ooo 6 14 oo- 6 10 ooo 6 8 oo- 7 19 -oo 7 16 ooo 7 15 ooo 7 13 -oo 7 11 ooo 7 9 -oo
mp-1215675,Zn4CoO5,140,401,403,261,2.8642857142857143,0,False,0,1.0,Zn Zn Zn Zn Zn Zn Zn Zn Co Co O O O O O O O O O O 0 15 ooo 0 15 -oo 0 15 o+o 0 10 ooo 1 16 +oo 1 16 ooo 1 16 ++o 1 11 ooo 2 17 +oo 2 17 ++o 2 17 ooo 2 12 ooo 3 18 +oo 3 18 ++o 3 18 ooo 3 13 ooo 4 19 +oo 4 19 ooo 4 19 ++o 4 14 ooo 5 11 -oo 5 11 ooo 5 11 --o 5 15 -oo 6 12 -oo 6 12 ooo 6 12 --o 6 16 ooo 7 13 -oo 7 13 --o 7 13 ooo 7 17 ooo 8 14 -oo 8 14 --o 8 14 ooo 8 18 ooo 9 10 -o+ 9 10 oo+ 9 10 --+ 9 19 ooo
mp-1215746,ZnCdCu4(SnS4)2,112,311,313,199,2.7767857142857144,0,False,0,1.0,Zn Cd Cu Cu Cu Cu Sn Sn S S S S S S S S 0 14 ooo 0 9 ooo 0 11 ooo 0 12 ooo 1 10 ooo 1 8 --o 1 13 o-- 1 15 -o- 2 8 o-o 2 10 ooo 2 14 o-o 2 12 ooo 3 13 ooo 3 15 -oo 3 11 -oo 3 9 ooo 4 10 ooo 4 8 -oo 4 12 -oo 4 14 ooo 5 15 ooo 5 13 o-o 5 11 o-o 5 9 ooo 6 8 ooo 6 10 ooo 6 15 oo- 6 13 oo- 7 11 --o 7 9 ooo 7 12 -oo 7 14 o-o
mp-1045166,ZnCoO2,130,362,364,232,2.7846153846153845,0,False,0,1.0,Zn Zn Zn Zn Co Co Co Co O O O O O O O O 0 14 ooo 0 14 +oo 0 11 ooo 0 13 ooo 0 13 -oo 1 12 ooo 1 12 -oo 1 8 ooo 1 15 ooo 1 15 +oo 2 15 ooo 2 14 ooo 2 10 -oo 2 10 ooo 3 13 ooo 3 12 ooo 3 9 +oo 3 9 ooo 4 11 -o+ 4 11 oo+ 4 9 ooo 4 12 -oo 4 12 ooo 5 13 -oo 5 13 ooo 5 11 ooo 5 10 o+o 5 10 -+o 6 15 +oo 6 15 ooo 6 8 ooo 6 9 o-o 6 9 +-o 7 8 +o- 7 8 oo- 7 10 ooo 7 14 +oo 7 14 ooo
mp-1215706,ZnCu(WO4)2,84,223,225,139,2.6547619047619047,0,False,0,1.0,Zn Cu W W O O O O O O O O 0 11 o+o 0 7 ooo 0 4 ooo 0 8 ooo 0 6 ooo 0 10 ooo 1 10 o-o 1 6 ooo 1 5 ooo 1 7 ooo 1 9 ooo 1 11 ooo 2 10 ooo 2 6 +oo 2 9 ooo 2 5 ++o 2 4 oo+ 2 8 +o+ 3 11 ooo 3 7 -oo 3 8 ooo 3 4 --o 3 9 -o- 3 5 oo-
mp-6408,ZnCu2GeS4,56,147,149,91,2.625,0,False,0,1.0,Zn Cu Cu Ge S S S S 0 6 ooo 0 7 o-- 0 5 -o- 0 4 --o 1 5 ooo 1 6 ooo 1 4 o-o 1 7 +oo 2 7 ooo 2 6 ooo 2 4 -oo 2 5 o+o 3 4 ooo 3 5 oo- 3 7 oo- 3 6 ooo
mp-1104843,ZnCu2SiSe4,112,319,321,207,2.8482142857142856,0,False,0,1.0,Zn Zn Cu Cu Cu Cu Si Si Se Se Se Se Se Se Se Se 0 10 ooo 0 8 +oo 0 12 ooo 0 13 ooo 1 11 ooo 1 9 ooo 1 15 ooo 1 14 oo- 2 11 oo+ 2 8 ooo 2 14 o-o 2 12 ooo 3 11 ooo 3 8 ooo 3 15 o-o 3 13 ooo 4 10 ooo 4 9 oo+ 4 12 o+o 4 14 +oo 5 10 ooo 5 9 ooo 5 13 o+o 5 15 +oo 6 8 ooo 6 14 ooo 6 15 ooo 6 10 ooo 7 9 ooo 7 12 oo- 7 13 ooo 7 11 +oo
mp-1105196,ZnCuH3ClO3,108,301,303,193,2.787037037037037,0,False,0,1.0,Zn Zn Cu Cu H H H H H H Cl Cl O O O O O O 0 14 -oo 0 17 -oo 0 15 oo- 0 16 ooo 0 12 ooo 0 10 -oo 1 15 +oo 1 16 +oo 1 14 ooo 1 17 oo+ 1 13 ooo 1 11 +oo 2 14 ooo 2 16 ooo 2 13 ooo 2 12 ooo 2 10 ooo 2 11 ooo 3 17 ooo 3 15 oo- 3 13 oo- 3 12 ooo 3 10 ooo 3 11 oo- 4 12 ooo 5 13 ooo 6 14 ooo 7 15 ooo 8 16 ooo 9 17 ooo
mp-1046293,ZnFeO2,118,328,330,210,2.7796610169491527,0,False,0,1.0,Zn Zn Zn Zn Fe Fe Fe Fe O O O O O O O O 0 14 +oo 0 14 ooo 0 11 +oo 0 13 ooo 1 12 -oo 1 12 ooo 1 8 -oo 1 15 ooo 2 15 ooo 2 14 ooo 2 10 -oo 2 10 ooo 3 13 ooo 3 12 ooo 3 9 +oo 3 9 ooo 4 11 oo+ 4 11 +o+ 4 12 ooo 4 9 ooo 5 13 ooo 5 13 -oo 5 11 ooo 5 10 -+o 5 10 o+o 6 15 ooo 6 15 +oo 6 8 ooo 6 9 +-o 6 9 o-o 7 8 oo- 7 8 -o- 7 14 ooo 7 10 ooo
