token,frequency,percentage,token_type,first_position_frequency,later_position_frequency,base_n_subtokens,base_token_ids,base_tokens,base_context_subtokens,base_context_token_ids,base_context_tokens,base_middle_example,base_final_example,needs_adaptation,reason_for_adaptation
ooo,1558575,10.627977915326811,periodic_direction,0,1558575,3,"[83, 83, 83]","[""o"", ""o"", ""o""]",4,"[225, 83, 83, 83]","[""Ġ"", ""o"", ""o"", ""o""]","[""O"", ""Ġ"", ""o"", ""o"", ""o"", ""Ġ"", ""0""]","[""0"", ""Ġ"", ""1"", ""Ġ"", ""o"", ""o"", ""o""]",True,aislado se divide en varias piezas; con whitespace precedente requiere varias piezas (overhead Ġ/contexto)
0,1015470,6.924525758257971,integer,0,1015470,1,[20],"[""0""]",2,"[225, 20]","[""Ġ"", ""0""]","[""O"", ""Ġ"", ""0"", ""Ġ"", ""0""]","[""0"", ""Ġ"", ""1"", ""Ġ"", ""0""]",True,con whitespace precedente requiere varias piezas (overhead Ġ/contexto)
1,976388,6.658024221349704,integer,0,976388,1,[21],"[""1""]",2,"[225, 21]","[""Ġ"", ""1""]","[""O"", ""Ġ"", ""1"", ""Ġ"", ""0""]","[""0"", ""Ġ"", ""1"", ""Ġ"", ""1""]",True,con whitespace precedente requiere varias piezas (overhead Ġ/contexto)
2,936967,6.3892110314806905,integer,0,936967,1,[22],"[""2""]",2,"[225, 22]","[""Ġ"", ""2""]","[""O"", ""Ġ"", ""2"", ""Ġ"", ""0""]","[""0"", ""Ġ"", ""1"", ""Ġ"", ""2""]",True,con whitespace precedente requiere varias piezas (overhead Ġ/contexto)
3,902502,6.154192980471442,integer,0,902502,1,[23],"[""3""]",2,"[225, 23]","[""Ġ"", ""3""]","[""O"", ""Ġ"", ""3"", ""Ġ"", ""0""]","[""0"", ""Ġ"", ""1"", ""Ġ"", ""3""]",True,con whitespace precedente requiere varias piezas (overhead Ġ/contexto)
4,653939,4.459233113562645,integer,0,653939,1,[24],"[""4""]",2,"[225, 24]","[""Ġ"", ""4""]","[""O"", ""Ġ"", ""4"", ""Ġ"", ""0""]","[""0"", ""Ġ"", ""1"", ""Ġ"", ""4""]",True,con whitespace precedente requiere varias piezas (overhead Ġ/contexto)
5,539571,3.6793536863807024,integer,0,539571,1,[25],"[""5""]",2,"[225, 25]","[""Ġ"", ""5""]","[""O"", ""Ġ"", ""5"", ""Ġ"", ""0""]","[""0"", ""Ġ"", ""1"", ""Ġ"", ""5""]",True,con whitespace precedente requiere varias piezas (overhead Ġ/contexto)
6,460964,3.1433297799340476,integer,0,460964,1,[26],"[""6""]",2,"[225, 26]","[""Ġ"", ""6""]","[""O"", ""Ġ"", ""6"", ""Ġ"", ""0""]","[""0"", ""Ġ"", ""1"", ""Ġ"", ""6""]",True,con whitespace precedente requiere varias piezas (overhead Ġ/contexto)
7,430143,2.933160293494006,integer,0,430143,1,[27],"[""7""]",2,"[225, 27]","[""Ġ"", ""7""]","[""O"", ""Ġ"", ""7"", ""Ġ"", ""0""]","[""0"", ""Ġ"", ""1"", ""Ġ"", ""7""]",True,con whitespace precedente requiere varias piezas (overhead Ġ/contexto)
+oo,382782,2.6102039634824297,periodic_direction,0,382782,3,"[15, 83, 83]","[""+"", ""o"", ""o""]",4,"[225, 15, 83, 83]","[""Ġ"", ""+"", ""o"", ""o""]","[""O"", ""Ġ"", ""+"", ""o"", ""o"", ""Ġ"", ""0""]","[""0"", ""Ġ"", ""1"", ""Ġ"", ""+"", ""o"", ""o""]",True,aislado se divide en varias piezas; con whitespace precedente requiere varias piezas (overhead Ġ/contexto)
-oo,367083,2.503151928583425,periodic_direction,0,367083,3,"[17, 83, 83]","[""-"", ""o"", ""o""]",4,"[225, 17, 83, 83]","[""Ġ"", ""-"", ""o"", ""o""]","[""O"", ""Ġ"", ""-"", ""o"", ""o"", ""Ġ"", ""0""]","[""0"", ""Ġ"", ""1"", ""Ġ"", ""-"", ""o"", ""o""]",True,aislado se divide en varias piezas; con whitespace precedente requiere varias piezas (overhead Ġ/contexto)
8,352913,2.4065261986312696,integer,0,352913,1,[28],"[""8""]",2,"[225, 28]","[""Ġ"", ""8""]","[""O"", ""Ġ"", ""8"", ""Ġ"", ""0""]","[""0"", ""Ġ"", ""1"", ""Ġ"", ""8""]",True,con whitespace precedente requiere varias piezas (overhead Ġ/contexto)
o-o,327509,2.2332954263161984,periodic_direction,0,327509,3,"[83, 17, 83]","[""o"", ""-"", ""o""]",4,"[225, 83, 17, 83]","[""Ġ"", ""o"", ""-"", ""o""]","[""O"", ""Ġ"", ""o"", ""-"", ""o"", ""Ġ"", ""0""]","[""0"", ""Ġ"", ""1"", ""Ġ"", ""o"", ""-"", ""o""]",True,aislado se divide en varias piezas; con whitespace precedente requiere varias piezas (overhead Ġ/contexto)
o+o,327014,2.229920003851391,periodic_direction,0,327014,3,"[83, 15, 83]","[""o"", ""+"", ""o""]",4,"[225, 83, 15, 83]","[""Ġ"", ""o"", ""+"", ""o""]","[""O"", ""Ġ"", ""o"", ""+"", ""o"", ""Ġ"", ""0""]","[""0"", ""Ġ"", ""1"", ""Ġ"", ""o"", ""+"", ""o""]",True,aislado se divide en varias piezas; con whitespace precedente requiere varias piezas (overhead Ġ/contexto)
9,318109,2.169196494661275,integer,0,318109,1,[29],"[""9""]",2,"[225, 29]","[""Ġ"", ""9""]","[""O"", ""Ġ"", ""9"", ""Ġ"", ""0""]","[""0"", ""Ġ"", ""1"", ""Ġ"", ""9""]",True,con whitespace precedente requiere varias piezas (overhead Ġ/contexto)
oo-,269457,1.83743679010007,periodic_direction,0,269457,3,"[83, 83, 17]","[""o"", ""o"", ""-""]",4,"[225, 83, 83, 17]","[""Ġ"", ""o"", ""o"", ""-""]","[""O"", ""Ġ"", ""o"", ""o"", ""-"", ""Ġ"", ""0""]","[""0"", ""Ġ"", ""1"", ""Ġ"", ""o"", ""o"", ""-""]",True,aislado se divide en varias piezas; con whitespace precedente requiere varias piezas (overhead Ġ/contexto)
10,256291,1.747657371571483,integer,0,256291,2,"[21, 20]","[""1"", ""0""]",3,"[225, 21, 20]","[""Ġ"", ""1"", ""0""]","[""O"", ""Ġ"", ""1"", ""0"", ""Ġ"", ""0""]","[""0"", ""Ġ"", ""1"", ""Ġ"", ""1"", ""0""]",True,aislado se divide en varias piezas; con whitespace precedente requiere varias piezas (overhead Ġ/contexto)
oo+,250503,1.7081887953567279,periodic_direction,0,250503,3,"[83, 83, 15]","[""o"", ""o"", ""+""]",4,"[225, 83, 83, 15]","[""Ġ"", ""o"", ""o"", ""+""]","[""O"", ""Ġ"", ""o"", ""o"", ""+"", ""Ġ"", ""0""]","[""0"", ""Ġ"", ""1"", ""Ġ"", ""o"", ""o"", ""+""]",True,aislado se divide en varias piezas; con whitespace precedente requiere varias piezas (overhead Ġ/contexto)
11,234409,1.5984432415211605,integer,0,234409,2,"[21, 21]","[""1"", ""1""]",3,"[225, 21, 21]","[""Ġ"", ""1"", ""1""]","[""O"", ""Ġ"", ""1"", ""1"", ""Ġ"", ""0""]","[""0"", ""Ġ"", ""1"", ""Ġ"", ""1"", ""1""]",True,aislado se divide en varias piezas; con whitespace precedente requiere varias piezas (overhead Ġ/contexto)
OOO,202513,1.3809432921524973,other,0,202513,3,"[51, 51, 51]","[""O"", ""O"", ""O""]",4,"[225, 51, 51, 51]","[""Ġ"", ""O"", ""O"", ""O""]","[""O"", ""Ġ"", ""O"", ""O"", ""O"", ""Ġ"", ""0""]","[""0"", ""Ġ"", ""1"", ""Ġ"", ""O"", ""O"", ""O""]",True,aislado se divide en varias piezas; con whitespace precedente requiere varias piezas (overhead Ġ/contexto)
12,152550,1.0402438323360153,integer,0,152550,1,[304],"[""12""]",2,"[225, 304]","[""Ġ"", ""12""]","[""O"", ""Ġ"", ""12"", ""Ġ"", ""0""]","[""0"", ""Ġ"", ""1"", ""Ġ"", ""12""]",True,con whitespace precedente requiere varias piezas (overhead Ġ/contexto)
13,144443,0.9849619133012852,integer,0,144443,1,[435],"[""13""]",2,"[225, 435]","[""Ġ"", ""13""]","[""O"", ""Ġ"", ""13"", ""Ġ"", ""0""]","[""0"", ""Ġ"", ""1"", ""Ġ"", ""13""]",True,con whitespace precedente requiere varias piezas (overhead Ġ/contexto)
o,126797,0.8646332167073729,other,28693,98104,1,[83],"[""o""]",2,"[225, 83]","[""Ġ"", ""o""]","[""O"", ""Ġ"", ""o"", ""Ġ"", ""0""]","[""0"", ""Ġ"", ""1"", ""Ġ"", ""o""]",True,con whitespace precedente requiere varias piezas (overhead Ġ/contexto)
14,126709,0.8640331416025183,integer,0,126709,2,"[21, 24]","[""1"", ""4""]",3,"[225, 21, 24]","[""Ġ"", ""1"", ""4""]","[""O"", ""Ġ"", ""1"", ""4"", ""Ġ"", ""0""]","[""0"", ""Ġ"", ""1"", ""Ġ"", ""1"", ""4""]",True,aislado se divide en varias piezas; con whitespace precedente requiere varias piezas (overhead Ġ/contexto)
15,117151,0.7988568023729697,integer,0,117151,2,"[21, 25]","[""1"", ""5""]",3,"[225, 21, 25]","[""Ġ"", ""1"", ""5""]","[""O"", ""Ġ"", ""1"", ""5"", ""Ġ"", ""0""]","[""0"", ""Ġ"", ""1"", ""Ġ"", ""1"", ""5""]",True,aislado se divide en varias piezas; con whitespace precedente requiere varias piezas (overhead Ġ/contexto)
--o,110977,0.7567560785391936,periodic_direction,0,110977,3,"[17, 17, 83]","[""-"", ""-"", ""o""]",4,"[225, 17, 17, 83]","[""Ġ"", ""-"", ""-"", ""o""]","[""O"", ""Ġ"", ""-"", ""-"", ""o"", ""Ġ"", ""0""]","[""0"", ""Ġ"", ""1"", ""Ġ"", ""-"", ""-"", ""o""]",True,aislado se divide en varias piezas; con whitespace precedente requiere varias piezas (overhead Ġ/contexto)
O,95506,0.6512587836845852,element,0,95506,1,[51],"[""O""]",2,"[225, 51]","[""Ġ"", ""O""]","[""O"", ""Ġ"", ""O"", ""Ġ"", ""0""]","[""0"", ""Ġ"", ""1"", ""Ġ"", ""O""]",True,con whitespace precedente requiere varias piezas (overhead Ġ/contexto)
++o,94880,0.6469900675977787,periodic_direction,0,94880,3,"[15, 15, 83]","[""+"", ""+"", ""o""]",4,"[225, 15, 15, 83]","[""Ġ"", ""+"", ""+"", ""o""]","[""O"", ""Ġ"", ""+"", ""+"", ""o"", ""Ġ"", ""0""]","[""0"", ""Ġ"", ""1"", ""Ġ"", ""+"", ""+"", ""o""]",True,aislado se divide en varias piezas; con whitespace precedente requiere varias piezas (overhead Ġ/contexto)
16,87244,0.5949199141810771,integer,0,87244,2,"[21, 26]","[""1"", ""6""]",3,"[225, 21, 26]","[""Ġ"", ""1"", ""6""]","[""O"", ""Ġ"", ""1"", ""6"", ""Ġ"", ""0""]","[""0"", ""Ġ"", ""1"", ""Ġ"", ""1"", ""6""]",True,aislado se divide en varias piezas; con whitespace precedente requiere varias piezas (overhead Ġ/contexto)
17,84106,0.5735217814647847,integer,0,84106,2,"[21, 27]","[""1"", ""7""]",3,"[225, 21, 27]","[""Ġ"", ""1"", ""7""]","[""O"", ""Ġ"", ""1"", ""7"", ""Ġ"", ""0""]","[""0"", ""Ġ"", ""1"", ""Ġ"", ""1"", ""7""]",True,aislado se divide en varias piezas; con whitespace precedente requiere varias piezas (overhead Ġ/contexto)
-o-,78662,0.5363989533871887,periodic_direction,0,78662,3,"[17, 83, 17]","[""-"", ""o"", ""-""]",4,"[225, 17, 83, 17]","[""Ġ"", ""-"", ""o"", ""-""]","[""O"", ""Ġ"", ""-"", ""o"", ""-"", ""Ġ"", ""0""]","[""0"", ""Ġ"", ""1"", ""Ġ"", ""-"", ""o"", ""-""]",True,aislado se divide en varias piezas; con whitespace precedente requiere varias piezas (overhead Ġ/contexto)
o--,77147,0.5260681149342942,periodic_direction,0,77147,3,"[83, 17, 17]","[""o"", ""-"", ""-""]",4,"[225, 83, 17, 17]","[""Ġ"", ""o"", ""-"", ""-""]","[""O"", ""Ġ"", ""o"", ""-"", ""-"", ""Ġ"", ""0""]","[""0"", ""Ġ"", ""1"", ""Ġ"", ""o"", ""-"", ""-""]",True,aislado se divide en varias piezas; con whitespace precedente requiere varias piezas (overhead Ġ/contexto)
+,73199,0.4991465636392264,other,71305,1894,1,[15],"[""+""]",2,"[225, 15]","[""Ġ"", ""+""]","[""O"", ""Ġ"", ""+"", ""Ġ"", ""0""]","[""0"", ""Ġ"", ""1"", ""Ġ"", ""+""]",True,con whitespace precedente requiere varias piezas (overhead Ġ/contexto)
c,66238,0.45167925903817097,other,0,66238,1,[71],"[""c""]",2,"[225, 71]","[""Ġ"", ""c""]","[""O"", ""Ġ"", ""c"", ""Ġ"", ""0""]","[""0"", ""Ġ"", ""1"", ""Ġ"", ""c""]",True,con whitespace precedente requiere varias piezas (overhead Ġ/contexto)
18,64620,0.4406460599511853,integer,0,64620,2,"[21, 28]","[""1"", ""8""]",3,"[225, 21, 28]","[""Ġ"", ""1"", ""8""]","[""O"", ""Ġ"", ""1"", ""8"", ""Ġ"", ""0""]","[""0"", ""Ġ"", ""1"", ""Ġ"", ""1"", ""8""]",True,aislado se divide en varias piezas; con whitespace precedente requiere varias piezas (overhead Ġ/contexto)
o++,64225,0.437952541014622,periodic_direction,0,64225,3,"[83, 15, 15]","[""o"", ""+"", ""+""]",4,"[225, 83, 15, 15]","[""Ġ"", ""o"", ""+"", ""+""]","[""O"", ""Ġ"", ""o"", ""+"", ""+"", ""Ġ"", ""0""]","[""0"", ""Ġ"", ""1"", ""Ġ"", ""o"", ""+"", ""+""]",True,aislado se divide en varias piezas; con whitespace precedente requiere varias piezas (overhead Ġ/contexto)
+o+,63965,0.43617959184118793,periodic_direction,0,63965,3,"[15, 83, 15]","[""+"", ""o"", ""+""]",4,"[225, 15, 83, 15]","[""Ġ"", ""+"", ""o"", ""+""]","[""O"", ""Ġ"", ""+"", ""o"", ""+"", ""Ġ"", ""0""]","[""0"", ""Ġ"", ""1"", ""Ġ"", ""+"", ""o"", ""+""]",True,aislado se divide en varias piezas; con whitespace precedente requiere varias piezas (overhead Ġ/contexto)
a,63105,0.4303152214982907,other,0,63105,1,[69],"[""a""]",2,"[225, 69]","[""Ġ"", ""a""]","[""O"", ""Ġ"", ""a"", ""Ġ"", ""0""]","[""0"", ""Ġ"", ""1"", ""Ġ"", ""a""]",True,con whitespace precedente requiere varias piezas (overhead Ġ/contexto)
b,61016,0.41607025679327636,other,0,61016,1,[70],"[""b""]",2,"[225, 70]","[""Ġ"", ""b""]","[""O"", ""Ġ"", ""b"", ""Ġ"", ""0""]","[""0"", ""Ġ"", ""1"", ""Ġ"", ""b""]",True,con whitespace precedente requiere varias piezas (overhead Ġ/contexto)
19,57401,0.39141944424726066,integer,0,57401,2,"[21, 29]","[""1"", ""9""]",3,"[225, 21, 29]","[""Ġ"", ""1"", ""9""]","[""O"", ""Ġ"", ""1"", ""9"", ""Ġ"", ""0""]","[""0"", ""Ġ"", ""1"", ""Ġ"", ""1"", ""9""]",True,aislado se divide en varias piezas; con whitespace precedente requiere varias piezas (overhead Ġ/contexto)
+-o,46814,0.31922631771208276,periodic_direction,0,46814,3,"[15, 17, 83]","[""+"", ""-"", ""o""]",4,"[225, 15, 17, 83]","[""Ġ"", ""+"", ""-"", ""o""]","[""O"", ""Ġ"", ""+"", ""-"", ""o"", ""Ġ"", ""0""]","[""0"", ""Ġ"", ""1"", ""Ġ"", ""+"", ""-"", ""o""]",True,aislado se divide en varias piezas; con whitespace precedente requiere varias piezas (overhead Ġ/contexto)
H,43519,0.2967575964564474,element,0,43519,1,[44],"[""H""]",2,"[225, 44]","[""Ġ"", ""H""]","[""O"", ""Ġ"", ""H"", ""Ġ"", ""0""]","[""0"", ""Ġ"", ""1"", ""Ġ"", ""H""]",True,con whitespace precedente requiere varias piezas (overhead Ġ/contexto)
w,42289,0.2883701830590479,other,0,42289,1,[91],"[""w""]",2,"[225, 91]","[""Ġ"", ""w""]","[""O"", ""Ġ"", ""w"", ""Ġ"", ""0""]","[""0"", ""Ġ"", ""1"", ""Ġ"", ""w""]",True,con whitespace precedente requiere varias piezas (overhead Ġ/contexto)
---,37019,0.25243386712059623,periodic_direction,0,37019,3,"[17, 17, 17]","[""-"", ""-"", ""-""]",4,"[225, 17, 17, 17]","[""Ġ"", ""-"", ""-"", ""-""]","[""O"", ""Ġ"", ""-"", ""-"", ""-"", ""Ġ"", ""0""]","[""0"", ""Ġ"", ""1"", ""Ġ"", ""-"", ""-"", ""-""]",True,aislado se divide en varias piezas; con whitespace precedente requiere varias piezas (overhead Ġ/contexto)
20,35399,0.2413870299630456,integer,0,35399,2,"[22, 20]","[""2"", ""0""]",3,"[225, 22, 20]","[""Ġ"", ""2"", ""0""]","[""O"", ""Ġ"", ""2"", ""0"", ""Ġ"", ""0""]","[""0"", ""Ġ"", ""1"", ""Ġ"", ""2"", ""0""]",True,aislado se divide en varias piezas; con whitespace precedente requiere varias piezas (overhead Ġ/contexto)
+o-,35244,0.2403300794942676,periodic_direction,0,35244,3,"[15, 83, 17]","[""+"", ""o"", ""-""]",4,"[225, 15, 83, 17]","[""Ġ"", ""+"", ""o"", ""-""]","[""O"", ""Ġ"", ""+"", ""o"", ""-"", ""Ġ"", ""0""]","[""0"", ""Ġ"", ""1"", ""Ġ"", ""+"", ""o"", ""-""]",True,aislado se divide en varias piezas; con whitespace precedente requiere varias piezas (overhead Ġ/contexto)
21,34399,0.23456799468060696,integer,0,34399,1,[309],"[""21""]",2,"[225, 309]","[""Ġ"", ""21""]","[""O"", ""Ġ"", ""21"", ""Ġ"", ""0""]","[""0"", ""Ġ"", ""1"", ""Ġ"", ""21""]",True,con whitespace precedente requiere varias piezas (overhead Ġ/contexto)
22,31655,0.21585656186559532,integer,0,31655,2,"[22, 22]","[""2"", ""2""]",3,"[225, 22, 22]","[""Ġ"", ""2"", ""2""]","[""O"", ""Ġ"", ""2"", ""2"", ""Ġ"", ""0""]","[""0"", ""Ġ"", ""1"", ""Ġ"", ""2"", ""2""]",True,aislado se divide en varias piezas; con whitespace precedente requiere varias piezas (overhead Ġ/contexto)
23,31620,0.21561789563070996,integer,0,31620,1,[335],"[""23""]",2,"[225, 335]","[""Ġ"", ""23""]","[""O"", ""Ġ"", ""23"", ""Ġ"", ""0""]","[""0"", ""Ġ"", ""1"", ""Ġ"", ""23""]",True,con whitespace precedente requiere varias piezas (overhead Ġ/contexto)
-o+,29619,0.20197300603055024,periodic_direction,0,29619,3,"[17, 83, 15]","[""-"", ""o"", ""+""]",4,"[225, 17, 83, 15]","[""Ġ"", ""-"", ""o"", ""+""]","[""O"", ""Ġ"", ""-"", ""o"", ""+"", ""Ġ"", ""0""]","[""0"", ""Ġ"", ""1"", ""Ġ"", ""-"", ""o"", ""+""]",True,aislado se divide en varias piezas; con whitespace precedente requiere varias piezas (overhead Ġ/contexto)
-+o,29425,0.20065011318575712,periodic_direction,0,29425,3,"[17, 15, 83]","[""-"", ""+"", ""o""]",4,"[225, 17, 15, 83]","[""Ġ"", ""-"", ""+"", ""o""]","[""O"", ""Ġ"", ""-"", ""+"", ""o"", ""Ġ"", ""0""]","[""0"", ""Ġ"", ""1"", ""Ġ"", ""-"", ""+"", ""o""]",True,aislado se divide en varias piezas; con whitespace precedente requiere varias piezas (overhead Ġ/contexto)
o+-,29357,0.2001864187865513,periodic_direction,0,29357,3,"[83, 15, 17]","[""o"", ""+"", ""-""]",4,"[225, 83, 15, 17]","[""Ġ"", ""o"", ""+"", ""-""]","[""O"", ""Ġ"", ""o"", ""+"", ""-"", ""Ġ"", ""0""]","[""0"", ""Ġ"", ""1"", ""Ġ"", ""o"", ""+"", ""-""]",True,aislado se divide en varias piezas; con whitespace precedente requiere varias piezas (overhead Ġ/contexto)
24,25663,0.17499690245322294,integer,0,25663,1,[521],"[""24""]",2,"[225, 521]","[""Ġ"", ""24""]","[""O"", ""Ġ"", ""24"", ""Ġ"", ""0""]","[""0"", ""Ġ"", ""1"", ""Ġ"", ""24""]",True,con whitespace precedente requiere varias piezas (overhead Ġ/contexto)
o-+,25550,0.17422635146630738,periodic_direction,0,25550,3,"[83, 17, 15]","[""o"", ""-"", ""+""]",4,"[225, 83, 17, 15]","[""Ġ"", ""o"", ""-"", ""+""]","[""O"", ""Ġ"", ""o"", ""-"", ""+"", ""Ġ"", ""0""]","[""0"", ""Ġ"", ""1"", ""Ġ"", ""o"", ""-"", ""+""]",True,aislado se divide en varias piezas; con whitespace precedente requiere varias piezas (overhead Ġ/contexto)
25,25085,0.17105550005997341,integer,0,25085,2,"[22, 25]","[""2"", ""5""]",3,"[225, 22, 25]","[""Ġ"", ""2"", ""5""]","[""O"", ""Ġ"", ""2"", ""5"", ""Ġ"", ""0""]","[""0"", ""Ġ"", ""1"", ""Ġ"", ""2"", ""5""]",True,aislado se divide en varias piezas; con whitespace precedente requiere varias piezas (overhead Ġ/contexto)
+++,25004,0.17050315820209588,periodic_direction,0,25004,3,"[15, 15, 15]","[""+"", ""+"", ""+""]",4,"[225, 15, 15, 15]","[""Ġ"", ""+"", ""+"", ""+""]","[""O"", ""Ġ"", ""+"", ""+"", ""+"", ""Ġ"", ""0""]","[""0"", ""Ġ"", ""1"", ""Ġ"", ""+"", ""+"", ""+""]",True,aislado se divide en varias piezas; con whitespace precedente requiere varias piezas (overhead Ġ/contexto)
DDO,24300,0.1657025573632591,other,0,24300,3,"[40, 40, 51]","[""D"", ""D"", ""O""]",4,"[225, 40, 40, 51]","[""Ġ"", ""D"", ""D"", ""O""]","[""O"", ""Ġ"", ""D"", ""D"", ""O"", ""Ġ"", ""0""]","[""0"", ""Ġ"", ""1"", ""Ġ"", ""D"", ""D"", ""O""]",True,aislado se divide en varias piezas; con whitespace precedente requiere varias piezas (overhead Ġ/contexto)
26,23141,0.15779929547091268,integer,0,23141,2,"[22, 26]","[""2"", ""6""]",3,"[225, 22, 26]","[""Ġ"", ""2"", ""6""]","[""O"", ""Ġ"", ""2"", ""6"", ""Ġ"", ""0""]","[""0"", ""Ġ"", ""1"", ""Ġ"", ""2"", ""6""]",True,aislado se divide en varias piezas; con whitespace precedente requiere varias piezas (overhead Ġ/contexto)
27,22999,0.1568309924608064,integer,0,22999,2,"[22, 27]","[""2"", ""7""]",3,"[225, 22, 27]","[""Ġ"", ""2"", ""7""]","[""O"", ""Ġ"", ""2"", ""7"", ""Ġ"", ""0""]","[""0"", ""Ġ"", ""1"", ""Ġ"", ""2"", ""7""]",True,aislado se divide en varias piezas; con whitespace precedente requiere varias piezas (overhead Ġ/contexto)
g,22973,0.156653697543463,other,0,22973,1,[75],"[""g""]",2,"[225, 75]","[""Ġ"", ""g""]","[""O"", ""Ġ"", ""g"", ""Ġ"", ""0""]","[""0"", ""Ġ"", ""1"", ""Ġ"", ""g""]",True,con whitespace precedente requiere varias piezas (overhead Ġ/contexto)
x,22862,0.15589678462711232,other,0,22862,1,[92],"[""x""]",2,"[225, 92]","[""Ġ"", ""x""]","[""O"", ""Ġ"", ""x"", ""Ġ"", ""0""]","[""0"", ""Ġ"", ""1"", ""Ġ"", ""x""]",True,con whitespace precedente requiere varias piezas (overhead Ġ/contexto)
S,22752,0.15514669074604406,element,0,22752,1,[55],"[""S""]",2,"[225, 55]","[""Ġ"", ""S""]","[""O"", ""Ġ"", ""S"", ""Ġ"", ""0""]","[""0"", ""Ġ"", ""1"", ""Ġ"", ""S""]",True,con whitespace precedente requiere varias piezas (overhead Ġ/contexto)
Se,22611,0.15418520677122022,element,0,22611,2,"[55, 73]","[""S"", ""e""]",3,"[225, 55, 73]","[""Ġ"", ""S"", ""e""]","[""O"", ""Ġ"", ""S"", ""e"", ""Ġ"", ""0""]","[""0"", ""Ġ"", ""1"", ""Ġ"", ""S"", ""e""]",True,aislado se divide en varias piezas; con whitespace precedente requiere varias piezas (overhead Ġ/contexto)
e,21797,0.14863451205131514,other,0,21797,1,[73],"[""e""]",2,"[225, 73]","[""Ġ"", ""e""]","[""O"", ""Ġ"", ""e"", ""Ġ"", ""0""]","[""0"", ""Ġ"", ""1"", ""Ġ"", ""e""]",True,con whitespace precedente requiere varias piezas (overhead Ġ/contexto)
28,19964,0.13613522037860512,integer,0,19964,2,"[22, 28]","[""2"", ""8""]",3,"[225, 22, 28]","[""Ġ"", ""2"", ""8""]","[""O"", ""Ġ"", ""2"", ""8"", ""Ġ"", ""0""]","[""0"", ""Ġ"", ""1"", ""Ġ"", ""2"", ""8""]",True,aislado se divide en varias piezas; con whitespace precedente requiere varias piezas (overhead Ġ/contexto)
F,18866,0.12864791963848748,element,0,18866,1,[42],"[""F""]",2,"[225, 42]","[""Ġ"", ""F""]","[""O"", ""Ġ"", ""F"", ""Ġ"", ""0""]","[""0"", ""Ġ"", ""1"", ""Ġ"", ""F""]",True,con whitespace precedente requiere varias piezas (overhead Ġ/contexto)
n,18424,0.1256339060436496,other,0,18424,1,[82],"[""n""]",2,"[225, 82]","[""Ġ"", ""n""]","[""O"", ""Ġ"", ""n"", ""Ġ"", ""0""]","[""0"", ""Ġ"", ""1"", ""Ġ"", ""n""]",True,con whitespace precedente requiere varias piezas (overhead Ġ/contexto)
Cl,18200,0.12410644214038334,element,0,18200,1,[278],"[""Cl""]",2,"[225, 278]","[""Ġ"", ""Cl""]","[""O"", ""Ġ"", ""Cl"", ""Ġ"", ""0""]","[""0"", ""Ġ"", ""1"", ""Ġ"", ""Cl""]",True,con whitespace precedente requiere varias piezas (overhead Ġ/contexto)
29,17934,0.12229257875525466,integer,0,17934,2,"[22, 29]","[""2"", ""9""]",3,"[225, 22, 29]","[""Ġ"", ""2"", ""9""]","[""O"", ""Ġ"", ""2"", ""9"", ""Ġ"", ""0""]","[""0"", ""Ġ"", ""1"", ""Ġ"", ""2"", ""9""]",True,aislado se divide en varias piezas; con whitespace precedente requiere varias piezas (overhead Ġ/contexto)
Pd,17514,0.11942858393663043,element,0,17514,2,"[52, 72]","[""P"", ""d""]",3,"[225, 52, 72]","[""Ġ"", ""P"", ""d""]","[""O"", ""Ġ"", ""P"", ""d"", ""Ġ"", ""0""]","[""0"", ""Ġ"", ""1"", ""Ġ"", ""P"", ""d""]",True,aislado se divide en varias piezas; con whitespace precedente requiere varias piezas (overhead Ġ/contexto)
La,17484,0.11922401287815727,element,0,17484,2,"[48, 69]","[""L"", ""a""]",3,"[225, 48, 69]","[""Ġ"", ""L"", ""a""]","[""O"", ""Ġ"", ""L"", ""a"", ""Ġ"", ""0""]","[""0"", ""Ġ"", ""1"", ""Ġ"", ""L"", ""a""]",True,aislado se divide en varias piezas; con whitespace precedente requiere varias piezas (overhead Ġ/contexto)
Br,16632,0.11341419481751955,element,0,16632,1,[299],"[""Br""]",2,"[225, 299]","[""Ġ"", ""Br""]","[""O"", ""Ġ"", ""Br"", ""Ġ"", ""0""]","[""0"", ""Ġ"", ""1"", ""Ġ"", ""Br""]",True,con whitespace precedente requiere varias piezas (overhead Ġ/contexto)
Y,16453,0.11219358750196302,element,0,16453,1,[61],"[""Y""]",2,"[225, 61]","[""Ġ"", ""Y""]","[""O"", ""Ġ"", ""Y"", ""Ġ"", ""0""]","[""0"", ""Ġ"", ""1"", ""Ġ"", ""Y""]",True,con whitespace precedente requiere varias piezas (overhead Ġ/contexto)
30,15965,0.10886589828413297,integer,0,15965,2,"[23, 20]","[""3"", ""0""]",3,"[225, 23, 20]","[""Ġ"", ""3"", ""0""]","[""O"", ""Ġ"", ""3"", ""0"", ""Ġ"", ""0""]","[""0"", ""Ġ"", ""1"", ""Ġ"", ""3"", ""0""]",True,aislado se divide en varias piezas; con whitespace precedente requiere varias piezas (overhead Ġ/contexto)
In,15935,0.10866132722565981,element,0,15935,2,"[45, 82]","[""I"", ""n""]",3,"[225, 45, 82]","[""Ġ"", ""I"", ""n""]","[""O"", ""Ġ"", ""I"", ""n"", ""Ġ"", ""0""]","[""0"", ""Ġ"", ""1"", ""Ġ"", ""I"", ""n""]",True,aislado se divide en varias piezas; con whitespace precedente requiere varias piezas (overhead Ġ/contexto)
31,15864,0.10817717572060667,integer,0,15864,1,[469],"[""31""]",2,"[225, 469]","[""Ġ"", ""31""]","[""O"", ""Ġ"", ""31"", ""Ġ"", ""0""]","[""0"", ""Ġ"", ""1"", ""Ġ"", ""31""]",True,con whitespace precedente requiere varias piezas (overhead Ġ/contexto)
Te,15632,0.1065951595350809,element,0,15632,2,"[56, 73]","[""T"", ""e""]",3,"[225, 56, 73]","[""Ġ"", ""T"", ""e""]","[""O"", ""Ġ"", ""T"", ""e"", ""Ġ"", ""0""]","[""0"", ""Ġ"", ""1"", ""Ġ"", ""T"", ""e""]",True,aislado se divide en varias piezas; con whitespace precedente requiere varias piezas (overhead Ġ/contexto)
d,15478,0.10554502810158535,other,0,15478,1,[72],"[""d""]",2,"[225, 72]","[""Ġ"", ""d""]","[""O"", ""Ġ"", ""d"", ""Ġ"", ""0""]","[""0"", ""Ġ"", ""1"", ""Ġ"", ""d""]",True,con whitespace precedente requiere varias piezas (overhead Ġ/contexto)
N,15412,0.1050949717729444,element,0,15412,1,[50],"[""N""]",2,"[225, 50]","[""Ġ"", ""N""]","[""O"", ""Ġ"", ""N"", ""Ġ"", ""0""]","[""0"", ""Ġ"", ""1"", ""Ġ"", ""N""]",True,con whitespace precedente requiere varias piezas (overhead Ġ/contexto)
DDD,15234,0.10388118349267032,other,0,15234,3,"[40, 40, 40]","[""D"", ""D"", ""D""]",4,"[225, 40, 40, 40]","[""Ġ"", ""D"", ""D"", ""D""]","[""O"", ""Ġ"", ""D"", ""D"", ""D"", ""Ġ"", ""0""]","[""0"", ""Ġ"", ""1"", ""Ġ"", ""D"", ""D"", ""D""]",True,aislado se divide en varias piezas; con whitespace precedente requiere varias piezas (overhead Ġ/contexto)
Ni,14919,0.10173318737870214,element,0,14919,2,"[50, 77]","[""N"", ""i""]",3,"[225, 50, 77]","[""Ġ"", ""N"", ""i""]","[""O"", ""Ġ"", ""N"", ""i"", ""Ġ"", ""0""]","[""0"", ""Ġ"", ""1"", ""Ġ"", ""N"", ""i""]",True,aislado se divide en varias piezas; con whitespace precedente requiere varias piezas (overhead Ġ/contexto)
Zn,14801,0.10092854121537438,element,0,14801,2,"[62, 82]","[""Z"", ""n""]",3,"[225, 62, 82]","[""Ġ"", ""Z"", ""n""]","[""O"", ""Ġ"", ""Z"", ""n"", ""Ġ"", ""0""]","[""0"", ""Ġ"", ""1"", ""Ġ"", ""Z"", ""n""]",True,aislado se divide en varias piezas; con whitespace precedente requiere varias piezas (overhead Ġ/contexto)
v,14704,0.10026709479297784,other,0,14704,1,[90],"[""v""]",2,"[225, 90]","[""Ġ"", ""v""]","[""O"", ""Ġ"", ""v"", ""Ġ"", ""0""]","[""0"", ""Ġ"", ""1"", ""Ġ"", ""v""]",True,con whitespace precedente requiere varias piezas (overhead Ġ/contexto)
Tb,14520,0.09901239230100913,element,0,14520,2,"[56, 70]","[""T"", ""b""]",3,"[225, 56, 70]","[""Ġ"", ""T"", ""b""]","[""O"", ""Ġ"", ""T"", ""b"", ""Ġ"", ""0""]","[""0"", ""Ġ"", ""1"", ""Ġ"", ""T"", ""b""]",True,aislado se divide en varias piezas; con whitespace precedente requiere varias piezas (overhead Ġ/contexto)
Rh,14354,0.09788043244412431,element,0,14354,2,"[54, 76]","[""R"", ""h""]",3,"[225, 54, 76]","[""Ġ"", ""R"", ""h""]","[""O"", ""Ġ"", ""R"", ""h"", ""Ġ"", ""0""]","[""0"", ""Ġ"", ""1"", ""Ġ"", ""R"", ""h""]",True,aislado se divide en varias piezas; con whitespace precedente requiere varias piezas (overhead Ġ/contexto)
Ga,14307,0.09755993778584969,element,0,14307,2,"[43, 69]","[""G"", ""a""]",3,"[225, 43, 69]","[""Ġ"", ""G"", ""a""]","[""O"", ""Ġ"", ""G"", ""a"", ""Ġ"", ""0""]","[""0"", ""Ġ"", ""1"", ""Ġ"", ""G"", ""a""]",True,aislado se divide en varias piezas; con whitespace precedente requiere varias piezas (overhead Ġ/contexto)
Mg,14235,0.09706896724551412,element,0,14235,2,"[49, 75]","[""M"", ""g""]",3,"[225, 49, 75]","[""Ġ"", ""M"", ""g""]","[""O"", ""Ġ"", ""M"", ""g"", ""Ġ"", ""0""]","[""0"", ""Ġ"", ""1"", ""Ġ"", ""M"", ""g""]",True,aislado se divide en varias piezas; con whitespace precedente requiere varias piezas (overhead Ġ/contexto)
Nd,14196,0.096803024869499,element,0,14196,2,"[50, 72]","[""N"", ""d""]",3,"[225, 50, 72]","[""Ġ"", ""N"", ""d""]","[""O"", ""Ġ"", ""N"", ""d"", ""Ġ"", ""0""]","[""0"", ""Ġ"", ""1"", ""Ġ"", ""N"", ""d""]",True,aislado se divide en varias piezas; con whitespace precedente requiere varias piezas (overhead Ġ/contexto)
Dy,14173,0.09664618705800292,element,0,14173,2,"[40, 93]","[""D"", ""y""]",3,"[225, 40, 93]","[""Ġ"", ""D"", ""y""]","[""O"", ""Ġ"", ""D"", ""y"", ""Ġ"", ""0""]","[""0"", ""Ġ"", ""1"", ""Ġ"", ""D"", ""y""]",True,aislado se divide en varias piezas; con whitespace precedente requiere varias piezas (overhead Ġ/contexto)
Pr,14134,0.09638024468198782,element,0,14134,2,"[52, 86]","[""P"", ""r""]",3,"[225, 52, 86]","[""Ġ"", ""P"", ""r""]","[""O"", ""Ġ"", ""P"", ""r"", ""Ġ"", ""0""]","[""0"", ""Ġ"", ""1"", ""Ġ"", ""P"", ""r""]",True,aislado se divide en varias piezas; con whitespace precedente requiere varias piezas (overhead Ġ/contexto)
Al,14118,0.09627114011746879,element,0,14118,2,"[37, 80]","[""A"", ""l""]",3,"[225, 37, 80]","[""Ġ"", ""A"", ""l""]","[""O"", ""Ġ"", ""A"", ""l"", ""Ġ"", ""0""]","[""0"", ""Ġ"", ""1"", ""Ġ"", ""A"", ""l""]",True,aislado se divide en varias piezas; con whitespace precedente requiere varias piezas (overhead Ġ/contexto)
Tl,14102,0.09616203555294978,element,0,14102,2,"[56, 80]","[""T"", ""l""]",3,"[225, 56, 80]","[""Ġ"", ""T"", ""l""]","[""O"", ""Ġ"", ""T"", ""l"", ""Ġ"", ""0""]","[""0"", ""Ġ"", ""1"", ""Ġ"", ""T"", ""l""]",True,aislado se divide en varias piezas; con whitespace precedente requiere varias piezas (overhead Ġ/contexto)
Sm,13961,0.09520055157812593,element,0,13961,2,"[55, 81]","[""S"", ""m""]",3,"[225, 55, 81]","[""Ġ"", ""S"", ""m""]","[""O"", ""Ġ"", ""S"", ""m"", ""Ġ"", ""0""]","[""0"", ""Ġ"", ""1"", ""Ġ"", ""S"", ""m""]",True,aislado se divide en varias piezas; con whitespace precedente requiere varias piezas (overhead Ġ/contexto)
P,13873,0.09460047647327133,element,0,13873,1,[52],"[""P""]",2,"[225, 52]","[""Ġ"", ""P""]","[""O"", ""Ġ"", ""P"", ""Ġ"", ""0""]","[""0"", ""Ġ"", ""1"", ""Ġ"", ""P""]",True,con whitespace precedente requiere varias piezas (overhead Ġ/contexto)
Pt,13723,0.09357762118090553,element,0,13723,2,"[52, 88]","[""P"", ""t""]",3,"[225, 52, 88]","[""Ġ"", ""P"", ""t""]","[""O"", ""Ġ"", ""P"", ""t"", ""Ġ"", ""0""]","[""0"", ""Ġ"", ""1"", ""Ġ"", ""P"", ""t""]",True,aislado se divide en varias piezas; con whitespace precedente requiere varias piezas (overhead Ġ/contexto)
Hg,13466,0.09182512911331879,element,0,13466,2,"[44, 75]","[""H"", ""g""]",3,"[225, 44, 75]","[""Ġ"", ""H"", ""g""]","[""O"", ""Ġ"", ""H"", ""g"", ""Ġ"", ""0""]","[""0"", ""Ġ"", ""1"", ""Ġ"", ""H"", ""g""]",True,aislado se divide en varias piezas; con whitespace precedente requiere varias piezas (overhead Ġ/contexto)
Er,13337,0.0909454735618842,element,0,13337,2,"[41, 86]","[""E"", ""r""]",3,"[225, 41, 86]","[""Ġ"", ""E"", ""r""]","[""O"", ""Ġ"", ""E"", ""r"", ""Ġ"", ""0""]","[""0"", ""Ġ"", ""1"", ""Ġ"", ""E"", ""r""]",True,aislado se divide en varias piezas; con whitespace precedente requiere varias piezas (overhead Ġ/contexto)
Tm,13337,0.0909454735618842,element,0,13337,2,"[56, 81]","[""T"", ""m""]",3,"[225, 56, 81]","[""Ġ"", ""T"", ""m""]","[""O"", ""Ġ"", ""T"", ""m"", ""Ġ"", ""0""]","[""0"", ""Ġ"", ""1"", ""Ġ"", ""T"", ""m""]",True,aislado se divide en varias piezas; con whitespace precedente requiere varias piezas (overhead Ġ/contexto)
Ho,13274,0.09051587433909057,element,0,13274,2,"[44, 83]","[""H"", ""o""]",3,"[225, 44, 83]","[""Ġ"", ""H"", ""o""]","[""O"", ""Ġ"", ""H"", ""o"", ""Ġ"", ""0""]","[""0"", ""Ġ"", ""1"", ""Ġ"", ""H"", ""o""]",True,aislado se divide en varias piezas; con whitespace precedente requiere varias piezas (overhead Ġ/contexto)
Au,13241,0.0902908461747701,element,0,13241,2,"[37, 89]","[""A"", ""u""]",3,"[225, 37, 89]","[""Ġ"", ""A"", ""u""]","[""O"", ""Ġ"", ""A"", ""u"", ""Ġ"", ""0""]","[""0"", ""Ġ"", ""1"", ""Ġ"", ""A"", ""u""]",True,aislado se divide en varias piezas; con whitespace precedente requiere varias piezas (overhead Ġ/contexto)
Li,13214,0.09010673222214426,element,0,13214,2,"[48, 77]","[""L"", ""i""]",3,"[225, 48, 77]","[""Ġ"", ""L"", ""i""]","[""O"", ""Ġ"", ""L"", ""i"", ""Ġ"", ""0""]","[""0"", ""Ġ"", ""1"", ""Ġ"", ""L"", ""i""]",True,aislado se divide en varias piezas; con whitespace precedente requiere varias piezas (overhead Ġ/contexto)
ODD,13173,0.08982715177556427,other,0,13173,3,"[51, 40, 40]","[""O"", ""D"", ""D""]",4,"[225, 51, 40, 40]","[""Ġ"", ""O"", ""D"", ""D""]","[""O"", ""Ġ"", ""O"", ""D"", ""D"", ""Ġ"", ""0""]","[""0"", ""Ġ"", ""1"", ""Ġ"", ""O"", ""D"", ""D""]",True,aislado se divide en varias piezas; con whitespace precedente requiere varias piezas (overhead Ġ/contexto)
32,13172,0.08982033274028184,integer,0,13172,1,[333],"[""32""]",2,"[225, 333]","[""Ġ"", ""32""]","[""O"", ""Ġ"", ""32"", ""Ġ"", ""0""]","[""0"", ""Ġ"", ""1"", ""Ġ"", ""32""]",True,con whitespace precedente requiere varias piezas (overhead Ġ/contexto)
Pm,13131,0.08954075229370186,element,0,13131,2,"[52, 81]","[""P"", ""m""]",3,"[225, 52, 81]","[""Ġ"", ""P"", ""m""]","[""O"", ""Ġ"", ""P"", ""m"", ""Ġ"", ""0""]","[""0"", ""Ġ"", ""1"", ""Ġ"", ""P"", ""m""]",True,aislado se divide en varias piezas; con whitespace precedente requiere varias piezas (overhead Ġ/contexto)
33,13057,0.0890361436828014,integer,0,13057,2,"[23, 23]","[""3"", ""3""]",3,"[225, 23, 23]","[""Ġ"", ""3"", ""3""]","[""O"", ""Ġ"", ""3"", ""3"", ""Ġ"", ""0""]","[""0"", ""Ġ"", ""1"", ""Ġ"", ""3"", ""3""]",True,aislado se divide en varias piezas; con whitespace precedente requiere varias piezas (overhead Ġ/contexto)
Cd,13053,0.08900886754167163,element,0,13053,2,"[39, 72]","[""C"", ""d""]",3,"[225, 39, 72]","[""Ġ"", ""C"", ""d""]","[""O"", ""Ġ"", ""C"", ""d"", ""Ġ"", ""0""]","[""0"", ""Ġ"", ""1"", ""Ġ"", ""C"", ""d""]",True,aislado se divide en varias piezas; con whitespace precedente requiere varias piezas (overhead Ġ/contexto)
Cu,12937,0.08821785944890875,element,0,12937,2,"[39, 89]","[""C"", ""u""]",3,"[225, 39, 89]","[""Ġ"", ""C"", ""u""]","[""O"", ""Ġ"", ""C"", ""u"", ""Ġ"", ""0""]","[""0"", ""Ġ"", ""1"", ""Ġ"", ""C"", ""u""]",True,aislado se divide en varias piezas; con whitespace precedente requiere varias piezas (overhead Ġ/contexto)
34,12912,0.08804738356684778,integer,0,12912,1,[383],"[""34""]",2,"[225, 383]","[""Ġ"", ""34""]","[""O"", ""Ġ"", ""34"", ""Ġ"", ""0""]","[""0"", ""Ġ"", ""1"", ""Ġ"", ""34""]",True,con whitespace precedente requiere varias piezas (overhead Ġ/contexto)
35,12828,0.08747458460312293,integer,0,12828,1,[644],"[""35""]",2,"[225, 644]","[""Ġ"", ""35""]","[""O"", ""Ġ"", ""35"", ""Ġ"", ""0""]","[""0"", ""Ġ"", ""1"", ""Ġ"", ""35""]",True,con whitespace precedente requiere varias piezas (overhead Ġ/contexto)
Si,12622,0.08606986333494059,element,0,12622,2,"[55, 77]","[""S"", ""i""]",3,"[225, 55, 77]","[""Ġ"", ""S"", ""i""]","[""O"", ""Ġ"", ""S"", ""i"", ""Ġ"", ""0""]","[""0"", ""Ġ"", ""1"", ""Ġ"", ""S"", ""i""]",True,aislado se divide en varias piezas; con whitespace precedente requiere varias piezas (overhead Ġ/contexto)
Ge,12365,0.08431737126735385,element,0,12365,2,"[43, 73]","[""G"", ""e""]",3,"[225, 43, 73]","[""Ġ"", ""G"", ""e""]","[""O"", ""Ġ"", ""G"", ""e"", ""Ġ"", ""0""]","[""0"", ""Ġ"", ""1"", ""Ġ"", ""G"", ""e""]",True,aislado se divide en varias piezas; con whitespace precedente requiere varias piezas (overhead Ġ/contexto)
As,12346,0.08418780959698752,element,0,12346,2,"[37, 87]","[""A"", ""s""]",3,"[225, 37, 87]","[""Ġ"", ""A"", ""s""]","[""O"", ""Ġ"", ""A"", ""s"", ""Ġ"", ""0""]","[""0"", ""Ġ"", ""1"", ""Ġ"", ""A"", ""s""]",True,aislado se divide en varias piezas; con whitespace precedente requiere varias piezas (overhead Ġ/contexto)
Ag,12302,0.08388777204456022,element,0,12302,2,"[37, 75]","[""A"", ""g""]",3,"[225, 37, 75]","[""Ġ"", ""A"", ""g""]","[""O"", ""Ġ"", ""A"", ""g"", ""Ġ"", ""0""]","[""0"", ""Ġ"", ""1"", ""Ġ"", ""A"", ""g""]",True,aislado se divide en varias piezas; con whitespace precedente requiere varias piezas (overhead Ġ/contexto)
I,11936,0.08139200513118768,element,0,11936,1,[45],"[""I""]",2,"[225, 45]","[""Ġ"", ""I""]","[""O"", ""Ġ"", ""I"", ""Ġ"", ""0""]","[""0"", ""Ġ"", ""1"", ""Ġ"", ""I""]",True,con whitespace precedente requiere varias piezas (overhead Ġ/contexto)
DOD,11926,0.08132381477836328,other,0,11926,3,"[40, 51, 40]","[""D"", ""O"", ""D""]",4,"[225, 40, 51, 40]","[""Ġ"", ""D"", ""O"", ""D""]","[""O"", ""Ġ"", ""D"", ""O"", ""D"", ""Ġ"", ""0""]","[""0"", ""Ġ"", ""1"", ""Ġ"", ""D"", ""O"", ""D""]",True,aislado se divide en varias piezas; con whitespace precedente requiere varias piezas (overhead Ġ/contexto)
Sc,11876,0.08098286301424135,element,0,11876,1,[345],"[""Sc""]",2,"[225, 345]","[""Ġ"", ""Sc""]","[""O"", ""Ġ"", ""Sc"", ""Ġ"", ""0""]","[""0"", ""Ġ"", ""1"", ""Ġ"", ""Sc""]",True,con whitespace precedente requiere varias piezas (overhead Ġ/contexto)
Co,11751,0.08013048360393651,element,0,11751,2,"[39, 83]","[""C"", ""o""]",3,"[225, 39, 83]","[""Ġ"", ""C"", ""o""]","[""O"", ""Ġ"", ""C"", ""o"", ""Ġ"", ""0""]","[""0"", ""Ġ"", ""1"", ""Ġ"", ""C"", ""o""]",True,aislado se divide en varias piezas; con whitespace precedente requiere varias piezas (overhead Ġ/contexto)
K,11384,0.07762789765528154,element,0,11384,1,[47],"[""K""]",2,"[225, 47]","[""Ġ"", ""K""]","[""O"", ""Ġ"", ""K"", ""Ġ"", ""0""]","[""0"", ""Ġ"", ""1"", ""Ġ"", ""K""]",True,con whitespace precedente requiere varias piezas (overhead Ġ/contexto)
36,11060,0.07541853022377142,integer,0,11060,2,"[23, 26]","[""3"", ""6""]",3,"[225, 23, 26]","[""Ġ"", ""3"", ""6""]","[""O"", ""Ġ"", ""3"", ""6"", ""Ġ"", ""0""]","[""0"", ""Ġ"", ""1"", ""Ġ"", ""3"", ""6""]",True,aislado se divide en varias piezas; con whitespace precedente requiere varias piezas (overhead Ġ/contexto)
Sn,11003,0.07502984521267242,element,0,11003,2,"[55, 82]","[""S"", ""n""]",3,"[225, 55, 82]","[""Ġ"", ""S"", ""n""]","[""O"", ""Ġ"", ""S"", ""n"", ""Ġ"", ""0""]","[""0"", ""Ġ"", ""1"", ""Ġ"", ""S"", ""n""]",True,aislado se divide en varias piezas; con whitespace precedente requiere varias piezas (overhead Ġ/contexto)
37,10963,0.07475708380137487,integer,0,10963,2,"[23, 27]","[""3"", ""7""]",3,"[225, 23, 27]","[""Ġ"", ""3"", ""7""]","[""O"", ""Ġ"", ""3"", ""7"", ""Ġ"", ""0""]","[""0"", ""Ġ"", ""1"", ""Ġ"", ""3"", ""7""]",True,aislado se divide en varias piezas; con whitespace precedente requiere varias piezas (overhead Ġ/contexto)
Ca,10676,0.07280002067531498,element,0,10676,2,"[39, 69]","[""C"", ""a""]",3,"[225, 39, 69]","[""Ġ"", ""C"", ""a""]","[""O"", ""Ġ"", ""C"", ""a"", ""Ġ"", ""0""]","[""0"", ""Ġ"", ""1"", ""Ġ"", ""C"", ""a""]",True,aislado se divide en varias piezas; con whitespace precedente requiere varias piezas (overhead Ġ/contexto)
Na,10577,0.07212493618235355,element,0,10577,2,"[50, 69]","[""N"", ""a""]",3,"[225, 50, 69]","[""Ġ"", ""N"", ""a""]","[""O"", ""Ġ"", ""N"", ""a"", ""Ġ"", ""0""]","[""0"", ""Ġ"", ""1"", ""Ġ"", ""N"", ""a""]",True,aislado se divide en varias piezas; con whitespace precedente requiere varias piezas (overhead Ġ/contexto)
Ba,10540,0.07187263187690332,element,0,10540,2,"[38, 69]","[""B"", ""a""]",3,"[225, 38, 69]","[""Ġ"", ""B"", ""a""]","[""O"", ""Ġ"", ""B"", ""a"", ""Ġ"", ""0""]","[""0"", ""Ġ"", ""1"", ""Ġ"", ""B"", ""a""]",True,aislado se divide en varias piezas; con whitespace precedente requiere varias piezas (overhead Ġ/contexto)
Sr,10511,0.0716748798537126,element,0,10511,2,"[55, 86]","[""S"", ""r""]",3,"[225, 55, 86]","[""Ġ"", ""S"", ""r""]","[""O"", ""Ġ"", ""S"", ""r"", ""Ġ"", ""0""]","[""0"", ""Ġ"", ""1"", ""Ġ"", ""S"", ""r""]",True,aislado se divide en varias piezas; con whitespace precedente requiere varias piezas (overhead Ġ/contexto)
Sb,10423,0.071074804748858,element,0,10423,2,"[55, 70]","[""S"", ""b""]",3,"[225, 55, 70]","[""Ġ"", ""S"", ""b""]","[""O"", ""Ġ"", ""S"", ""b"", ""Ġ"", ""0""]","[""0"", ""Ġ"", ""1"", ""Ġ"", ""S"", ""b""]",True,aislado se divide en varias piezas; con whitespace precedente requiere varias piezas (overhead Ġ/contexto)
j,10412,0.07099979536075117,other,0,10412,1,[78],"[""j""]",2,"[225, 78]","[""Ġ"", ""j""]","[""O"", ""Ġ"", ""j"", ""Ġ"", ""0""]","[""0"", ""Ġ"", ""1"", ""Ġ"", ""j""]",True,con whitespace precedente requiere varias piezas (overhead Ġ/contexto)
ECC,10342,0.07052246289098046,other,0,10342,2,"[41, 262]","[""E"", ""CC""]",3,"[225, 41, 262]","[""Ġ"", ""E"", ""CC""]","[""O"", ""Ġ"", ""E"", ""CC"", ""Ġ"", ""0""]","[""0"", ""Ġ"", ""1"", ""Ġ"", ""E"", ""CC""]",True,aislado se divide en varias piezas; con whitespace precedente requiere varias piezas (overhead Ġ/contexto)
OOD,10284,0.07012695884459903,other,0,10284,3,"[51, 51, 40]","[""O"", ""O"", ""D""]",4,"[225, 51, 51, 40]","[""Ġ"", ""O"", ""O"", ""D""]","[""O"", ""Ġ"", ""O"", ""O"", ""D"", ""Ġ"", ""0""]","[""0"", ""Ġ"", ""1"", ""Ġ"", ""O"", ""O"", ""D""]",True,aislado se divide en varias piezas; con whitespace precedente requiere varias piezas (overhead Ġ/contexto)
Fe,10200,0.06955415988087418,element,0,10200,2,"[42, 73]","[""F"", ""e""]",3,"[225, 42, 73]","[""Ġ"", ""F"", ""e""]","[""O"", ""Ġ"", ""F"", ""e"", ""Ġ"", ""0""]","[""0"", ""Ġ"", ""1"", ""Ġ"", ""F"", ""e""]",True,aislado se divide en varias piezas; con whitespace precedente requiere varias piezas (overhead Ġ/contexto)
38,10020,0.06832673353003522,integer,0,10020,2,"[23, 28]","[""3"", ""8""]",3,"[225, 23, 28]","[""Ġ"", ""3"", ""8""]","[""O"", ""Ġ"", ""3"", ""8"", ""Ġ"", ""0""]","[""0"", ""Ġ"", ""1"", ""Ġ"", ""3"", ""8""]",True,aislado se divide en varias piezas; con whitespace precedente requiere varias piezas (overhead Ġ/contexto)
39,9946,0.06782212491913477,integer,0,9946,2,"[23, 29]","[""3"", ""9""]",3,"[225, 23, 29]","[""Ġ"", ""3"", ""9""]","[""O"", ""Ġ"", ""3"", ""9"", ""Ġ"", ""0""]","[""0"", ""Ġ"", ""1"", ""Ġ"", ""3"", ""9""]",True,aislado se divide en varias piezas; con whitespace precedente requiere varias piezas (overhead Ġ/contexto)
Pb,9632,0.06568094784044903,element,0,9632,2,"[52, 70]","[""P"", ""b""]",3,"[225, 52, 70]","[""Ġ"", ""P"", ""b""]","[""O"", ""Ġ"", ""P"", ""b"", ""Ġ"", ""0""]","[""0"", ""Ġ"", ""1"", ""Ġ"", ""P"", ""b""]",True,aislado se divide en varias piezas; con whitespace precedente requiere varias piezas (overhead Ġ/contexto)
Rb,9556,0.06516270115898369,element,0,9556,2,"[54, 70]","[""R"", ""b""]",3,"[225, 54, 70]","[""Ġ"", ""R"", ""b""]","[""O"", ""Ġ"", ""R"", ""b"", ""Ġ"", ""0""]","[""0"", ""Ġ"", ""1"", ""Ġ"", ""R"", ""b""]",True,aislado se divide en varias piezas; con whitespace precedente requiere varias piezas (overhead Ġ/contexto)
Ir,9491,0.06471946386562519,element,0,9491,2,"[45, 86]","[""I"", ""r""]",3,"[225, 45, 86]","[""Ġ"", ""I"", ""r""]","[""O"", ""Ġ"", ""I"", ""r"", ""Ġ"", ""0""]","[""0"", ""Ġ"", ""1"", ""Ġ"", ""I"", ""r""]",True,aislado se divide en varias piezas; con whitespace precedente requiere varias piezas (overhead Ġ/contexto)
Mn,9458,0.06449443570130471,element,0,9458,2,"[49, 82]","[""M"", ""n""]",3,"[225, 49, 82]","[""Ġ"", ""M"", ""n""]","[""O"", ""Ġ"", ""M"", ""n"", ""Ġ"", ""0""]","[""0"", ""Ġ"", ""1"", ""Ġ"", ""M"", ""n""]",True,aislado se divide en varias piezas; con whitespace precedente requiere varias piezas (overhead Ġ/contexto)
Ru,9098,0.062039582999626794,element,0,9098,2,"[54, 89]","[""R"", ""u""]",3,"[225, 54, 89]","[""Ġ"", ""R"", ""u""]","[""O"", ""Ġ"", ""R"", ""u"", ""Ġ"", ""0""]","[""0"", ""Ġ"", ""1"", ""Ġ"", ""R"", ""u""]",True,aislado se divide en varias piezas; con whitespace precedente requiere varias piezas (overhead Ġ/contexto)
Ac,9069,0.06184183097643607,element,0,9069,2,"[37, 71]","[""A"", ""c""]",3,"[225, 37, 71]","[""Ġ"", ""A"", ""c""]","[""O"", ""Ġ"", ""A"", ""c"", ""Ġ"", ""0""]","[""0"", ""Ġ"", ""1"", ""Ġ"", ""A"", ""c""]",True,aislado se divide en varias piezas; con whitespace precedente requiere varias piezas (overhead Ġ/contexto)
Ce,8763,0.059755206180009846,element,0,8763,2,"[39, 73]","[""C"", ""e""]",3,"[225, 39, 73]","[""Ġ"", ""C"", ""e""]","[""O"", ""Ġ"", ""C"", ""e"", ""Ġ"", ""0""]","[""0"", ""Ġ"", ""1"", ""Ġ"", ""C"", ""e""]",True,aislado se divide en varias piezas; con whitespace precedente requiere varias piezas (overhead Ġ/contexto)
Bi,8616,0.05875280799349137,element,0,8616,2,"[38, 77]","[""B"", ""i""]",3,"[225, 38, 77]","[""Ġ"", ""B"", ""i""]","[""O"", ""Ġ"", ""B"", ""i"", ""Ġ"", ""0""]","[""0"", ""Ġ"", ""1"", ""Ġ"", ""B"", ""i""]",True,aislado se divide en varias piezas; con whitespace precedente requiere varias piezas (overhead Ġ/contexto)
t,8586,0.058548236935018205,other,0,8586,1,[88],"[""t""]",2,"[225, 88]","[""Ġ"", ""t""]","[""O"", ""Ġ"", ""t"", ""Ġ"", ""0""]","[""0"", ""Ġ"", ""1"", ""Ġ"", ""t""]",True,con whitespace precedente requiere varias piezas (overhead Ġ/contexto)
B,8474,0.05778450498338508,element,0,8474,1,[38],"[""B""]",2,"[225, 38]","[""Ġ"", ""B""]","[""O"", ""Ġ"", ""B"", ""Ġ"", ""0""]","[""0"", ""Ġ"", ""1"", ""Ġ"", ""B""]",True,con whitespace precedente requiere varias piezas (overhead Ġ/contexto)
Cs,8270,0.056393421785767596,element,0,8270,2,"[39, 87]","[""C"", ""s""]",3,"[225, 39, 87]","[""Ġ"", ""C"", ""s""]","[""O"", ""Ġ"", ""C"", ""s"", ""Ġ"", ""0""]","[""0"", ""Ġ"", ""1"", ""Ġ"", ""C"", ""s""]",True,aislado se divide en varias piezas; con whitespace precedente requiere varias piezas (overhead Ġ/contexto)
Zr,8055,0.054927329200043284,element,0,8055,2,"[62, 86]","[""Z"", ""r""]",3,"[225, 62, 86]","[""Ġ"", ""Z"", ""r""]","[""O"", ""Ġ"", ""Z"", ""r"", ""Ġ"", ""0""]","[""0"", ""Ġ"", ""1"", ""Ġ"", ""Z"", ""r""]",True,aislado se divide en varias piezas; con whitespace precedente requiere varias piezas (overhead Ġ/contexto)
40,8049,0.054886414988348654,integer,0,8049,2,"[24, 20]","[""4"", ""0""]",3,"[225, 24, 20]","[""Ġ"", ""4"", ""0""]","[""O"", ""Ġ"", ""4"", ""0"", ""Ġ"", ""0""]","[""0"", ""Ġ"", ""1"", ""Ġ"", ""4"", ""0""]",True,aislado se divide en varias piezas; con whitespace precedente requiere varias piezas (overhead Ġ/contexto)
41,7987,0.05446363480083746,integer,0,7987,1,[679],"[""41""]",2,"[225, 679]","[""Ġ"", ""41""]","[""O"", ""Ġ"", ""41"", ""Ġ"", ""0""]","[""0"", ""Ġ"", ""1"", ""Ġ"", ""41""]",True,con whitespace precedente requiere varias piezas (overhead Ġ/contexto)
42,7775,0.05301799932096047,integer,0,7775,1,[543],"[""42""]",2,"[225, 543]","[""Ġ"", ""42""]","[""O"", ""Ġ"", ""42"", ""Ġ"", ""0""]","[""0"", ""Ġ"", ""1"", ""Ġ"", ""42""]",True,con whitespace precedente requiere varias piezas (overhead Ġ/contexto)
43,7633,0.05204969631085418,integer,0,7633,1,[396],"[""43""]",2,"[225, 396]","[""Ġ"", ""43""]","[""O"", ""Ġ"", ""43"", ""Ġ"", ""0""]","[""0"", ""Ġ"", ""1"", ""Ġ"", ""43""]",True,con whitespace precedente requiere varias piezas (overhead Ġ/contexto)
Ti,7475,0.050972288736228874,element,0,7475,2,"[56, 77]","[""T"", ""i""]",3,"[225, 56, 77]","[""Ġ"", ""T"", ""i""]","[""O"", ""Ġ"", ""T"", ""i"", ""Ġ"", ""0""]","[""0"", ""Ġ"", ""1"", ""Ġ"", ""T"", ""i""]",True,aislado se divide en varias piezas; con whitespace precedente requiere varias piezas (overhead Ġ/contexto)
44,7134,0.048646997704917296,integer,0,7134,2,"[24, 24]","[""4"", ""4""]",3,"[225, 24, 24]","[""Ġ"", ""4"", ""4""]","[""O"", ""Ġ"", ""4"", ""4"", ""Ġ"", ""0""]","[""0"", ""Ġ"", ""1"", ""Ġ"", ""4"", ""4""]",True,aislado se divide en varias piezas; con whitespace precedente requiere varias piezas (overhead Ġ/contexto)
45,7000,0.047733246977070515,integer,0,7000,1,[510],"[""45""]",2,"[225, 510]","[""Ġ"", ""45""]","[""O"", ""Ġ"", ""45"", ""Ġ"", ""0""]","[""0"", ""Ġ"", ""1"", ""Ġ"", ""45""]",True,con whitespace precedente requiere varias piezas (overhead Ġ/contexto)
C,6838,0.04662856326131545,element,0,6838,1,[39],"[""C""]",2,"[225, 39]","[""Ġ"", ""C""]","[""O"", ""Ġ"", ""C"", ""Ġ"", ""0""]","[""0"", ""Ġ"", ""1"", ""Ġ"", ""C""]",True,con whitespace precedente requiere varias piezas (overhead Ġ/contexto)
Th,6740,0.04596029780363647,element,0,6740,2,"[56, 76]","[""T"", ""h""]",3,"[225, 56, 76]","[""Ġ"", ""T"", ""h""]","[""O"", ""Ġ"", ""T"", ""h"", ""Ġ"", ""0""]","[""0"", ""Ġ"", ""1"", ""Ġ"", ""T"", ""h""]",True,aislado se divide en varias piezas; con whitespace precedente requiere varias piezas (overhead Ġ/contexto)
46,6677,0.045530698580842834,integer,0,6677,2,"[24, 26]","[""4"", ""6""]",3,"[225, 24, 26]","[""Ġ"", ""4"", ""6""]","[""O"", ""Ġ"", ""4"", ""6"", ""Ġ"", ""0""]","[""0"", ""Ġ"", ""1"", ""Ġ"", ""4"", ""6""]",True,aislado se divide en varias piezas; con whitespace precedente requiere varias piezas (overhead Ġ/contexto)
47,6610,0.04507382321691945,integer,0,6610,2,"[24, 27]","[""4"", ""7""]",3,"[225, 24, 27]","[""Ġ"", ""4"", ""7""]","[""O"", ""Ġ"", ""4"", ""7"", ""Ġ"", ""0""]","[""0"", ""Ġ"", ""1"", ""Ġ"", ""4"", ""7""]",True,aislado se divide en varias piezas; con whitespace precedente requiere varias piezas (overhead Ġ/contexto)
Hf,6329,0.04315767430255418,element,0,6329,2,"[44, 74]","[""H"", ""f""]",3,"[225, 44, 74]","[""Ġ"", ""H"", ""f""]","[""O"", ""Ġ"", ""H"", ""f"", ""Ġ"", ""0""]","[""0"", ""Ġ"", ""1"", ""Ġ"", ""H"", ""f""]",True,aislado se divide en varias piezas; con whitespace precedente requiere varias piezas (overhead Ġ/contexto)
Cr,6236,0.04252350402128739,element,0,6236,2,"[39, 86]","[""C"", ""r""]",3,"[225, 39, 86]","[""Ġ"", ""C"", ""r""]","[""O"", ""Ġ"", ""C"", ""r"", ""Ġ"", ""0""]","[""0"", ""Ġ"", ""1"", ""Ġ"", ""C"", ""r""]",True,aislado se divide en varias piezas; con whitespace precedente requiere varias piezas (overhead Ġ/contexto)
--+,5961,0.040648269318616766,periodic_direction,0,5961,3,"[17, 17, 15]","[""-"", ""-"", ""+""]",4,"[225, 17, 17, 15]","[""Ġ"", ""-"", ""-"", ""+""]","[""O"", ""Ġ"", ""-"", ""-"", ""+"", ""Ġ"", ""0""]","[""0"", ""Ġ"", ""1"", ""Ġ"", ""-"", ""-"", ""+""]",True,aislado se divide en varias piezas; con whitespace precedente requiere varias piezas (overhead Ġ/contexto)
y,5917,0.040348231766189464,other,0,5917,1,[93],"[""y""]",2,"[225, 93]","[""Ġ"", ""y""]","[""O"", ""Ġ"", ""y"", ""Ġ"", ""0""]","[""0"", ""Ġ"", ""1"", ""Ġ"", ""y""]",True,con whitespace precedente requiere varias piezas (overhead Ġ/contexto)
Ta,5859,0.03995272771980802,element,0,5859,2,"[56, 69]","[""T"", ""a""]",3,"[225, 56, 69]","[""Ġ"", ""T"", ""a""]","[""O"", ""Ġ"", ""T"", ""a"", ""Ġ"", ""0""]","[""0"", ""Ġ"", ""1"", ""Ġ"", ""T"", ""a""]",True,aislado se divide en varias piezas; con whitespace precedente requiere varias piezas (overhead Ġ/contexto)
V,5801,0.03955722367342658,element,0,5801,1,[58],"[""V""]",2,"[225, 58]","[""Ġ"", ""V""]","[""O"", ""Ġ"", ""V"", ""Ġ"", ""0""]","[""0"", ""Ġ"", ""1"", ""Ġ"", ""V""]",True,con whitespace precedente requiere varias piezas (overhead Ġ/contexto)
Os,5798,0.03953676656757926,element,0,5798,2,"[51, 87]","[""O"", ""s""]",3,"[225, 51, 87]","[""Ġ"", ""O"", ""s""]","[""O"", ""Ġ"", ""O"", ""s"", ""Ġ"", ""0""]","[""0"", ""Ġ"", ""1"", ""Ġ"", ""O"", ""s""]",True,aislado se divide en varias piezas; con whitespace precedente requiere varias piezas (overhead Ġ/contexto)
48,5755,0.0392435480504344,integer,0,5755,2,"[24, 28]","[""4"", ""8""]",3,"[225, 24, 28]","[""Ġ"", ""4"", ""8""]","[""O"", ""Ġ"", ""4"", ""8"", ""Ġ"", ""0""]","[""0"", ""Ġ"", ""1"", ""Ġ"", ""4"", ""8""]",True,aislado se divide en varias piezas; con whitespace precedente requiere varias piezas (overhead Ġ/contexto)
Nb,5753,0.039229909979869526,element,0,5753,2,"[50, 70]","[""N"", ""b""]",3,"[225, 50, 70]","[""Ġ"", ""N"", ""b""]","[""O"", ""Ġ"", ""N"", ""b"", ""Ġ"", ""0""]","[""0"", ""Ġ"", ""1"", ""Ġ"", ""N"", ""b""]",True,aislado se divide en varias piezas; con whitespace precedente requiere varias piezas (overhead Ġ/contexto)
49,5698,0.0388548630393354,integer,0,5698,2,"[24, 29]","[""4"", ""9""]",3,"[225, 24, 29]","[""Ġ"", ""4"", ""9""]","[""O"", ""Ġ"", ""4"", ""9"", ""Ġ"", ""0""]","[""0"", ""Ġ"", ""1"", ""Ġ"", ""4"", ""9""]",True,aislado se divide en varias piezas; con whitespace precedente requiere varias piezas (overhead Ġ/contexto)
Be,5623,0.0383434353931525,element,0,5623,2,"[38, 73]","[""B"", ""e""]",3,"[225, 38, 73]","[""Ġ"", ""B"", ""e""]","[""O"", ""Ġ"", ""B"", ""e"", ""Ġ"", ""0""]","[""0"", ""Ġ"", ""1"", ""Ġ"", ""B"", ""e""]",True,aislado se divide en varias piezas; con whitespace precedente requiere varias piezas (overhead Ġ/contexto)
Mo,5592,0.038132045299396906,element,0,5592,2,"[49, 83]","[""M"", ""o""]",3,"[225, 49, 83]","[""Ġ"", ""M"", ""o""]","[""O"", ""Ġ"", ""M"", ""o"", ""Ġ"", ""0""]","[""0"", ""Ġ"", ""1"", ""Ġ"", ""M"", ""o""]",True,aislado se divide en varias piezas; con whitespace precedente requiere varias piezas (overhead Ġ/contexto)
Tc,5431,0.03703418061892428,element,0,5431,2,"[56, 71]","[""T"", ""c""]",3,"[225, 56, 71]","[""Ġ"", ""T"", ""c""]","[""O"", ""Ġ"", ""T"", ""c"", ""Ġ"", ""0""]","[""0"", ""Ġ"", ""1"", ""Ġ"", ""T"", ""c""]",True,aislado se divide en varias piezas; con whitespace precedente requiere varias piezas (overhead Ġ/contexto)
l,5428,0.03701372351307697,other,0,5428,1,[80],"[""l""]",2,"[225, 80]","[""Ġ"", ""l""]","[""O"", ""Ġ"", ""l"", ""Ġ"", ""0""]","[""0"", ""Ġ"", ""1"", ""Ġ"", ""l""]",True,con whitespace precedente requiere varias piezas (overhead Ġ/contexto)
51,5366,0.03659094332556577,integer,0,5366,2,"[25, 21]","[""5"", ""1""]",3,"[225, 25, 21]","[""Ġ"", ""5"", ""1""]","[""O"", ""Ġ"", ""5"", ""1"", ""Ġ"", ""0""]","[""0"", ""Ġ"", ""1"", ""Ġ"", ""5"", ""1""]",True,aislado se divide en varias piezas; con whitespace precedente requiere varias piezas (overhead Ġ/contexto)
50,5357,0.03652957200802382,integer,0,5357,2,"[25, 20]","[""5"", ""0""]",3,"[225, 25, 20]","[""Ġ"", ""5"", ""0""]","[""O"", ""Ġ"", ""5"", ""0"", ""Ġ"", ""0""]","[""0"", ""Ġ"", ""1"", ""Ġ"", ""5"", ""0""]",True,aislado se divide en varias piezas; con whitespace precedente requiere varias piezas (overhead Ġ/contexto)
53,5017,0.034211100011994684,integer,0,5017,2,"[25, 23]","[""5"", ""3""]",3,"[225, 25, 23]","[""Ġ"", ""5"", ""3""]","[""O"", ""Ġ"", ""5"", ""3"", ""Ġ"", ""0""]","[""0"", ""Ġ"", ""1"", ""Ġ"", ""5"", ""3""]",True,aislado se divide en varias piezas; con whitespace precedente requiere varias piezas (overhead Ġ/contexto)
52,5012,0.03417700483558249,integer,0,5012,2,"[25, 22]","[""5"", ""2""]",3,"[225, 25, 22]","[""Ġ"", ""5"", ""2""]","[""O"", ""Ġ"", ""5"", ""2"", ""Ġ"", ""0""]","[""0"", ""Ġ"", ""1"", ""Ġ"", ""5"", ""2""]",True,aislado se divide en varias piezas; con whitespace precedente requiere varias piezas (overhead Ġ/contexto)
Pu,4934,0.03364512008355228,element,0,4934,2,"[52, 89]","[""P"", ""u""]",3,"[225, 52, 89]","[""Ġ"", ""P"", ""u""]","[""O"", ""Ġ"", ""P"", ""u"", ""Ġ"", ""0""]","[""0"", ""Ġ"", ""1"", ""Ġ"", ""P"", ""u""]",True,aislado se divide en varias piezas; con whitespace precedente requiere varias piezas (overhead Ġ/contexto)
54,4799,0.03272455032042306,integer,0,4799,1,[531],"[""54""]",2,"[225, 531]","[""Ġ"", ""54""]","[""O"", ""Ġ"", ""54"", ""Ġ"", ""0""]","[""0"", ""Ġ"", ""1"", ""Ġ"", ""54""]",True,con whitespace precedente requiere varias piezas (overhead Ġ/contexto)
55,4790,0.03266317900288111,integer,0,4790,2,"[25, 25]","[""5"", ""5""]",3,"[225, 25, 25]","[""Ġ"", ""5"", ""5""]","[""O"", ""Ġ"", ""5"", ""5"", ""Ġ"", ""0""]","[""0"", ""Ġ"", ""1"", ""Ġ"", ""5"", ""5""]",True,aislado se divide en varias piezas; con whitespace precedente requiere varias piezas (overhead Ġ/contexto)
W,4326,0.02949914663182958,element,0,4326,1,[59],"[""W""]",2,"[225, 59]","[""Ġ"", ""W""]","[""O"", ""Ġ"", ""W"", ""Ġ"", ""0""]","[""0"", ""Ġ"", ""1"", ""Ġ"", ""W""]",True,con whitespace precedente requiere varias piezas (overhead Ġ/contexto)
Re,4301,0.029328670749768613,element,0,4301,2,"[54, 73]","[""R"", ""e""]",3,"[225, 54, 73]","[""Ġ"", ""R"", ""e""]","[""O"", ""Ġ"", ""R"", ""e"", ""Ġ"", ""0""]","[""0"", ""Ġ"", ""1"", ""Ġ"", ""R"", ""e""]",True,aislado se divide en varias piezas; con whitespace precedente requiere varias piezas (overhead Ġ/contexto)
56,4245,0.028946804773952048,integer,0,4245,2,"[25, 26]","[""5"", ""6""]",3,"[225, 25, 26]","[""Ġ"", ""5"", ""6""]","[""O"", ""Ġ"", ""5"", ""6"", ""Ġ"", ""0""]","[""0"", ""Ġ"", ""1"", ""Ġ"", ""5"", ""6""]",True,aislado se divide en varias piezas; con whitespace precedente requiere varias piezas (overhead Ġ/contexto)
57,4217,0.028755871786043767,integer,0,4217,2,"[25, 27]","[""5"", ""7""]",3,"[225, 25, 27]","[""Ġ"", ""5"", ""7""]","[""O"", ""Ġ"", ""5"", ""7"", ""Ġ"", ""0""]","[""0"", ""Ġ"", ""1"", ""Ġ"", ""5"", ""7""]",True,aislado se divide en varias piezas; con whitespace precedente requiere varias piezas (overhead Ġ/contexto)
z,4173,0.028455834233616466,other,0,4173,1,[94],"[""z""]",2,"[225, 94]","[""Ġ"", ""z""]","[""O"", ""Ġ"", ""z"", ""Ġ"", ""0""]","[""0"", ""Ġ"", ""1"", ""Ġ"", ""z""]",True,con whitespace precedente requiere varias piezas (overhead Ġ/contexto)
59,4116,0.028067149222517462,integer,0,4116,2,"[25, 29]","[""5"", ""9""]",3,"[225, 25, 29]","[""Ġ"", ""5"", ""9""]","[""O"", ""Ġ"", ""5"", ""9"", ""Ġ"", ""0""]","[""0"", ""Ġ"", ""1"", ""Ġ"", ""5"", ""9""]",True,aislado se divide en varias piezas; con whitespace precedente requiere varias piezas (overhead Ġ/contexto)
58,4112,0.02803987308138771,integer,0,4112,2,"[25, 28]","[""5"", ""8""]",3,"[225, 25, 28]","[""Ġ"", ""5"", ""8""]","[""O"", ""Ġ"", ""5"", ""8"", ""Ġ"", ""0""]","[""0"", ""Ġ"", ""1"", ""Ġ"", ""5"", ""8""]",True,aislado se divide en varias piezas; con whitespace precedente requiere varias piezas (overhead Ġ/contexto)
m,4097,0.02793758755215113,other,0,4097,1,[81],"[""m""]",2,"[225, 81]","[""Ġ"", ""m""]","[""O"", ""Ġ"", ""m"", ""Ġ"", ""0""]","[""0"", ""Ġ"", ""1"", ""Ġ"", ""m""]",True,con whitespace precedente requiere varias piezas (overhead Ġ/contexto)
++-,4088,0.02787621623460918,periodic_direction,0,4088,3,"[15, 15, 17]","[""+"", ""+"", ""-""]",4,"[225, 15, 15, 17]","[""Ġ"", ""+"", ""+"", ""-""]","[""O"", ""Ġ"", ""+"", ""+"", ""-"", ""Ġ"", ""0""]","[""0"", ""Ġ"", ""1"", ""Ġ"", ""+"", ""+"", ""-""]",True,aislado se divide en varias piezas; con whitespace precedente requiere varias piezas (overhead Ġ/contexto)
ODO,4035,0.027514807364639935,other,0,4035,3,"[51, 40, 51]","[""O"", ""D"", ""O""]",4,"[225, 51, 40, 51]","[""Ġ"", ""O"", ""D"", ""O""]","[""O"", ""Ġ"", ""O"", ""D"", ""O"", ""Ġ"", ""0""]","[""0"", ""Ġ"", ""1"", ""Ġ"", ""O"", ""D"", ""O""]",True,aislado se divide en varias piezas; con whitespace precedente requiere varias piezas (overhead Ġ/contexto)
61,3859,0.026314657154930733,integer,0,3859,2,"[26, 21]","[""6"", ""1""]",3,"[225, 26, 21]","[""Ġ"", ""6"", ""1""]","[""O"", ""Ġ"", ""6"", ""1"", ""Ġ"", ""0""]","[""0"", ""Ġ"", ""1"", ""Ġ"", ""6"", ""1""]",True,aislado se divide en varias piezas; con whitespace precedente requiere varias piezas (overhead Ġ/contexto)
60,3833,0.026137362237587326,integer,0,3833,2,"[26, 20]","[""6"", ""0""]",3,"[225, 26, 20]","[""Ġ"", ""6"", ""0""]","[""O"", ""Ġ"", ""6"", ""0"", ""Ġ"", ""0""]","[""0"", ""Ġ"", ""1"", ""Ġ"", ""6"", ""0""]",True,aislado se divide en varias piezas; con whitespace precedente requiere varias piezas (overhead Ġ/contexto)
62,3815,0.026014619602503432,integer,0,3815,2,"[26, 22]","[""6"", ""2""]",3,"[225, 26, 22]","[""Ġ"", ""6"", ""2""]","[""O"", ""Ġ"", ""6"", ""2"", ""Ġ"", ""0""]","[""0"", ""Ġ"", ""1"", ""Ġ"", ""6"", ""2""]",True,aislado se divide en varias piezas; con whitespace precedente requiere varias piezas (overhead Ġ/contexto)
63,3797,0.025891876967419535,integer,0,3797,2,"[26, 23]","[""6"", ""3""]",3,"[225, 26, 23]","[""Ġ"", ""6"", ""3""]","[""O"", ""Ġ"", ""6"", ""3"", ""Ġ"", ""0""]","[""0"", ""Ġ"", ""1"", ""Ġ"", ""6"", ""3""]",True,aislado se divide en varias piezas; con whitespace precedente requiere varias piezas (overhead Ġ/contexto)
k,3460,0.023593862077237713,other,0,3460,1,[79],"[""k""]",2,"[225, 79]","[""Ġ"", ""k""]","[""O"", ""Ġ"", ""k"", ""Ġ"", ""0""]","[""0"", ""Ġ"", ""1"", ""Ġ"", ""k""]",True,con whitespace precedente requiere varias piezas (overhead Ġ/contexto)
Pa,3454,0.02355294786554308,element,0,3454,2,"[52, 69]","[""P"", ""a""]",3,"[225, 52, 69]","[""Ġ"", ""P"", ""a""]","[""O"", ""Ġ"", ""P"", ""a"", ""Ġ"", ""0""]","[""0"", ""Ġ"", ""1"", ""Ġ"", ""P"", ""a""]",True,aislado se divide en varias piezas; con whitespace precedente requiere varias piezas (overhead Ġ/contexto)
65,3338,0.0227619397727802,integer,0,3338,2,"[26, 25]","[""6"", ""5""]",3,"[225, 26, 25]","[""Ġ"", ""6"", ""5""]","[""O"", ""Ġ"", ""6"", ""5"", ""Ġ"", ""0""]","[""0"", ""Ġ"", ""1"", ""Ġ"", ""6"", ""5""]",True,aislado se divide en varias piezas; con whitespace precedente requiere varias piezas (overhead Ġ/contexto)
64,3334,0.022734663631650442,integer,0,3334,2,"[26, 24]","[""6"", ""4""]",3,"[225, 26, 24]","[""Ġ"", ""6"", ""4""]","[""O"", ""Ġ"", ""6"", ""4"", ""Ġ"", ""0""]","[""0"", ""Ġ"", ""1"", ""Ġ"", ""6"", ""4""]",True,aislado se divide en varias piezas; con whitespace precedente requiere varias piezas (overhead Ġ/contexto)
67,3267,0.022277788267727056,integer,0,3267,2,"[26, 27]","[""6"", ""7""]",3,"[225, 26, 27]","[""Ġ"", ""6"", ""7""]","[""O"", ""Ġ"", ""6"", ""7"", ""Ġ"", ""0""]","[""0"", ""Ġ"", ""1"", ""Ġ"", ""6"", ""7""]",True,aislado se divide en varias piezas; con whitespace precedente requiere varias piezas (overhead Ġ/contexto)
66,3255,0.022195959844337792,integer,0,3255,2,"[26, 26]","[""6"", ""6""]",3,"[225, 26, 26]","[""Ġ"", ""6"", ""6""]","[""O"", ""Ġ"", ""6"", ""6"", ""Ġ"", ""0""]","[""0"", ""Ġ"", ""1"", ""Ġ"", ""6"", ""6""]",True,aislado se divide en varias piezas; con whitespace precedente requiere varias piezas (overhead Ġ/contexto)
U,3186,0.021725446409849525,element,0,3186,1,[57],"[""U""]",2,"[225, 57]","[""Ġ"", ""U""]","[""O"", ""Ġ"", ""U"", ""Ġ"", ""0""]","[""0"", ""Ġ"", ""1"", ""Ġ"", ""U""]",True,con whitespace precedente requiere varias piezas (overhead Ġ/contexto)
69,3005,0.020491201023728128,integer,0,3005,2,"[26, 29]","[""6"", ""9""]",3,"[225, 26, 29]","[""Ġ"", ""6"", ""9""]","[""O"", ""Ġ"", ""6"", ""9"", ""Ġ"", ""0""]","[""0"", ""Ġ"", ""1"", ""Ġ"", ""6"", ""9""]",True,aislado se divide en varias piezas; con whitespace precedente requiere varias piezas (overhead Ġ/contexto)
68,2987,0.020368458388644234,integer,0,2987,2,"[26, 28]","[""6"", ""8""]",3,"[225, 26, 28]","[""Ġ"", ""6"", ""8""]","[""O"", ""Ġ"", ""6"", ""8"", ""Ġ"", ""0""]","[""0"", ""Ġ"", ""1"", ""Ġ"", ""6"", ""8""]",True,aislado se divide en varias piezas; con whitespace precedente requiere varias piezas (overhead Ġ/contexto)
70,2909,0.019836573636614018,integer,0,2909,2,"[27, 20]","[""7"", ""0""]",3,"[225, 27, 20]","[""Ġ"", ""7"", ""0""]","[""O"", ""Ġ"", ""7"", ""0"", ""Ġ"", ""0""]","[""0"", ""Ġ"", ""1"", ""Ġ"", ""7"", ""0""]",True,aislado se divide en varias piezas; con whitespace precedente requiere varias piezas (overhead Ġ/contexto)
71,2903,0.019795659424919388,integer,0,2903,2,"[27, 21]","[""7"", ""1""]",3,"[225, 27, 21]","[""Ġ"", ""7"", ""1""]","[""O"", ""Ġ"", ""7"", ""1"", ""Ġ"", ""0""]","[""0"", ""Ġ"", ""1"", ""Ġ"", ""7"", ""1""]",True,aislado se divide en varias piezas; con whitespace precedente requiere varias piezas (overhead Ġ/contexto)
Np,2887,0.019686554860400367,element,0,2887,2,"[50, 84]","[""N"", ""p""]",3,"[225, 50, 84]","[""Ġ"", ""N"", ""p""]","[""O"", ""Ġ"", ""N"", ""p"", ""Ġ"", ""0""]","[""0"", ""Ġ"", ""1"", ""Ġ"", ""N"", ""p""]",True,aislado se divide en varias piezas; con whitespace precedente requiere varias piezas (overhead Ġ/contexto)
72,2688,0.01832956683919508,integer,0,2688,2,"[27, 22]","[""7"", ""2""]",3,"[225, 27, 22]","[""Ġ"", ""7"", ""2""]","[""O"", ""Ġ"", ""7"", ""2"", ""Ġ"", ""0""]","[""0"", ""Ġ"", ""1"", ""Ġ"", ""7"", ""2""]",True,aislado se divide en varias piezas; con whitespace precedente requiere varias piezas (overhead Ġ/contexto)
73,2662,0.018152271921851672,integer,0,2662,2,"[27, 23]","[""7"", ""3""]",3,"[225, 27, 23]","[""Ġ"", ""7"", ""3""]","[""O"", ""Ġ"", ""7"", ""3"", ""Ġ"", ""0""]","[""0"", ""Ġ"", ""1"", ""Ġ"", ""7"", ""3""]",True,aislado se divide en varias piezas; con whitespace precedente requiere varias piezas (overhead Ġ/contexto)
74,2564,0.017484006464172686,integer,0,2564,2,"[27, 24]","[""7"", ""4""]",3,"[225, 27, 24]","[""Ġ"", ""7"", ""4""]","[""O"", ""Ġ"", ""7"", ""4"", ""Ġ"", ""0""]","[""0"", ""Ġ"", ""1"", ""Ġ"", ""7"", ""4""]",True,aislado se divide en varias piezas; con whitespace precedente requiere varias piezas (overhead Ġ/contexto)
75,2553,0.01740899707606586,integer,0,2553,2,"[27, 25]","[""7"", ""5""]",3,"[225, 27, 25]","[""Ġ"", ""7"", ""5""]","[""O"", ""Ġ"", ""7"", ""5"", ""Ġ"", ""0""]","[""0"", ""Ġ"", ""1"", ""Ġ"", ""7"", ""5""]",True,aislado se divide en varias piezas; con whitespace precedente requiere varias piezas (overhead Ġ/contexto)
76,2310,0.015751971502433272,integer,0,2310,2,"[27, 26]","[""7"", ""6""]",3,"[225, 27, 26]","[""Ġ"", ""7"", ""6""]","[""O"", ""Ġ"", ""7"", ""6"", ""Ġ"", ""0""]","[""0"", ""Ġ"", ""1"", ""Ġ"", ""7"", ""6""]",True,aislado se divide en varias piezas; con whitespace precedente requiere varias piezas (overhead Ġ/contexto)
77,2257,0.015390562632464022,integer,0,2257,2,"[27, 27]","[""7"", ""7""]",3,"[225, 27, 27]","[""Ġ"", ""7"", ""7""]","[""O"", ""Ġ"", ""7"", ""7"", ""Ġ"", ""0""]","[""0"", ""Ġ"", ""1"", ""Ġ"", ""7"", ""7""]",True,aislado se divide en varias piezas; con whitespace precedente requiere varias piezas (overhead Ġ/contexto)
78,2246,0.015315553244357197,integer,0,2246,2,"[27, 28]","[""7"", ""8""]",3,"[225, 27, 28]","[""Ġ"", ""7"", ""8""]","[""O"", ""Ġ"", ""7"", ""8"", ""Ġ"", ""0""]","[""0"", ""Ġ"", ""1"", ""Ġ"", ""7"", ""8""]",True,aislado se divide en varias piezas; con whitespace precedente requiere varias piezas (overhead Ġ/contexto)
79,2245,0.015308734209074758,integer,0,2245,2,"[27, 29]","[""7"", ""9""]",3,"[225, 27, 29]","[""Ġ"", ""7"", ""9""]","[""O"", ""Ġ"", ""7"", ""9"", ""Ġ"", ""0""]","[""0"", ""Ġ"", ""1"", ""Ġ"", ""7"", ""9""]",True,aislado se divide en varias piezas; con whitespace precedente requiere varias piezas (overhead Ġ/contexto)
DOF,2198,0.014988239550800142,other,0,2198,3,"[40, 51, 42]","[""D"", ""O"", ""F""]",4,"[225, 40, 51, 42]","[""Ġ"", ""D"", ""O"", ""F""]","[""O"", ""Ġ"", ""D"", ""O"", ""F"", ""Ġ"", ""0""]","[""0"", ""Ġ"", ""1"", ""Ġ"", ""D"", ""O"", ""F""]",True,aislado se divide en varias piezas; con whitespace precedente requiere varias piezas (overhead Ġ/contexto)
+--,2197,0.014981420515517704,periodic_direction,0,2197,3,"[15, 17, 17]","[""+"", ""-"", ""-""]",4,"[225, 15, 17, 17]","[""Ġ"", ""+"", ""-"", ""-""]","[""O"", ""Ġ"", ""+"", ""-"", ""-"", ""Ġ"", ""0""]","[""0"", ""Ġ"", ""1"", ""Ġ"", ""+"", ""-"", ""-""]",True,aislado se divide en varias piezas; con whitespace precedente requiere varias piezas (overhead Ġ/contexto)
-++,2082,0.014197231458037259,periodic_direction,0,2082,3,"[17, 15, 15]","[""-"", ""+"", ""+""]",4,"[225, 17, 15, 15]","[""Ġ"", ""-"", ""+"", ""+""]","[""O"", ""Ġ"", ""-"", ""+"", ""+"", ""Ġ"", ""0""]","[""0"", ""Ġ"", ""1"", ""Ġ"", ""-"", ""+"", ""+""]",True,aislado se divide en varias piezas; con whitespace precedente requiere varias piezas (overhead Ġ/contexto)
h,1894,0.012915252824938795,other,0,1894,1,[76],"[""h""]",2,"[225, 76]","[""Ġ"", ""h""]","[""O"", ""Ġ"", ""h"", ""Ġ"", ""0""]","[""0"", ""Ġ"", ""1"", ""Ġ"", ""h""]",True,con whitespace precedente requiere varias piezas (overhead Ġ/contexto)
+-+,1685,0.011490074450909117,periodic_direction,0,1685,3,"[15, 17, 15]","[""+"", ""-"", ""+""]",4,"[225, 15, 17, 15]","[""Ġ"", ""+"", ""-"", ""+""]","[""O"", ""Ġ"", ""+"", ""-"", ""+"", ""Ġ"", ""0""]","[""0"", ""Ġ"", ""1"", ""Ġ"", ""+"", ""-"", ""+""]",True,aislado se divide en varias piezas; con whitespace precedente requiere varias piezas (overhead Ġ/contexto)
-+-,1497,0.010208095817810651,periodic_direction,0,1497,3,"[17, 15, 17]","[""-"", ""+"", ""-""]",4,"[225, 17, 15, 17]","[""Ġ"", ""-"", ""+"", ""-""]","[""O"", ""Ġ"", ""-"", ""+"", ""-"", ""Ġ"", ""0""]","[""0"", ""Ġ"", ""1"", ""Ġ"", ""-"", ""+"", ""-""]",True,aislado se divide en varias piezas; con whitespace precedente requiere varias piezas (overhead Ġ/contexto)
i,1488,0.010146724500268704,other,0,1488,1,[77],"[""i""]",2,"[225, 77]","[""Ġ"", ""i""]","[""O"", ""Ġ"", ""i"", ""Ġ"", ""0""]","[""0"", ""Ġ"", ""1"", ""Ġ"", ""i""]",True,con whitespace precedente requiere varias piezas (overhead Ġ/contexto)
Gd,1295,0.008830650690758045,element,0,1295,2,"[43, 72]","[""G"", ""d""]",3,"[225, 43, 72]","[""Ġ"", ""G"", ""d""]","[""O"", ""Ġ"", ""G"", ""d"", ""Ġ"", ""0""]","[""0"", ""Ġ"", ""1"", ""Ġ"", ""G"", ""d""]",True,aislado se divide en varias piezas; con whitespace precedente requiere varias piezas (overhead Ġ/contexto)
u,1226,0.00836013725626978,other,0,1226,1,[89],"[""u""]",2,"[225, 89]","[""Ġ"", ""u""]","[""O"", ""Ġ"", ""u"", ""Ġ"", ""0""]","[""0"", ""Ġ"", ""1"", ""Ġ"", ""u""]",True,con whitespace precedente requiere varias piezas (overhead Ġ/contexto)
Lu,1166,0.00795099513932346,element,0,1166,2,"[48, 89]","[""L"", ""u""]",3,"[225, 48, 89]","[""Ġ"", ""L"", ""u""]","[""O"", ""Ġ"", ""L"", ""u"", ""Ġ"", ""0""]","[""0"", ""Ġ"", ""1"", ""Ġ"", ""L"", ""u""]",True,aislado se divide en varias piezas; con whitespace precedente requiere varias piezas (overhead Ġ/contexto)
Eu,1140,0.007773700221980056,element,0,1140,2,"[41, 89]","[""E"", ""u""]",3,"[225, 41, 89]","[""Ġ"", ""E"", ""u""]","[""O"", ""Ġ"", ""E"", ""u"", ""Ġ"", ""0""]","[""0"", ""Ġ"", ""1"", ""Ġ"", ""E"", ""u""]",True,aislado se divide en varias piezas; con whitespace precedente requiere varias piezas (overhead Ġ/contexto)
f,847,0.005775722884225533,other,0,847,1,[74],"[""f""]",2,"[225, 74]","[""Ġ"", ""f""]","[""O"", ""Ġ"", ""f"", ""Ġ"", ""0""]","[""0"", ""Ġ"", ""1"", ""Ġ"", ""f""]",True,con whitespace precedente requiere varias piezas (overhead Ġ/contexto)
ODB,659,0.004493744251127067,other,0,659,3,"[51, 40, 38]","[""O"", ""D"", ""B""]",4,"[225, 51, 40, 38]","[""Ġ"", ""O"", ""D"", ""B""]","[""O"", ""Ġ"", ""O"", ""D"", ""B"", ""Ġ"", ""0""]","[""0"", ""Ġ"", ""1"", ""Ġ"", ""O"", ""D"", ""B""]",True,aislado se divide en varias piezas; con whitespace precedente requiere varias piezas (overhead Ġ/contexto)
81,638,0.004350544510195856,integer,0,638,2,"[28, 21]","[""8"", ""1""]",3,"[225, 28, 21]","[""Ġ"", ""8"", ""1""]","[""O"", ""Ġ"", ""8"", ""1"", ""Ġ"", ""0""]","[""0"", ""Ġ"", ""1"", ""Ġ"", ""8"", ""1""]",True,aislado se divide en varias piezas; con whitespace precedente requiere varias piezas (overhead Ġ/contexto)
80,638,0.004350544510195856,integer,0,638,2,"[28, 20]","[""8"", ""0""]",3,"[225, 28, 20]","[""Ġ"", ""8"", ""0""]","[""O"", ""Ġ"", ""8"", ""0"", ""Ġ"", ""0""]","[""0"", ""Ġ"", ""1"", ""Ġ"", ""8"", ""0""]",True,aislado se divide en varias piezas; con whitespace precedente requiere varias piezas (overhead Ġ/contexto)
82,616,0.004200525733982206,integer,0,616,2,"[28, 22]","[""8"", ""2""]",3,"[225, 28, 22]","[""Ġ"", ""8"", ""2""]","[""O"", ""Ġ"", ""8"", ""2"", ""Ġ"", ""0""]","[""0"", ""Ġ"", ""1"", ""Ġ"", ""8"", ""2""]",True,aislado se divide en varias piezas; con whitespace precedente requiere varias piezas (overhead Ġ/contexto)
YBO,595,0.0040573259930509935,other,0,595,3,"[61, 38, 51]","[""Y"", ""B"", ""O""]",4,"[225, 61, 38, 51]","[""Ġ"", ""Y"", ""B"", ""O""]","[""O"", ""Ġ"", ""Y"", ""B"", ""O"", ""Ġ"", ""0""]","[""0"", ""Ġ"", ""1"", ""Ġ"", ""Y"", ""B"", ""O""]",True,aislado se divide en varias piezas; con whitespace precedente requiere varias piezas (overhead Ġ/contexto)
83,590,0.004023230816638801,integer,0,590,2,"[28, 23]","[""8"", ""3""]",3,"[225, 28, 23]","[""Ġ"", ""8"", ""3""]","[""O"", ""Ġ"", ""8"", ""3"", ""Ġ"", ""0""]","[""0"", ""Ġ"", ""1"", ""Ġ"", ""8"", ""3""]",True,aislado se divide en varias piezas; con whitespace precedente requiere varias piezas (overhead Ġ/contexto)
Yb,574,0.003914126252119782,element,0,574,2,"[61, 70]","[""Y"", ""b""]",3,"[225, 61, 70]","[""Ġ"", ""Y"", ""b""]","[""O"", ""Ġ"", ""Y"", ""b"", ""Ġ"", ""0""]","[""0"", ""Ġ"", ""1"", ""Ġ"", ""Y"", ""b""]",True,aislado se divide en varias piezas; con whitespace precedente requiere varias piezas (overhead Ġ/contexto)
BBB,548,0.0037368313347763775,other,0,548,3,"[38, 38, 38]","[""B"", ""B"", ""B""]",4,"[225, 38, 38, 38]","[""Ġ"", ""B"", ""B"", ""B""]","[""O"", ""Ġ"", ""B"", ""B"", ""B"", ""Ġ"", ""0""]","[""0"", ""Ġ"", ""1"", ""Ġ"", ""B"", ""B"", ""B""]",True,aislado se divide en varias piezas; con whitespace precedente requiere varias piezas (overhead Ġ/contexto)
87,528,0.003600450629127605,integer,0,528,2,"[28, 27]","[""8"", ""7""]",3,"[225, 28, 27]","[""Ġ"", ""8"", ""7""]","[""O"", ""Ġ"", ""8"", ""7"", ""Ġ"", ""0""]","[""0"", ""Ġ"", ""1"", ""Ġ"", ""8"", ""7""]",True,aislado se divide en varias piezas; con whitespace precedente requiere varias piezas (overhead Ġ/contexto)
84,528,0.003600450629127605,integer,0,528,2,"[28, 24]","[""8"", ""4""]",3,"[225, 28, 24]","[""Ġ"", ""8"", ""4""]","[""O"", ""Ġ"", ""8"", ""4"", ""Ġ"", ""0""]","[""0"", ""Ġ"", ""1"", ""Ġ"", ""8"", ""4""]",True,aislado se divide en varias piezas; con whitespace precedente requiere varias piezas (overhead Ġ/contexto)
86,525,0.003579993523280289,integer,0,525,2,"[28, 26]","[""8"", ""6""]",3,"[225, 28, 26]","[""Ġ"", ""8"", ""6""]","[""O"", ""Ġ"", ""8"", ""6"", ""Ġ"", ""0""]","[""0"", ""Ġ"", ""1"", ""Ġ"", ""8"", ""6""]",True,aislado se divide en varias piezas; con whitespace precedente requiere varias piezas (overhead Ġ/contexto)
85,517,0.0035254412410207795,integer,0,517,2,"[28, 25]","[""8"", ""5""]",3,"[225, 28, 25]","[""Ġ"", ""8"", ""5""]","[""O"", ""Ġ"", ""8"", ""5"", ""Ġ"", ""0""]","[""0"", ""Ġ"", ""1"", ""Ġ"", ""8"", ""5""]",True,aislado se divide en varias piezas; con whitespace precedente requiere varias piezas (overhead Ġ/contexto)
90,488,0.0033276892178300587,integer,0,488,2,"[29, 20]","[""9"", ""0""]",3,"[225, 29, 20]","[""Ġ"", ""9"", ""0""]","[""O"", ""Ġ"", ""9"", ""0"", ""Ġ"", ""0""]","[""0"", ""Ġ"", ""1"", ""Ġ"", ""9"", ""0""]",True,aislado se divide en varias piezas; con whitespace precedente requiere varias piezas (overhead Ġ/contexto)
88,488,0.0033276892178300587,integer,0,488,2,"[28, 28]","[""8"", ""8""]",3,"[225, 28, 28]","[""Ġ"", ""8"", ""8""]","[""O"", ""Ġ"", ""8"", ""8"", ""Ġ"", ""0""]","[""0"", ""Ġ"", ""1"", ""Ġ"", ""8"", ""8""]",True,aislado se divide en varias piezas; con whitespace precedente requiere varias piezas (overhead Ġ/contexto)
91,482,0.003286775006135427,integer,0,482,2,"[29, 21]","[""9"", ""1""]",3,"[225, 29, 21]","[""Ġ"", ""9"", ""1""]","[""O"", ""Ġ"", ""9"", ""1"", ""Ġ"", ""0""]","[""0"", ""Ġ"", ""1"", ""Ġ"", ""9"", ""1""]",True,aislado se divide en varias piezas; con whitespace precedente requiere varias piezas (overhead Ġ/contexto)
89,469,0.003198127547463725,integer,0,469,2,"[28, 29]","[""8"", ""9""]",3,"[225, 28, 29]","[""Ġ"", ""8"", ""9""]","[""O"", ""Ġ"", ""8"", ""9"", ""Ġ"", ""0""]","[""0"", ""Ġ"", ""1"", ""Ġ"", ""8"", ""9""]",True,aislado se divide en varias piezas; con whitespace precedente requiere varias piezas (overhead Ġ/contexto)
BFF,439,0.002993556488990565,other,0,439,3,"[38, 42, 42]","[""B"", ""F"", ""F""]",4,"[225, 38, 42, 42]","[""Ġ"", ""B"", ""F"", ""F""]","[""O"", ""Ġ"", ""B"", ""F"", ""F"", ""Ġ"", ""0""]","[""0"", ""Ġ"", ""1"", ""Ġ"", ""B"", ""F"", ""F""]",True,aislado se divide en varias piezas; con whitespace precedente requiere varias piezas (overhead Ġ/contexto)
ZZZ,438,0.002986737453708127,other,0,438,3,"[62, 62, 62]","[""Z"", ""Z"", ""Z""]",4,"[225, 62, 62, 62]","[""Ġ"", ""Z"", ""Z"", ""Z""]","[""O"", ""Ġ"", ""Z"", ""Z"", ""Z"", ""Ġ"", ""0""]","[""0"", ""Ġ"", ""1"", ""Ġ"", ""Z"", ""Z"", ""Z""]",True,aislado se divide en varias piezas; con whitespace precedente requiere varias piezas (overhead Ġ/contexto)
93,416,0.0028367186774944765,integer,0,416,2,"[29, 23]","[""9"", ""3""]",3,"[225, 29, 23]","[""Ġ"", ""9"", ""3""]","[""O"", ""Ġ"", ""9"", ""3"", ""Ġ"", ""0""]","[""0"", ""Ġ"", ""1"", ""Ġ"", ""9"", ""3""]",True,aislado se divide en varias piezas; con whitespace precedente requiere varias piezas (overhead Ġ/contexto)
94,415,0.0028298996422120378,integer,0,415,2,"[29, 24]","[""9"", ""4""]",3,"[225, 29, 24]","[""Ġ"", ""9"", ""4""]","[""O"", ""Ġ"", ""9"", ""4"", ""Ġ"", ""0""]","[""0"", ""Ġ"", ""1"", ""Ġ"", ""9"", ""4""]",True,aislado se divide en varias piezas; con whitespace precedente requiere varias piezas (overhead Ġ/contexto)
92,409,0.002788985430517406,integer,0,409,2,"[29, 22]","[""9"", ""2""]",3,"[225, 29, 22]","[""Ġ"", ""9"", ""2""]","[""O"", ""Ġ"", ""9"", ""2"", ""Ġ"", ""0""]","[""0"", ""Ġ"", ""1"", ""Ġ"", ""9"", ""2""]",True,aislado se divide en varias piezas; con whitespace precedente requiere varias piezas (overhead Ġ/contexto)
95,404,0.002754890254105213,integer,0,404,2,"[29, 25]","[""9"", ""5""]",3,"[225, 29, 25]","[""Ġ"", ""9"", ""5""]","[""O"", ""Ġ"", ""9"", ""5"", ""Ġ"", ""0""]","[""0"", ""Ġ"", ""1"", ""Ġ"", ""9"", ""5""]",True,aislado se divide en varias piezas; con whitespace precedente requiere varias piezas (overhead Ġ/contexto)
BBO,387,0.0026389666543037557,other,0,387,3,"[38, 38, 51]","[""B"", ""B"", ""O""]",4,"[225, 38, 38, 51]","[""Ġ"", ""B"", ""B"", ""O""]","[""O"", ""Ġ"", ""B"", ""B"", ""O"", ""Ġ"", ""0""]","[""0"", ""Ġ"", ""1"", ""Ġ"", ""B"", ""B"", ""O""]",True,aislado se divide en varias piezas; con whitespace precedente requiere varias piezas (overhead Ġ/contexto)
96,371,0.0025298620897847373,integer,0,371,2,"[29, 26]","[""9"", ""6""]",3,"[225, 29, 26]","[""Ġ"", ""9"", ""6""]","[""O"", ""Ġ"", ""9"", ""6"", ""Ġ"", ""0""]","[""0"", ""Ġ"", ""1"", ""Ġ"", ""9"", ""6""]",True,aislado se divide en varias piezas; con whitespace precedente requiere varias piezas (overhead Ġ/contexto)
99,370,0.002523043054502299,integer,0,370,2,"[29, 29]","[""9"", ""9""]",3,"[225, 29, 29]","[""Ġ"", ""9"", ""9""]","[""O"", ""Ġ"", ""9"", ""9"", ""Ġ"", ""0""]","[""0"", ""Ġ"", ""1"", ""Ġ"", ""9"", ""9""]",True,aislado se divide en varias piezas; con whitespace precedente requiere varias piezas (overhead Ġ/contexto)
97,370,0.002523043054502299,integer,0,370,2,"[29, 27]","[""9"", ""7""]",3,"[225, 29, 27]","[""Ġ"", ""9"", ""7""]","[""O"", ""Ġ"", ""9"", ""7"", ""Ġ"", ""0""]","[""0"", ""Ġ"", ""1"", ""Ġ"", ""9"", ""7""]",True,aislado se divide en varias piezas; con whitespace precedente requiere varias piezas (overhead Ġ/contexto)
DOO,368,0.0025094049839374214,other,0,368,3,"[40, 51, 51]","[""D"", ""O"", ""O""]",4,"[225, 40, 51, 51]","[""Ġ"", ""D"", ""O"", ""O""]","[""O"", ""Ġ"", ""D"", ""O"", ""O"", ""Ġ"", ""0""]","[""0"", ""Ġ"", ""1"", ""Ġ"", ""D"", ""O"", ""O""]",True,aislado se divide en varias piezas; con whitespace precedente requiere varias piezas (overhead Ġ/contexto)
98,352,0.002400300419418403,integer,0,352,2,"[29, 28]","[""9"", ""8""]",3,"[225, 29, 28]","[""Ġ"", ""9"", ""8""]","[""O"", ""Ġ"", ""9"", ""8"", ""Ġ"", ""0""]","[""0"", ""Ġ"", ""1"", ""Ġ"", ""9"", ""8""]",True,aislado se divide en varias piezas; con whitespace precedente requiere varias piezas (overhead Ġ/contexto)
OBZ,295,0.0020116154083194004,other,0,295,3,"[51, 38, 62]","[""O"", ""B"", ""Z""]",4,"[225, 51, 38, 62]","[""Ġ"", ""O"", ""B"", ""Z""]","[""O"", ""Ġ"", ""O"", ""B"", ""Z"", ""Ġ"", ""0""]","[""0"", ""Ġ"", ""1"", ""Ġ"", ""O"", ""B"", ""Z""]",True,aislado se divide en varias piezas; con whitespace precedente requiere varias piezas (overhead Ġ/contexto)
FBB,291,0.0019843392671896457,other,0,291,3,"[42, 38, 38]","[""F"", ""B"", ""B""]",4,"[225, 42, 38, 38]","[""Ġ"", ""F"", ""B"", ""B""]","[""O"", ""Ġ"", ""F"", ""B"", ""B"", ""Ġ"", ""0""]","[""0"", ""Ġ"", ""1"", ""Ġ"", ""F"", ""B"", ""B""]",True,aislado se divide en varias piezas; con whitespace precedente requiere varias piezas (overhead Ġ/contexto)
s,241,0.0016433875030677134,other,0,241,1,[87],"[""s""]",2,"[225, 87]","[""Ġ"", ""s""]","[""O"", ""Ġ"", ""s"", ""Ġ"", ""0""]","[""0"", ""Ġ"", ""1"", ""Ġ"", ""s""]",True,con whitespace precedente requiere varias piezas (overhead Ġ/contexto)
FBF,241,0.0016433875030677134,other,0,241,3,"[42, 38, 42]","[""F"", ""B"", ""F""]",4,"[225, 42, 38, 42]","[""Ġ"", ""F"", ""B"", ""F""]","[""O"", ""Ġ"", ""F"", ""B"", ""F"", ""Ġ"", ""0""]","[""0"", ""Ġ"", ""1"", ""Ġ"", ""F"", ""B"", ""F""]",True,aislado se divide en varias piezas; con whitespace precedente requiere varias piezas (overhead Ġ/contexto)
100,226,0.0015411019738311338,integer,0,226,3,"[21, 20, 20]","[""1"", ""0"", ""0""]",4,"[225, 21, 20, 20]","[""Ġ"", ""1"", ""0"", ""0""]","[""O"", ""Ġ"", ""1"", ""0"", ""0"", ""Ġ"", ""0""]","[""0"", ""Ġ"", ""1"", ""Ġ"", ""1"", ""0"", ""0""]",True,aislado se divide en varias piezas; con whitespace precedente requiere varias piezas (overhead Ġ/contexto)
101,224,0.0015274639032662565,integer,0,224,3,"[21, 20, 21]","[""1"", ""0"", ""1""]",4,"[225, 21, 20, 21]","[""Ġ"", ""1"", ""0"", ""1""]","[""O"", ""Ġ"", ""1"", ""0"", ""1"", ""Ġ"", ""0""]","[""0"", ""Ġ"", ""1"", ""Ġ"", ""1"", ""0"", ""1""]",True,aislado se divide en varias piezas; con whitespace precedente requiere varias piezas (overhead Ġ/contexto)
102,217,0.001479730656289186,integer,0,217,3,"[21, 20, 22]","[""1"", ""0"", ""2""]",4,"[225, 21, 20, 22]","[""Ġ"", ""1"", ""0"", ""2""]","[""O"", ""Ġ"", ""1"", ""0"", ""2"", ""Ġ"", ""0""]","[""0"", ""Ġ"", ""1"", ""Ġ"", ""1"", ""0"", ""2""]",True,aislado se divide en varias piezas; con whitespace precedente requiere varias piezas (overhead Ġ/contexto)
103,215,0.0014660925857243087,integer,0,215,3,"[21, 20, 23]","[""1"", ""0"", ""3""]",4,"[225, 21, 20, 23]","[""Ġ"", ""1"", ""0"", ""3""]","[""O"", ""Ġ"", ""1"", ""0"", ""3"", ""Ġ"", ""0""]","[""0"", ""Ġ"", ""1"", ""Ġ"", ""1"", ""0"", ""3""]",True,aislado se divide en varias piezas; con whitespace precedente requiere varias piezas (overhead Ġ/contexto)
104,206,0.001404721268182361,integer,0,206,3,"[21, 20, 24]","[""1"", ""0"", ""4""]",4,"[225, 21, 20, 24]","[""Ġ"", ""1"", ""0"", ""4""]","[""O"", ""Ġ"", ""1"", ""0"", ""4"", ""Ġ"", ""0""]","[""0"", ""Ġ"", ""1"", ""Ġ"", ""1"", ""0"", ""4""]",True,aislado se divide en varias piezas; con whitespace precedente requiere varias piezas (overhead Ġ/contexto)
105,203,0.001384264162335045,integer,0,203,3,"[21, 20, 25]","[""1"", ""0"", ""5""]",4,"[225, 21, 20, 25]","[""Ġ"", ""1"", ""0"", ""5""]","[""O"", ""Ġ"", ""1"", ""0"", ""5"", ""Ġ"", ""0""]","[""0"", ""Ġ"", ""1"", ""Ġ"", ""1"", ""0"", ""5""]",True,aislado se divide en varias piezas; con whitespace precedente requiere varias piezas (overhead Ġ/contexto)
106,152,0.001036493362930674,integer,0,152,3,"[21, 20, 26]","[""1"", ""0"", ""6""]",4,"[225, 21, 20, 26]","[""Ġ"", ""1"", ""0"", ""6""]","[""O"", ""Ġ"", ""1"", ""0"", ""6"", ""Ġ"", ""0""]","[""0"", ""Ġ"", ""1"", ""Ġ"", ""1"", ""0"", ""6""]",True,aislado se divide en varias piezas; con whitespace precedente requiere varias piezas (overhead Ġ/contexto)
107,147,0.0010023981865184808,integer,0,147,3,"[21, 20, 27]","[""1"", ""0"", ""7""]",4,"[225, 21, 20, 27]","[""Ġ"", ""1"", ""0"", ""7""]","[""O"", ""Ġ"", ""1"", ""0"", ""7"", ""Ġ"", ""0""]","[""0"", ""Ġ"", ""1"", ""Ġ"", ""1"", ""0"", ""7""]",True,aislado se divide en varias piezas; con whitespace precedente requiere varias piezas (overhead Ġ/contexto)
108,115,0.0007841890574804441,integer,0,115,3,"[21, 20, 28]","[""1"", ""0"", ""8""]",4,"[225, 21, 20, 28]","[""Ġ"", ""1"", ""0"", ""8""]","[""O"", ""Ġ"", ""1"", ""0"", ""8"", ""Ġ"", ""0""]","[""0"", ""Ġ"", ""1"", ""Ġ"", ""1"", ""0"", ""8""]",True,aislado se divide en varias piezas; con whitespace precedente requiere varias piezas (overhead Ġ/contexto)
109,114,0.0007773700221980056,integer,0,114,3,"[21, 20, 29]","[""1"", ""0"", ""9""]",4,"[225, 21, 20, 29]","[""Ġ"", ""1"", ""0"", ""9""]","[""O"", ""Ġ"", ""1"", ""0"", ""9"", ""Ġ"", ""0""]","[""0"", ""Ġ"", ""1"", ""Ġ"", ""1"", ""0"", ""9""]",True,aislado se divide en varias piezas; con whitespace precedente requiere varias piezas (overhead Ġ/contexto)
110,113,0.0007705509869155669,integer,0,113,3,"[21, 21, 20]","[""1"", ""1"", ""0""]",4,"[225, 21, 21, 20]","[""Ġ"", ""1"", ""1"", ""0""]","[""O"", ""Ġ"", ""1"", ""1"", ""0"", ""Ġ"", ""0""]","[""0"", ""Ġ"", ""1"", ""Ġ"", ""1"", ""1"", ""0""]",True,aislado se divide en varias piezas; con whitespace precedente requiere varias piezas (overhead Ġ/contexto)
111,112,0.0007637319516331282,integer,0,112,3,"[21, 21, 21]","[""1"", ""1"", ""1""]",4,"[225, 21, 21, 21]","[""Ġ"", ""1"", ""1"", ""1""]","[""O"", ""Ġ"", ""1"", ""1"", ""1"", ""Ġ"", ""0""]","[""0"", ""Ġ"", ""1"", ""Ġ"", ""1"", ""1"", ""1""]",True,aislado se divide en varias piezas; con whitespace precedente requiere varias piezas (overhead Ġ/contexto)
115,107,0.0007296367752209351,integer,0,107,3,"[21, 21, 25]","[""1"", ""1"", ""5""]",4,"[225, 21, 21, 25]","[""Ġ"", ""1"", ""1"", ""5""]","[""O"", ""Ġ"", ""1"", ""1"", ""5"", ""Ġ"", ""0""]","[""0"", ""Ġ"", ""1"", ""Ġ"", ""1"", ""1"", ""5""]",True,aislado se divide en varias piezas; con whitespace precedente requiere varias piezas (overhead Ġ/contexto)
114,107,0.0007296367752209351,integer,0,107,3,"[21, 21, 24]","[""1"", ""1"", ""4""]",4,"[225, 21, 21, 24]","[""Ġ"", ""1"", ""1"", ""4""]","[""O"", ""Ġ"", ""1"", ""1"", ""4"", ""Ġ"", ""0""]","[""0"", ""Ġ"", ""1"", ""Ġ"", ""1"", ""1"", ""4""]",True,aislado se divide en varias piezas; con whitespace precedente requiere varias piezas (overhead Ġ/contexto)
112,104,0.0007091796693736191,integer,0,104,2,"[21, 304]","[""1"", ""12""]",3,"[225, 21, 304]","[""Ġ"", ""1"", ""12""]","[""O"", ""Ġ"", ""1"", ""12"", ""Ġ"", ""0""]","[""0"", ""Ġ"", ""1"", ""Ġ"", ""1"", ""12""]",True,aislado se divide en varias piezas; con whitespace precedente requiere varias piezas (overhead Ġ/contexto)
113,104,0.0007091796693736191,integer,0,104,2,"[21, 435]","[""1"", ""13""]",3,"[225, 21, 435]","[""Ġ"", ""1"", ""13""]","[""O"", ""Ġ"", ""1"", ""13"", ""Ġ"", ""0""]","[""0"", ""Ġ"", ""1"", ""Ġ"", ""1"", ""13""]",True,aislado se divide en varias piezas; con whitespace precedente requiere varias piezas (overhead Ġ/contexto)
116,91,0.0006205322107019167,integer,0,91,3,"[21, 21, 26]","[""1"", ""1"", ""6""]",4,"[225, 21, 21, 26]","[""Ġ"", ""1"", ""1"", ""6""]","[""O"", ""Ġ"", ""1"", ""1"", ""6"", ""Ġ"", ""0""]","[""0"", ""Ġ"", ""1"", ""Ġ"", ""1"", ""1"", ""6""]",True,aislado se divide en varias piezas; con whitespace precedente requiere varias piezas (overhead Ġ/contexto)
119,89,0.0006068941401370394,integer,0,89,3,"[21, 21, 29]","[""1"", ""1"", ""9""]",4,"[225, 21, 21, 29]","[""Ġ"", ""1"", ""1"", ""9""]","[""O"", ""Ġ"", ""1"", ""1"", ""9"", ""Ġ"", ""0""]","[""0"", ""Ġ"", ""1"", ""Ġ"", ""1"", ""1"", ""9""]",True,aislado se divide en varias piezas; con whitespace precedente requiere varias piezas (overhead Ġ/contexto)
117,88,0.0006000751048546007,integer,0,88,3,"[21, 21, 27]","[""1"", ""1"", ""7""]",4,"[225, 21, 21, 27]","[""Ġ"", ""1"", ""1"", ""7""]","[""O"", ""Ġ"", ""1"", ""1"", ""7"", ""Ġ"", ""0""]","[""0"", ""Ġ"", ""1"", ""Ġ"", ""1"", ""1"", ""7""]",True,aislado se divide en varias piezas; con whitespace precedente requiere varias piezas (overhead Ġ/contexto)
118,88,0.0006000751048546007,integer,0,88,3,"[21, 21, 28]","[""1"", ""1"", ""8""]",4,"[225, 21, 21, 28]","[""Ġ"", ""1"", ""1"", ""8""]","[""O"", ""Ġ"", ""1"", ""1"", ""8"", ""Ġ"", ""0""]","[""0"", ""Ġ"", ""1"", ""Ġ"", ""1"", ""1"", ""8""]",True,aislado se divide en varias piezas; con whitespace precedente requiere varias piezas (overhead Ġ/contexto)
YYY,82,0.0005591608931599689,other,0,82,3,"[61, 61, 61]","[""Y"", ""Y"", ""Y""]",4,"[225, 61, 61, 61]","[""Ġ"", ""Y"", ""Y"", ""Y""]","[""O"", ""Ġ"", ""Y"", ""Y"", ""Y"", ""Ġ"", ""0""]","[""0"", ""Ġ"", ""1"", ""Ġ"", ""Y"", ""Y"", ""Y""]",True,aislado se divide en varias piezas; con whitespace precedente requiere varias piezas (overhead Ġ/contexto)
121,75,0.0005114276461828984,integer,0,75,2,"[304, 21]","[""12"", ""1""]",3,"[225, 304, 21]","[""Ġ"", ""12"", ""1""]","[""O"", ""Ġ"", ""12"", ""1"", ""Ġ"", ""0""]","[""0"", ""Ġ"", ""1"", ""Ġ"", ""12"", ""1""]",True,aislado se divide en varias piezas; con whitespace precedente requiere varias piezas (overhead Ġ/contexto)
123,75,0.0005114276461828984,integer,0,75,1,[750],"[""123""]",2,"[225, 750]","[""Ġ"", ""123""]","[""O"", ""Ġ"", ""123"", ""Ġ"", ""0""]","[""0"", ""Ġ"", ""1"", ""Ġ"", ""123""]",True,con whitespace precedente requiere varias piezas (overhead Ġ/contexto)
124,75,0.0005114276461828984,integer,0,75,2,"[304, 24]","[""12"", ""4""]",3,"[225, 304, 24]","[""Ġ"", ""12"", ""4""]","[""O"", ""Ġ"", ""12"", ""4"", ""Ġ"", ""0""]","[""0"", ""Ġ"", ""1"", ""Ġ"", ""12"", ""4""]",True,aislado se divide en varias piezas; con whitespace precedente requiere varias piezas (overhead Ġ/contexto)
122,75,0.0005114276461828984,integer,0,75,2,"[304, 22]","[""12"", ""2""]",3,"[225, 304, 22]","[""Ġ"", ""12"", ""2""]","[""O"", ""Ġ"", ""12"", ""2"", ""Ġ"", ""0""]","[""0"", ""Ġ"", ""1"", ""Ġ"", ""12"", ""2""]",True,aislado se divide en varias piezas; con whitespace precedente requiere varias piezas (overhead Ġ/contexto)
120,75,0.0005114276461828984,integer,0,75,2,"[304, 20]","[""12"", ""0""]",3,"[225, 304, 20]","[""Ġ"", ""12"", ""0""]","[""O"", ""Ġ"", ""12"", ""0"", ""Ġ"", ""0""]","[""0"", ""Ġ"", ""1"", ""Ġ"", ""12"", ""0""]",True,aislado se divide en varias piezas; con whitespace precedente requiere varias piezas (overhead Ġ/contexto)
126,74,0.0005046086109004597,integer,0,74,2,"[304, 26]","[""12"", ""6""]",3,"[225, 304, 26]","[""Ġ"", ""12"", ""6""]","[""O"", ""Ġ"", ""12"", ""6"", ""Ġ"", ""0""]","[""0"", ""Ġ"", ""1"", ""Ġ"", ""12"", ""6""]",True,aislado se divide en varias piezas; con whitespace precedente requiere varias piezas (overhead Ġ/contexto)
127,74,0.0005046086109004597,integer,0,74,2,"[304, 27]","[""12"", ""7""]",3,"[225, 304, 27]","[""Ġ"", ""12"", ""7""]","[""O"", ""Ġ"", ""12"", ""7"", ""Ġ"", ""0""]","[""0"", ""Ġ"", ""1"", ""Ġ"", ""12"", ""7""]",True,aislado se divide en varias piezas; con whitespace precedente requiere varias piezas (overhead Ġ/contexto)
125,74,0.0005046086109004597,integer,0,74,2,"[304, 25]","[""12"", ""5""]",3,"[225, 304, 25]","[""Ġ"", ""12"", ""5""]","[""O"", ""Ġ"", ""12"", ""5"", ""Ġ"", ""0""]","[""0"", ""Ġ"", ""1"", ""Ġ"", ""12"", ""5""]",True,aislado se divide en varias piezas; con whitespace precedente requiere varias piezas (overhead Ġ/contexto)
138,52,0.00035458983468680957,integer,0,52,2,"[435, 28]","[""13"", ""8""]",3,"[225, 435, 28]","[""Ġ"", ""13"", ""8""]","[""O"", ""Ġ"", ""13"", ""8"", ""Ġ"", ""0""]","[""0"", ""Ġ"", ""1"", ""Ġ"", ""13"", ""8""]",True,aislado se divide en varias piezas; con whitespace precedente requiere varias piezas (overhead Ġ/contexto)
139,52,0.00035458983468680957,integer,0,52,2,"[435, 29]","[""13"", ""9""]",3,"[225, 435, 29]","[""Ġ"", ""13"", ""9""]","[""O"", ""Ġ"", ""13"", ""9"", ""Ġ"", ""0""]","[""0"", ""Ġ"", ""1"", ""Ġ"", ""13"", ""9""]",True,aislado se divide en varias piezas; con whitespace precedente requiere varias piezas (overhead Ġ/contexto)
137,51,0.0003477707994043709,integer,0,51,2,"[435, 27]","[""13"", ""7""]",3,"[225, 435, 27]","[""Ġ"", ""13"", ""7""]","[""O"", ""Ġ"", ""13"", ""7"", ""Ġ"", ""0""]","[""0"", ""Ġ"", ""1"", ""Ġ"", ""13"", ""7""]",True,aislado se divide en varias piezas; con whitespace precedente requiere varias piezas (overhead Ġ/contexto)
136,51,0.0003477707994043709,integer,0,51,2,"[435, 26]","[""13"", ""6""]",3,"[225, 435, 26]","[""Ġ"", ""13"", ""6""]","[""O"", ""Ġ"", ""13"", ""6"", ""Ġ"", ""0""]","[""0"", ""Ġ"", ""1"", ""Ġ"", ""13"", ""6""]",True,aislado se divide en varias piezas; con whitespace precedente requiere varias piezas (overhead Ġ/contexto)
134,49,0.0003341327288394936,integer,0,49,2,"[21, 383]","[""1"", ""34""]",3,"[225, 21, 383]","[""Ġ"", ""1"", ""34""]","[""O"", ""Ġ"", ""1"", ""34"", ""Ġ"", ""0""]","[""0"", ""Ġ"", ""1"", ""Ġ"", ""1"", ""34""]",True,aislado se divide en varias piezas; con whitespace precedente requiere varias piezas (overhead Ġ/contexto)
135,48,0.00032731369355705497,integer,0,48,2,"[435, 25]","[""13"", ""5""]",3,"[225, 435, 25]","[""Ġ"", ""13"", ""5""]","[""O"", ""Ġ"", ""13"", ""5"", ""Ġ"", ""0""]","[""0"", ""Ġ"", ""1"", ""Ġ"", ""13"", ""5""]",True,aislado se divide en varias piezas; con whitespace precedente requiere varias piezas (overhead Ġ/contexto)
133,47,0.00032049465827461635,integer,0,47,2,"[435, 23]","[""13"", ""3""]",3,"[225, 435, 23]","[""Ġ"", ""13"", ""3""]","[""O"", ""Ġ"", ""13"", ""3"", ""Ġ"", ""0""]","[""0"", ""Ġ"", ""1"", ""Ġ"", ""13"", ""3""]",True,aislado se divide en varias piezas; con whitespace precedente requiere varias piezas (overhead Ġ/contexto)
132,47,0.00032049465827461635,integer,0,47,2,"[21, 333]","[""1"", ""32""]",3,"[225, 21, 333]","[""Ġ"", ""1"", ""32""]","[""O"", ""Ġ"", ""1"", ""32"", ""Ġ"", ""0""]","[""0"", ""Ġ"", ""1"", ""Ġ"", ""1"", ""32""]",True,aislado se divide en varias piezas; con whitespace precedente requiere varias piezas (overhead Ġ/contexto)
131,45,0.00030685658770973905,integer,0,45,2,"[435, 21]","[""13"", ""1""]",3,"[225, 435, 21]","[""Ġ"", ""13"", ""1""]","[""O"", ""Ġ"", ""13"", ""1"", ""Ġ"", ""0""]","[""0"", ""Ġ"", ""1"", ""Ġ"", ""13"", ""1""]",True,aislado se divide en varias piezas; con whitespace precedente requiere varias piezas (overhead Ġ/contexto)
129,45,0.00030685658770973905,integer,0,45,2,"[304, 29]","[""12"", ""9""]",3,"[225, 304, 29]","[""Ġ"", ""12"", ""9""]","[""O"", ""Ġ"", ""12"", ""9"", ""Ġ"", ""0""]","[""0"", ""Ġ"", ""1"", ""Ġ"", ""12"", ""9""]",True,aislado se divide en varias piezas; con whitespace precedente requiere varias piezas (overhead Ġ/contexto)
128,45,0.00030685658770973905,integer,0,45,2,"[304, 28]","[""12"", ""8""]",3,"[225, 304, 28]","[""Ġ"", ""12"", ""8""]","[""O"", ""Ġ"", ""12"", ""8"", ""Ġ"", ""0""]","[""0"", ""Ġ"", ""1"", ""Ġ"", ""12"", ""8""]",True,aislado se divide en varias piezas; con whitespace precedente requiere varias piezas (overhead Ġ/contexto)
130,45,0.00030685658770973905,integer,0,45,2,"[435, 20]","[""13"", ""0""]",3,"[225, 435, 20]","[""Ġ"", ""13"", ""0""]","[""O"", ""Ġ"", ""13"", ""0"", ""Ġ"", ""0""]","[""0"", ""Ġ"", ""1"", ""Ġ"", ""13"", ""0""]",True,aislado se divide en varias piezas; con whitespace precedente requiere varias piezas (overhead Ġ/contexto)
YYO,39,0.00026594237601510715,other,0,39,3,"[61, 61, 51]","[""Y"", ""Y"", ""O""]",4,"[225, 61, 61, 51]","[""Ġ"", ""Y"", ""Y"", ""O""]","[""O"", ""Ġ"", ""Y"", ""Y"", ""O"", ""Ġ"", ""0""]","[""0"", ""Ġ"", ""1"", ""Ġ"", ""Y"", ""Y"", ""O""]",True,aislado se divide en varias piezas; con whitespace precedente requiere varias piezas (overhead Ġ/contexto)
141,38,0.0002591233407326685,integer,0,38,2,"[21, 679]","[""1"", ""41""]",3,"[225, 21, 679]","[""Ġ"", ""1"", ""41""]","[""O"", ""Ġ"", ""1"", ""41"", ""Ġ"", ""0""]","[""0"", ""Ġ"", ""1"", ""Ġ"", ""1"", ""41""]",True,aislado se divide en varias piezas; con whitespace precedente requiere varias piezas (overhead Ġ/contexto)
140,38,0.0002591233407326685,integer,0,38,3,"[21, 24, 20]","[""1"", ""4"", ""0""]",4,"[225, 21, 24, 20]","[""Ġ"", ""1"", ""4"", ""0""]","[""O"", ""Ġ"", ""1"", ""4"", ""0"", ""Ġ"", ""0""]","[""0"", ""Ġ"", ""1"", ""Ġ"", ""1"", ""4"", ""0""]",True,aislado se divide en varias piezas; con whitespace precedente requiere varias piezas (overhead Ġ/contexto)
YBY,38,0.0002591233407326685,other,0,38,3,"[61, 38, 61]","[""Y"", ""B"", ""Y""]",4,"[225, 61, 38, 61]","[""Ġ"", ""Y"", ""B"", ""Y""]","[""O"", ""Ġ"", ""Y"", ""B"", ""Y"", ""Ġ"", ""0""]","[""0"", ""Ġ"", ""1"", ""Ġ"", ""Y"", ""B"", ""Y""]",True,aislado se divide en varias piezas; con whitespace precedente requiere varias piezas (overhead Ġ/contexto)
142,37,0.00025230430545022985,integer,0,37,2,"[21, 543]","[""1"", ""42""]",3,"[225, 21, 543]","[""Ġ"", ""1"", ""42""]","[""O"", ""Ġ"", ""1"", ""42"", ""Ġ"", ""0""]","[""0"", ""Ġ"", ""1"", ""Ġ"", ""1"", ""42""]",True,aislado se divide en varias piezas; con whitespace precedente requiere varias piezas (overhead Ġ/contexto)
143,37,0.00025230430545022985,integer,0,37,2,"[21, 396]","[""1"", ""43""]",3,"[225, 21, 396]","[""Ġ"", ""1"", ""43""]","[""O"", ""Ġ"", ""1"", ""43"", ""Ġ"", ""0""]","[""0"", ""Ġ"", ""1"", ""Ġ"", ""1"", ""43""]",True,aislado se divide en varias piezas; con whitespace precedente requiere varias piezas (overhead Ġ/contexto)
OOE,30,0.00020457105847315936,other,0,30,3,"[51, 51, 41]","[""O"", ""O"", ""E""]",4,"[225, 51, 51, 41]","[""Ġ"", ""O"", ""O"", ""E""]","[""O"", ""Ġ"", ""O"", ""O"", ""E"", ""Ġ"", ""0""]","[""0"", ""Ġ"", ""1"", ""Ġ"", ""O"", ""O"", ""E""]",True,aislado se divide en varias piezas; con whitespace precedente requiere varias piezas (overhead Ġ/contexto)
146,28,0.00019093298790828206,integer,0,28,3,"[21, 24, 26]","[""1"", ""4"", ""6""]",4,"[225, 21, 24, 26]","[""Ġ"", ""1"", ""4"", ""6""]","[""O"", ""Ġ"", ""1"", ""4"", ""6"", ""Ġ"", ""0""]","[""0"", ""Ġ"", ""1"", ""Ġ"", ""1"", ""4"", ""6""]",True,aislado se divide en varias piezas; con whitespace precedente requiere varias piezas (overhead Ġ/contexto)
147,28,0.00019093298790828206,integer,0,28,3,"[21, 24, 27]","[""1"", ""4"", ""7""]",4,"[225, 21, 24, 27]","[""Ġ"", ""1"", ""4"", ""7""]","[""O"", ""Ġ"", ""1"", ""4"", ""7"", ""Ġ"", ""0""]","[""0"", ""Ġ"", ""1"", ""Ġ"", ""1"", ""4"", ""7""]",True,aislado se divide en varias piezas; con whitespace precedente requiere varias piezas (overhead Ġ/contexto)
149,27,0.00018411395262584343,integer,0,27,3,"[21, 24, 29]","[""1"", ""4"", ""9""]",4,"[225, 21, 24, 29]","[""Ġ"", ""1"", ""4"", ""9""]","[""O"", ""Ġ"", ""1"", ""4"", ""9"", ""Ġ"", ""0""]","[""0"", ""Ġ"", ""1"", ""Ġ"", ""1"", ""4"", ""9""]",True,aislado se divide en varias piezas; con whitespace precedente requiere varias piezas (overhead Ġ/contexto)
148,27,0.00018411395262584343,integer,0,27,3,"[21, 24, 28]","[""1"", ""4"", ""8""]",4,"[225, 21, 24, 28]","[""Ġ"", ""1"", ""4"", ""8""]","[""O"", ""Ġ"", ""1"", ""4"", ""8"", ""Ġ"", ""0""]","[""0"", ""Ġ"", ""1"", ""Ġ"", ""1"", ""4"", ""8""]",True,aislado se divide en varias piezas; con whitespace precedente requiere varias piezas (overhead Ġ/contexto)
144,27,0.00018411395262584343,integer,0,27,3,"[21, 24, 24]","[""1"", ""4"", ""4""]",4,"[225, 21, 24, 24]","[""Ġ"", ""1"", ""4"", ""4""]","[""O"", ""Ġ"", ""1"", ""4"", ""4"", ""Ġ"", ""0""]","[""0"", ""Ġ"", ""1"", ""Ġ"", ""1"", ""4"", ""4""]",True,aislado se divide en varias piezas; con whitespace precedente requiere varias piezas (overhead Ġ/contexto)
145,27,0.00018411395262584343,integer,0,27,2,"[21, 510]","[""1"", ""45""]",3,"[225, 21, 510]","[""Ġ"", ""1"", ""45""]","[""O"", ""Ġ"", ""1"", ""45"", ""Ġ"", ""0""]","[""0"", ""Ġ"", ""1"", ""Ġ"", ""1"", ""45""]",True,aislado se divide en varias piezas; con whitespace precedente requiere varias piezas (overhead Ġ/contexto)
OOC,24,0.00016365684677852748,other,0,24,2,"[51, 279]","[""O"", ""OC""]",3,"[225, 51, 279]","[""Ġ"", ""O"", ""OC""]","[""O"", ""Ġ"", ""O"", ""OC"", ""Ġ"", ""0""]","[""0"", ""Ġ"", ""1"", ""Ġ"", ""O"", ""OC""]",True,aislado se divide en varias piezas; con whitespace precedente requiere varias piezas (overhead Ġ/contexto)
DDB,18,0.0001227426350838956,other,0,18,3,"[40, 40, 38]","[""D"", ""D"", ""B""]",4,"[225, 40, 40, 38]","[""Ġ"", ""D"", ""D"", ""B""]","[""O"", ""Ġ"", ""D"", ""D"", ""B"", ""Ġ"", ""0""]","[""0"", ""Ġ"", ""1"", ""Ġ"", ""D"", ""D"", ""B""]",True,aislado se divide en varias piezas; con whitespace precedente requiere varias piezas (overhead Ġ/contexto)
OYZ,15,0.00010228552923657968,other,0,15,3,"[51, 61, 62]","[""O"", ""Y"", ""Z""]",4,"[225, 51, 61, 62]","[""Ġ"", ""O"", ""Y"", ""Z""]","[""O"", ""Ġ"", ""O"", ""Y"", ""Z"", ""Ġ"", ""0""]","[""0"", ""Ġ"", ""1"", ""Ġ"", ""O"", ""Y"", ""Z""]",True,aislado se divide en varias piezas; con whitespace precedente requiere varias piezas (overhead Ġ/contexto)
DDF,14,9.546649395414103e-05,other,0,14,3,"[40, 40, 42]","[""D"", ""D"", ""F""]",4,"[225, 40, 40, 42]","[""Ġ"", ""D"", ""D"", ""F""]","[""O"", ""Ġ"", ""D"", ""D"", ""F"", ""Ġ"", ""0""]","[""0"", ""Ġ"", ""1"", ""Ġ"", ""D"", ""D"", ""F""]",True,aislado se divide en varias piezas; con whitespace precedente requiere varias piezas (overhead Ġ/contexto)
OOB,13,8.864745867170239e-05,other,0,13,3,"[51, 51, 38]","[""O"", ""O"", ""B""]",4,"[225, 51, 51, 38]","[""Ġ"", ""O"", ""O"", ""B""]","[""O"", ""Ġ"", ""O"", ""O"", ""B"", ""Ġ"", ""0""]","[""0"", ""Ġ"", ""1"", ""Ġ"", ""O"", ""O"", ""B""]",True,aislado se divide en varias piezas; con whitespace precedente requiere varias piezas (overhead Ġ/contexto)
Xe,10,6.819035282438646e-05,element,0,10,2,"[60, 73]","[""X"", ""e""]",3,"[225, 60, 73]","[""Ġ"", ""X"", ""e""]","[""O"", ""Ġ"", ""X"", ""e"", ""Ġ"", ""0""]","[""0"", ""Ġ"", ""1"", ""Ġ"", ""X"", ""e""]",True,aislado se divide en varias piezas; con whitespace precedente requiere varias piezas (overhead Ġ/contexto)
DOB,7,4.7733246977070514e-05,other,0,7,3,"[40, 51, 38]","[""D"", ""O"", ""B""]",4,"[225, 40, 51, 38]","[""Ġ"", ""D"", ""O"", ""B""]","[""O"", ""Ġ"", ""D"", ""O"", ""B"", ""Ġ"", ""0""]","[""0"", ""Ġ"", ""1"", ""Ġ"", ""D"", ""O"", ""B""]",True,aislado se divide en varias piezas; con whitespace precedente requiere varias piezas (overhead Ġ/contexto)
OBB,4,2.7276141129754582e-05,other,0,4,3,"[51, 38, 38]","[""O"", ""B"", ""B""]",4,"[225, 51, 38, 38]","[""Ġ"", ""O"", ""B"", ""B""]","[""O"", ""Ġ"", ""O"", ""B"", ""B"", ""Ġ"", ""0""]","[""0"", ""Ġ"", ""1"", ""Ġ"", ""O"", ""B"", ""B""]",True,aislado se divide en varias piezas; con whitespace precedente requiere varias piezas (overhead Ġ/contexto)
151,3,2.0457105847315936e-05,integer,0,3,3,"[21, 25, 21]","[""1"", ""5"", ""1""]",4,"[225, 21, 25, 21]","[""Ġ"", ""1"", ""5"", ""1""]","[""O"", ""Ġ"", ""1"", ""5"", ""1"", ""Ġ"", ""0""]","[""0"", ""Ġ"", ""1"", ""Ġ"", ""1"", ""5"", ""1""]",True,aislado se divide en varias piezas; con whitespace precedente requiere varias piezas (overhead Ġ/contexto)
150,3,2.0457105847315936e-05,integer,0,3,3,"[21, 25, 20]","[""1"", ""5"", ""0""]",4,"[225, 21, 25, 20]","[""Ġ"", ""1"", ""5"", ""0""]","[""O"", ""Ġ"", ""1"", ""5"", ""0"", ""Ġ"", ""0""]","[""0"", ""Ġ"", ""1"", ""Ġ"", ""1"", ""5"", ""0""]",True,aislado se divide en varias piezas; con whitespace precedente requiere varias piezas (overhead Ġ/contexto)
He,2,1.3638070564877291e-05,element,0,2,2,"[44, 73]","[""H"", ""e""]",3,"[225, 44, 73]","[""Ġ"", ""H"", ""e""]","[""O"", ""Ġ"", ""H"", ""e"", ""Ġ"", ""0""]","[""0"", ""Ġ"", ""1"", ""Ġ"", ""H"", ""e""]",True,aislado se divide en varias piezas; con whitespace precedente requiere varias piezas (overhead Ġ/contexto)
OOF,1,6.8190352824386455e-06,other,0,1,3,"[51, 51, 42]","[""O"", ""O"", ""F""]",4,"[225, 51, 51, 42]","[""Ġ"", ""O"", ""O"", ""F""]","[""O"", ""Ġ"", ""O"", ""O"", ""F"", ""Ġ"", ""0""]","[""0"", ""Ġ"", ""1"", ""Ġ"", ""O"", ""O"", ""F""]",True,aislado se divide en varias piezas; con whitespace precedente requiere varias piezas (overhead Ġ/contexto)
