record_id,formula,canonical_reduced_formula,composition_smiles,unit_cell_disconnected_smiles,unit_cell_smiles,n_sites,quotient_edges,periodic_neighbor_links,ignored_periodic_self_loops,used_disconnected_fallback,representation_scope,neighbor_method,serialization,prototype,magnetic_order,calculation,converged,spacegroup_number_tight,spacegroup_symbol_tight,volume,energy_per_atom,relaxed_energy_per_atom,bandgap,is_direct_gap,fermi_energy
Ba1Ge1S3--Ba1Ge1S3_dist_perovskite--nm--gga-relax,Ba1Ge1S3,BaGeS3,[Ba].[Ge].[S].[S].[S],[Ba].[Ba].[Ba].[Ba].[Ge].[Ge].[Ge].[Ge].[S].[S].[S].[S].[S].[S].[S].[S].[S].[S].[S].[S],[Ge]123S45[Ge]67S81[Ba]19%10%11%12%13%14%15[S]%16%172[Ba]2%18%19%20%21%22%234[S]431[Ba]13%24%25%26%275%16[S]692[Ba]25698%174([S]7%10%181)[S]%11%20%24[Ge]1(S%193[Ge]([S]%13%22%265)([S]%14%23%276)S%1591)[S]%12%21%252,20,56,60,0,False,unit_cell_quotient_graph_without_translation_labels,pymatgen_CrystalNN,OpenBabel_canonical_SMILES_single_bonds_no_stereo,dist_perovskite,nm,gga-relax,True,6,Pm,501.821901356347,-4.7597745235,-4.7597745235,0.5616999999999996,True,3.46514938
Ba1Ge1S3--Ba1Ge1S3_dist_perovskite--nm--gga-static,Ba1Ge1S3,BaGeS3,[Ba].[Ge].[S].[S].[S],[Ba].[Ba].[Ba].[Ba].[Ge].[Ge].[Ge].[Ge].[S].[S].[S].[S].[S].[S].[S].[S].[S].[S].[S].[S],[Ge]123S45[Ge]67S81[Ba]19%10%11%12%13%14%15[S]%16%172[Ba]2%18%19%20%21%22%234[S]431[Ba]13%24%25%26%275%16[S]692[Ba]25698%174([S]7%10%181)[S]%11%20%24[Ge]1(S%193[Ge]([S]%13%22%265)([S]%14%23%276)S%1591)[S]%12%21%252,20,56,60,0,False,unit_cell_quotient_graph_without_translation_labels,pymatgen_CrystalNN,OpenBabel_canonical_SMILES_single_bonds_no_stereo,dist_perovskite,nm,gga-static,True,6,Pm,501.821901356347,-4.7619815445,-4.7597745235,0.5634000000000001,True,3.22154051
Ba1Ge1S3--Ba1Ge1S3_hexagonal--nm--gga-relax,Ba1Ge1S3,BaGeS3,[Ba].[Ge].[S].[S].[S],[Ba].[Ba].[Ba].[Ba].[Ge].[Ge].[Ge].[Ge].[S].[S].[S].[S].[S].[S].[S].[S].[S].[S].[S].[S],[S]12[Ge]34[S]5[Ba]6789%10S%114[Ba]4%125S53[Ba]3%13%14%152S24[Ge]41S63[Ba]152(S7%134)[S]%14[Ge]2([S]8%15)[S]9[Ge]%11([S]%102)[S]%121,20,41,40,0,False,unit_cell_quotient_graph_without_translation_labels,pymatgen_CrystalNN,OpenBabel_canonical_SMILES_single_bonds_no_stereo,hexagonal,nm,gga-relax,True,1,P1,591.8065434806406,-4.8155111655,-4.8155111655,2.0916,False,1.9443058
Ba1Ge1S3--Ba1Ge1S3_hexagonal--nm--gga-static,Ba1Ge1S3,BaGeS3,[Ba].[Ge].[S].[S].[S],[Ba].[Ba].[Ba].[Ba].[Ge].[Ge].[Ge].[Ge].[S].[S].[S].[S].[S].[S].[S].[S].[S].[S].[S].[S],[S]12[Ge]34[S]5[Ba]6789%10S%114[Ba]4%125S53[Ba]3%13%14%152S24[Ge]41S63[Ba]152(S7%134)[S]%14[Ge]2([S]8%15)[S]9[Ge]%11([S]%102)[S]%121,20,41,40,0,False,unit_cell_quotient_graph_without_translation_labels,pymatgen_CrystalNN,OpenBabel_canonical_SMILES_single_bonds_no_stereo,hexagonal,nm,gga-static,True,1,P1,591.8065434806406,-4.8193788635,-4.8155111655,2.0915999999999997,False,1.67382676
Ba1Ge1S3--Ba1Ge1S3_needle--nm--gga-relax,Ba1Ge1S3,BaGeS3,[Ba].[Ge].[S].[S].[S],[Ba].[Ba].[Ba].[Ba].[Ge].[Ge].[Ge].[Ge].[S].[S].[S].[S].[S].[S].[S].[S].[S].[S].[S].[S],[S]12[Ge]34[S]5[Ba]6781S13[Ba]39%102[S]7[Ge]27S83[Ge]38[S]9[Ba]9%11%12(S%134[Ba]45([S]6[Ge]1%13[S]%114)([S]39)S78%12)[S]%102,20,40,64,0,False,unit_cell_quotient_graph_without_translation_labels,pymatgen_CrystalNN,OpenBabel_canonical_SMILES_single_bonds_no_stereo,needle,nm,gga-relax,True,1,P1,471.7579285338406,-4.6901387475,-4.6901387475,0.42740000000000045,False,3.92060027
Ba1Ge1S3--Ba1Ge1S3_needle--nm--gga-static,Ba1Ge1S3,BaGeS3,[Ba].[Ge].[S].[S].[S],[Ba].[Ba].[Ba].[Ba].[Ge].[Ge].[Ge].[Ge].[S].[S].[S].[S].[S].[S].[S].[S].[S].[S].[S].[S],[S]12[Ge]34[S]5[Ba]6781S13[Ba]39%102[S]7[Ge]27S83[Ge]38[S]9[Ba]9%11%12(S%134[Ba]45([S]6[Ge]1%13[S]%114)([S]39)S78%12)[S]%102,20,40,64,0,False,unit_cell_quotient_graph_without_translation_labels,pymatgen_CrystalNN,OpenBabel_canonical_SMILES_single_bonds_no_stereo,needle,nm,gga-static,True,1,P1,471.7579285338406,-4.6902429145,-4.6901387475,0.4272999999999998,False,3.92160836
Ba1Hf1S3--Ba1Hf1S3_dist_perovskite--nm--gga-relax,Ba1Hf1S3,BaHfS3,[Ba].[Hf].[S].[S].[S],[Ba].[Ba].[Ba].[Ba].[Hf].[Hf].[Hf].[Hf].[S].[S].[S].[S].[S].[S].[S].[S].[S].[S].[S].[S],S123[Hf]4567S89[Hf]%10%11%121[S]1%13%14[Ba]%15%16%17%18%193[S]3%204[Ba]4%21%22%2381[S]185[Ba]5%24%25%26%272[S]26%15[Ba]6%159%1331[S]%10%21%24[Hf]1%14([S]%11%17%256)([S]%12%18%22%26)S%19%27[Hf]%2082([S]7%1645)S%23%151,20,56,56,0,False,unit_cell_quotient_graph_without_translation_labels,pymatgen_CrystalNN,OpenBabel_canonical_SMILES_single_bonds_no_stereo,dist_perovskite,nm,gga-relax,True,1,P1,497.9243080766423,-6.6839433679999996,-6.6839433679999996,1.2652,True,3.23072316
Ba1Hf1S3--Ba1Hf1S3_dist_perovskite--nm--gga-static,Ba1Hf1S3,BaHfS3,[Ba].[Hf].[S].[S].[S],[Ba].[Ba].[Ba].[Ba].[Hf].[Hf].[Hf].[Hf].[S].[S].[S].[S].[S].[S].[S].[S].[S].[S].[S].[S],S123[Hf]4567S89[Hf]%10%11%121[S]1%13%14[Ba]%15%16%17%18%193[S]3%204[Ba]4%21%22%2381[S]185[Ba]5%24%25%26%272[S]26%15[Ba]6%159%1331[S]%10%21%24[Hf]1%14([S]%11%17%256)([S]%12%18%22%26)S%19%27[Hf]%2082([S]7%1645)S%23%151,20,56,56,0,False,unit_cell_quotient_graph_without_translation_labels,pymatgen_CrystalNN,OpenBabel_canonical_SMILES_single_bonds_no_stereo,dist_perovskite,nm,gga-static,True,1,P1,497.9243080766423,-6.6839963835,-6.6839433679999996,1.2651000000000003,True,3.03509284
Ba1Hf1S3--Ba1Hf1S3_hexagonal--nm--gga-relax,Ba1Hf1S3,BaHfS3,[Ba].[Hf].[S].[S].[S],[Ba].[Ba].[Ba].[Ba].[Hf].[Hf].[Hf].[Hf].[S].[S].[S].[S].[S].[S].[S].[S].[S].[S].[S].[S],[Ba]123456[S]789[Ba]%10%11%12%13%14%15[S]%16%174[Hf]4%18%19%20S%211[Hf]1%22%237S24[Ba]247%24%16[S]5%10%18[Hf]5%10%17(S%12%204)S4%13[Hf]%12%138(S31[Ba]9%214([S]6%19%222)(S%11%23%12)[S]%15%24%10%13)S%1475,20,53,52,0,False,unit_cell_quotient_graph_without_translation_labels,pymatgen_CrystalNN,OpenBabel_canonical_SMILES_single_bonds_no_stereo,hexagonal,nm,gga-relax,True,1,P1,515.2603019017798,-6.6748301549999995,-6.6748301549999995,1.1426999999999996,True,3.19934128
Ba1Hf1S3--Ba1Hf1S3_hexagonal--nm--gga-static,Ba1Hf1S3,BaHfS3,[Ba].[Hf].[S].[S].[S],[Ba].[Ba].[Ba].[Ba].[Hf].[Hf].[Hf].[Hf].[S].[S].[S].[S].[S].[S].[S].[S].[S].[S].[S].[S],[Ba]123456[S]789[Ba]%10%11%12%13%14%15[S]%16%174[Hf]4%18%19%20S%211[Hf]1%22%237S24[Ba]247%24%16[S]5%10%18[Hf]5%10%17(S%12%204)S4%13[Hf]%12%138(S31[Ba]9%214([S]6%19%222)(S%11%23%12)[S]%15%24%10%13)S%1475,20,53,52,0,False,unit_cell_quotient_graph_without_translation_labels,pymatgen_CrystalNN,OpenBabel_canonical_SMILES_single_bonds_no_stereo,hexagonal,nm,gga-static,True,1,P1,515.2603019017798,-6.674908397,-6.6748301549999995,1.1426999999999996,True,2.98969408
Ba1Hf1S3--Ba1Hf1S3_needle--nm--gga-relax,Ba1Hf1S3,BaHfS3,[Ba].[Hf].[S].[S].[S],[Ba].[Ba].[Ba].[Ba].[Hf].[Hf].[Hf].[Hf].[S].[S].[S].[S].[S].[S].[S].[S].[S].[S].[S].[S],[S]12[Hf]34[S]5[Hf]61[S]1[Ba]789[S]3[Ba]3%105[S]5[Ba]%11%122[S]6[Ba]21([S]47)[S]%11[Hf]15[S]9[Hf]([S]3%12)([S]8%10)[S]21,20,36,64,0,False,unit_cell_quotient_graph_without_translation_labels,pymatgen_CrystalNN,OpenBabel_canonical_SMILES_single_bonds_no_stereo,needle,nm,gga-relax,True,1,P1,495.98031560914865,-6.677682986000001,-6.677682986000001,0.8669000000000002,True,3.5129855
Ba1Hf1S3--Ba1Hf1S3_needle--nm--gga-static,Ba1Hf1S3,BaHfS3,[Ba].[Hf].[S].[S].[S],[Ba].[Ba].[Ba].[Ba].[Hf].[Hf].[Hf].[Hf].[S].[S].[S].[S].[S].[S].[S].[S].[S].[S].[S].[S],[S]12[Hf]34[S]5[Hf]61[S]1[Ba]789[S]3[Ba]3%105[S]5[Ba]%11%122[S]6[Ba]21([S]47)[S]%11[Hf]15[S]9[Hf]([S]3%12)([S]8%10)[S]21,20,36,64,0,False,unit_cell_quotient_graph_without_translation_labels,pymatgen_CrystalNN,OpenBabel_canonical_SMILES_single_bonds_no_stereo,needle,nm,gga-static,True,1,P1,495.98031560914865,-6.6777296774999995,-6.677682986000001,0.8669000000000002,True,3.31451225
Ba1Nb1S3--Ba1Nb1S3_dist_perovskite--fm--gga-relax,Ba1Nb1S3,BaNbS3,[Ba].[Nb].[S].[S].[S],[Ba].[Ba].[Ba].[Ba].[Nb].[Nb].[Nb].[Nb].[S].[S].[S].[S].[S].[S].[S].[S].[S].[S].[S].[S],S123[Nb]4567S89[Nb]%10%11%121S1%13%14%15[Ba]%16%17%18%19%20%21%222S2%23%244[Ba]4%25%26%27%28%2931S135%16[Ba]5%16%30%31%328%132S26%174[Ba]468%139%14%231S7%18%255[Nb]1%2432S%22%29[Nb]%15(S%10%19%26%164)(S%11%20%27%306)(S%12%21%28%318)S%32%131,20,64,81,0,False,unit_cell_quotient_graph_without_translation_labels,pymatgen_CrystalNN,OpenBabel_canonical_SMILES_single_bonds_no_stereo,dist_perovskite,fm,gga-relax,True,1,P1,471.4145948267812,-6.290142976,-6.290142976,0.0799000000000003,False,4.51698022
Ba1Nb1S3--Ba1Nb1S3_dist_perovskite--fm--gga-static,Ba1Nb1S3,BaNbS3,[Ba].[Nb].[S].[S].[S],[Ba].[Ba].[Ba].[Ba].[Nb].[Nb].[Nb].[Nb].[S].[S].[S].[S].[S].[S].[S].[S].[S].[S].[S].[S],S123[Nb]4567S89[Nb]%10%11%121S1%13%14%15[Ba]%16%17%18%19%20%21%222S2%23%244[Ba]4%25%26%27%28%2931S135%16[Ba]5%16%30%31%328%132S26%174[Ba]468%139%14%231S7%18%255[Nb]1%2432S%22%29[Nb]%15(S%10%19%26%164)(S%11%20%27%306)(S%12%21%28%318)S%32%131,20,64,81,0,False,unit_cell_quotient_graph_without_translation_labels,pymatgen_CrystalNN,OpenBabel_canonical_SMILES_single_bonds_no_stereo,dist_perovskite,fm,gga-static,True,1,P1,471.4145948267812,-6.290184655,-6.290142976,0.07979999999999965,False,4.51754753
Ba1Nb1S3--Ba1Nb1S3_hexagonal--fm--gga-relax,Ba1Nb1S3,BaNbS3,[Ba].[Nb].[S].[S].[S],[Ba].[Ba].[Ba].[Ba].[Nb].[Nb].[Nb].[Nb].[S].[S].[S].[S].[S].[S].[S].[S].[S].[S].[S].[S],[S]1234[Nb]5678[S]9%10%11[Nb]%12%13%141[S]1%155[Ba]5%16%17%18%1929[S]296[Ba]6%20%21%224%11%15[S]475[Nb]57%112[S]8%166[Ba]268%15%1694[S]4%12%17[Ba]9%12%17%233%101[S]%13%182[Nb]4([S]%14%1969)([S]%2058%12)([S]%217%15%17)[S]%22%11%16%23,20,60,78,0,False,unit_cell_quotient_graph_without_translation_labels,pymatgen_CrystalNN,OpenBabel_canonical_SMILES_single_bonds_no_stereo,hexagonal,fm,gga-relax,True,1,P1,478.492132208816,-6.3096951395,-6.3096951395,0.03599999999999959,False,4.43802355
Ba1Nb1S3--Ba1Nb1S3_hexagonal--fm--gga-static,Ba1Nb1S3,BaNbS3,[Ba].[Nb].[S].[S].[S],[Ba].[Ba].[Ba].[Ba].[Nb].[Nb].[Nb].[Nb].[S].[S].[S].[S].[S].[S].[S].[S].[S].[S].[S].[S],[S]1234[Nb]5678[S]9%10%11[Nb]%12%13%141[S]1%155[Ba]5%16%17%18%1929[S]296[Ba]6%20%21%224%11%15[S]475[Nb]57%112[S]8%166[Ba]268%15%1694[S]4%12%17[Ba]9%12%17%233%101[S]%13%182[Nb]4([S]%14%1969)([S]%2058%12)([S]%217%15%17)[S]%22%11%16%23,20,60,78,0,False,unit_cell_quotient_graph_without_translation_labels,pymatgen_CrystalNN,OpenBabel_canonical_SMILES_single_bonds_no_stereo,hexagonal,fm,gga-static,True,1,P1,478.492132208816,-6.3096791119999995,-6.3096951395,0.03590000000000071,False,4.43861178
Ba1Nb1S3--Ba1Nb1S3_needle--fm--gga-relax,Ba1Nb1S3,BaNbS3,[Ba].[Nb].[S].[S].[S],[Ba].[Ba].[Ba].[Ba].[Nb].[Nb].[Nb].[Nb].[S].[S].[S].[S].[S].[S].[S].[S].[S].[S].[S].[S],[S]12[Nb]34[S]5[Ba]6781S13[Ba]39%102[S]7[Nb]27S83[Nb]38[S]9[Ba]9%11%12(S%134[Ba]45([S]6[Nb]1%13[S]%114)([S]39)S78%12)[S]%102,20,40,64,0,False,unit_cell_quotient_graph_without_translation_labels,pymatgen_CrystalNN,OpenBabel_canonical_SMILES_single_bonds_no_stereo,needle,fm,gga-relax,True,1,P1,467.5004183944724,-6.2537317405,-6.2537317405,0.0015999999999998238,False,4.50035858
Ba1Nb1S3--Ba1Nb1S3_needle--fm--gga-static,Ba1Nb1S3,BaNbS3,[Ba].[Nb].[S].[S].[S],[Ba].[Ba].[Ba].[Ba].[Nb].[Nb].[Nb].[Nb].[S].[S].[S].[S].[S].[S].[S].[S].[S].[S].[S].[S],[S]12[Nb]34[S]5[Ba]6781S13[Ba]39%102[S]7[Nb]27S83[Nb]38[S]9[Ba]9%11%12(S%134[Ba]45([S]6[Nb]1%13[S]%114)([S]39)S78%12)[S]%102,20,40,64,0,False,unit_cell_quotient_graph_without_translation_labels,pymatgen_CrystalNN,OpenBabel_canonical_SMILES_single_bonds_no_stereo,needle,fm,gga-static,True,1,P1,467.5004183944724,-6.253250412,-6.2537317405,0,False,4.4839262
Ba1Pb1S3--Ba1Pb1S3_dist_perovskite--nm--gga-relax,Ba1Pb1S3,BaPbS3,[Ba].[Pb].[S].[S].[S],[Ba].[Ba].[Ba].[Ba].[Pb].[Pb].[Pb].[Pb].[S].[S].[S].[S].[S].[S].[S].[S].[S].[S].[S].[S],S123[Pb]4567S89[Pb]%10%11%121[S]1%13%14[Ba]%15%16%17%18%193[S]3%204[Ba]4%21%22%2381[S]185[Ba]5%24%25%26%272[S]26%15[Ba]6%159%1331[S]%10%21%24[Pb]1%14([S]%11%17%256)([S]%12%18%22%26)S%19%27[Pb]%2082([S]7%1645)S%23%151,20,56,62,0,False,unit_cell_quotient_graph_without_translation_labels,pymatgen_CrystalNN,OpenBabel_canonical_SMILES_single_bonds_no_stereo,dist_perovskite,nm,gga-relax,True,1,P1,561.6576554142647,-4.392162795,-4.392162795,0.41369999999999996,False,2.85260135
Ba1Pb1S3--Ba1Pb1S3_dist_perovskite--nm--gga-static,Ba1Pb1S3,BaPbS3,[Ba].[Pb].[S].[S].[S],[Ba].[Ba].[Ba].[Ba].[Pb].[Pb].[Pb].[Pb].[S].[S].[S].[S].[S].[S].[S].[S].[S].[S].[S].[S],S123[Pb]4567S89[Pb]%10%11%121[S]1%13%14[Ba]%15%16%17%18%193[S]3%204[Ba]4%21%22%2381[S]185[Ba]5%24%25%26%272[S]26%15[Ba]6%159%1331[S]%10%21%24[Pb]1%14([S]%11%17%256)([S]%12%18%22%26)S%19%27[Pb]%2082([S]7%1645)S%23%151,20,56,62,0,False,unit_cell_quotient_graph_without_translation_labels,pymatgen_CrystalNN,OpenBabel_canonical_SMILES_single_bonds_no_stereo,dist_perovskite,nm,gga-static,True,1,P1,561.6576554142647,-4.3923172379999995,-4.392162795,0.41380000000000017,False,2.85334594
Ba1Pb1S3--Ba1Pb1S3_hexagonal--nm--gga-relax,Ba1Pb1S3,BaPbS3,[Ba].[Pb].[S].[S].[S],[Ba].[Ba].[Ba].[Ba].[Pb].[Pb].[Pb].[Pb].[S].[S].[S].[S].[S].[S].[S].[S].[S].[S].[S].[S],[S]12[S]3[Ba]4562S27[Pb]81S19[Ba]%10%113S48[Pb]349[S]%10[Ba]89%101S%113[Pb]13%11S%126[Ba]62([S]5[Pb]7%12S936)[S]481[S]%10%11,20,42,48,0,False,unit_cell_quotient_graph_without_translation_labels,pymatgen_CrystalNN,OpenBabel_canonical_SMILES_single_bonds_no_stereo,hexagonal,nm,gga-relax,True,1,P1,612.2778905773304,-4.4513650245,-4.4513650245,0.6619999999999999,False,2.72338725
Ba1Pb1S3--Ba1Pb1S3_hexagonal--nm--gga-static,Ba1Pb1S3,BaPbS3,[Ba].[Pb].[S].[S].[S],[Ba].[Ba].[Ba].[Ba].[Pb].[Pb].[Pb].[Pb].[S].[S].[S].[S].[S].[S].[S].[S].[S].[S].[S].[S],[S]12[S]3[Ba]4562S27[Pb]81S19[Ba]%10%113S48[Pb]349[S]%10[Ba]89%101S%113[Pb]13%11S%126[Ba]62([S]5[Pb]7%12S936)[S]481[S]%10%11,20,42,48,0,False,unit_cell_quotient_graph_without_translation_labels,pymatgen_CrystalNN,OpenBabel_canonical_SMILES_single_bonds_no_stereo,hexagonal,nm,gga-static,True,1,P1,612.2778905773304,-4.4522809805,-4.4513650245,0.6652,False,2.55082702
Ba1Pb1S3--Ba1Pb1S3_needle--nm--gga-relax,Ba1Pb1S3,BaPbS3,[Ba].[Pb].[S].[S].[S],[Ba].[Ba].[Ba].[Ba].[Pb].[Pb].[Pb].[Pb].[S].[S].[S].[S].[S].[S].[S].[S].[S].[S].[S].[S],[S]12[Pb]34[S]5[Ba]6781S13[Ba]39%102[S]7[Pb]27S83[Pb]38[S]9[Ba]9%11%12(S%134[Ba]45([S]6[Pb]1%13[S]%114)([S]39)S78%12)[S]%102,20,40,64,0,False,unit_cell_quotient_graph_without_translation_labels,pymatgen_CrystalNN,OpenBabel_canonical_SMILES_single_bonds_no_stereo,needle,nm,gga-relax,True,1,P1,532.2948812839376,-4.4513308055000005,-4.4513308055000005,0.07479999999999976,False,3.60206253
Ba1Pb1S3--Ba1Pb1S3_needle--nm--gga-static,Ba1Pb1S3,BaPbS3,[Ba].[Pb].[S].[S].[S],[Ba].[Ba].[Ba].[Ba].[Pb].[Pb].[Pb].[Pb].[S].[S].[S].[S].[S].[S].[S].[S].[S].[S].[S].[S],[S]12[Pb]34[S]5[Ba]6781S13[Ba]39%102[S]7[Pb]27S83[Pb]38[S]9[Ba]9%11%12(S%134[Ba]45([S]6[Pb]1%13[S]%114)([S]39)S78%12)[S]%102,20,40,64,0,False,unit_cell_quotient_graph_without_translation_labels,pymatgen_CrystalNN,OpenBabel_canonical_SMILES_single_bonds_no_stereo,needle,nm,gga-static,True,1,P1,532.2948812839376,-4.451448495999999,-4.4513308055000005,0.07479999999999976,False,3.60208687
Ba1S3Si1--Ba1S3Si1_dist_perovskite--nm--gga-relax,Ba1S3Si1,BaS3Si,[Ba].[S].[S].[S].[Si],[Ba].[Ba].[Ba].[Ba].[S].[S].[S].[S].[S].[S].[S].[S].[S].[S].[S].[S].[Si].[Si].[Si].[Si],[S]12[Si]34[S]567[Si]81S19[Ba]%10%11%12%13%14%155[S]5%168[Ba]8%17%18%19%202S23[Ba]3%21%22715S48[Ba]149%162S%12%19[Si]6(S%10%173)[S]%14[Si](S%11%18%21)(S%13%201)S%15%224,20,48,45,0,False,unit_cell_quotient_graph_without_translation_labels,pymatgen_CrystalNN,OpenBabel_canonical_SMILES_single_bonds_no_stereo,dist_perovskite,nm,gga-relax,True,1,P1,570.2580684680446,-5.23078193,-5.23078193,2.7237000000000005,False,2.09031214
Ba1S3Si1--Ba1S3Si1_dist_perovskite--nm--gga-static,Ba1S3Si1,BaS3Si,[Ba].[S].[S].[S].[Si],[Ba].[Ba].[Ba].[Ba].[S].[S].[S].[S].[S].[S].[S].[S].[S].[S].[S].[S].[Si].[Si].[Si].[Si],[S]12[Si]34[S]567[Si]81S19[Ba]%10%11%12%13%14%155[S]5%168[Ba]8%17%18%19%202S23[Ba]3%21%22715S48[Ba]149%162S%12%19[Si]6(S%10%173)[S]%14[Si](S%11%18%21)(S%13%201)S%15%224,20,48,45,0,False,unit_cell_quotient_graph_without_translation_labels,pymatgen_CrystalNN,OpenBabel_canonical_SMILES_single_bonds_no_stereo,dist_perovskite,nm,gga-static,True,1,P1,570.2580684680446,-5.231090802,-5.23078193,2.7238000000000007,False,1.87076595
Ba1S3Si1--Ba1S3Si1_hexagonal--nm--gga-relax,Ba1S3Si1,BaS3Si,[Ba].[S].[S].[S].[Si],[Ba].[Ba].[Ba].[Ba].[S].[S].[S].[S].[S].[S].[S].[S].[S].[S].[S].[S].[Si].[Si].[Si].[Si],[S]12[Ba]345678S9%10[Si]%111S17[Ba]7%12%13%10S%103[Si]39[S]9[Ba]%14%15%10(S%105[Si]59S94[Si]42S87[Ba]1%109(S6%145)[S]%154)([S]%11%12)[S]%133,20,43,39,0,False,unit_cell_quotient_graph_without_translation_labels,pymatgen_CrystalNN,OpenBabel_canonical_SMILES_single_bonds_no_stereo,hexagonal,nm,gga-relax,True,1,P1,588.3944505952354,-5.2327887859999995,-5.2327887859999995,2.8136,False,1.83384339
Ba1S3Si1--Ba1S3Si1_hexagonal--nm--gga-static,Ba1S3Si1,BaS3Si,[Ba].[S].[S].[S].[Si],[Ba].[Ba].[Ba].[Ba].[S].[S].[S].[S].[S].[S].[S].[S].[S].[S].[S].[S].[Si].[Si].[Si].[Si],[S]12[Ba]345678S9%10[Si]%111S17[Ba]7%12%13%10S%103[Si]39[S]9[Ba]%14%15%10(S%105[Si]59S94[Si]42S87[Ba]1%109(S6%145)[S]%154)([S]%11%12)[S]%133,20,43,39,0,False,unit_cell_quotient_graph_without_translation_labels,pymatgen_CrystalNN,OpenBabel_canonical_SMILES_single_bonds_no_stereo,hexagonal,nm,gga-static,True,1,P1,588.3944505952354,-5.2327717825,-5.2327887859999995,2.8136,False,1.64257605
Ba1S3Si1--Ba1S3Si1_needle--nm--gga-relax,Ba1S3Si1,BaS3Si,[Ba].[S].[S].[S].[Si],[Ba].[Ba].[Ba].[Ba].[S].[S].[S].[S].[S].[S].[S].[S].[S].[S].[S].[S].[Si].[Si].[Si].[Si],[S]12[Si]34[S]5[Ba]6781S13[Ba]39%102[S]7[Si]27S83[Si]38[S]9[Ba]9%11%12(S%134[Ba]45([S]6[Si]1%13[S]%114)([S]39)S78%12)[S]%102,20,40,64,0,False,unit_cell_quotient_graph_without_translation_labels,pymatgen_CrystalNN,OpenBabel_canonical_SMILES_single_bonds_no_stereo,needle,nm,gga-relax,True,1,P1,446.67312761611413,-5.02937838,-5.02937838,0.9413,False,4.61505352
Ba1S3Si1--Ba1S3Si1_needle--nm--gga-static,Ba1S3Si1,BaS3Si,[Ba].[S].[S].[S].[Si],[Ba].[Ba].[Ba].[Ba].[S].[S].[S].[S].[S].[S].[S].[S].[S].[S].[S].[S].[Si].[Si].[Si].[Si],[S]12[Si]34[S]5[Ba]6781S13[Ba]39%102[S]7[Si]27S83[Si]38[S]9[Ba]9%11%12(S%134[Ba]45([S]6[Si]1%13[S]%114)([S]39)S78%12)[S]%102,20,40,64,0,False,unit_cell_quotient_graph_without_translation_labels,pymatgen_CrystalNN,OpenBabel_canonical_SMILES_single_bonds_no_stereo,needle,nm,gga-static,True,1,P1,446.67312761611413,-5.0294352165,-5.02937838,0.9413,False,4.33792501
Ba1S3Sn1--Ba1S3Sn1_dist_perovskite--nm--gga-relax,Ba1S3Sn1,BaS3Sn,[Ba].[S].[S].[S].[Sn],[Ba].[Ba].[Ba].[Ba].[S].[S].[S].[S].[S].[S].[S].[S].[S].[S].[S].[S].[Sn].[Sn].[Sn].[Sn],S123[Sn]4567S89[Sn]%10%11%121[S]1%13%14[Ba]%15%16%17%18%193[S]3%204[Ba]4%21%22%2381[S]185[Ba]5%24%25%26%272[S]26%15[Ba]6%159%1331[S]%10%21%24[Sn]1%14([S]%11%17%256)([S]%12%18%22%26)S%19%27[Sn]%2082([S]7%1645)S%23%151,20,56,64,0,False,unit_cell_quotient_graph_without_translation_labels,pymatgen_CrystalNN,OpenBabel_canonical_SMILES_single_bonds_no_stereo,dist_perovskite,nm,gga-relax,True,1,P1,520.8373629464172,-4.648554009,-4.648554009,0.7059000000000002,True,3.60663016
Ba1S3Sn1--Ba1S3Sn1_dist_perovskite--nm--gga-static,Ba1S3Sn1,BaS3Sn,[Ba].[S].[S].[S].[Sn],[Ba].[Ba].[Ba].[Ba].[S].[S].[S].[S].[S].[S].[S].[S].[S].[S].[S].[S].[Sn].[Sn].[Sn].[Sn],S123[Sn]4567S89[Sn]%10%11%121[S]1%13%14[Ba]%15%16%17%18%193[S]3%204[Ba]4%21%22%2381[S]185[Ba]5%24%25%26%272[S]26%15[Ba]6%159%1331[S]%10%21%24[Sn]1%14([S]%11%17%256)([S]%12%18%22%26)S%19%27[Sn]%2082([S]7%1645)S%23%151,20,56,64,0,False,unit_cell_quotient_graph_without_translation_labels,pymatgen_CrystalNN,OpenBabel_canonical_SMILES_single_bonds_no_stereo,dist_perovskite,nm,gga-static,True,1,P1,520.8373629464172,-4.648707672,-4.648554009,0.706,True,3.35089449
Ba1S3Sn1--Ba1S3Sn1_hexagonal--nm--gga-relax,Ba1S3Sn1,BaS3Sn,[Ba].[S].[S].[S].[Sn],[Ba].[Ba].[Ba].[Ba].[S].[S].[S].[S].[S].[S].[S].[S].[S].[S].[S].[S].[Sn].[Sn].[Sn].[Sn],[Sn]12345S67[Sn]89%10%11S%123[Ba]3%13%14%156S61[Ba]1%16%17%18%12S%122[Sn]2%19%206[S]431[Ba]134%12S6%11[Ba]%11%12%217([S]58%13%16)S9%14[Sn]6(S%10%15%11)(S21%12)([S]%17%193%21)S%18%204,20,51,50,0,False,unit_cell_quotient_graph_without_translation_labels,pymatgen_CrystalNN,OpenBabel_canonical_SMILES_single_bonds_no_stereo,hexagonal,nm,gga-relax,True,1,P1,529.3168514433814,-4.6567895925,-4.6567895925,0.5518000000000001,True,3.80076334
Ba1S3Sn1--Ba1S3Sn1_hexagonal--nm--gga-static,Ba1S3Sn1,BaS3Sn,[Ba].[S].[S].[S].[Sn],[Ba].[Ba].[Ba].[Ba].[S].[S].[S].[S].[S].[S].[S].[S].[S].[S].[S].[S].[Sn].[Sn].[Sn].[Sn],[Sn]12345S67[Sn]89%10%11S%123[Ba]3%13%14%156S61[Ba]1%16%17%18%12S%122[Sn]2%19%206[S]431[Ba]134%12S6%11[Ba]%11%12%217([S]58%13%16)S9%14[Sn]6(S%10%15%11)(S21%12)([S]%17%193%21)S%18%204,20,51,50,0,False,unit_cell_quotient_graph_without_translation_labels,pymatgen_CrystalNN,OpenBabel_canonical_SMILES_single_bonds_no_stereo,hexagonal,nm,gga-static,True,1,P1,529.3168514433814,-4.6568913510000005,-4.6567895925,0.5516000000000005,True,3.61308771
Ba1S3Sn1--Ba1S3Sn1_needle--nm--gga-relax,Ba1S3Sn1,BaS3Sn,[Ba].[S].[S].[S].[Sn],[Ba].[Ba].[Ba].[Ba].[S].[S].[S].[S].[S].[S].[S].[S].[S].[S].[S].[S].[Sn].[Sn].[Sn].[Sn],[S]12[Sn]34[S]5[Ba]6781S13[Ba]39%102[S]7[Sn]27S83[Sn]38[S]9[Ba]9%11%12(S%134[Ba]45([S]6[Sn]1%13[S]%114)([S]39)S78%12)[S]%102,20,40,64,0,False,unit_cell_quotient_graph_without_translation_labels,pymatgen_CrystalNN,OpenBabel_canonical_SMILES_single_bonds_no_stereo,needle,nm,gga-relax,True,1,P1,509.2172958067829,-4.7211621075,-4.7211621075,0.8708000000000005,False,4.08882873
Ba1S3Sn1--Ba1S3Sn1_needle--nm--gga-static,Ba1S3Sn1,BaS3Sn,[Ba].[S].[S].[S].[Sn],[Ba].[Ba].[Ba].[Ba].[S].[S].[S].[S].[S].[S].[S].[S].[S].[S].[S].[S].[Sn].[Sn].[Sn].[Sn],[S]12[Sn]34[S]5[Ba]6781S13[Ba]39%102[S]7[Sn]27S83[Sn]38[S]9[Ba]9%11%12(S%134[Ba]45([S]6[Sn]1%13[S]%114)([S]39)S78%12)[S]%102,20,40,64,0,False,unit_cell_quotient_graph_without_translation_labels,pymatgen_CrystalNN,OpenBabel_canonical_SMILES_single_bonds_no_stereo,needle,nm,gga-static,True,1,P1,509.2172958067829,-4.7212614854999995,-4.7211621075,0.8708000000000005,False,3.86692551
Ba1S3Ti1--Ba1S3Ti1_dist_perovskite--fm--gga-relax,Ba1S3Ti1,BaS3Ti,[Ba].[S].[S].[S].[Ti],[Ba].[Ba].[Ba].[Ba].[S].[S].[S].[S].[S].[S].[S].[S].[S].[S].[S].[S].[Ti].[Ti].[Ti].[Ti],[Ba]1234567S89%10%11[Ba]%12%13%14%15%16%17S%18%19%201[Ti]1%21%228[S]8%235[Ti]5%249%18S96[Ba]6%18%25%26%27%11%20%23S%11%202%12[Ba]2%12%23%28%10%198(S83%136[Ti]3%11([S]4%182[Ti]9%208([S]%14%26%123)S%16%24%23)(S71%25)S%17%22%28)[S]%15%215%27,20,60,74,0,False,unit_cell_quotient_graph_without_translation_labels,pymatgen_CrystalNN,OpenBabel_canonical_SMILES_single_bonds_no_stereo,dist_perovskite,fm,gga-relax,True,1,P1,462.6931463382251,-6.0356895965,-6.0356895965,0.6462999999999997,False,3.88832123
Ba1S3Ti1--Ba1S3Ti1_dist_perovskite--fm--gga-static,Ba1S3Ti1,BaS3Ti,[Ba].[S].[S].[S].[Ti],[Ba].[Ba].[Ba].[Ba].[S].[S].[S].[S].[S].[S].[S].[S].[S].[S].[S].[S].[Ti].[Ti].[Ti].[Ti],[Ba]1234567S89%10%11[Ba]%12%13%14%15%16%17S%18%19%201[Ti]1%21%228[S]8%235[Ti]5%249%18S96[Ba]6%18%25%26%27%11%20%23S%11%202%12[Ba]2%12%23%28%10%198(S83%136[Ti]3%11([S]4%182[Ti]9%208([S]%14%26%123)S%16%24%23)(S71%25)S%17%22%28)[S]%15%215%27,20,60,74,0,False,unit_cell_quotient_graph_without_translation_labels,pymatgen_CrystalNN,OpenBabel_canonical_SMILES_single_bonds_no_stereo,dist_perovskite,fm,gga-static,True,1,P1,462.6931463382251,-6.0358719055000005,-6.0356895965,0.6461999999999999,False,3.63698637
Ba1S3Ti1--Ba1S3Ti1_hexagonal--fm--gga-relax,Ba1S3Ti1,BaS3Ti,[Ba].[S].[S].[S].[Ti],[Ba].[Ba].[Ba].[Ba].[S].[S].[S].[S].[S].[S].[S].[S].[S].[S].[S].[S].[Ti].[Ti].[Ti].[Ti],[S]1234[Ti]5678[S]9%10%11[Ti]%12%13%141[S]1%155[Ba]5%16%17%18%1929[S]296[Ba]6%20%21%224%11%15[S]475[Ti]57%112[S]8%166[Ba]268%15%1694[S]4%12%17[Ba]9%12%17%233%101[S]%13%182[Ti]4([S]%14%1969)([S]%2058%12)([S]%217%15%17)[S]%22%11%16%23,20,60,74,0,False,unit_cell_quotient_graph_without_translation_labels,pymatgen_CrystalNN,OpenBabel_canonical_SMILES_single_bonds_no_stereo,hexagonal,fm,gga-relax,True,1,P1,467.75302470526657,-6.064180632499999,-6.064180632499999,0.13759999999999994,False,4.05083957
Ba1S3Ti1--Ba1S3Ti1_hexagonal--fm--gga-static,Ba1S3Ti1,BaS3Ti,[Ba].[S].[S].[S].[Ti],[Ba].[Ba].[Ba].[Ba].[S].[S].[S].[S].[S].[S].[S].[S].[S].[S].[S].[S].[Ti].[Ti].[Ti].[Ti],[S]1234[Ti]5678[S]9%10%11[Ti]%12%13%141[S]1%155[Ba]5%16%17%18%1929[S]296[Ba]6%20%21%224%11%15[S]475[Ti]57%112[S]8%166[Ba]268%15%1694[S]4%12%17[Ba]9%12%17%233%101[S]%13%182[Ti]4([S]%14%1969)([S]%2058%12)([S]%217%15%17)[S]%22%11%16%23,20,60,74,0,False,unit_cell_quotient_graph_without_translation_labels,pymatgen_CrystalNN,OpenBabel_canonical_SMILES_single_bonds_no_stereo,hexagonal,fm,gga-static,True,1,P1,467.75302470526657,-6.0642580275,-6.064180632499999,0.13759999999999994,False,4.05100718
Ba1S3Ti1--Ba1S3Ti1_needle--fm--gga-relax,Ba1S3Ti1,BaS3Ti,[Ba].[S].[S].[S].[Ti],[Ba].[Ba].[Ba].[Ba].[S].[S].[S].[S].[S].[S].[S].[S].[S].[S].[S].[S].[Ti].[Ti].[Ti].[Ti],[S]12[Ti]34[S]5[Ti]61[S]1[Ba]789[S]3[Ba]3%105[S]5[Ba]%11%122[S]6[Ba]21([S]47)[S]%11[Ti]15[S]9[Ti]([S]3%12)([S]8%10)[S]21,20,36,64,0,False,unit_cell_quotient_graph_without_translation_labels,pymatgen_CrystalNN,OpenBabel_canonical_SMILES_single_bonds_no_stereo,needle,fm,gga-relax,True,1,P1,473.14682962980135,-6.0286152995,-6.0286152995,0.7130999999999994,True,3.84177411
Ba1S3Ti1--Ba1S3Ti1_needle--fm--gga-static,Ba1S3Ti1,BaS3Ti,[Ba].[S].[S].[S].[Ti],[Ba].[Ba].[Ba].[Ba].[S].[S].[S].[S].[S].[S].[S].[S].[S].[S].[S].[S].[Ti].[Ti].[Ti].[Ti],[S]12[Ti]34[S]5[Ti]61[S]1[Ba]789[S]3[Ba]3%105[S]5[Ba]%11%122[S]6[Ba]21([S]47)[S]%11[Ti]15[S]9[Ti]([S]3%12)([S]8%10)[S]21,20,36,64,0,False,unit_cell_quotient_graph_without_translation_labels,pymatgen_CrystalNN,OpenBabel_canonical_SMILES_single_bonds_no_stereo,needle,fm,gga-static,True,1,P1,473.14682962980135,-6.0287732475,-6.0286152995,0.7130999999999994,True,3.50228158
Ba1S3V1--Ba1S3V1_dist_perovskite--fm--gga-relax,Ba1S3V1,BaS3V,[Ba].[S].[S].[S].[V],[Ba].[Ba].[Ba].[Ba].[S].[S].[S].[S].[S].[S].[S].[S].[S].[S].[S].[S].[V].[V].[V].[V],[S]12[V]345[S]678[Ba]9%10%111[S]1%123[V]3%137S74[Ba]4%14%1526(S53[Ba]2356%127[S]7%12%10[Ba]%10%1681[S]1%114[V]47(S%142[V]%121(S%1534)[S]5%10)[S]6%16)[S]9%13,20,48,60,0,False,unit_cell_quotient_graph_without_translation_labels,pymatgen_CrystalNN,OpenBabel_canonical_SMILES_single_bonds_no_stereo,dist_perovskite,fm,gga-relax,True,1,P1,454.69775587505666,-5.924131346,-5.924131346,0.0011999999999998678,False,4.18033299
Ba1S3V1--Ba1S3V1_dist_perovskite--fm--gga-static,Ba1S3V1,BaS3V,[Ba].[S].[S].[S].[V],[Ba].[Ba].[Ba].[Ba].[S].[S].[S].[S].[S].[S].[S].[S].[S].[S].[S].[S].[V].[V].[V].[V],[S]12[V]345[S]678[Ba]9%10%111[S]1%123[V]3%137S74[Ba]4%14%1526(S53[Ba]2356%127[S]7%12%10[Ba]%10%1681[S]1%114[V]47(S%142[V]%121(S%1534)[S]5%10)[S]6%16)[S]9%13,20,48,60,0,False,unit_cell_quotient_graph_without_translation_labels,pymatgen_CrystalNN,OpenBabel_canonical_SMILES_single_bonds_no_stereo,dist_perovskite,fm,gga-static,True,1,P1,454.69775587505666,-5.924705256499999,-5.924131346,0,False,4.18160062
Ba1S3V1--Ba1S3V1_hexagonal--fm--gga-relax,Ba1S3V1,BaS3V,[Ba].[S].[S].[S].[V],[Ba].[Ba].[Ba].[Ba].[S].[S].[S].[S].[S].[S].[S].[S].[S].[S].[S].[S].[V].[V].[V].[V],[S]1234[V]5678[S]9%10%11[V]%12%13%141[S]1%155[Ba]5%16%17%18%1929[S]296[Ba]6%20%21%224%11%15[S]475[V]57%112[S]8%166[Ba]268%15%1694[S]4%12%17[Ba]9%12%17%233%101[S]%13%182[V]4([S]%14%1969)([S]%2058%12)([S]%217%15%17)[S]%22%11%16%23,20,60,78,0,False,unit_cell_quotient_graph_without_translation_labels,pymatgen_CrystalNN,OpenBabel_canonical_SMILES_single_bonds_no_stereo,hexagonal,fm,gga-relax,True,1,P1,441.12667679736217,-5.9649000015,-5.9649000015,0.009100000000000108,False,4.41278876
Ba1S3V1--Ba1S3V1_hexagonal--fm--gga-static,Ba1S3V1,BaS3V,[Ba].[S].[S].[S].[V],[Ba].[Ba].[Ba].[Ba].[S].[S].[S].[S].[S].[S].[S].[S].[S].[S].[S].[S].[V].[V].[V].[V],[S]1234[V]5678[S]9%10%11[V]%12%13%141[S]1%155[Ba]5%16%17%18%1929[S]296[Ba]6%20%21%224%11%15[S]475[V]57%112[S]8%166[Ba]268%15%1694[S]4%12%17[Ba]9%12%17%233%101[S]%13%182[V]4([S]%14%1969)([S]%2058%12)([S]%217%15%17)[S]%22%11%16%23,20,60,78,0,False,unit_cell_quotient_graph_without_translation_labels,pymatgen_CrystalNN,OpenBabel_canonical_SMILES_single_bonds_no_stereo,hexagonal,fm,gga-static,True,1,P1,441.12667679736217,-5.9649065210000005,-5.9649000015,0,False,4.41202955
Ba1S3V1--Ba1S3V1_needle--fm--gga-relax,Ba1S3V1,BaS3V,[Ba].[S].[S].[S].[V],[Ba].[Ba].[Ba].[Ba].[S].[S].[S].[S].[S].[S].[S].[S].[S].[S].[S].[S].[V].[V].[V].[V],[S]12[V]34[S]5[Ba]6781S13[Ba]39%102[S]7[V]27S83[V]38[S]9[Ba]9%11%12(S%134[Ba]45([S]6[V]1%13[S]%114)([S]39)S78%12)[S]%102,20,40,40,0,False,unit_cell_quotient_graph_without_translation_labels,pymatgen_CrystalNN,OpenBabel_canonical_SMILES_single_bonds_no_stereo,needle,fm,gga-relax,True,2,P-1,552.7246840452588,-5.999860626,-5.999860626,0.5427,False,2.86151357
Ba1S3V1--Ba1S3V1_needle--fm--gga-static,Ba1S3V1,BaS3V,[Ba].[S].[S].[S].[V],[Ba].[Ba].[Ba].[Ba].[S].[S].[S].[S].[S].[S].[S].[S].[S].[S].[S].[S].[V].[V].[V].[V],[S]12[V]34[S]5[Ba]6781S13[Ba]39%102[S]7[V]27S83[V]38[S]9[Ba]9%11%12(S%134[Ba]45([S]6[V]1%13[S]%114)([S]39)S78%12)[S]%102,20,40,40,0,False,unit_cell_quotient_graph_without_translation_labels,pymatgen_CrystalNN,OpenBabel_canonical_SMILES_single_bonds_no_stereo,needle,fm,gga-static,True,2,P-1,552.7246840452588,-6.005286657,-5.999860626,0.5419999999999998,False,2.62158805
Ba1S3Zr1--Ba1S3Zr1_dist_perovskite--nm--gga-relax,Ba1S3Zr1,BaS3Zr,[Ba].[S].[S].[S].[Zr],[Ba].[Ba].[Ba].[Ba].[S].[S].[S].[S].[S].[S].[S].[S].[S].[S].[S].[S].[Zr].[Zr].[Zr].[Zr],S123[Zr]4567S89[Zr]%10%11%121[S]1%13%14[Ba]%15%16%17%18%193[S]3%204[Ba]4%21%22%2381[S]185[Ba]5%24%25%26%272[S]26%15[Ba]6%159%1331[S]%10%21%24[Zr]1%14([S]%11%17%256)([S]%12%18%22%26)S%19%27[Zr]%2082([S]7%1645)S%23%151,20,56,58,0,False,unit_cell_quotient_graph_without_translation_labels,pymatgen_CrystalNN,OpenBabel_canonical_SMILES_single_bonds_no_stereo,dist_perovskite,nm,gga-relax,True,7,Pc,507.48442856434673,-6.3933737055,-6.3933737055,1.0529000000000002,True,3.97742326
Ba1S3Zr1--Ba1S3Zr1_dist_perovskite--nm--gga-static,Ba1S3Zr1,BaS3Zr,[Ba].[S].[S].[S].[Zr],[Ba].[Ba].[Ba].[Ba].[S].[S].[S].[S].[S].[S].[S].[S].[S].[S].[S].[S].[Zr].[Zr].[Zr].[Zr],S123[Zr]4567S89[Zr]%10%11%121[S]1%13%14[Ba]%15%16%17%18%193[S]3%204[Ba]4%21%22%2381[S]185[Ba]5%24%25%26%272[S]26%15[Ba]6%159%1331[S]%10%21%24[Zr]1%14([S]%11%17%256)([S]%12%18%22%26)S%19%27[Zr]%2082([S]7%1645)S%23%151,20,56,58,0,False,unit_cell_quotient_graph_without_translation_labels,pymatgen_CrystalNN,OpenBabel_canonical_SMILES_single_bonds_no_stereo,dist_perovskite,nm,gga-static,True,7,Pc,507.4844285643577,-6.3934091375,-6.3933737055,1.0529000000000002,True,3.6928298
Ba1S3Zr1--Ba1S3Zr1_hexagonal--nm--gga-relax,Ba1S3Zr1,BaS3Zr,[Ba].[S].[S].[S].[Zr],[Ba].[Ba].[Ba].[Ba].[S].[S].[S].[S].[S].[S].[S].[S].[S].[S].[S].[S].[Zr].[Zr].[Zr].[Zr],S123[Zr]4567S89[Ba]%10%11%12%132S25[Zr]5%14%151[S]17%11[Ba]7%11%1638S34[Zr]48%179[S]6%107[Ba]679%103S35[Ba]5%18%1921S%12%14[Zr]3([S]%13%1565)(S%1147)([S]%1689%18)S%17%10%19,20,52,54,0,False,unit_cell_quotient_graph_without_translation_labels,pymatgen_CrystalNN,OpenBabel_canonical_SMILES_single_bonds_no_stereo,hexagonal,nm,gga-relax,True,1,P1,525.5562071103298,-6.3758382175,-6.3758382175,0.9529000000000001,True,3.77959196
Ba1S3Zr1--Ba1S3Zr1_hexagonal--nm--gga-static,Ba1S3Zr1,BaS3Zr,[Ba].[S].[S].[S].[Zr],[Ba].[Ba].[Ba].[Ba].[S].[S].[S].[S].[S].[S].[S].[S].[S].[S].[S].[S].[Zr].[Zr].[Zr].[Zr],S123[Zr]4567S89[Ba]%10%11%12%132S25[Zr]5%14%151[S]17%11[Ba]7%11%1638S34[Zr]48%179[S]6%107[Ba]679%103S35[Ba]5%18%1921S%12%14[Zr]3([S]%13%1565)(S%1147)([S]%1689%18)S%17%10%19,20,52,54,0,False,unit_cell_quotient_graph_without_translation_labels,pymatgen_CrystalNN,OpenBabel_canonical_SMILES_single_bonds_no_stereo,hexagonal,nm,gga-static,True,1,P1,525.5562071103298,-6.375910317000001,-6.3758382175,0.9529000000000001,True,3.53436327
Ba1S3Zr1--Ba1S3Zr1_needle--nm--gga-relax,Ba1S3Zr1,BaS3Zr,[Ba].[S].[S].[S].[Zr],[Ba].[Ba].[Ba].[Ba].[S].[S].[S].[S].[S].[S].[S].[S].[S].[S].[S].[S].[Zr].[Zr].[Zr].[Zr],[S]12[Zr]34[S]5[Zr]61[S]1[Ba]789[S]3[Ba]3%105[S]5[Ba]%11%122[S]6[Ba]21([S]47)[S]%11[Zr]15[S]9[Zr]([S]3%12)([S]8%10)[S]21,20,36,64,0,False,unit_cell_quotient_graph_without_translation_labels,pymatgen_CrystalNN,OpenBabel_canonical_SMILES_single_bonds_no_stereo,needle,nm,gga-relax,True,1,P1,501.56983105510955,-6.3866772975,-6.3866772975,0.7811000000000003,True,4.27885956
Ba1S3Zr1--Ba1S3Zr1_needle--nm--gga-static,Ba1S3Zr1,BaS3Zr,[Ba].[S].[S].[S].[Zr],[Ba].[Ba].[Ba].[Ba].[S].[S].[S].[S].[S].[S].[S].[S].[S].[S].[S].[S].[Zr].[Zr].[Zr].[Zr],[S]12[Zr]34[S]5[Zr]61[S]1[Ba]789[S]3[Ba]3%105[S]5[Ba]%11%122[S]6[Ba]21([S]47)[S]%11[Zr]15[S]9[Zr]([S]3%12)([S]8%10)[S]21,20,36,64,0,False,unit_cell_quotient_graph_without_translation_labels,pymatgen_CrystalNN,OpenBabel_canonical_SMILES_single_bonds_no_stereo,needle,nm,gga-static,True,1,P1,501.56983105510955,-6.386704961,-6.3866772975,0.7811000000000003,True,4.17079354
Ca1Ge1S3--Ca1Ge1S3_dist_perovskite--nm--gga-relax,Ca1Ge1S3,CaGeS3,[Ca].[Ge].[S].[S].[S],[Ca].[Ca].[Ca].[Ca].[Ge].[Ge].[Ge].[Ge].[S].[S].[S].[S].[S].[S].[S].[S].[S].[S].[S].[S],S123[Ge]4567S89[Ge]%10%11%121[S]1%13%14[Ca]%15%16%17%18%193[S]3%204[Ca]4%21%22%2381[S]185[Ca]5%24%25%26%272[S]26%15[Ca]6%159%1331[S]%10%21%24[Ge]1%14([S]%11%17%256)([S]%12%18%22%26)S%19%27[Ge]%2082([S]7%1645)S%23%151,20,56,58,0,False,unit_cell_quotient_graph_without_translation_labels,pymatgen_CrystalNN,OpenBabel_canonical_SMILES_single_bonds_no_stereo,dist_perovskite,nm,gga-relax,True,1,P1,411.938765028465,-4.594460188,-4.594460188,0.5636000000000001,False,4.27866238
Ca1Ge1S3--Ca1Ge1S3_dist_perovskite--nm--gga-static,Ca1Ge1S3,CaGeS3,[Ca].[Ge].[S].[S].[S],[Ca].[Ca].[Ca].[Ca].[Ge].[Ge].[Ge].[Ge].[S].[S].[S].[S].[S].[S].[S].[S].[S].[S].[S].[S],S123[Ge]4567S89[Ge]%10%11%121[S]1%13%14[Ca]%15%16%17%18%193[S]3%204[Ca]4%21%22%2381[S]185[Ca]5%24%25%26%272[S]26%15[Ca]6%159%1331[S]%10%21%24[Ge]1%14([S]%11%17%256)([S]%12%18%22%26)S%19%27[Ge]%2082([S]7%1645)S%23%151,20,56,58,0,False,unit_cell_quotient_graph_without_translation_labels,pymatgen_CrystalNN,OpenBabel_canonical_SMILES_single_bonds_no_stereo,dist_perovskite,nm,gga-static,True,1,P1,411.938765028465,-4.594649799,-4.594460188,0.5634000000000006,False,3.99275441
Ca1Ge1S3--Ca1Ge1S3_hexagonal--nm--gga-relax,Ca1Ge1S3,CaGeS3,[Ca].[Ge].[S].[S].[S],[Ca].[Ca].[Ca].[Ca].[Ge].[Ge].[Ge].[Ge].[S].[S].[S].[S].[S].[S].[S].[S].[S].[S].[S].[S],S1[Ge]23[S]4[Ge]56[S]7[Ca]89%101S12[Ca]2%1147S38[Ge]31[S]9[Ca]1478S%103[Ca]39%10([S]52)S61[Ge](S%1143)([S]79)[S]8%10,20,40,40,0,False,unit_cell_quotient_graph_without_translation_labels,pymatgen_CrystalNN,OpenBabel_canonical_SMILES_single_bonds_no_stereo,hexagonal,nm,gga-relax,True,1,P1,501.64553165891834,-4.6812400465,-4.6812400465,1.149,True,2.70408561
Ca1Ge1S3--Ca1Ge1S3_hexagonal--nm--gga-static,Ca1Ge1S3,CaGeS3,[Ca].[Ge].[S].[S].[S],[Ca].[Ca].[Ca].[Ca].[Ge].[Ge].[Ge].[Ge].[S].[S].[S].[S].[S].[S].[S].[S].[S].[S].[S].[S],S1[Ge]23[S]4[Ge]56[S]7[Ca]89%101S12[Ca]2%1147S38[Ge]31[S]9[Ca]1478S%103[Ca]39%10([S]52)S61[Ge](S%1143)([S]79)[S]8%10,20,40,40,0,False,unit_cell_quotient_graph_without_translation_labels,pymatgen_CrystalNN,OpenBabel_canonical_SMILES_single_bonds_no_stereo,hexagonal,nm,gga-static,True,1,P1,501.64553165891834,-4.684327854499999,-4.6812400465,1.1484999999999999,True,2.58268546
Ca1Ge1S3--Ca1Ge1S3_needle--nm--gga-relax,Ca1Ge1S3,CaGeS3,[Ca].[Ge].[S].[S].[S],[Ca].[Ca].[Ca].[Ca].[Ge].[Ge].[Ge].[Ge].[S].[S].[S].[S].[S].[S].[S].[S].[S].[S].[S].[S],[S]12[Ge]34[S]5[Ca]6781S13[Ca]39%102[S]7[Ge]27S83[Ge]38[S]9[Ca]9%11%12(S%134[Ca]45([S]6[Ge]1%13[S]%114)([S]39)S78%12)[S]%102,20,40,64,0,False,unit_cell_quotient_graph_without_translation_labels,pymatgen_CrystalNN,OpenBabel_canonical_SMILES_single_bonds_no_stereo,needle,nm,gga-relax,True,4,P2_1,396.26817570843974,-4.6756233895,-4.6756233895,0.09269999999999978,False,4.98002176
Ca1Ge1S3--Ca1Ge1S3_needle--nm--gga-static,Ca1Ge1S3,CaGeS3,[Ca].[Ge].[S].[S].[S],[Ca].[Ca].[Ca].[Ca].[Ge].[Ge].[Ge].[Ge].[S].[S].[S].[S].[S].[S].[S].[S].[S].[S].[S].[S],[S]12[Ge]34[S]5[Ca]6781S13[Ca]39%102[S]7[Ge]27S83[Ge]38[S]9[Ca]9%11%12(S%134[Ca]45([S]6[Ge]1%13[S]%114)([S]39)S78%12)[S]%102,20,40,64,0,False,unit_cell_quotient_graph_without_translation_labels,pymatgen_CrystalNN,OpenBabel_canonical_SMILES_single_bonds_no_stereo,needle,nm,gga-static,True,4,P2_1,396.26817570843974,-4.675743493000001,-4.6756233895,0.09269999999999978,False,4.97939629
Ca1Hf1S3--Ca1Hf1S3_dist_perovskite--nm--gga-relax,Ca1Hf1S3,CaHfS3,[Ca].[Hf].[S].[S].[S],[Ca].[Ca].[Ca].[Ca].[Hf].[Hf].[Hf].[Hf].[S].[S].[S].[S].[S].[S].[S].[S].[S].[S].[S].[S],S123[Hf]4567S89[Hf]%10%11%121[S]1%13%14[Ca]%15%16%17%18%193[S]3%204[Ca]4%21%22%2381[S]185[Ca]5%24%25%26%272[S]26%15[Ca]6%159%1331[S]%10%21%24[Hf]1%14([S]%11%17%256)([S]%12%18%22%26)S%19%27[Hf]%2082([S]7%1645)S%23%151,20,56,58,0,False,unit_cell_quotient_graph_without_translation_labels,pymatgen_CrystalNN,OpenBabel_canonical_SMILES_single_bonds_no_stereo,dist_perovskite,nm,gga-relax,True,1,P1,440.9591961561834,-6.622022347,-6.622022347,1.5156,True,3.73448416
Ca1Hf1S3--Ca1Hf1S3_dist_perovskite--nm--gga-static,Ca1Hf1S3,CaHfS3,[Ca].[Hf].[S].[S].[S],[Ca].[Ca].[Ca].[Ca].[Hf].[Hf].[Hf].[Hf].[S].[S].[S].[S].[S].[S].[S].[S].[S].[S].[S].[S],S123[Hf]4567S89[Hf]%10%11%121[S]1%13%14[Ca]%15%16%17%18%193[S]3%204[Ca]4%21%22%2381[S]185[Ca]5%24%25%26%272[S]26%15[Ca]6%159%1331[S]%10%21%24[Hf]1%14([S]%11%17%256)([S]%12%18%22%26)S%19%27[Hf]%2082([S]7%1645)S%23%151,20,56,58,0,False,unit_cell_quotient_graph_without_translation_labels,pymatgen_CrystalNN,OpenBabel_canonical_SMILES_single_bonds_no_stereo,dist_perovskite,nm,gga-static,True,1,P1,440.9591961561834,-6.622102064000001,-6.622022347,1.5157000000000003,True,3.46771726
Ca1Hf1S3--Ca1Hf1S3_hexagonal--nm--gga-relax,Ca1Hf1S3,CaHfS3,[Ca].[Hf].[S].[S].[S],[Ca].[Ca].[Ca].[Ca].[Hf].[Hf].[Hf].[Hf].[S].[S].[S].[S].[S].[S].[S].[S].[S].[S].[S].[S],S123[Ca]4567S89[Ca]%10%11%121S14[Hf]4%1328S2%10[Ca]8%10%14%15S%114[Hf]4%112(S%12%138)S2%10[Ca]8%10%12%13S%165[Hf]5391S68[Hf]2%16(S7%105)(S%144%12)S%15%11%13,20,48,44,0,False,unit_cell_quotient_graph_without_translation_labels,pymatgen_CrystalNN,OpenBabel_canonical_SMILES_single_bonds_no_stereo,hexagonal,nm,gga-relax,True,1,P1,481.0290661289932,-6.597278728000001,-6.597278728000001,1.4746000000000001,True,3.33897207
Ca1Hf1S3--Ca1Hf1S3_hexagonal--nm--gga-static,Ca1Hf1S3,CaHfS3,[Ca].[Hf].[S].[S].[S],[Ca].[Ca].[Ca].[Ca].[Hf].[Hf].[Hf].[Hf].[S].[S].[S].[S].[S].[S].[S].[S].[S].[S].[S].[S],S123[Ca]4567S89[Ca]%10%11%121S14[Hf]4%1328S2%10[Ca]8%10%14%15S%114[Hf]4%112(S%12%138)S2%10[Ca]8%10%12%13S%165[Hf]5391S68[Hf]2%16(S7%105)(S%144%12)S%15%11%13,20,48,44,0,False,unit_cell_quotient_graph_without_translation_labels,pymatgen_CrystalNN,OpenBabel_canonical_SMILES_single_bonds_no_stereo,hexagonal,nm,gga-static,True,1,P1,481.0290661289932,-6.597279353999999,-6.597278728000001,1.4746000000000001,True,2.58479985
Ca1Hf1S3--Ca1Hf1S3_needle--nm--gga-relax,Ca1Hf1S3,CaHfS3,[Ca].[Hf].[S].[S].[S],[Ca].[Ca].[Ca].[Ca].[Hf].[Hf].[Hf].[Hf].[S].[S].[S].[S].[S].[S].[S].[S].[S].[S].[S].[S],S1[Ca]23[S]4[Ca]56[S]2[Hf]27[S]3[Hf]3(S6)[S]7[Ca]67[S]8[Hf]91[S]([Hf]4([S]59)S6)[Ca]8(S2)[S]37,20,32,56,0,False,unit_cell_quotient_graph_without_translation_labels,pymatgen_CrystalNN,OpenBabel_canonical_SMILES_single_bonds_no_stereo,needle,nm,gga-relax,True,1,P1,435.71373090623655,-6.6087235185,-6.6087235185,0.7973999999999997,True,4.20112833
Ca1Hf1S3--Ca1Hf1S3_needle--nm--gga-static,Ca1Hf1S3,CaHfS3,[Ca].[Hf].[S].[S].[S],[Ca].[Ca].[Ca].[Ca].[Hf].[Hf].[Hf].[Hf].[S].[S].[S].[S].[S].[S].[S].[S].[S].[S].[S].[S],S1[Ca]23[S]4[Ca]56[S]2[Hf]27[S]3[Hf]3(S6)[S]7[Ca]67[S]8[Hf]91[S]([Hf]4([S]59)S6)[Ca]8(S2)[S]37,20,32,56,0,False,unit_cell_quotient_graph_without_translation_labels,pymatgen_CrystalNN,OpenBabel_canonical_SMILES_single_bonds_no_stereo,needle,nm,gga-static,True,1,P1,435.71373090623655,-6.6087907715,-6.6087235185,0.7973999999999997,True,3.93967167
Ca1Nb1S3--Ca1Nb1S3_dist_perovskite--fm--gga-relax,Ca1Nb1S3,CaNbS3,[Ca].[Nb].[S].[S].[S],[Ca].[Ca].[Ca].[Ca].[Nb].[Nb].[Nb].[Nb].[S].[S].[S].[S].[S].[S].[S].[S].[S].[S].[S].[S],S123[Nb]4567S89[Nb]%10%11%121[S]1%13%14[Ca]%15%16%17%18%193[S]3%204[Ca]4%21%22%2381[S]185[Ca]5%24%25%26%272[S]26%15[Ca]6%159%1331[S]%10%21%24[Nb]1%14([S]%11%17%256)([S]%12%18%22%26)S%19%27[Nb]%2082([S]7%1645)S%23%151,20,56,58,0,False,unit_cell_quotient_graph_without_translation_labels,pymatgen_CrystalNN,OpenBabel_canonical_SMILES_single_bonds_no_stereo,dist_perovskite,fm,gga-relax,True,1,P1,419.54347054109155,-6.211347465,-6.211347465,0.017900000000000027,False,4.93520072
Ca1Nb1S3--Ca1Nb1S3_dist_perovskite--fm--gga-static,Ca1Nb1S3,CaNbS3,[Ca].[Nb].[S].[S].[S],[Ca].[Ca].[Ca].[Ca].[Nb].[Nb].[Nb].[Nb].[S].[S].[S].[S].[S].[S].[S].[S].[S].[S].[S].[S],S123[Nb]4567S89[Nb]%10%11%121[S]1%13%14[Ca]%15%16%17%18%193[S]3%204[Ca]4%21%22%2381[S]185[Ca]5%24%25%26%272[S]26%15[Ca]6%159%1331[S]%10%21%24[Nb]1%14([S]%11%17%256)([S]%12%18%22%26)S%19%27[Nb]%2082([S]7%1645)S%23%151,20,56,58,0,False,unit_cell_quotient_graph_without_translation_labels,pymatgen_CrystalNN,OpenBabel_canonical_SMILES_single_bonds_no_stereo,dist_perovskite,fm,gga-static,True,1,P1,419.54347054109155,-6.2113844455,-6.211347465,0.017700000000000493,False,4.93520781
Ca1Nb1S3--Ca1Nb1S3_hexagonal--fm--gga-relax,Ca1Nb1S3,CaNbS3,[Ca].[Nb].[S].[S].[S],[Ca].[Ca].[Ca].[Ca].[Nb].[Nb].[Nb].[Nb].[S].[S].[S].[S].[S].[S].[S].[S].[S].[S].[S].[S],S123[Ca]4567S89[Ca]%10%11%121S14[Nb]4%1328S5%10[Nb]258%10S64[Ca]46%14(S7%132)S27[Nb]%13391S1%11[Ca]39%112S%12%13[Nb]71(S543)(S869)S%10%14%11,20,48,44,0,False,unit_cell_quotient_graph_without_translation_labels,pymatgen_CrystalNN,OpenBabel_canonical_SMILES_single_bonds_no_stereo,hexagonal,fm,gga-relax,True,1,P1,448.22567938079095,-6.1974548050000005,-6.1974548050000005,0.02149999999999963,False,4.109744
Ca1Nb1S3--Ca1Nb1S3_hexagonal--fm--gga-static,Ca1Nb1S3,CaNbS3,[Ca].[Nb].[S].[S].[S],[Ca].[Ca].[Ca].[Ca].[Nb].[Nb].[Nb].[Nb].[S].[S].[S].[S].[S].[S].[S].[S].[S].[S].[S].[S],S123[Ca]4567S89[Ca]%10%11%121S14[Nb]4%1328S5%10[Nb]258%10S64[Ca]46%14(S7%132)S27[Nb]%13391S1%11[Ca]39%112S%12%13[Nb]71(S543)(S869)S%10%14%11,20,48,44,0,False,unit_cell_quotient_graph_without_translation_labels,pymatgen_CrystalNN,OpenBabel_canonical_SMILES_single_bonds_no_stereo,hexagonal,fm,gga-static,True,1,P1,448.22567938079095,-6.197494805,-6.1974548050000005,0.02149999999999963,False,4.10977546
Ca1Nb1S3--Ca1Nb1S3_needle--fm--gga-relax,Ca1Nb1S3,CaNbS3,[Ca].[Nb].[S].[S].[S],[Ca].[Ca].[Ca].[Ca].[Nb].[Nb].[Nb].[Nb].[S].[S].[S].[S].[S].[S].[S].[S].[S].[S].[S].[S],[S]12[Nb]34[S]5[Nb]61[S]1[Ca]7892[S]2[Ca]%10%11%125[S]3[Ca]35%13[S]4[Ca]41([S]63)[S]8[Nb]1([S]7%10)S94[Nb]2([S]%115)S%12%131,20,38,64,0,False,unit_cell_quotient_graph_without_translation_labels,pymatgen_CrystalNN,OpenBabel_canonical_SMILES_single_bonds_no_stereo,needle,fm,gga-relax,True,1,P1,405.3256028962033,-6.2155343709999995,-6.2155343709999995,0.013400000000000745,False,5.06214877
Ca1Nb1S3--Ca1Nb1S3_needle--fm--gga-static,Ca1Nb1S3,CaNbS3,[Ca].[Nb].[S].[S].[S],[Ca].[Ca].[Ca].[Ca].[Nb].[Nb].[Nb].[Nb].[S].[S].[S].[S].[S].[S].[S].[S].[S].[S].[S].[S],[S]12[Nb]34[S]5[Nb]61[S]1[Ca]7892[S]2[Ca]%10%11%125[S]3[Ca]35%13[S]4[Ca]41([S]63)[S]8[Nb]1([S]7%10)S94[Nb]2([S]%115)S%12%131,20,38,64,0,False,unit_cell_quotient_graph_without_translation_labels,pymatgen_CrystalNN,OpenBabel_canonical_SMILES_single_bonds_no_stereo,needle,fm,gga-static,True,1,P1,405.3256028962033,-6.2155868565,-6.2155343709999995,0.012500000000000178,False,5.06156565
Ca1Pb1S3--Ca1Pb1S3_dist_perovskite--nm--gga-relax,Ca1Pb1S3,CaPbS3,[Ca].[Pb].[S].[S].[S],[Ca].[Ca].[Ca].[Ca].[Pb].[Pb].[Pb].[Pb].[S].[S].[S].[S].[S].[S].[S].[S].[S].[S].[S].[S],S123[Ca]4567S89[Ca]%10%11%121S14[Pb]4%1339S39[Pb]%14%1528S7%12[Pb]278%12S5%10[Pb]5%101(S6%112)S1%13[Ca]26%113S%147[Ca]91(S4%152)(S856)S%12%10%11,20,48,46,0,False,unit_cell_quotient_graph_without_translation_labels,pymatgen_CrystalNN,OpenBabel_canonical_SMILES_single_bonds_no_stereo,dist_perovskite,nm,gga-relax,True,1,P1,497.39938281369535,-4.327341538000001,-4.327341538000001,0.08369999999999989,False,3.4497948
Ca1Pb1S3--Ca1Pb1S3_dist_perovskite--nm--gga-static,Ca1Pb1S3,CaPbS3,[Ca].[Pb].[S].[S].[S],[Ca].[Ca].[Ca].[Ca].[Pb].[Pb].[Pb].[Pb].[S].[S].[S].[S].[S].[S].[S].[S].[S].[S].[S].[S],S123[Ca]4567S89[Ca]%10%11%121S14[Pb]4%1339S39[Pb]%14%1528S7%12[Pb]278%12S5%10[Pb]5%101(S6%112)S1%13[Ca]26%113S%147[Ca]91(S4%152)(S856)S%12%10%11,20,48,46,0,False,unit_cell_quotient_graph_without_translation_labels,pymatgen_CrystalNN,OpenBabel_canonical_SMILES_single_bonds_no_stereo,dist_perovskite,nm,gga-static,True,1,P1,497.39938281369535,-4.327594302,-4.327341538000001,0.08369999999999989,False,3.44974959
Ca1Pb1S3--Ca1Pb1S3_hexagonal--nm--gga-relax,Ca1Pb1S3,CaPbS3,[Ca].[Pb].[S].[S].[S],[Ca].[Ca].[Ca].[Ca].[Pb].[Pb].[Pb].[Pb].[S].[S].[S].[S].[S].[S].[S].[S].[S].[S].[S].[S],[Pb]12[S]3[Ca]456S71[Pb]189%10S24[Ca]24%11S68[Pb]6(S8%12[Ca]%133(S571)[S]1[Ca]358S7%13[Pb]%121(S%1163)[S]57)S%104[S]92,20,41,38,0,False,unit_cell_quotient_graph_without_translation_labels,pymatgen_CrystalNN,OpenBabel_canonical_SMILES_single_bonds_no_stereo,hexagonal,nm,gga-relax,True,1,P1,549.5747574781855,-4.429652798499999,-4.429652798499999,1.2254000000000005,False,3.17749941
Ca1Pb1S3--Ca1Pb1S3_hexagonal--nm--gga-static,Ca1Pb1S3,CaPbS3,[Ca].[Pb].[S].[S].[S],[Ca].[Ca].[Ca].[Ca].[Pb].[Pb].[Pb].[Pb].[S].[S].[S].[S].[S].[S].[S].[S].[S].[S].[S].[S],[Pb]12[S]3[Ca]456S71[Pb]189%10S24[Ca]24%11S68[Pb]6(S8%12[Ca]%133(S571)[S]1[Ca]358S7%13[Pb]%121(S%1163)[S]57)S%104[S]92,20,41,38,0,False,unit_cell_quotient_graph_without_translation_labels,pymatgen_CrystalNN,OpenBabel_canonical_SMILES_single_bonds_no_stereo,hexagonal,nm,gga-static,True,1,P1,549.5747574781855,-4.4298792765,-4.429652798499999,0.05049999999999999,False,3.17255888
Ca1Pb1S3--Ca1Pb1S3_needle--nm--gga-relax,Ca1Pb1S3,CaPbS3,[Ca].[Pb].[S].[S].[S],[Ca].[Ca].[Ca].[Ca].[Pb].[Pb].[Pb].[Pb].[S].[S].[S].[S].[S].[S].[S].[S].[S].[S].[S].[S],[Pb]1[S]2[Ca]34[S]1[Ca]12[S]3[Pb][S]41.[Pb]1[S]2[Ca]34[S]1[Ca]12[S]3[Pb][S]41.[S][S].[S][S],20,26,42,0,False,unit_cell_quotient_graph_without_translation_labels,pymatgen_CrystalNN,OpenBabel_canonical_SMILES_single_bonds_no_stereo,needle,nm,gga-relax,True,1,P1,581.7016906072218,-4.4849084385,-4.4849084385,0.12230000000000008,False,2.51844527
Ca1Pb1S3--Ca1Pb1S3_needle--nm--gga-static,Ca1Pb1S3,CaPbS3,[Ca].[Pb].[S].[S].[S],[Ca].[Ca].[Ca].[Ca].[Pb].[Pb].[Pb].[Pb].[S].[S].[S].[S].[S].[S].[S].[S].[S].[S].[S].[S],[Pb]1[S]2[Ca]34[S]1[Ca]12[S]3[Pb][S]41.[Pb]1[S]2[Ca]34[S]1[Ca]12[S]3[Pb][S]41.[S][S].[S][S],20,26,42,0,False,unit_cell_quotient_graph_without_translation_labels,pymatgen_CrystalNN,OpenBabel_canonical_SMILES_single_bonds_no_stereo,needle,nm,gga-static,True,1,P1,581.7016906072218,-4.485703056,-4.4849084385,0.11929999999999996,False,2.51255313
Ca1S3Si1--Ca1S3Si1_dist_perovskite--nm--gga-relax,Ca1S3Si1,CaS3Si,[Ca].[S].[S].[S].[Si],[Ca].[Ca].[Ca].[Ca].[S].[S].[S].[S].[S].[S].[S].[S].[S].[S].[S].[S].[Si].[Si].[Si].[Si],[S]12[Si]34[S]5[Ca]6789S%103[Ca]3%11%12%135S46[Ca]456%142S2%15[Si]1([S]73)S84[Ca]134%15[S]5[Si]%10(S9%124)[S]%13[Si]2([S]61)S%11%143,20,42,42,0,False,unit_cell_quotient_graph_without_translation_labels,pymatgen_CrystalNN,OpenBabel_canonical_SMILES_single_bonds_no_stereo,dist_perovskite,nm,gga-relax,True,1,P1,501.18335009513424,-5.1160005225,-5.1160005225,2.7772999999999994,False,2.66446838
Ca1S3Si1--Ca1S3Si1_dist_perovskite--nm--gga-static,Ca1S3Si1,CaS3Si,[Ca].[S].[S].[S].[Si],[Ca].[Ca].[Ca].[Ca].[S].[S].[S].[S].[S].[S].[S].[S].[S].[S].[S].[S].[Si].[Si].[Si].[Si],[S]12[Si]34[S]5[Ca]6789S%103[Ca]3%11%12%135S46[Ca]456%142S2%15[Si]1([S]73)S84[Ca]134%15[S]5[Si]%10(S9%124)[S]%13[Si]2([S]61)S%11%143,20,42,42,0,False,unit_cell_quotient_graph_without_translation_labels,pymatgen_CrystalNN,OpenBabel_canonical_SMILES_single_bonds_no_stereo,dist_perovskite,nm,gga-static,True,1,P1,501.18335009513424,-5.118406347,-5.1160005225,2.7774,False,2.5279005
Ca1S3Si1--Ca1S3Si1_hexagonal--nm--gga-relax,Ca1S3Si1,CaS3Si,[Ca].[S].[S].[S].[Si],[Ca].[Ca].[Ca].[Ca].[S].[S].[S].[S].[S].[S].[S].[S].[S].[S].[S].[S].[Si].[Si].[Si].[Si],[S]12[Si]34[S]5[Si]67[S]8[Ca]9%10%111[S]1[Si]%12%13[S]9[Si]91S1%10[Ca]%10%14%152S23[Ca]351(S4%10[Ca]82([S]%12%15)[S]73)(S%119%14)[S]6%13,20,40,30,0,False,unit_cell_quotient_graph_without_translation_labels,pymatgen_CrystalNN,OpenBabel_canonical_SMILES_single_bonds_no_stereo,hexagonal,nm,gga-relax,True,1,P1,499.2168906039876,-5.1316383685,-5.1316383685,2.6834,False,2.6263747
Ca1S3Si1--Ca1S3Si1_hexagonal--nm--gga-static,Ca1S3Si1,CaS3Si,[Ca].[S].[S].[S].[Si],[Ca].[Ca].[Ca].[Ca].[S].[S].[S].[S].[S].[S].[S].[S].[S].[S].[S].[S].[Si].[Si].[Si].[Si],[S]12[Si]34[S]5[Si]67[S]8[Ca]9%10%111[S]1[Si]%12%13[S]9[Si]91S1%10[Ca]%10%14%152S23[Ca]351(S4%10[Ca]82([S]%12%15)[S]73)(S%119%14)[S]6%13,20,40,30,0,False,unit_cell_quotient_graph_without_translation_labels,pymatgen_CrystalNN,OpenBabel_canonical_SMILES_single_bonds_no_stereo,hexagonal,nm,gga-static,True,1,P1,499.2168906039876,-5.1351285945,-5.1316383685,2.6962999999999995,False,2.45156049
Ca1S3Si1--Ca1S3Si1_needle--nm--gga-relax,Ca1S3Si1,CaS3Si,[Ca].[S].[S].[S].[Si],[Ca].[Ca].[Ca].[Ca].[S].[S].[S].[S].[S].[S].[S].[S].[S].[S].[S].[S].[Si].[Si].[Si].[Si],[S]12[Si]34[S]5[Si]61[S]1[Ca]789[S]3[Ca]3%105[S]5[Ca]%11%122[S]6[Ca]21([S]47)[S]%11[Si]15[S]9[Si]([S]3%12)([S]8%10)[S]21,20,36,64,0,False,unit_cell_quotient_graph_without_translation_labels,pymatgen_CrystalNN,OpenBabel_canonical_SMILES_single_bonds_no_stereo,needle,nm,gga-relax,True,1,P1,374.8938501727707,-5.0413406275,-5.0413406275,0.8092999999999995,True,5.71669854
Ca1S3Si1--Ca1S3Si1_needle--nm--gga-static,Ca1S3Si1,CaS3Si,[Ca].[S].[S].[S].[Si],[Ca].[Ca].[Ca].[Ca].[S].[S].[S].[S].[S].[S].[S].[S].[S].[S].[S].[S].[Si].[Si].[Si].[Si],[S]12[Si]34[S]5[Si]61[S]1[Ca]789[S]3[Ca]3%105[S]5[Ca]%11%122[S]6[Ca]21([S]47)[S]%11[Si]15[S]9[Si]([S]3%12)([S]8%10)[S]21,20,36,64,0,False,unit_cell_quotient_graph_without_translation_labels,pymatgen_CrystalNN,OpenBabel_canonical_SMILES_single_bonds_no_stereo,needle,nm,gga-static,True,1,P1,374.8938501727707,-5.041410218,-5.0413406275,0.8095000000000008,True,5.497359
Ca1S3Sn1--Ca1S3Sn1_dist_perovskite--nm--gga-relax,Ca1S3Sn1,CaS3Sn,[Ca].[S].[S].[S].[Sn],[Ca].[Ca].[Ca].[Ca].[S].[S].[S].[S].[S].[S].[S].[S].[S].[S].[S].[S].[Sn].[Sn].[Sn].[Sn],[Ca]1234567S89[Sn]%10%11%12%13S%142[Ca]2%15%16%179S91[Sn]1%18%198[S]4%10%15[Ca]48%10%15%20[S]5%111[Ca]15%11%21([S]%226%16[Sn]6%169(S32[Sn]%14%22([S]7416)(S%1285)S%20%21%16)S%19%15%11)[S]%13%17%18%10,20,53,51,0,False,unit_cell_quotient_graph_without_translation_labels,pymatgen_CrystalNN,OpenBabel_canonical_SMILES_single_bonds_no_stereo,dist_perovskite,nm,gga-relax,True,1,P1,459.0066323551344,-4.6088074435,-4.6088074435,0.7728999999999999,True,4.21606877
Ca1S3Sn1--Ca1S3Sn1_dist_perovskite--nm--gga-static,Ca1S3Sn1,CaS3Sn,[Ca].[S].[S].[S].[Sn],[Ca].[Ca].[Ca].[Ca].[S].[S].[S].[S].[S].[S].[S].[S].[S].[S].[S].[S].[Sn].[Sn].[Sn].[Sn],[Ca]1234567S89[Sn]%10%11%12%13S%142[Ca]2%15%16%179S91[Sn]1%18%198[S]4%10%15[Ca]48%10%15%20[S]5%111[Ca]15%11%21([S]%226%16[Sn]6%169(S32[Sn]%14%22([S]7416)(S%1285)S%20%21%16)S%19%15%11)[S]%13%17%18%10,20,53,51,0,False,unit_cell_quotient_graph_without_translation_labels,pymatgen_CrystalNN,OpenBabel_canonical_SMILES_single_bonds_no_stereo,dist_perovskite,nm,gga-static,True,1,P1,459.0066323551344,-4.608994479,-4.6088074435,0.7728999999999999,True,4.07033607
Ca1S3Sn1--Ca1S3Sn1_hexagonal--nm--gga-relax,Ca1S3Sn1,CaS3Sn,[Ca].[S].[S].[S].[Sn],[Ca].[Ca].[Ca].[Ca].[S].[S].[S].[S].[S].[S].[S].[S].[S].[S].[S].[S].[Sn].[Sn].[Sn].[Sn],[S]12[Ca]3456[S]7[Sn]89%101[S]3[Sn]1327S25[Ca]57%11%12S61[Sn]16%132S35[Ca]235%14S%159[Ca]9%16%17%18S48[Sn]%15(S%1029)([S]713%16)([S]%1165%17)[S]%12%13%14%18,20,48,42,0,False,unit_cell_quotient_graph_without_translation_labels,pymatgen_CrystalNN,OpenBabel_canonical_SMILES_single_bonds_no_stereo,hexagonal,nm,gga-relax,True,1,P1,495.0732709383368,-4.5767007415,-4.5767007415,0.8910999999999998,False,3.87550007
Ca1S3Sn1--Ca1S3Sn1_hexagonal--nm--gga-static,Ca1S3Sn1,CaS3Sn,[Ca].[S].[S].[S].[Sn],[Ca].[Ca].[Ca].[Ca].[S].[S].[S].[S].[S].[S].[S].[S].[S].[S].[S].[S].[Sn].[Sn].[Sn].[Sn],[S]12[Ca]3456[S]7[Sn]89%101[S]3[Sn]1327S25[Ca]57%11%12S61[Sn]16%132S35[Ca]235%14S%159[Ca]9%16%17%18S48[Sn]%15(S%1029)([S]713%16)([S]%1165%17)[S]%12%13%14%18,20,48,42,0,False,unit_cell_quotient_graph_without_translation_labels,pymatgen_CrystalNN,OpenBabel_canonical_SMILES_single_bonds_no_stereo,hexagonal,nm,gga-static,True,1,P1,495.0732709383368,-4.5768466565,-4.5767007415,0.8910999999999998,False,3.55092574
Ca1S3Sn1--Ca1S3Sn1_needle--nm--gga-relax,Ca1S3Sn1,CaS3Sn,[Ca].[S].[S].[S].[Sn],[Ca].[Ca].[Ca].[Ca].[S].[S].[S].[S].[S].[S].[S].[S].[S].[S].[S].[S].[Sn].[Sn].[Sn].[Sn],[S]12[Sn]34[S]5[Sn]61[S]1[Ca]789[S]3[Ca]3%105[S]5[Ca]%11%122[S]6[Ca]21([S]47)[S]%11[Sn]15[S]9[Sn]([S]3%12)([S]8%10)[S]21,20,36,64,0,False,unit_cell_quotient_graph_without_translation_labels,pymatgen_CrystalNN,OpenBabel_canonical_SMILES_single_bonds_no_stereo,needle,nm,gga-relax,True,1,P1,440.91128338326746,-4.646477351,-4.646477351,0.8303000000000003,False,5.21505722
Ca1S3Sn1--Ca1S3Sn1_needle--nm--gga-static,Ca1S3Sn1,CaS3Sn,[Ca].[S].[S].[S].[Sn],[Ca].[Ca].[Ca].[Ca].[S].[S].[S].[S].[S].[S].[S].[S].[S].[S].[S].[S].[Sn].[Sn].[Sn].[Sn],[S]12[Sn]34[S]5[Sn]61[S]1[Ca]789[S]3[Ca]3%105[S]5[Ca]%11%122[S]6[Ca]21([S]47)[S]%11[Sn]15[S]9[Sn]([S]3%12)([S]8%10)[S]21,20,36,64,0,False,unit_cell_quotient_graph_without_translation_labels,pymatgen_CrystalNN,OpenBabel_canonical_SMILES_single_bonds_no_stereo,needle,nm,gga-static,True,1,P1,440.91128338326746,-4.6465986355,-4.646477351,0.8303000000000003,False,5.0160568
Ca1S3Ti1--Ca1S3Ti1_dist_perovskite--fm--gga-relax,Ca1S3Ti1,CaS3Ti,[Ca].[S].[S].[S].[Ti],[Ca].[Ca].[Ca].[Ca].[S].[S].[S].[S].[S].[S].[S].[S].[S].[S].[S].[S].[Ti].[Ti].[Ti].[Ti],S123[Ti]4567S89[Ti]%10%11%121[S]1%13%14[Ca]%15%16%17%18%193[S]3%204[Ca]4%21%22%2381[S]185[Ca]5%24%25%26%272[S]26%15[Ca]6%159%1331[S]%10%21%24[Ti]1%14([S]%11%17%256)([S]%12%18%22%26)S%19%27[Ti]%2082([S]7%1645)S%23%151,20,56,58,0,False,unit_cell_quotient_graph_without_translation_labels,pymatgen_CrystalNN,OpenBabel_canonical_SMILES_single_bonds_no_stereo,dist_perovskite,fm,gga-relax,True,1,P1,404.66847556254,-5.986111023,-5.986111023,0.6295000000000002,False,4.18980439
Ca1S3Ti1--Ca1S3Ti1_dist_perovskite--fm--gga-static,Ca1S3Ti1,CaS3Ti,[Ca].[S].[S].[S].[Ti],[Ca].[Ca].[Ca].[Ca].[S].[S].[S].[S].[S].[S].[S].[S].[S].[S].[S].[S].[Ti].[Ti].[Ti].[Ti],S123[Ti]4567S89[Ti]%10%11%121[S]1%13%14[Ca]%15%16%17%18%193[S]3%204[Ca]4%21%22%2381[S]185[Ca]5%24%25%26%272[S]26%15[Ca]6%159%1331[S]%10%21%24[Ti]1%14([S]%11%17%256)([S]%12%18%22%26)S%19%27[Ti]%2082([S]7%1645)S%23%151,20,56,58,0,False,unit_cell_quotient_graph_without_translation_labels,pymatgen_CrystalNN,OpenBabel_canonical_SMILES_single_bonds_no_stereo,dist_perovskite,fm,gga-static,True,1,P1,404.66847556254,-5.9862048975,-5.986111023,0.6293999999999995,False,4.56909063
Ca1S3Ti1--Ca1S3Ti1_hexagonal--fm--gga-relax,Ca1S3Ti1,CaS3Ti,[Ca].[S].[S].[S].[Ti],[Ca].[Ca].[Ca].[Ca].[S].[S].[S].[S].[S].[S].[S].[S].[S].[S].[S].[S].[Ti].[Ti].[Ti].[Ti],S123[Ca]4567S89[Ca]%10%11%121S14[Ti]4%1328S5%10[Ti]2581S64[Ca]146%10S72[Ti]27%14%15S%16%11[Ti]%11%1739S%12%13[Ca]%16(S12%11)(S47%17)(S56%14)S8%10%15,20,48,44,0,False,unit_cell_quotient_graph_without_translation_labels,pymatgen_CrystalNN,OpenBabel_canonical_SMILES_single_bonds_no_stereo,hexagonal,fm,gga-relax,True,1,P1,435.9949892621461,-5.940026491999999,-5.940026491999999,0.9998999999999998,False,3.69504125
Ca1S3Ti1--Ca1S3Ti1_hexagonal--fm--gga-static,Ca1S3Ti1,CaS3Ti,[Ca].[S].[S].[S].[Ti],[Ca].[Ca].[Ca].[Ca].[S].[S].[S].[S].[S].[S].[S].[S].[S].[S].[S].[S].[Ti].[Ti].[Ti].[Ti],S123[Ca]4567S89[Ca]%10%11%121S14[Ti]4%1328S5%10[Ti]2581S64[Ca]146%10S72[Ti]27%14%15S%16%11[Ti]%11%1739S%12%13[Ca]%16(S12%11)(S47%17)(S56%14)S8%10%15,20,48,44,0,False,unit_cell_quotient_graph_without_translation_labels,pymatgen_CrystalNN,OpenBabel_canonical_SMILES_single_bonds_no_stereo,hexagonal,fm,gga-static,True,1,P1,435.9949892621461,-5.940216728499999,-5.940026491999999,1.008,False,3.39355071
Ca1S3Ti1--Ca1S3Ti1_needle--fm--gga-relax,Ca1S3Ti1,CaS3Ti,[Ca].[S].[S].[S].[Ti],[Ca].[Ca].[Ca].[Ca].[S].[S].[S].[S].[S].[S].[S].[S].[S].[S].[S].[S].[Ti].[Ti].[Ti].[Ti],[S]12[Ti]34[S]5[Ti]61[S]1[Ca]789[S]3[Ca]3%105[S]5[Ca]%11%122[S]6[Ca]21([S]47)[S]%11[Ti]15[S]9[Ti]([S]3%12)([S]8%10)[S]21,20,36,64,0,False,unit_cell_quotient_graph_without_translation_labels,pymatgen_CrystalNN,OpenBabel_canonical_SMILES_single_bonds_no_stereo,needle,fm,gga-relax,True,1,P1,397.95746374858334,-5.9904152425,-5.9904152425,0.054400000000000226,False,4.79617123
Ca1S3Ti1--Ca1S3Ti1_needle--fm--gga-static,Ca1S3Ti1,CaS3Ti,[Ca].[S].[S].[S].[Ti],[Ca].[Ca].[Ca].[Ca].[S].[S].[S].[S].[S].[S].[S].[S].[S].[S].[S].[S].[Ti].[Ti].[Ti].[Ti],[S]12[Ti]34[S]5[Ti]61[S]1[Ca]789[S]3[Ca]3%105[S]5[Ca]%11%122[S]6[Ca]21([S]47)[S]%11[Ti]15[S]9[Ti]([S]3%12)([S]8%10)[S]21,20,36,64,0,False,unit_cell_quotient_graph_without_translation_labels,pymatgen_CrystalNN,OpenBabel_canonical_SMILES_single_bonds_no_stereo,needle,fm,gga-static,True,1,P1,397.95746374858334,-5.984128279,-5.9904152425,0.051600000000000534,False,4.85581263
Ca1S3V1--Ca1S3V1_dist_perovskite--fm--gga-relax,Ca1S3V1,CaS3V,[Ca].[S].[S].[S].[V],[Ca].[Ca].[Ca].[Ca].[S].[S].[S].[S].[S].[S].[S].[S].[S].[S].[S].[S].[V].[V].[V].[V],S123[V]4567S89[V]%10%11%121[S]1%13%14[Ca]%15%16%17%18%193[S]3%204[Ca]4%21%22%2381[S]185[Ca]5%24%25%26%272[S]26%15[Ca]6%159%1331[S]%10%21%24[V]1%14([S]%11%17%256)([S]%12%18%22%26)S%19%27[V]%2082([S]7%1645)S%23%151,20,56,56,0,False,unit_cell_quotient_graph_without_translation_labels,pymatgen_CrystalNN,OpenBabel_canonical_SMILES_single_bonds_no_stereo,dist_perovskite,fm,gga-relax,True,1,P1,386.1852050158686,-5.8893484295,-5.8893484295,0.003100000000000769,False,4.61931609
Ca1S3V1--Ca1S3V1_dist_perovskite--fm--gga-static,Ca1S3V1,CaS3V,[Ca].[S].[S].[S].[V],[Ca].[Ca].[Ca].[Ca].[S].[S].[S].[S].[S].[S].[S].[S].[S].[S].[S].[S].[V].[V].[V].[V],S123[V]4567S89[V]%10%11%121[S]1%13%14[Ca]%15%16%17%18%193[S]3%204[Ca]4%21%22%2381[S]185[Ca]5%24%25%26%272[S]26%15[Ca]6%159%1331[S]%10%21%24[V]1%14([S]%11%17%256)([S]%12%18%22%26)S%19%27[V]%2082([S]7%1645)S%23%151,20,56,56,0,False,unit_cell_quotient_graph_without_translation_labels,pymatgen_CrystalNN,OpenBabel_canonical_SMILES_single_bonds_no_stereo,dist_perovskite,fm,gga-static,True,1,P1,386.1852050158686,-5.889635509,-5.8893484295,0,False,4.62843188
Ca1S3V1--Ca1S3V1_hexagonal--fm--gga-relax,Ca1S3V1,CaS3V,[Ca].[S].[S].[S].[V],[Ca].[Ca].[Ca].[Ca].[S].[S].[S].[S].[S].[S].[S].[S].[S].[S].[S].[S].[V].[V].[V].[V],[S]12[V]3456[S]7[V]89%10%11S%124[Ca]4%132S23[V]3%141S54[Ca]1457%12S68[Ca]678%12%15S%163[Ca]3%17%182(S%146[V]%16(S%1373)([S]918%17)[S]%104%12%18)S%115%15,20,48,38,0,False,unit_cell_quotient_graph_without_translation_labels,pymatgen_CrystalNN,OpenBabel_canonical_SMILES_single_bonds_no_stereo,hexagonal,fm,gga-relax,True,1,P1,417.57259061431597,-5.8601967245,-5.8601967245,0.0055000000000005045,False,4.21350875
Ca1S3V1--Ca1S3V1_hexagonal--fm--gga-static,Ca1S3V1,CaS3V,[Ca].[S].[S].[S].[V],[Ca].[Ca].[Ca].[Ca].[S].[S].[S].[S].[S].[S].[S].[S].[S].[S].[S].[S].[V].[V].[V].[V],[S]12[V]3456[S]7[V]89%10%11S%124[Ca]4%132S23[V]3%141S54[Ca]1457%12S68[Ca]678%12%15S%163[Ca]3%17%182(S%146[V]%16(S%1373)([S]918%17)[S]%104%12%18)S%115%15,20,48,38,0,False,unit_cell_quotient_graph_without_translation_labels,pymatgen_CrystalNN,OpenBabel_canonical_SMILES_single_bonds_no_stereo,hexagonal,fm,gga-static,True,1,P1,417.57259061431597,-5.8606383635,-5.8601967245,0,False,4.23055848
Ca1S3V1--Ca1S3V1_needle--fm--gga-relax,Ca1S3V1,CaS3V,[Ca].[S].[S].[S].[V],[Ca].[Ca].[Ca].[Ca].[S].[S].[S].[S].[S].[S].[S].[S].[S].[S].[S].[S].[V].[V].[V].[V],[S]12[V]34[S]5[V]61[S]1[Ca]789[S]3[Ca]3%105[S]5[Ca]%11%122[S]6[Ca]21([S]47)[S]%11[V]15[S]9[V]([S]3%12)([S]8%10)[S]21,20,36,64,0,False,unit_cell_quotient_graph_without_translation_labels,pymatgen_CrystalNN,OpenBabel_canonical_SMILES_single_bonds_no_stereo,needle,fm,gga-relax,True,1,P1,385.33091269893123,-5.8998025695,-5.8998025695,0.005399999999999849,False,4.80032888
Ca1S3V1--Ca1S3V1_needle--fm--gga-static,Ca1S3V1,CaS3V,[Ca].[S].[S].[S].[V],[Ca].[Ca].[Ca].[Ca].[S].[S].[S].[S].[S].[S].[S].[S].[S].[S].[S].[S].[V].[V].[V].[V],[S]12[V]34[S]5[V]61[S]1[Ca]789[S]3[Ca]3%105[S]5[Ca]%11%122[S]6[Ca]21([S]47)[S]%11[V]15[S]9[V]([S]3%12)([S]8%10)[S]21,20,36,64,0,False,unit_cell_quotient_graph_without_translation_labels,pymatgen_CrystalNN,OpenBabel_canonical_SMILES_single_bonds_no_stereo,needle,fm,gga-static,True,1,P1,385.33091269893123,-5.8994672515,-5.8998025695,0,False,4.79870635
Ca1S3Zr1--Ca1S3Zr1_dist_perovskite--nm--gga-relax,Ca1S3Zr1,CaS3Zr,[Ca].[S].[S].[S].[Zr],[Ca].[Ca].[Ca].[Ca].[S].[S].[S].[S].[S].[S].[S].[S].[S].[S].[S].[S].[Zr].[Zr].[Zr].[Zr],S123[Zr]4567S89[Zr]%10%11%121[S]1%13%14[Ca]%15%16%17%18%193[S]3%204[Ca]4%21%22%2381[S]185[Ca]5%24%25%26%272[S]26%15[Ca]6%159%1331[S]%10%21%24[Zr]1%14([S]%11%17%256)([S]%12%18%22%26)S%19%27[Zr]%2082([S]7%1645)S%23%151,20,56,58,0,False,unit_cell_quotient_graph_without_translation_labels,pymatgen_CrystalNN,OpenBabel_canonical_SMILES_single_bonds_no_stereo,dist_perovskite,nm,gga-relax,True,1,P1,448.5057899581021,-6.325449781,-6.325449781,1.2385000000000002,True,4.57783227
Ca1S3Zr1--Ca1S3Zr1_dist_perovskite--nm--gga-static,Ca1S3Zr1,CaS3Zr,[Ca].[S].[S].[S].[Zr],[Ca].[Ca].[Ca].[Ca].[S].[S].[S].[S].[S].[S].[S].[S].[S].[S].[S].[S].[Zr].[Zr].[Zr].[Zr],S123[Zr]4567S89[Zr]%10%11%121[S]1%13%14[Ca]%15%16%17%18%193[S]3%204[Ca]4%21%22%2381[S]185[Ca]5%24%25%26%272[S]26%15[Ca]6%159%1331[S]%10%21%24[Zr]1%14([S]%11%17%256)([S]%12%18%22%26)S%19%27[Zr]%2082([S]7%1645)S%23%151,20,56,58,0,False,unit_cell_quotient_graph_without_translation_labels,pymatgen_CrystalNN,OpenBabel_canonical_SMILES_single_bonds_no_stereo,dist_perovskite,nm,gga-static,True,1,P1,448.5057899581021,-6.325491705999999,-6.325449781,1.2386,True,4.25986699
Ca1S3Zr1--Ca1S3Zr1_hexagonal--nm--gga-relax,Ca1S3Zr1,CaS3Zr,[Ca].[S].[S].[S].[Zr],[Ca].[Ca].[Ca].[Ca].[S].[S].[S].[S].[S].[S].[S].[S].[S].[S].[S].[S].[Zr].[Zr].[Zr].[Zr],S123[Ca]4567S89[Ca]%10%11%121S14[Zr]4%1328S2%10[Ca]8%10%14%15S%114[Zr]4%112(S%12%138)S2%10[Ca]8%10%12%13S%165[Zr]5391S68[Zr]2%16(S7%105)(S%144%12)S%15%11%13,20,48,40,0,False,unit_cell_quotient_graph_without_translation_labels,pymatgen_CrystalNN,OpenBabel_canonical_SMILES_single_bonds_no_stereo,hexagonal,nm,gga-relax,True,1,P1,489.2514876793074,-6.299778904,-6.299778904,1.2955,True,3.61140249
Ca1S3Zr1--Ca1S3Zr1_hexagonal--nm--gga-static,Ca1S3Zr1,CaS3Zr,[Ca].[S].[S].[S].[Zr],[Ca].[Ca].[Ca].[Ca].[S].[S].[S].[S].[S].[S].[S].[S].[S].[S].[S].[S].[Zr].[Zr].[Zr].[Zr],S123[Ca]4567S89[Ca]%10%11%121S14[Zr]4%1328S2%10[Ca]8%10%14%15S%114[Zr]4%112(S%12%138)S2%10[Ca]8%10%12%13S%165[Zr]5391S68[Zr]2%16(S7%105)(S%144%12)S%15%11%13,20,48,40,0,False,unit_cell_quotient_graph_without_translation_labels,pymatgen_CrystalNN,OpenBabel_canonical_SMILES_single_bonds_no_stereo,hexagonal,nm,gga-static,True,1,P1,489.2514876793074,-6.2997937035,-6.299778904,1.2955999999999999,True,3.38375386
Ca1S3Zr1--Ca1S3Zr1_needle--nm--gga-relax,Ca1S3Zr1,CaS3Zr,[Ca].[S].[S].[S].[Zr],[Ca].[Ca].[Ca].[Ca].[S].[S].[S].[S].[S].[S].[S].[S].[S].[S].[S].[S].[Zr].[Zr].[Zr].[Zr],S1[Ca]23[S]4[Ca]56[S]2[Zr]27[S]3[Zr]3(S6)[S]7[Ca]67[S]8[Zr]91[S]([Zr]4([S]59)S6)[Ca]8(S2)[S]37,20,32,56,0,False,unit_cell_quotient_graph_without_translation_labels,pymatgen_CrystalNN,OpenBabel_canonical_SMILES_single_bonds_no_stereo,needle,nm,gga-relax,True,1,P1,440.5487203771258,-6.315668108500001,-6.315668108500001,0.7050000000000001,True,4.96548156
Ca1S3Zr1--Ca1S3Zr1_needle--nm--gga-static,Ca1S3Zr1,CaS3Zr,[Ca].[S].[S].[S].[Zr],[Ca].[Ca].[Ca].[Ca].[S].[S].[S].[S].[S].[S].[S].[S].[S].[S].[S].[S].[Zr].[Zr].[Zr].[Zr],S1[Ca]23[S]4[Ca]56[S]2[Zr]27[S]3[Zr]3(S6)[S]7[Ca]67[S]8[Zr]91[S]([Zr]4([S]59)S6)[Ca]8(S2)[S]37,20,32,56,0,False,unit_cell_quotient_graph_without_translation_labels,pymatgen_CrystalNN,OpenBabel_canonical_SMILES_single_bonds_no_stereo,needle,nm,gga-static,True,1,P1,440.5487203771258,-6.3157043680000005,-6.315668108500001,0.7050000000000001,True,4.71094697
Cd1Ge1S3--Cd1Ge1S3_dist_perovskite--nm--gga-relax,Cd1Ge1S3,CdGeS3,[Cd].[Ge].[S].[S].[S],[Cd].[Cd].[Cd].[Cd].[Ge].[Ge].[Ge].[Ge].[S].[S].[S].[S].[S].[S].[S].[S].[S].[S].[S].[S],S1[Ge]23[S]4[Ge]56[S]2[Cd]27[S]3[Cd]4([S]62)S[Ge]23[S]4[Cd]61[S]2[Cd]1([S]6[Ge]4(S7)[S]31)S5,20,32,28,0,False,unit_cell_quotient_graph_without_translation_labels,pymatgen_CrystalNN,OpenBabel_canonical_SMILES_single_bonds_no_stereo,dist_perovskite,nm,gga-relax,True,1,P1,490.36086826876766,-3.900426925,-3.900426925,1.4021000000000003,True,2.4117966
Cd1Ge1S3--Cd1Ge1S3_dist_perovskite--nm--gga-static,Cd1Ge1S3,CdGeS3,[Cd].[Ge].[S].[S].[S],[Cd].[Cd].[Cd].[Cd].[Ge].[Ge].[Ge].[Ge].[S].[S].[S].[S].[S].[S].[S].[S].[S].[S].[S].[S],S1[Ge]23[S]4[Ge]56[S]2[Cd]27[S]3[Cd]4([S]62)S[Ge]23[S]4[Cd]61[S]2[Cd]1([S]6[Ge]4(S7)[S]31)S5,20,32,28,0,False,unit_cell_quotient_graph_without_translation_labels,pymatgen_CrystalNN,OpenBabel_canonical_SMILES_single_bonds_no_stereo,dist_perovskite,nm,gga-static,True,1,P1,490.36086826876766,-3.9055085855000002,-3.900426925,1.4024,True,2.23458776
Cd1Ge1S3--Cd1Ge1S3_hexagonal--nm--gga-relax,Cd1Ge1S3,CdGeS3,[Cd].[Ge].[S].[S].[S],[Cd].[Cd].[Cd].[Cd].[Ge].[Ge].[Ge].[Ge].[S].[S].[S].[S].[S].[S].[S].[S].[S].[S].[S].[S],S1[Ge]23[S]4[Ge]56[S]7[Cd]81[S]2[Cd]47[S]6[Cd]1(S5)[S]2[Cd]456S[Ge]7([S]38)[S]4[Ge]2([S]57)[S]16,20,33,28,0,False,unit_cell_quotient_graph_without_translation_labels,pymatgen_CrystalNN,OpenBabel_canonical_SMILES_single_bonds_no_stereo,hexagonal,nm,gga-relax,True,1,P1,521.019741223284,-3.887530578,-3.887530578,1.3630999999999998,True,1.86908376
Cd1Ge1S3--Cd1Ge1S3_hexagonal--nm--gga-static,Cd1Ge1S3,CdGeS3,[Cd].[Ge].[S].[S].[S],[Cd].[Cd].[Cd].[Cd].[Ge].[Ge].[Ge].[Ge].[S].[S].[S].[S].[S].[S].[S].[S].[S].[S].[S].[S],S1[Ge]23[S]4[Ge]56[S]7[Cd]81[S]2[Cd]47[S]6[Cd]1(S5)[S]2[Cd]456S[Ge]7([S]38)[S]4[Ge]2([S]57)[S]16,20,33,28,0,False,unit_cell_quotient_graph_without_translation_labels,pymatgen_CrystalNN,OpenBabel_canonical_SMILES_single_bonds_no_stereo,hexagonal,nm,gga-static,True,1,P1,521.019741223284,-3.8951687694999997,-3.887530578,1.3639999999999999,True,1.6771714
Cd1Ge1S3--Cd1Ge1S3_needle--nm--gga-relax,Cd1Ge1S3,CdGeS3,[Cd].[Ge].[S].[S].[S],[Cd].[Cd].[Cd].[Cd].[Ge].[Ge].[Ge].[Ge].[S].[S].[S].[S].[S].[S].[S].[S].[S].[S].[S].[S],S1[Ge]23[S]4[Ge]56[S]2[Cd]27[S]3[Cd]3(S6)[S]7[Ge]67[S]8[Cd]91[S]([Cd]4([S]59)S6)[Ge]8(S2)[S]37,20,32,50,0,False,unit_cell_quotient_graph_without_translation_labels,pymatgen_CrystalNN,OpenBabel_canonical_SMILES_single_bonds_no_stereo,needle,nm,gga-relax,True,1,P1,419.28733958116993,-3.771193342,-3.771193342,0.1748999999999996,True,3.84783979
Cd1Ge1S3--Cd1Ge1S3_needle--nm--gga-static,Cd1Ge1S3,CdGeS3,[Cd].[Ge].[S].[S].[S],[Cd].[Cd].[Cd].[Cd].[Ge].[Ge].[Ge].[Ge].[S].[S].[S].[S].[S].[S].[S].[S].[S].[S].[S].[S],S1[Ge]23[S]4[Ge]56[S]2[Cd]27[S]3[Cd]3(S6)[S]7[Ge]67[S]8[Cd]91[S]([Cd]4([S]59)S6)[Ge]8(S2)[S]37,20,32,50,0,False,unit_cell_quotient_graph_without_translation_labels,pymatgen_CrystalNN,OpenBabel_canonical_SMILES_single_bonds_no_stereo,needle,nm,gga-static,True,1,P1,419.28733958116993,-3.7735867384999997,-3.771193342,0.17469999999999963,True,3.84776241
Cd1Hf1S3--Cd1Hf1S3_dist_perovskite--nm--gga-relax,Cd1Hf1S3,CdHfS3,[Cd].[Hf].[S].[S].[S],[Cd].[Cd].[Cd].[Cd].[Hf].[Hf].[Hf].[Hf].[S].[S].[S].[S].[S].[S].[S].[S].[S].[S].[S].[S],[S]12[Cd]34[S]5[Hf]6789S%104[Hf]4%11%121[S]1[Hf]%13%14%152S23[Hf]3%165(S5%15[Cd]([S]4%13)(S6%12[Cd]5([S]%11%14)[S]73)[S]8%16)[S]9[Cd]%1012,20,40,44,0,False,unit_cell_quotient_graph_without_translation_labels,pymatgen_CrystalNN,OpenBabel_canonical_SMILES_single_bonds_no_stereo,dist_perovskite,nm,gga-relax,True,1,P1,430.4350071948067,-5.6649043589999994,-5.6649043589999994,1.3075000000000006,True,3.69967366
Cd1Hf1S3--Cd1Hf1S3_dist_perovskite--nm--gga-static,Cd1Hf1S3,CdHfS3,[Cd].[Hf].[S].[S].[S],[Cd].[Cd].[Cd].[Cd].[Hf].[Hf].[Hf].[Hf].[S].[S].[S].[S].[S].[S].[S].[S].[S].[S].[S].[S],[S]12[Cd]34[S]5[Hf]6789S%104[Hf]4%11%121[S]1[Hf]%13%14%152S23[Hf]3%165(S5%15[Cd]([S]4%13)(S6%12[Cd]5([S]%11%14)[S]73)[S]8%16)[S]9[Cd]%1012,20,40,44,0,False,unit_cell_quotient_graph_without_translation_labels,pymatgen_CrystalNN,OpenBabel_canonical_SMILES_single_bonds_no_stereo,dist_perovskite,nm,gga-static,True,1,P1,430.4350071948067,-5.6649910165,-5.6649043589999994,1.3074,True,3.57090675
Cd1Hf1S3--Cd1Hf1S3_hexagonal--nm--gga-relax,Cd1Hf1S3,CdHfS3,[Cd].[Hf].[S].[S].[S],[Cd].[Cd].[Cd].[Cd].[Hf].[Hf].[Hf].[Hf].[S].[S].[S].[S].[S].[S].[S].[S].[S].[S].[S].[S],[S]12[Cd]3S45[Hf]6781S13[Hf]3924[S]2[Cd]4%10%11%12[S]3[Hf]3%132([S]94)S2%10[Hf]49%10([S]6[Cd]51([S]74)[S]89)S%113[Cd]2S%12%13%10,20,41,33,0,False,unit_cell_quotient_graph_without_translation_labels,pymatgen_CrystalNN,OpenBabel_canonical_SMILES_single_bonds_no_stereo,hexagonal,nm,gga-relax,True,1,P1,476.72590511992587,-5.648690171,-5.648690171,1.6246,True,2.65827599
Cd1Hf1S3--Cd1Hf1S3_hexagonal--nm--gga-static,Cd1Hf1S3,CdHfS3,[Cd].[Hf].[S].[S].[S],[Cd].[Cd].[Cd].[Cd].[Hf].[Hf].[Hf].[Hf].[S].[S].[S].[S].[S].[S].[S].[S].[S].[S].[S].[S],[S]12[Cd]3S45[Hf]6781S13[Hf]3924[S]2[Cd]4%10%11%12[S]3[Hf]3%132([S]94)S2%10[Hf]49%10([S]6[Cd]51([S]74)[S]89)S%113[Cd]2S%12%13%10,20,41,33,0,False,unit_cell_quotient_graph_without_translation_labels,pymatgen_CrystalNN,OpenBabel_canonical_SMILES_single_bonds_no_stereo,hexagonal,nm,gga-static,True,1,P1,476.72590511992587,-5.6487387065,-5.648690171,1.6244999999999998,True,2.37161791
Cd1Hf1S3--Cd1Hf1S3_needle--nm--gga-relax,Cd1Hf1S3,CdHfS3,[Cd].[Hf].[S].[S].[S],[Cd].[Cd].[Cd].[Cd].[Hf].[Hf].[Hf].[Hf].[S].[S].[S].[S].[S].[S].[S].[S].[S].[S].[S].[S],S1[Cd]23[S]4[Hf]51[S]1[Hf]67[S]2[Cd]4(S7)[S]2[Hf]47[S]3[Hf]32S[Cd]21[S]7[Cd]([S]56)(S4)[S]32,20,32,52,0,False,unit_cell_quotient_graph_without_translation_labels,pymatgen_CrystalNN,OpenBabel_canonical_SMILES_single_bonds_no_stereo,needle,nm,gga-relax,True,1,P1,441.91007134514564,-5.6797045075,-5.6797045075,1.1332,False,3.50654709
Cd1Hf1S3--Cd1Hf1S3_needle--nm--gga-static,Cd1Hf1S3,CdHfS3,[Cd].[Hf].[S].[S].[S],[Cd].[Cd].[Cd].[Cd].[Hf].[Hf].[Hf].[Hf].[S].[S].[S].[S].[S].[S].[S].[S].[S].[S].[S].[S],S1[Cd]23[S]4[Hf]51[S]1[Hf]67[S]2[Cd]4(S7)[S]2[Hf]47[S]3[Hf]32S[Cd]21[S]7[Cd]([S]56)(S4)[S]32,20,32,52,0,False,unit_cell_quotient_graph_without_translation_labels,pymatgen_CrystalNN,OpenBabel_canonical_SMILES_single_bonds_no_stereo,needle,nm,gga-static,True,1,P1,441.91007134514564,-5.679797584,-5.6797045075,1.1332,False,3.27908834
Cd1Nb1S3--Cd1Nb1S3_dist_perovskite--fm--gga-relax,Cd1Nb1S3,CdNbS3,[Cd].[Nb].[S].[S].[S],[Cd].[Cd].[Cd].[Cd].[Nb].[Nb].[Nb].[Nb].[S].[S].[S].[S].[S].[S].[S].[S].[S].[S].[S].[S],[S]12[Cd]345[S]6[Nb]789%10S%115[Nb]5%12%131S13[Nb]3%14%152S24[Nb]4%166(S6%15[Cd]([S]53)(S7%13[Cd]6([S]%12%14)[S]84)[S]9%16)[S]%10[Cd]%1112,20,41,44,0,False,unit_cell_quotient_graph_without_translation_labels,pymatgen_CrystalNN,OpenBabel_canonical_SMILES_single_bonds_no_stereo,dist_perovskite,fm,gga-relax,True,1,P1,406.2711963432692,-5.2655480975,-5.2655480975,0.0041999999999999815,False,4.47384561
Cd1Nb1S3--Cd1Nb1S3_dist_perovskite--fm--gga-static,Cd1Nb1S3,CdNbS3,[Cd].[Nb].[S].[S].[S],[Cd].[Cd].[Cd].[Cd].[Nb].[Nb].[Nb].[Nb].[S].[S].[S].[S].[S].[S].[S].[S].[S].[S].[S].[S],[S]12[Cd]345[S]6[Nb]789%10S%115[Nb]5%12%131S13[Nb]3%14%152S24[Nb]4%166(S6%15[Cd]([S]53)(S7%13[Cd]6([S]%12%14)[S]84)[S]9%16)[S]%10[Cd]%1112,20,41,44,0,False,unit_cell_quotient_graph_without_translation_labels,pymatgen_CrystalNN,OpenBabel_canonical_SMILES_single_bonds_no_stereo,dist_perovskite,fm,gga-static,True,1,P1,406.2711963432692,-5.2637025275,-5.2655480975,0,False,4.49543145
Cd1Nb1S3--Cd1Nb1S3_hexagonal--fm--gga-relax,Cd1Nb1S3,CdNbS3,[Cd].[Nb].[S].[S].[S],[Cd].[Cd].[Cd].[Cd].[Nb].[Nb].[Nb].[Nb].[S].[S].[S].[S].[S].[S].[S].[S].[S].[S].[S].[S],[S]12[Cd]34S56[Nb]7891S13[Cd]3%105S54[Nb]4%1161[S]9[Cd]162[S]7[Nb]27([S]81)S16[Nb]6895S32[Cd]1(S%1046)([S]%118)[S]79,20,42,35,0,False,unit_cell_quotient_graph_without_translation_labels,pymatgen_CrystalNN,OpenBabel_canonical_SMILES_single_bonds_no_stereo,hexagonal,fm,gga-relax,True,1,P1,446.6136257375393,-5.274884049500001,-5.274884049500001,0.3120000000000003,False,3.61920661
Cd1Nb1S3--Cd1Nb1S3_hexagonal--fm--gga-static,Cd1Nb1S3,CdNbS3,[Cd].[Nb].[S].[S].[S],[Cd].[Cd].[Cd].[Cd].[Nb].[Nb].[Nb].[Nb].[S].[S].[S].[S].[S].[S].[S].[S].[S].[S].[S].[S],[S]12[Cd]34S56[Nb]7891S13[Cd]3%105S54[Nb]4%1161[S]9[Cd]162[S]7[Nb]27([S]81)S16[Nb]6895S32[Cd]1(S%1046)([S]%118)[S]79,20,42,35,0,False,unit_cell_quotient_graph_without_translation_labels,pymatgen_CrystalNN,OpenBabel_canonical_SMILES_single_bonds_no_stereo,hexagonal,fm,gga-static,True,1,P1,446.6136257375393,-5.2749460545,-5.274884049500001,0.3118000000000003,False,3.61927459
Cd1Nb1S3--Cd1Nb1S3_needle--fm--gga-relax,Cd1Nb1S3,CdNbS3,[Cd].[Nb].[S].[S].[S],[Cd].[Cd].[Cd].[Cd].[Nb].[Nb].[Nb].[Nb].[S].[S].[S].[S].[S].[S].[S].[S].[S].[S].[S].[S],S1[Nb]23S[Cd]45S[Nb]67[S]2[Cd]2[S]4[Nb]48[S]9[Cd]1(S7)[S]([Cd]([S]36)S8)[Nb]9([S]54)S2,20,30,52,0,False,unit_cell_quotient_graph_without_translation_labels,pymatgen_CrystalNN,OpenBabel_canonical_SMILES_single_bonds_no_stereo,needle,fm,gga-relax,True,1,P1,435.69359726175094,-5.3049218080000005,-5.3049218080000005,0.010400000000000187,False,3.83984442
Cd1Nb1S3--Cd1Nb1S3_needle--fm--gga-static,Cd1Nb1S3,CdNbS3,[Cd].[Nb].[S].[S].[S],[Cd].[Cd].[Cd].[Cd].[Nb].[Nb].[Nb].[Nb].[S].[S].[S].[S].[S].[S].[S].[S].[S].[S].[S].[S],S1[Nb]23S[Cd]45S[Nb]67[S]2[Cd]2[S]4[Nb]48[S]9[Cd]1(S7)[S]([Cd]([S]36)S8)[Nb]9([S]54)S2,20,30,52,0,False,unit_cell_quotient_graph_without_translation_labels,pymatgen_CrystalNN,OpenBabel_canonical_SMILES_single_bonds_no_stereo,needle,fm,gga-static,True,1,P1,435.69359726175094,-5.3060812595,-5.3049218080000005,0.01059999999999972,False,3.83966009
Cd1Pb1S3--Cd1Pb1S3_dist_perovskite--nm--gga-relax,Cd1Pb1S3,CdPbS3,[Cd].[Pb].[S].[S].[S],[Cd].[Cd].[Cd].[Cd].[Pb].[Pb].[Pb].[Pb].[S].[S].[S].[S].[S].[S].[S].[S].[S].[S].[S].[S],[S]12[Cd]34[S]5S67[Pb]82S29[Cd]%105[S]5[Pb]%11%126S63[S]3[Cd]%131S4%11[Pb]147S7%13S81[Pb]26[S]5[Cd]937S%10%124,20,39,38,0,False,unit_cell_quotient_graph_without_translation_labels,pymatgen_CrystalNN,OpenBabel_canonical_SMILES_single_bonds_no_stereo,dist_perovskite,nm,gga-relax,True,1,P1,557.5541219097421,-3.6740265645,-3.6740265645,1.1159,False,3.37744079
Cd1Pb1S3--Cd1Pb1S3_dist_perovskite--nm--gga-static,Cd1Pb1S3,CdPbS3,[Cd].[Pb].[S].[S].[S],[Cd].[Cd].[Cd].[Cd].[Pb].[Pb].[Pb].[Pb].[S].[S].[S].[S].[S].[S].[S].[S].[S].[S].[S].[S],[S]12[Cd]34[S]5S67[Pb]82S29[Cd]%105[S]5[Pb]%11%126S63[S]3[Cd]%131S4%11[Pb]147S7%13S81[Pb]26[S]5[Cd]937S%10%124,20,39,38,0,False,unit_cell_quotient_graph_without_translation_labels,pymatgen_CrystalNN,OpenBabel_canonical_SMILES_single_bonds_no_stereo,dist_perovskite,nm,gga-static,True,1,P1,557.5541219097421,-3.67402673,-3.6740265645,1.1159,False,2.81872503
Cd1Pb1S3--Cd1Pb1S3_hexagonal--nm--gga-relax,Cd1Pb1S3,CdPbS3,[Cd].[Pb].[S].[S].[S],[Cd].[Cd].[Cd].[Cd].[Pb].[Pb].[Pb].[Pb].[S].[S].[S].[S].[S].[S].[S].[S].[S].[S].[S].[S],[Pb]1234567S89S%105S51[Cd]78[Pb]1789%105S59S%107S71[Cd]85[Pb]1589%107S79[Pb]%10%11%12%13%14(S%152S4%11S3%10[Cd]6%12%15)S1(S57%13)[Cd]89%14,20,48,60,0,False,unit_cell_quotient_graph_without_translation_labels,pymatgen_CrystalNN,OpenBabel_canonical_SMILES_single_bonds_no_stereo,hexagonal,nm,gga-relax,True,1,P1,554.6402006769621,-3.307797132,-3.307797132,0.007399999999999629,False,3.63947011
Cd1Pb1S3--Cd1Pb1S3_hexagonal--nm--gga-static,Cd1Pb1S3,CdPbS3,[Cd].[Pb].[S].[S].[S],[Cd].[Cd].[Cd].[Cd].[Pb].[Pb].[Pb].[Pb].[S].[S].[S].[S].[S].[S].[S].[S].[S].[S].[S].[S],[Pb]1234567S89S%105S51[Cd]78[Pb]1789%105S59S%107S71[Cd]85[Pb]1589%107S79[Pb]%10%11%12%13%14(S%152S4%11S3%10[Cd]6%12%15)S1(S57%13)[Cd]89%14,20,48,60,0,False,unit_cell_quotient_graph_without_translation_labels,pymatgen_CrystalNN,OpenBabel_canonical_SMILES_single_bonds_no_stereo,hexagonal,nm,gga-static,True,1,P1,554.6402006769621,-3.2907868825,-3.307797132,0,False,3.56684443
Cd1Pb1S3--Cd1Pb1S3_needle--nm--gga-relax,Cd1Pb1S3,CdPbS3,[Cd].[Pb].[S].[S].[S],[Cd].[Cd].[Cd].[Cd].[Pb].[Pb].[Pb].[Pb].[S].[S].[S].[S].[S].[S].[S].[S].[S].[S].[S].[S],S1[Cd]2[S]3[Pb]41S[Pb]1([S]2[Cd]3S1)S4.S1[Cd]2[S]3[Pb]41S[Pb]1([S]2[Cd]3S1)S4,20,28,44,0,False,unit_cell_quotient_graph_without_translation_labels,pymatgen_CrystalNN,OpenBabel_canonical_SMILES_single_bonds_no_stereo,needle,nm,gga-relax,True,1,P1,541.3757668788912,-3.4914053455,-3.4914053455,0.12110000000000021,False,2.28515784
Cd1Pb1S3--Cd1Pb1S3_needle--nm--gga-static,Cd1Pb1S3,CdPbS3,[Cd].[Pb].[S].[S].[S],[Cd].[Cd].[Cd].[Cd].[Pb].[Pb].[Pb].[Pb].[S].[S].[S].[S].[S].[S].[S].[S].[S].[S].[S].[S],S1[Cd]2[S]3[Pb]41S[Pb]1([S]2[Cd]3S1)S4.S1[Cd]2[S]3[Pb]41S[Pb]1([S]2[Cd]3S1)S4,20,28,44,0,False,unit_cell_quotient_graph_without_translation_labels,pymatgen_CrystalNN,OpenBabel_canonical_SMILES_single_bonds_no_stereo,needle,nm,gga-static,True,1,P1,541.3757668788912,-3.4930504905,-3.4914053455,0.12110000000000021,False,2.28498665
Cd1S3Si1--Cd1S3Si1_dist_perovskite--nm--gga-relax,Cd1S3Si1,CdS3Si,[Cd].[S].[S].[S].[Si],[Cd].[Cd].[Cd].[Cd].[S].[S].[S].[S].[S].[S].[S].[S].[S].[S].[S].[S].[Si].[Si].[Si].[Si],S123[Si]4567S89[Si]%10%11%121S16[Cd]6%13%14%15S%165[Si]5%17%18%19S%204[Cd]4%2128S2%12[Cd]839%20S54[Si]342(S%11%13[Cd]1%16(S7%106)(S%14%183)S%15%194)S%17%218,20,48,46,0,False,unit_cell_quotient_graph_without_translation_labels,pymatgen_CrystalNN,OpenBabel_canonical_SMILES_single_bonds_no_stereo,dist_perovskite,nm,gga-relax,True,1,P1,366.62360418166486,-4.011552081,-4.011552081,0.4678999999999993,True,5.10354038
Cd1S3Si1--Cd1S3Si1_dist_perovskite--nm--gga-static,Cd1S3Si1,CdS3Si,[Cd].[S].[S].[S].[Si],[Cd].[Cd].[Cd].[Cd].[S].[S].[S].[S].[S].[S].[S].[S].[S].[S].[S].[S].[Si].[Si].[Si].[Si],S123[Si]4567S89[Si]%10%11%121S16[Cd]6%13%14%15S%165[Si]5%17%18%19S%204[Cd]4%2128S2%12[Cd]839%20S54[Si]342(S%11%13[Cd]1%16(S7%106)(S%14%183)S%15%194)S%17%218,20,48,46,0,False,unit_cell_quotient_graph_without_translation_labels,pymatgen_CrystalNN,OpenBabel_canonical_SMILES_single_bonds_no_stereo,dist_perovskite,nm,gga-static,True,1,P1,366.62360418166486,-4.0116466520000005,-4.011552081,0.4678999999999993,True,5.13303503
Cd1S3Si1--Cd1S3Si1_hexagonal--nm--gga-relax,Cd1S3Si1,CdS3Si,[Cd].[S].[S].[S].[Si],[Cd].[Cd].[Cd].[Cd].[S].[S].[S].[S].[S].[S].[S].[S].[S].[S].[S].[S].[Si].[Si].[Si].[Si],S1[Si]23[S]4[Cd]56[S]2[Cd]27[S]6[Si]68[S]3[Cd]([S]2[Si]23S[Cd]91[S]2[Si]4([S]59)S3)([S]76)S8,20,32,30,0,False,unit_cell_quotient_graph_without_translation_labels,pymatgen_CrystalNN,OpenBabel_canonical_SMILES_single_bonds_no_stereo,hexagonal,nm,gga-relax,True,1,P1,521.3339715766784,-4.276732532,-4.276732532,2.0018,False,1.75370759
Cd1S3Si1--Cd1S3Si1_hexagonal--nm--gga-static,Cd1S3Si1,CdS3Si,[Cd].[S].[S].[S].[Si],[Cd].[Cd].[Cd].[Cd].[S].[S].[S].[S].[S].[S].[S].[S].[S].[S].[S].[S].[Si].[Si].[Si].[Si],S1[Si]23[S]4[Cd]56[S]2[Cd]27[S]6[Si]68[S]3[Cd]([S]2[Si]23S[Cd]91[S]2[Si]4([S]59)S3)([S]76)S8,20,32,30,0,False,unit_cell_quotient_graph_without_translation_labels,pymatgen_CrystalNN,OpenBabel_canonical_SMILES_single_bonds_no_stereo,hexagonal,nm,gga-static,True,1,P1,521.3339715766784,-4.2850870925,-4.276732532,2.0038,False,1.53901937
Cd1S3Si1--Cd1S3Si1_needle--nm--gga-relax,Cd1S3Si1,CdS3Si,[Cd].[S].[S].[S].[Si],[Cd].[Cd].[Cd].[Cd].[S].[S].[S].[S].[S].[S].[S].[S].[S].[S].[S].[S].[Si].[Si].[Si].[Si],S1[Si]23[S]4[Si]56[S]2[Cd]27[S]6[Cd]6(S5)[S]7[Si]5([S]7[Cd]81[S]3[Cd]14[S]8[Si]7(S1)[S]65)S2,20,32,44,0,False,unit_cell_quotient_graph_without_translation_labels,pymatgen_CrystalNN,OpenBabel_canonical_SMILES_single_bonds_no_stereo,needle,nm,gga-relax,True,1,P1,417.4514896346277,-4.1744160095,-4.1744160095,0.5781999999999998,True,4.12910066
Cd1S3Si1--Cd1S3Si1_needle--nm--gga-static,Cd1S3Si1,CdS3Si,[Cd].[S].[S].[S].[Si],[Cd].[Cd].[Cd].[Cd].[S].[S].[S].[S].[S].[S].[S].[S].[S].[S].[S].[S].[Si].[Si].[Si].[Si],S1[Si]23[S]4[Si]56[S]2[Cd]27[S]6[Cd]6(S5)[S]7[Si]5([S]7[Cd]81[S]3[Cd]14[S]8[Si]7(S1)[S]65)S2,20,32,44,0,False,unit_cell_quotient_graph_without_translation_labels,pymatgen_CrystalNN,OpenBabel_canonical_SMILES_single_bonds_no_stereo,needle,nm,gga-static,True,1,P1,417.4514896346277,-4.1745486175,-4.1744160095,0.5781999999999998,True,3.92742259
Cd1S3Sn1--Cd1S3Sn1_dist_perovskite--nm--gga-relax,Cd1S3Sn1,CdS3Sn,[Cd].[S].[S].[S].[Sn],[Cd].[Cd].[Cd].[Cd].[S].[S].[S].[S].[S].[S].[S].[S].[S].[S].[S].[S].[Sn].[Sn].[Sn].[Sn],S123[Cd]4567S89[Cd]%10%11%121S15[Sn]5%1339S34[Sn]4928S7%10[Sn]278%10S%146[Cd]6%15%163S97[Cd]379(S%112[Sn]1%14(S%1363)(S8%157)S%10%169)S%1254,20,48,52,0,False,unit_cell_quotient_graph_without_translation_labels,pymatgen_CrystalNN,OpenBabel_canonical_SMILES_single_bonds_no_stereo,dist_perovskite,nm,gga-relax,True,4,P2_1,445.28278297973776,-3.734619376,-3.734619376,0.5856000000000003,False,4.03545158
Cd1S3Sn1--Cd1S3Sn1_dist_perovskite--nm--gga-static,Cd1S3Sn1,CdS3Sn,[Cd].[S].[S].[S].[Sn],[Cd].[Cd].[Cd].[Cd].[S].[S].[S].[S].[S].[S].[S].[S].[S].[S].[S].[S].[Sn].[Sn].[Sn].[Sn],S123[Cd]4567S89[Cd]%10%11%121S15[Sn]5%1339S34[Sn]4928S7%10[Sn]278%10S%146[Cd]6%15%163S97[Cd]379(S%112[Sn]1%14(S%1363)(S8%157)S%10%169)S%1254,20,48,52,0,False,unit_cell_quotient_graph_without_translation_labels,pymatgen_CrystalNN,OpenBabel_canonical_SMILES_single_bonds_no_stereo,dist_perovskite,nm,gga-static,True,4,P2_1,445.28278297973776,-3.7347913765,-3.734619376,0.07369999999999965,False,4.03374695
Cd1S3Sn1--Cd1S3Sn1_hexagonal--nm--gga-relax,Cd1S3Sn1,CdS3Sn,[Cd].[S].[S].[S].[Sn],[Cd].[Cd].[Cd].[Cd].[S].[S].[S].[S].[S].[S].[S].[S].[S].[S].[S].[S].[Sn].[Sn].[Sn].[Sn],S1[S]2[Cd]345[S]6[Sn]78[Cd]9%102S21[Sn]1%11[S]%12%139[Cd]9%142S%101[Sn]1%13[S]%11[Cd]2%12(S58[Sn]6[S]37)[S]9[S]4S%1412,20,38,38,0,False,unit_cell_quotient_graph_without_translation_labels,pymatgen_CrystalNN,OpenBabel_canonical_SMILES_single_bonds_no_stereo,hexagonal,nm,gga-relax,True,1,P1,543.68302435717,-3.6647128440000003,-3.6647128440000003,1.3529999999999998,False,3.06727394
Cd1S3Sn1--Cd1S3Sn1_hexagonal--nm--gga-static,Cd1S3Sn1,CdS3Sn,[Cd].[S].[S].[S].[Sn],[Cd].[Cd].[Cd].[Cd].[S].[S].[S].[S].[S].[S].[S].[S].[S].[S].[S].[S].[Sn].[Sn].[Sn].[Sn],S1[S]2[Cd]345[S]6[Sn]78[Cd]9%102S21[Sn]1%11[S]%12%139[Cd]9%142S%101[Sn]1%13[S]%11[Cd]2%12(S58[Sn]6[S]37)[S]9[S]4S%1412,20,38,38,0,False,unit_cell_quotient_graph_without_translation_labels,pymatgen_CrystalNN,OpenBabel_canonical_SMILES_single_bonds_no_stereo,hexagonal,nm,gga-static,True,1,P1,543.68302435717,-3.6651134405,-3.6647128440000003,1.3531,False,2.8637578
Cd1S3Sn1--Cd1S3Sn1_needle--nm--gga-relax,Cd1S3Sn1,CdS3Sn,[Cd].[S].[S].[S].[Sn],[Cd].[Cd].[Cd].[Cd].[S].[S].[S].[S].[S].[S].[S].[S].[S].[S].[S].[S].[Sn].[Sn].[Sn].[Sn],S1[Cd]2[S]3[Sn]41S[Sn]1([S]2[Cd]3S1)S4.S1[Cd]2[S]3[Sn]41S[Sn]1([S]2[Cd]3S1)S4,20,28,40,0,False,unit_cell_quotient_graph_without_translation_labels,pymatgen_CrystalNN,OpenBabel_canonical_SMILES_single_bonds_no_stereo,needle,nm,gga-relax,True,1,P1,560.6477633658276,-3.7419896710000002,-3.7419896710000002,1.0893,False,2.16103697
Cd1S3Sn1--Cd1S3Sn1_needle--nm--gga-static,Cd1S3Sn1,CdS3Sn,[Cd].[S].[S].[S].[Sn],[Cd].[Cd].[Cd].[Cd].[S].[S].[S].[S].[S].[S].[S].[S].[S].[S].[S].[S].[Sn].[Sn].[Sn].[Sn],S1[Cd]2[S]3[Sn]41S[Sn]1([S]2[Cd]3S1)S4.S1[Cd]2[S]3[Sn]41S[Sn]1([S]2[Cd]3S1)S4,20,28,40,0,False,unit_cell_quotient_graph_without_translation_labels,pymatgen_CrystalNN,OpenBabel_canonical_SMILES_single_bonds_no_stereo,needle,nm,gga-static,True,1,P1,560.6477633658276,-3.7433601750000003,-3.7419896710000002,1.0890999999999997,False,1.88004752
Cd1S3Ti1--Cd1S3Ti1_dist_perovskite--fm--gga-relax,Cd1S3Ti1,CdS3Ti,[Cd].[S].[S].[S].[Ti],[Cd].[Cd].[Cd].[Cd].[S].[S].[S].[S].[S].[S].[S].[S].[S].[S].[S].[S].[Ti].[Ti].[Ti].[Ti],[Cd]123S45[Cd]67S81[Ti]19%10%11S%123[Ti]3%13%144S71[Cd]147%15%16%17S%186[Ti]6%19%205S52[Ti]2%218%18S%15%19[Cd]%125(S931)(S%10%134)(S%1476)(S%16%202)S%11%17%21,20,48,48,0,False,unit_cell_quotient_graph_without_translation_labels,pymatgen_CrystalNN,OpenBabel_canonical_SMILES_single_bonds_no_stereo,dist_perovskite,fm,gga-relax,True,1,P1,395.0636980723372,-5.045807542,-5.045807542,0.7034999999999996,False,4.09920398
Cd1S3Ti1--Cd1S3Ti1_dist_perovskite--fm--gga-static,Cd1S3Ti1,CdS3Ti,[Cd].[S].[S].[S].[Ti],[Cd].[Cd].[Cd].[Cd].[S].[S].[S].[S].[S].[S].[S].[S].[S].[S].[S].[S].[Ti].[Ti].[Ti].[Ti],[Cd]123S45[Cd]67S81[Ti]19%10%11S%123[Ti]3%13%144S71[Cd]147%15%16%17S%186[Ti]6%19%205S52[Ti]2%218%18S%15%19[Cd]%125(S931)(S%10%134)(S%1476)(S%16%202)S%11%17%21,20,48,48,0,False,unit_cell_quotient_graph_without_translation_labels,pymatgen_CrystalNN,OpenBabel_canonical_SMILES_single_bonds_no_stereo,dist_perovskite,fm,gga-static,True,1,P1,395.0636980723372,-5.0459233615,-5.045807542,0.7034999999999996,False,4.49732322
Cd1S3Ti1--Cd1S3Ti1_hexagonal--fm--gga-relax,Cd1S3Ti1,CdS3Ti,[Cd].[S].[S].[S].[Ti],[Cd].[Cd].[Cd].[Cd].[S].[S].[S].[S].[S].[S].[S].[S].[S].[S].[S].[S].[Ti].[Ti].[Ti].[Ti],[S]12[Ti]3456[S]7[Cd]81[S]3[Ti]1327[S]2[Ti]79%10%11[S]1[Cd]1%122([S]37)[S]239[Ti]79%13%14[S]4[Cd]42(S587)S69[Cd]3([S]%101%134)S%11%12%14,20,43,31,0,False,unit_cell_quotient_graph_without_translation_labels,pymatgen_CrystalNN,OpenBabel_canonical_SMILES_single_bonds_no_stereo,hexagonal,fm,gga-relax,True,1,P1,428.95511503381834,-5.0321756985,-5.0321756985,0.6838000000000002,True,3.33229799
Cd1S3Ti1--Cd1S3Ti1_hexagonal--fm--gga-static,Cd1S3Ti1,CdS3Ti,[Cd].[S].[S].[S].[Ti],[Cd].[Cd].[Cd].[Cd].[S].[S].[S].[S].[S].[S].[S].[S].[S].[S].[S].[S].[Ti].[Ti].[Ti].[Ti],[S]12[Ti]3456[S]7[Cd]81[S]3[Ti]1327[S]2[Ti]79%10%11[S]1[Cd]1%122([S]37)[S]239[Ti]79%13%14[S]4[Cd]42(S587)S69[Cd]3([S]%101%134)S%11%12%14,20,43,31,0,False,unit_cell_quotient_graph_without_translation_labels,pymatgen_CrystalNN,OpenBabel_canonical_SMILES_single_bonds_no_stereo,hexagonal,fm,gga-static,True,1,P1,428.95511503381834,-5.032346982,-5.0321756985,0.6835999999999998,True,3.08226976
Cd1S3Ti1--Cd1S3Ti1_needle--fm--gga-relax,Cd1S3Ti1,CdS3Ti,[Cd].[S].[S].[S].[Ti],[Cd].[Cd].[Cd].[Cd].[S].[S].[S].[S].[S].[S].[S].[S].[S].[S].[S].[S].[Ti].[Ti].[Ti].[Ti],S1[Ti]23[S]4[Ti]56[S]2[Cd]27[S]8[Cd]94S[Ti]48[S]8[Cd]%101[S]3[Cd]([S]5%10)(S6)[S]4[Ti]8([S]29)S7,20,32,52,0,False,unit_cell_quotient_graph_without_translation_labels,pymatgen_CrystalNN,OpenBabel_canonical_SMILES_single_bonds_no_stereo,needle,fm,gga-relax,True,1,P1,407.9056731032437,-5.060351433999999,-5.060351433999999,0.544,False,3.93517475
Cd1S3Ti1--Cd1S3Ti1_needle--fm--gga-static,Cd1S3Ti1,CdS3Ti,[Cd].[S].[S].[S].[Ti],[Cd].[Cd].[Cd].[Cd].[S].[S].[S].[S].[S].[S].[S].[S].[S].[S].[S].[S].[Ti].[Ti].[Ti].[Ti],S1[Ti]23[S]4[Ti]56[S]2[Cd]27[S]8[Cd]94S[Ti]48[S]8[Cd]%101[S]3[Cd]([S]5%10)(S6)[S]4[Ti]8([S]29)S7,20,32,52,0,False,unit_cell_quotient_graph_without_translation_labels,pymatgen_CrystalNN,OpenBabel_canonical_SMILES_single_bonds_no_stereo,needle,fm,gga-static,True,1,P1,407.9056731032437,-5.060426763000001,-5.060351433999999,0.544,False,3.67901985
Cd1S3V1--Cd1S3V1_dist_perovskite--fm--gga-relax,Cd1S3V1,CdS3V,[Cd].[S].[S].[S].[V],[Cd].[Cd].[Cd].[Cd].[S].[S].[S].[S].[S].[S].[S].[S].[S].[S].[S].[S].[V].[V].[V].[V],[S]12[V]3456[S]7[V]89%101[S]3[Cd]13S%116[Cd]6([S]48)S%101[V]148%10S%129[Cd]9%132S25[Cd]57%12[S]8[V]%112([S]19)(S64%13)S3%105,20,42,43,0,False,unit_cell_quotient_graph_without_translation_labels,pymatgen_CrystalNN,OpenBabel_canonical_SMILES_single_bonds_no_stereo,dist_perovskite,fm,gga-relax,True,7,Pc,377.42986278939264,-4.9714878055,-4.9714878055,0.013200000000000323,False,4.33784575
Cd1S3V1--Cd1S3V1_dist_perovskite--fm--gga-static,Cd1S3V1,CdS3V,[Cd].[S].[S].[S].[V],[Cd].[Cd].[Cd].[Cd].[S].[S].[S].[S].[S].[S].[S].[S].[S].[S].[S].[S].[V].[V].[V].[V],[S]12[V]3456[S]7[V]89%101[S]3[Cd]13S%116[Cd]6([S]48)S%101[V]148%10S%129[Cd]9%132S25[Cd]57%12[S]8[V]%112([S]19)(S64%13)S3%105,20,42,43,0,False,unit_cell_quotient_graph_without_translation_labels,pymatgen_CrystalNN,OpenBabel_canonical_SMILES_single_bonds_no_stereo,dist_perovskite,fm,gga-static,True,7,Pc,377.42986278939264,-4.971541051,-4.9714878055,0.013200000000000323,False,4.337892
Cd1S3V1--Cd1S3V1_hexagonal--fm--gga-relax,Cd1S3V1,CdS3V,[Cd].[S].[S].[S].[V],[Cd].[Cd].[Cd].[Cd].[S].[S].[S].[S].[S].[S].[S].[S].[S].[S].[S].[S].[V].[V].[V].[V],[S]12[V]3456[S]7[V]89%101S13[Cd]3%1127S24[Cd]41S53[V]1352S64[Cd]2467S%128[Cd]8%13S92[V]%12(S%10%118)([S]14)([S]36)S57%13,20,44,34,0,False,unit_cell_quotient_graph_without_translation_labels,pymatgen_CrystalNN,OpenBabel_canonical_SMILES_single_bonds_no_stereo,hexagonal,fm,gga-relax,True,1,P1,401.1950103047051,-4.9750171685,-4.9750171685,0.009400000000000297,False,3.83721896
Cd1S3V1--Cd1S3V1_hexagonal--fm--gga-static,Cd1S3V1,CdS3V,[Cd].[S].[S].[S].[V],[Cd].[Cd].[Cd].[Cd].[S].[S].[S].[S].[S].[S].[S].[S].[S].[S].[S].[S].[V].[V].[V].[V],[S]12[V]3456[S]7[V]89%101S13[Cd]3%1127S24[Cd]41S53[V]1352S64[Cd]2467S%128[Cd]8%13S92[V]%12(S%10%118)([S]14)([S]36)S57%13,20,44,34,0,False,unit_cell_quotient_graph_without_translation_labels,pymatgen_CrystalNN,OpenBabel_canonical_SMILES_single_bonds_no_stereo,hexagonal,fm,gga-static,True,1,P1,401.1950103047051,-4.9751609205000005,-4.9750171685,0,False,3.83058692
Cd1S3V1--Cd1S3V1_needle--fm--gga-relax,Cd1S3V1,CdS3V,[Cd].[S].[S].[S].[V],[Cd].[Cd].[Cd].[Cd].[S].[S].[S].[S].[S].[S].[S].[S].[S].[S].[S].[S].[V].[V].[V].[V],S1[V]23[S]4[V]56[S]2[Cd]27[S]3[Cd]3(S6)[S]7[V]67[S]8[Cd]91[S]([Cd]4([S]59)S6)[V]8(S2)[S]37,20,32,52,0,False,unit_cell_quotient_graph_without_translation_labels,pymatgen_CrystalNN,OpenBabel_canonical_SMILES_single_bonds_no_stereo,needle,fm,gga-relax,True,1,P1,391.3806245277433,-4.9976408095,-4.9976408095,0.005799999999999805,False,4.13780851
Cd1S3V1--Cd1S3V1_needle--fm--gga-static,Cd1S3V1,CdS3V,[Cd].[S].[S].[S].[V],[Cd].[Cd].[Cd].[Cd].[S].[S].[S].[S].[S].[S].[S].[S].[S].[S].[S].[S].[V].[V].[V].[V],S1[V]23[S]4[V]56[S]2[Cd]27[S]3[Cd]3(S6)[S]7[V]67[S]8[Cd]91[S]([Cd]4([S]59)S6)[V]8(S2)[S]37,20,32,52,0,False,unit_cell_quotient_graph_without_translation_labels,pymatgen_CrystalNN,OpenBabel_canonical_SMILES_single_bonds_no_stereo,needle,fm,gga-static,True,1,P1,391.3806245277433,-5.0010204645,-4.9976408095,0,False,4.12837709
Cd1S3Zr1--Cd1S3Zr1_dist_perovskite--nm--gga-relax,Cd1S3Zr1,CdS3Zr,[Cd].[S].[S].[S].[Zr],[Cd].[Cd].[Cd].[Cd].[S].[S].[S].[S].[S].[S].[S].[S].[S].[S].[S].[S].[Zr].[Zr].[Zr].[Zr],[S]12[Cd]34[S]5[Zr]6789S%104[Zr]4%11%121[S]1[Zr]%13%14%152S23[Zr]3%165(S5%15[Cd]([S]4%13)(S6%12[Cd]5([S]%11%14)[S]73)[S]8%16)[S]9[Cd]%1012,20,40,42,0,False,unit_cell_quotient_graph_without_translation_labels,pymatgen_CrystalNN,OpenBabel_canonical_SMILES_single_bonds_no_stereo,dist_perovskite,nm,gga-relax,True,1,P1,439.15992583426373,-5.3707926514999995,-5.3707926514999995,0.9716999999999993,True,4.55688746
Cd1S3Zr1--Cd1S3Zr1_dist_perovskite--nm--gga-static,Cd1S3Zr1,CdS3Zr,[Cd].[S].[S].[S].[Zr],[Cd].[Cd].[Cd].[Cd].[S].[S].[S].[S].[S].[S].[S].[S].[S].[S].[S].[S].[Zr].[Zr].[Zr].[Zr],[S]12[Cd]34[S]5[Zr]6789S%104[Zr]4%11%121[S]1[Zr]%13%14%152S23[Zr]3%165(S5%15[Cd]([S]4%13)(S6%12[Cd]5([S]%11%14)[S]73)[S]8%16)[S]9[Cd]%1012,20,40,42,0,False,unit_cell_quotient_graph_without_translation_labels,pymatgen_CrystalNN,OpenBabel_canonical_SMILES_single_bonds_no_stereo,dist_perovskite,nm,gga-static,True,1,P1,439.15992583426373,-5.3708701515,-5.3707926514999995,0.9715999999999996,True,4.29518769
Cd1S3Zr1--Cd1S3Zr1_hexagonal--nm--gga-relax,Cd1S3Zr1,CdS3Zr,[Cd].[S].[S].[S].[Zr],[Cd].[Cd].[Cd].[Cd].[S].[S].[S].[S].[S].[S].[S].[S].[S].[S].[S].[S].[Zr].[Zr].[Zr].[Zr],[S]12[Zr]3456[S]7[Cd]81[S]3[Zr]1327[S]2[Zr]79%10%11[S]1[Cd]1%122([S]37)[S]239[Zr]79%13%14[S]4[Cd]42(S587)S69[Cd]3([S]%101%134)S%11%12%14,20,43,34,0,False,unit_cell_quotient_graph_without_translation_labels,pymatgen_CrystalNN,OpenBabel_canonical_SMILES_single_bonds_no_stereo,hexagonal,nm,gga-relax,True,1,P1,473.88915004361064,-5.3697146165,-5.3697146165,1.4717000000000002,False,3.48905765
Cd1S3Zr1--Cd1S3Zr1_hexagonal--nm--gga-static,Cd1S3Zr1,CdS3Zr,[Cd].[S].[S].[S].[Zr],[Cd].[Cd].[Cd].[Cd].[S].[S].[S].[S].[S].[S].[S].[S].[S].[S].[S].[S].[Zr].[Zr].[Zr].[Zr],[S]12[Zr]3456[S]7[Cd]81[S]3[Zr]1327[S]2[Zr]79%10%11[S]1[Cd]1%122([S]37)[S]239[Zr]79%13%14[S]4[Cd]42(S587)S69[Cd]3([S]%101%134)S%11%12%14,20,43,34,0,False,unit_cell_quotient_graph_without_translation_labels,pymatgen_CrystalNN,OpenBabel_canonical_SMILES_single_bonds_no_stereo,hexagonal,nm,gga-static,True,1,P1,473.88915004361064,-5.369607996,-5.3697146165,1.4718000000000004,False,3.26290814
Cd1S3Zr1--Cd1S3Zr1_needle--nm--gga-relax,Cd1S3Zr1,CdS3Zr,[Cd].[S].[S].[S].[Zr],[Cd].[Cd].[Cd].[Cd].[S].[S].[S].[S].[S].[S].[S].[S].[S].[S].[S].[S].[Zr].[Zr].[Zr].[Zr],S1[Zr]23[S]4[Zr]56[S]2[Cd]27[S]8[Cd]94S[Zr]48[S]8[Cd]%101[S]3[Cd]([S]5%10)(S6)[S]4[Zr]8([S]29)S7,20,32,52,0,False,unit_cell_quotient_graph_without_translation_labels,pymatgen_CrystalNN,OpenBabel_canonical_SMILES_single_bonds_no_stereo,needle,nm,gga-relax,True,1,P1,447.42229403364104,-5.3927795275,-5.3927795275,0.9916000000000005,False,4.19915014
Cd1S3Zr1--Cd1S3Zr1_needle--nm--gga-static,Cd1S3Zr1,CdS3Zr,[Cd].[S].[S].[S].[Zr],[Cd].[Cd].[Cd].[Cd].[S].[S].[S].[S].[S].[S].[S].[S].[S].[S].[S].[S].[Zr].[Zr].[Zr].[Zr],S1[Zr]23[S]4[Zr]56[S]2[Cd]27[S]8[Cd]94S[Zr]48[S]8[Cd]%101[S]3[Cd]([S]5%10)(S6)[S]4[Zr]8([S]29)S7,20,32,52,0,False,unit_cell_quotient_graph_without_translation_labels,pymatgen_CrystalNN,OpenBabel_canonical_SMILES_single_bonds_no_stereo,needle,nm,gga-static,True,1,P1,447.42229403364104,-5.3928613445,-5.3927795275,0.9916000000000005,False,4.01274741
Cu1Ge1S3--Cu1Ge1S3_dist_perovskite--fm--gga-relax,Cu1Ge1S3,CuGeS3,[Cu].[Ge].[S].[S].[S],[Cu].[Cu].[Cu].[Cu].[Ge].[Ge].[Ge].[Ge].[S].[S].[S].[S].[S].[S].[S].[S].[S].[S].[S].[S],[S]12[Cu]345[S]6[Cu]781S14[Ge]49%10[S]3[Ge]1(S574)([S]89)[S]1[Cu]345[S]7[Ge]892[S]2[Ge]%1167S38[Cu]12(S49%11)[S]%105,20,40,44,0,False,unit_cell_quotient_graph_without_translation_labels,pymatgen_CrystalNN,OpenBabel_canonical_SMILES_single_bonds_no_stereo,dist_perovskite,fm,gga-relax,True,1,P1,373.11448198515916,-4.1752328599999995,-4.1752328599999995,0.022299999999999542,False,4.92092839
Cu1Ge1S3--Cu1Ge1S3_dist_perovskite--fm--gga-static,Cu1Ge1S3,CuGeS3,[Cu].[Ge].[S].[S].[S],[Cu].[Cu].[Cu].[Cu].[Ge].[Ge].[Ge].[Ge].[S].[S].[S].[S].[S].[S].[S].[S].[S].[S].[S].[S],[S]12[Cu]345[S]6[Cu]781S14[Ge]49%10[S]3[Ge]1(S574)([S]89)[S]1[Cu]345[S]7[Ge]892[S]2[Ge]%1167S38[Cu]12(S49%11)[S]%105,20,40,44,0,False,unit_cell_quotient_graph_without_translation_labels,pymatgen_CrystalNN,OpenBabel_canonical_SMILES_single_bonds_no_stereo,dist_perovskite,fm,gga-static,True,1,P1,373.11448198515916,-4.178764965,-4.1752328599999995,0.02210000000000001,False,4.91693672
Cu1Ge1S3--Cu1Ge1S3_hexagonal--fm--gga-relax,Cu1Ge1S3,CuGeS3,[Cu].[Ge].[S].[S].[S],[Cu].[Cu].[Cu].[Cu].[Ge].[Ge].[Ge].[Ge].[S].[S].[S].[S].[S].[S].[S].[S].[S].[S].[S].[S],S1[Ge]23[S]4[Cu]5[S]6[Ge]4S56[Cu]45S67[Cu]89[S]%10[Ge]([Cu]%111[S]2[S]3%11)([S]8%10)[S]9[Ge]6(S4)[S]57,20,33,33,0,False,unit_cell_quotient_graph_without_translation_labels,pymatgen_CrystalNN,OpenBabel_canonical_SMILES_single_bonds_no_stereo,hexagonal,fm,gga-relax,True,1,P1,439.71716172485185,-4.2203586795,-4.2203586795,0.04129999999999967,False,3.88077535
Cu1Ge1S3--Cu1Ge1S3_hexagonal--fm--gga-static,Cu1Ge1S3,CuGeS3,[Cu].[Ge].[S].[S].[S],[Cu].[Cu].[Cu].[Cu].[Ge].[Ge].[Ge].[Ge].[S].[S].[S].[S].[S].[S].[S].[S].[S].[S].[S].[S],S1[Ge]23[S]4[Cu]5[S]6[Ge]4S56[Cu]45S67[Cu]89[S]%10[Ge]([Cu]%111[S]2[S]3%11)([S]8%10)[S]9[Ge]6(S4)[S]57,20,33,33,0,False,unit_cell_quotient_graph_without_translation_labels,pymatgen_CrystalNN,OpenBabel_canonical_SMILES_single_bonds_no_stereo,hexagonal,fm,gga-static,True,1,P1,439.71716172485185,-4.2214248085,-4.2203586795,0.03500000000000014,False,3.84409031
Cu1Ge1S3--Cu1Ge1S3_needle--fm--gga-relax,Cu1Ge1S3,CuGeS3,[Cu].[Ge].[S].[S].[S],[Cu].[Cu].[Cu].[Cu].[Ge].[Ge].[Ge].[Ge].[S].[S].[S].[S].[S].[S].[S].[S].[S].[S].[S].[S],[Cu]1S[Ge]2S[Cu]S[Ge](S1)SS[Ge]1S[Cu]S[Ge](SS2)S[Cu]S1,20,22,26,0,False,unit_cell_quotient_graph_without_translation_labels,pymatgen_CrystalNN,OpenBabel_canonical_SMILES_single_bonds_no_stereo,needle,fm,gga-relax,True,1,P1,467.6712287940889,-4.318508122,-4.318508122,0.07869999999999999,False,3.34160558
Cu1Ge1S3--Cu1Ge1S3_needle--fm--gga-static,Cu1Ge1S3,CuGeS3,[Cu].[Ge].[S].[S].[S],[Cu].[Cu].[Cu].[Cu].[Ge].[Ge].[Ge].[Ge].[S].[S].[S].[S].[S].[S].[S].[S].[S].[S].[S].[S],[Cu]1S[Ge]2S[Cu]S[Ge](S1)SS[Ge]1S[Cu]S[Ge](SS2)S[Cu]S1,20,22,26,0,False,unit_cell_quotient_graph_without_translation_labels,pymatgen_CrystalNN,OpenBabel_canonical_SMILES_single_bonds_no_stereo,needle,fm,gga-static,True,1,P1,467.6712287940889,-4.324231633,-4.318508122,0.01750000000000007,False,3.35689506
Cu1Hf1S3--Cu1Hf1S3_dist_perovskite--fm--gga-relax,Cu1Hf1S3,CuHfS3,[Cu].[Hf].[S].[S].[S],[Cu].[Cu].[Cu].[Cu].[Hf].[Hf].[Hf].[Hf].[S].[S].[S].[S].[S].[S].[S].[S].[S].[S].[S].[S],[S]12[S]3[Hf]4561[S]1[Hf]7823[S]4[Cu]234S95[Hf]5%10%11%12S%136[Cu]6%141S18[Cu]8%13S%13%11[Cu]%119S72[Hf]1%13(S356)(S4%10%14)S%128%11,20,43,42,0,False,unit_cell_quotient_graph_without_translation_labels,pymatgen_CrystalNN,OpenBabel_canonical_SMILES_single_bonds_no_stereo,dist_perovskite,fm,gga-relax,True,1,P1,383.8269696757539,-6.0269679675,-6.0269679675,0.0032000000000005357,False,4.61346552
Cu1Hf1S3--Cu1Hf1S3_dist_perovskite--fm--gga-static,Cu1Hf1S3,CuHfS3,[Cu].[Hf].[S].[S].[S],[Cu].[Cu].[Cu].[Cu].[Hf].[Hf].[Hf].[Hf].[S].[S].[S].[S].[S].[S].[S].[S].[S].[S].[S].[S],[S]12[S]3[Hf]4561[S]1[Hf]7823[S]4[Cu]234S95[Hf]5%10%11%12S%136[Cu]6%141S18[Cu]8%13S%13%11[Cu]%119S72[Hf]1%13(S356)(S4%10%14)S%128%11,20,43,42,0,False,unit_cell_quotient_graph_without_translation_labels,pymatgen_CrystalNN,OpenBabel_canonical_SMILES_single_bonds_no_stereo,dist_perovskite,fm,gga-static,True,1,P1,383.8269696757539,-6.027841102,-6.0269679675,0,False,4.60892491
Cu1Hf1S3--Cu1Hf1S3_hexagonal--fm--gga-relax,Cu1Hf1S3,CuHfS3,[Cu].[Hf].[S].[S].[S],[Cu].[Cu].[Cu].[Cu].[Hf].[Hf].[Hf].[Hf].[S].[S].[S].[S].[S].[S].[S].[S].[S].[S].[S].[S],[Cu]12[S]3[Hf]4567S81[Hf]19%103S24[Cu]23[S]1[Hf]14%11([S]92)S%103[Cu]23[S]1[Hf]19([S]5[Cu]8([S]61)[S]79)([S]42)[S]%113,20,39,36,0,False,unit_cell_quotient_graph_without_translation_labels,pymatgen_CrystalNN,OpenBabel_canonical_SMILES_single_bonds_no_stereo,hexagonal,fm,gga-relax,True,1,P1,458.32593462949643,-6.0214975435,-6.0214975435,0.0043000000000001926,False,2.51783411
Cu1Hf1S3--Cu1Hf1S3_hexagonal--fm--gga-static,Cu1Hf1S3,CuHfS3,[Cu].[Hf].[S].[S].[S],[Cu].[Cu].[Cu].[Cu].[Hf].[Hf].[Hf].[Hf].[S].[S].[S].[S].[S].[S].[S].[S].[S].[S].[S].[S],[Cu]12[S]3[Hf]4567S81[Hf]19%103S24[Cu]23[S]1[Hf]14%11([S]92)S%103[Cu]23[S]1[Hf]19([S]5[Cu]8([S]61)[S]79)([S]42)[S]%113,20,39,36,0,False,unit_cell_quotient_graph_without_translation_labels,pymatgen_CrystalNN,OpenBabel_canonical_SMILES_single_bonds_no_stereo,hexagonal,fm,gga-static,True,1,P1,458.32593462949643,-6.022490991,-6.0214975435,0,False,2.49301811
Cu1Hf1S3--Cu1Hf1S3_needle--fm--gga-relax,Cu1Hf1S3,CuHfS3,[Cu].[Hf].[S].[S].[S],[Cu].[Cu].[Cu].[Cu].[Hf].[Hf].[Hf].[Hf].[S].[S].[S].[S].[S].[S].[S].[S].[S].[S].[S].[S],S1[Hf]234S[Hf]561[S]3[Cu]1[S]2[Cu]2[S]1[Hf]137[S]2[Hf]2([S]8[Cu]([S]45)[S]6[Cu]8[S]12)(S3)S7,20,32,50,0,False,unit_cell_quotient_graph_without_translation_labels,pymatgen_CrystalNN,OpenBabel_canonical_SMILES_single_bonds_no_stereo,needle,fm,gga-relax,True,1,P1,373.75975726056527,-6.1265969525,-6.1265969525,0.007399999999999629,False,4.71235792
Cu1Hf1S3--Cu1Hf1S3_needle--fm--gga-static,Cu1Hf1S3,CuHfS3,[Cu].[Hf].[S].[S].[S],[Cu].[Cu].[Cu].[Cu].[Hf].[Hf].[Hf].[Hf].[S].[S].[S].[S].[S].[S].[S].[S].[S].[S].[S].[S],S1[Hf]234S[Hf]561[S]3[Cu]1[S]2[Cu]2[S]1[Hf]137[S]2[Hf]2([S]8[Cu]([S]45)[S]6[Cu]8[S]12)(S3)S7,20,32,50,0,False,unit_cell_quotient_graph_without_translation_labels,pymatgen_CrystalNN,OpenBabel_canonical_SMILES_single_bonds_no_stereo,needle,fm,gga-static,True,1,P1,373.75975726056527,-6.127539618,-6.1265969525,0,False,4.71423894
Cu1Nb1S3--Cu1Nb1S3_dist_perovskite--fm--gga-relax,Cu1Nb1S3,CuNbS3,[Cu].[Nb].[S].[S].[S],[Cu].[Cu].[Cu].[Cu].[Nb].[Nb].[Nb].[Nb].[S].[S].[S].[S].[S].[S].[S].[S].[S].[S].[S].[S],[S]12[Cu]34[S]5[Nb]6789S%104[Nb]4%11%121[S]1[Nb]%13%14%152S23[Nb]3%165(S5%15[Cu]([S]4%13)(S6%12[Cu]5([S]%11%14)[S]73)[S]8%16)[S]9[Cu]%1012,20,40,44,0,False,unit_cell_quotient_graph_without_translation_labels,pymatgen_CrystalNN,OpenBabel_canonical_SMILES_single_bonds_no_stereo,dist_perovskite,fm,gga-relax,True,1,P1,363.9592332482907,-5.754372128,-5.754372128,0.005700000000000038,False,4.99598315
Cu1Nb1S3--Cu1Nb1S3_dist_perovskite--fm--gga-static,Cu1Nb1S3,CuNbS3,[Cu].[Nb].[S].[S].[S],[Cu].[Cu].[Cu].[Cu].[Nb].[Nb].[Nb].[Nb].[S].[S].[S].[S].[S].[S].[S].[S].[S].[S].[S].[S],[S]12[Cu]34[S]5[Nb]6789S%104[Nb]4%11%121[S]1[Nb]%13%14%152S23[Nb]3%165(S5%15[Cu]([S]4%13)(S6%12[Cu]5([S]%11%14)[S]73)[S]8%16)[S]9[Cu]%1012,20,40,44,0,False,unit_cell_quotient_graph_without_translation_labels,pymatgen_CrystalNN,OpenBabel_canonical_SMILES_single_bonds_no_stereo,dist_perovskite,fm,gga-static,True,1,P1,363.9592332482907,-5.7539553715,-5.754372128,0,False,4.99435697
Cu1Nb1S3--Cu1Nb1S3_hexagonal--fm--gga-relax,Cu1Nb1S3,CuNbS3,[Cu].[Nb].[S].[S].[S],[Cu].[Cu].[Cu].[Cu].[Nb].[Nb].[Nb].[Nb].[S].[S].[S].[S].[S].[S].[S].[S].[S].[S].[S].[S],[Cu]12[S]3[Nb]4567[S]1[Nb]183([S]24)[S]2[Cu]3[S]1[Nb]142([S]83)S23[Cu]89[S]5[Nb]52([S]68)([S]79)[S]1[Cu]3[S]45,20,37,28,0,False,unit_cell_quotient_graph_without_translation_labels,pymatgen_CrystalNN,OpenBabel_canonical_SMILES_single_bonds_no_stereo,hexagonal,fm,gga-relax,True,1,P1,398.2101090818506,-5.8129606565000005,-5.8129606565000005,0.4333,False,4.06554969
Cu1Nb1S3--Cu1Nb1S3_hexagonal--fm--gga-static,Cu1Nb1S3,CuNbS3,[Cu].[Nb].[S].[S].[S],[Cu].[Cu].[Cu].[Cu].[Nb].[Nb].[Nb].[Nb].[S].[S].[S].[S].[S].[S].[S].[S].[S].[S].[S].[S],[Cu]12[S]3[Nb]4567[S]1[Nb]183([S]24)[S]2[Cu]3[S]1[Nb]142([S]83)S23[Cu]89[S]5[Nb]52([S]68)([S]79)[S]1[Cu]3[S]45,20,37,28,0,False,unit_cell_quotient_graph_without_translation_labels,pymatgen_CrystalNN,OpenBabel_canonical_SMILES_single_bonds_no_stereo,hexagonal,fm,gga-static,True,1,P1,398.2101090818506,-5.809184337,-5.8129606565000005,0.4331999999999998,False,4.05600869
Cu1Nb1S3--Cu1Nb1S3_needle--fm--gga-relax,Cu1Nb1S3,CuNbS3,[Cu].[Nb].[S].[S].[S],[Cu].[Cu].[Cu].[Cu].[Nb].[Nb].[Nb].[Nb].[S].[S].[S].[S].[S].[S].[S].[S].[S].[S].[S].[S],[S][Nb]12S[Cu][S]3[Nb]4(S[Cu][S]2[Nb]2([S]1[Cu]S[Nb]3([S]4[Cu]S2)[S])[S])[S],20,24,40,0,False,unit_cell_quotient_graph_without_translation_labels,pymatgen_CrystalNN,OpenBabel_canonical_SMILES_single_bonds_no_stereo,needle,fm,gga-relax,True,1,P1,445.672563223079,-5.8462310265,-5.8462310265,0.03710000000000013,False,3.09486554
Cu1Nb1S3--Cu1Nb1S3_needle--fm--gga-static,Cu1Nb1S3,CuNbS3,[Cu].[Nb].[S].[S].[S],[Cu].[Cu].[Cu].[Cu].[Nb].[Nb].[Nb].[Nb].[S].[S].[S].[S].[S].[S].[S].[S].[S].[S].[S].[S],[S][Nb]12S[Cu][S]3[Nb]4(S[Cu][S]2[Nb]2([S]1[Cu]S[Nb]3([S]4[Cu]S2)[S])[S])[S],20,24,40,0,False,unit_cell_quotient_graph_without_translation_labels,pymatgen_CrystalNN,OpenBabel_canonical_SMILES_single_bonds_no_stereo,needle,fm,gga-static,True,1,P1,445.672563223079,-5.847171672,-5.8462310265,0.03710000000000013,False,3.09484234
Cu1Pb1S3--Cu1Pb1S3_dist_perovskite--fm--gga-relax,Cu1Pb1S3,CuPbS3,[Cu].[Pb].[S].[S].[S],[Cu].[Cu].[Cu].[Cu].[Pb].[Pb].[Pb].[Pb].[S].[S].[S].[S].[S].[S].[S].[S].[S].[S].[S].[S],[Cu]123S45S61[Pb]1789S%103[Pb]3%11%124S4%13[Pb]%14%15%165S52[Pb]2%176(S6%16[Cu]%16(S3%14S8%17%16)S1%12[Cu]16S%11%15S721)S9%13[Cu]%1045,20,44,42,0,False,unit_cell_quotient_graph_without_translation_labels,pymatgen_CrystalNN,OpenBabel_canonical_SMILES_single_bonds_no_stereo,dist_perovskite,fm,gga-relax,True,1,P1,470.3424191093277,-4.071762912,-4.071762912,0.006300000000000416,False,4.18437889
Cu1Pb1S3--Cu1Pb1S3_dist_perovskite--fm--gga-static,Cu1Pb1S3,CuPbS3,[Cu].[Pb].[S].[S].[S],[Cu].[Cu].[Cu].[Cu].[Pb].[Pb].[Pb].[Pb].[S].[S].[S].[S].[S].[S].[S].[S].[S].[S].[S].[S],[Cu]123S45S61[Pb]1789S%103[Pb]3%11%124S4%13[Pb]%14%15%165S52[Pb]2%176(S6%16[Cu]%16(S3%14S8%17%16)S1%12[Cu]16S%11%15S721)S9%13[Cu]%1045,20,44,42,0,False,unit_cell_quotient_graph_without_translation_labels,pymatgen_CrystalNN,OpenBabel_canonical_SMILES_single_bonds_no_stereo,dist_perovskite,fm,gga-static,True,1,P1,470.3424191093277,-4.072392636,-4.071762912,0,False,4.20141112
Cu1Pb1S3--Cu1Pb1S3_hexagonal--fm--gga-relax,Cu1Pb1S3,CuPbS3,[Cu].[Pb].[S].[S].[S],[Cu].[Cu].[Cu].[Cu].[Pb].[Pb].[Pb].[Pb].[S].[S].[S].[S].[S].[S].[S].[S].[S].[S].[S].[S],[S][Cu]1[S]2[Cu]3[S]4[Pb]5[S]1[Pb]1[S]6[Cu]2S21[Pb]16[S]2[Cu]2[S]6S35[Pb]46[S]1SS2,20,30,27,0,False,unit_cell_quotient_graph_without_translation_labels,pymatgen_CrystalNN,OpenBabel_canonical_SMILES_single_bonds_no_stereo,hexagonal,fm,gga-relax,True,1,P1,499.58393657199895,-4.09020145,-4.09020145,0.10150000000000015,False,3.71370903
Cu1Pb1S3--Cu1Pb1S3_hexagonal--fm--gga-static,Cu1Pb1S3,CuPbS3,[Cu].[Pb].[S].[S].[S],[Cu].[Cu].[Cu].[Cu].[Pb].[Pb].[Pb].[Pb].[S].[S].[S].[S].[S].[S].[S].[S].[S].[S].[S].[S],[S][Cu]1[S]2[Cu]3[S]4[Pb]5[S]1[Pb]1[S]6[Cu]2S21[Pb]16[S]2[Cu]2[S]6S35[Pb]46[S]1SS2,20,30,27,0,False,unit_cell_quotient_graph_without_translation_labels,pymatgen_CrystalNN,OpenBabel_canonical_SMILES_single_bonds_no_stereo,hexagonal,fm,gga-static,True,1,P1,499.58393657199895,-4.0915136855,-4.09020145,0.09909999999999997,False,3.7086863
Cu1Pb1S3--Cu1Pb1S3_needle--fm--gga-relax,Cu1Pb1S3,CuPbS3,[Cu].[Pb].[S].[S].[S],[Cu].[Cu].[Cu].[Cu].[Pb].[Pb].[Pb].[Pb].[S].[S].[S].[S].[S].[S].[S].[S].[S].[S].[S].[S],S1[S]2[Cu]1[S]1[Pb]3[S]4[Cu]([S]5[Pb]2[S]2[Cu]6[S]([Pb]1[S]3[Cu]1[S]([Pb]52)S1)S6)S4,20,28,40,0,False,unit_cell_quotient_graph_without_translation_labels,pymatgen_CrystalNN,OpenBabel_canonical_SMILES_single_bonds_no_stereo,needle,fm,gga-relax,True,1,P1,495.14754839545003,-4.078938769500001,-4.078938769500001,0.03379999999999983,False,3.8206992
Cu1Pb1S3--Cu1Pb1S3_needle--fm--gga-static,Cu1Pb1S3,CuPbS3,[Cu].[Pb].[S].[S].[S],[Cu].[Cu].[Cu].[Cu].[Pb].[Pb].[Pb].[Pb].[S].[S].[S].[S].[S].[S].[S].[S].[S].[S].[S].[S],S1[S]2[Cu]1[S]1[Pb]3[S]4[Cu]([S]5[Pb]2[S]2[Cu]6[S]([Pb]1[S]3[Cu]1[S]([Pb]52)S1)S6)S4,20,28,40,0,False,unit_cell_quotient_graph_without_translation_labels,pymatgen_CrystalNN,OpenBabel_canonical_SMILES_single_bonds_no_stereo,needle,fm,gga-static,True,1,P1,495.14754839545003,-4.080440167,-4.078938769500001,0.03369999999999962,False,3.82044365
Cu1S3Si1--Cu1S3Si1_dist_perovskite--fm--gga-relax,Cu1S3Si1,CuS3Si,[Cu].[S].[S].[S].[Si],[Cu].[Cu].[Cu].[Cu].[S].[S].[S].[S].[S].[S].[S].[S].[S].[S].[S].[S].[Si].[Si].[Si].[Si],[S]12[Cu]34[S]5[Cu]61[S]1[Si]782S26[Si]691[S]7[Cu]12([S]86)[S]2[Si]678[S]3[Si]3%105S46[Cu]2([S]73)([S]8%10)[S]91,20,38,40,0,False,unit_cell_quotient_graph_without_translation_labels,pymatgen_CrystalNN,OpenBabel_canonical_SMILES_single_bonds_no_stereo,dist_perovskite,fm,gga-relax,True,1,P1,361.03938143320653,-4.4872171245,-4.4872171245,0.026699999999999946,False,5.33466617
Cu1S3Si1--Cu1S3Si1_dist_perovskite--fm--gga-static,Cu1S3Si1,CuS3Si,[Cu].[S].[S].[S].[Si],[Cu].[Cu].[Cu].[Cu].[S].[S].[S].[S].[S].[S].[S].[S].[S].[S].[S].[S].[Si].[Si].[Si].[Si],[S]12[Cu]34[S]5[Cu]61[S]1[Si]782S26[Si]691[S]7[Cu]12([S]86)[S]2[Si]678[S]3[Si]3%105S46[Cu]2([S]73)([S]8%10)[S]91,20,38,40,0,False,unit_cell_quotient_graph_without_translation_labels,pymatgen_CrystalNN,OpenBabel_canonical_SMILES_single_bonds_no_stereo,dist_perovskite,fm,gga-static,True,1,P1,361.03938143320653,-4.4915124165,-4.4872171245,0.02540000000000031,False,5.33661051
Cu1S3Si1--Cu1S3Si1_hexagonal--fm--gga-relax,Cu1S3Si1,CuS3Si,[Cu].[S].[S].[S].[Si],[Cu].[Cu].[Cu].[Cu].[S].[S].[S].[S].[S].[S].[S].[S].[S].[S].[S].[S].[Si].[Si].[Si].[Si],[S]12[Cu]3S45[Si]6781S13[Si]3924[S]2[Si]4%10%11%12[S]3[Cu]3%132([S]94)S2%10[Si]49%10([S]6[Cu]51([S]74)[S]89)S%113[Cu]2S%12%13%10,20,41,32,0,False,unit_cell_quotient_graph_without_translation_labels,pymatgen_CrystalNN,OpenBabel_canonical_SMILES_single_bonds_no_stereo,hexagonal,fm,gga-relax,True,1,P1,348.9046170432696,-4.5327228564999995,-4.5327228564999995,0.00649999999999995,False,5.53594702
Cu1S3Si1--Cu1S3Si1_hexagonal--fm--gga-static,Cu1S3Si1,CuS3Si,[Cu].[S].[S].[S].[Si],[Cu].[Cu].[Cu].[Cu].[S].[S].[S].[S].[S].[S].[S].[S].[S].[S].[S].[S].[Si].[Si].[Si].[Si],[S]12[Cu]3S45[Si]6781S13[Si]3924[S]2[Si]4%10%11%12[S]3[Cu]3%132([S]94)S2%10[Si]49%10([S]6[Cu]51([S]74)[S]89)S%113[Cu]2S%12%13%10,20,41,32,0,False,unit_cell_quotient_graph_without_translation_labels,pymatgen_CrystalNN,OpenBabel_canonical_SMILES_single_bonds_no_stereo,hexagonal,fm,gga-static,True,1,P1,348.9046170432696,-4.531669212,-4.5327228564999995,0,False,5.52157791
Cu1S3Si1--Cu1S3Si1_needle--fm--gga-relax,Cu1S3Si1,CuS3Si,[Cu].[S].[S].[S].[Si],[Cu].[Cu].[Cu].[Cu].[S].[S].[S].[S].[S].[S].[S].[S].[S].[S].[S].[S].[Si].[Si].[Si].[Si],S1[Si]2S[Cu]1S[Si]1S[Cu](S2)S1.S1[Si]2S[Cu]1S[Si]1S[Cu](S2)S1,20,24,28,0,False,unit_cell_quotient_graph_without_translation_labels,pymatgen_CrystalNN,OpenBabel_canonical_SMILES_single_bonds_no_stereo,needle,fm,gga-relax,True,1,P1,432.25389414365253,-4.6065298555,-4.6065298555,0.014000000000000234,False,2.99153532
Cu1S3Si1--Cu1S3Si1_needle--fm--gga-static,Cu1S3Si1,CuS3Si,[Cu].[S].[S].[S].[Si],[Cu].[Cu].[Cu].[Cu].[S].[S].[S].[S].[S].[S].[S].[S].[S].[S].[S].[S].[Si].[Si].[Si].[Si],S1[Si]2S[Cu]1S[Si]1S[Cu](S2)S1.S1[Si]2S[Cu]1S[Si]1S[Cu](S2)S1,20,24,28,0,False,unit_cell_quotient_graph_without_translation_labels,pymatgen_CrystalNN,OpenBabel_canonical_SMILES_single_bonds_no_stereo,needle,fm,gga-static,True,1,P1,432.25389414365253,-4.609653913,-4.6065298555,0.01440000000000019,False,2.99069017
Cu1S3Sn1--Cu1S3Sn1_dist_perovskite--fm--gga-relax,Cu1S3Sn1,CuS3Sn,[Cu].[S].[S].[S].[Sn],[Cu].[Cu].[Cu].[Cu].[S].[S].[S].[S].[S].[S].[S].[S].[S].[S].[S].[S].[Sn].[Sn].[Sn].[Sn],[S]12[Cu]34[S]5[Sn]6789S%104[Sn]4%11%121[S]1[Sn]%13%14%152S23[Sn]3%165(S5%15[Cu]([S]4%13)(S6%12[Cu]5([S]%11%14)[S]73)[S]8%16)[S]9[Cu]%1012,20,40,42,0,False,unit_cell_quotient_graph_without_translation_labels,pymatgen_CrystalNN,OpenBabel_canonical_SMILES_single_bonds_no_stereo,dist_perovskite,fm,gga-relax,True,1,P1,404.7222883531078,-4.0811365785,-4.0811365785,0.005700000000000038,False,5.5226976
Cu1S3Sn1--Cu1S3Sn1_dist_perovskite--fm--gga-static,Cu1S3Sn1,CuS3Sn,[Cu].[S].[S].[S].[Sn],[Cu].[Cu].[Cu].[Cu].[S].[S].[S].[S].[S].[S].[S].[S].[S].[S].[S].[S].[Sn].[Sn].[Sn].[Sn],[S]12[Cu]34[S]5[Sn]6789S%104[Sn]4%11%121[S]1[Sn]%13%14%152S23[Sn]3%165(S5%15[Cu]([S]4%13)(S6%12[Cu]5([S]%11%14)[S]73)[S]8%16)[S]9[Cu]%1012,20,40,42,0,False,unit_cell_quotient_graph_without_translation_labels,pymatgen_CrystalNN,OpenBabel_canonical_SMILES_single_bonds_no_stereo,dist_perovskite,fm,gga-static,True,1,P1,404.7222883531078,-4.082407324,-4.0811365785,0,False,5.50254001
Cu1S3Sn1--Cu1S3Sn1_hexagonal--fm--gga-relax,Cu1S3Sn1,CuS3Sn,[Cu].[S].[S].[S].[Sn],[Cu].[Cu].[Cu].[Cu].[S].[S].[S].[S].[S].[S].[S].[S].[S].[S].[S].[S].[Sn].[Sn].[Sn].[Sn],S1[S]2[Cu]34[S]5[Sn]67[S]8S91[Cu]1%10S%117[Cu]72[S]2[Sn]%12S%133[Sn]9%11(S4%12[Sn]2%13)S67[Cu]8[S]1[S]5%10,20,35,34,0,False,unit_cell_quotient_graph_without_translation_labels,pymatgen_CrystalNN,OpenBabel_canonical_SMILES_single_bonds_no_stereo,hexagonal,fm,gga-relax,True,1,P1,492.63540458326844,-4.096830107000001,-4.096830107000001,0.008599999999999941,False,3.7633551
Cu1S3Sn1--Cu1S3Sn1_hexagonal--fm--gga-static,Cu1S3Sn1,CuS3Sn,[Cu].[S].[S].[S].[Sn],[Cu].[Cu].[Cu].[Cu].[S].[S].[S].[S].[S].[S].[S].[S].[S].[S].[S].[S].[Sn].[Sn].[Sn].[Sn],S1[S]2[Cu]34[S]5[Sn]67[S]8S91[Cu]1%10S%117[Cu]72[S]2[Sn]%12S%133[Sn]9%11(S4%12[Sn]2%13)S67[Cu]8[S]1[S]5%10,20,35,34,0,False,unit_cell_quotient_graph_without_translation_labels,pymatgen_CrystalNN,OpenBabel_canonical_SMILES_single_bonds_no_stereo,hexagonal,fm,gga-static,True,1,P1,493.1531612736472,-4.0967116064999995,-4.096830107000001,0.05339999999999989,False,3.74921075
Cu1S3Sn1--Cu1S3Sn1_needle--fm--gga-relax,Cu1S3Sn1,CuS3Sn,[Cu].[S].[S].[S].[Sn],[Cu].[Cu].[Cu].[Cu].[S].[S].[S].[S].[S].[S].[S].[S].[S].[S].[S].[S].[Sn].[Sn].[Sn].[Sn],[S][Sn]12S[Cu][S]3[Sn]4(S[Cu][S]2[Sn]2([S]1[Cu]S[Sn]3([S]4[Cu]S2)[S])[S])[S],20,24,32,0,False,unit_cell_quotient_graph_without_translation_labels,pymatgen_CrystalNN,OpenBabel_canonical_SMILES_single_bonds_no_stereo,needle,fm,gga-relax,True,1,P1,465.2702284398369,-4.155172486,-4.155172486,0.04430000000000023,False,3.31347216
Cu1S3Sn1--Cu1S3Sn1_needle--fm--gga-static,Cu1S3Sn1,CuS3Sn,[Cu].[S].[S].[S].[Sn],[Cu].[Cu].[Cu].[Cu].[S].[S].[S].[S].[S].[S].[S].[S].[S].[S].[S].[S].[Sn].[Sn].[Sn].[Sn],[S][Sn]12S[Cu][S]3[Sn]4(S[Cu][S]2[Sn]2([S]1[Cu]S[Sn]3([S]4[Cu]S2)[S])[S])[S],20,24,32,0,False,unit_cell_quotient_graph_without_translation_labels,pymatgen_CrystalNN,OpenBabel_canonical_SMILES_single_bonds_no_stereo,needle,fm,gga-static,True,1,P1,465.2702284398369,-4.157046981,-4.155172486,0.04430000000000023,False,3.3131958
Cu1S3Ti1--Cu1S3Ti1_dist_perovskite--fm--gga-relax,Cu1S3Ti1,CuS3Ti,[Cu].[S].[S].[S].[Ti],[Cu].[Cu].[Cu].[Cu].[S].[S].[S].[S].[S].[S].[S].[S].[S].[S].[S].[S].[Ti].[Ti].[Ti].[Ti],[S]12[Ti]3456[S]7[Ti]89%101[S]1%115[S]568[Cu]68%121S13[Cu]37S96[Ti]679%13S%14%10[Cu]%102S24[Ti]41([S]6%10)([S]37)S89[S]%12%134[Cu]%115%142,20,45,49,0,False,unit_cell_quotient_graph_without_translation_labels,pymatgen_CrystalNN,OpenBabel_canonical_SMILES_single_bonds_no_stereo,dist_perovskite,fm,gga-relax,True,1,P1,350.304090044404,-5.4495536105,-5.4495536105,0.03249999999999975,False,5.48636201
Cu1S3Ti1--Cu1S3Ti1_dist_perovskite--fm--gga-static,Cu1S3Ti1,CuS3Ti,[Cu].[S].[S].[S].[Ti],[Cu].[Cu].[Cu].[Cu].[S].[S].[S].[S].[S].[S].[S].[S].[S].[S].[S].[S].[Ti].[Ti].[Ti].[Ti],[S]12[Ti]3456[S]7[Ti]89%101[S]1%115[S]568[Cu]68%121S13[Cu]37S96[Ti]679%13S%14%10[Cu]%102S24[Ti]41([S]6%10)([S]37)S89[S]%12%134[Cu]%115%142,20,45,49,0,False,unit_cell_quotient_graph_without_translation_labels,pymatgen_CrystalNN,OpenBabel_canonical_SMILES_single_bonds_no_stereo,dist_perovskite,fm,gga-static,True,1,P1,350.304090044404,-5.4500753369999995,-5.4495536105,0.032600000000000406,False,5.48625434
Cu1S3Ti1--Cu1S3Ti1_hexagonal--fm--gga-relax,Cu1S3Ti1,CuS3Ti,[Cu].[S].[S].[S].[Ti],[Cu].[Cu].[Cu].[Cu].[S].[S].[S].[S].[S].[S].[S].[S].[S].[S].[S].[S].[Ti].[Ti].[Ti].[Ti],[S]12[Cu]345S67[Ti]89%101S13[Cu]36S48[Ti]4671S13[Ti]378%11S%12%13[Ti]%14%15%162S59S%10%14[Cu]2%12S3%15[Cu]%13(S7%162)([S]48)S61%11,20,44,36,0,False,unit_cell_quotient_graph_without_translation_labels,pymatgen_CrystalNN,OpenBabel_canonical_SMILES_single_bonds_no_stereo,hexagonal,fm,gga-relax,True,1,P1,396.78533067400457,-5.4350719935,-5.4350719935,0.005000000000000782,False,4.29628285
Cu1S3Ti1--Cu1S3Ti1_hexagonal--fm--gga-static,Cu1S3Ti1,CuS3Ti,[Cu].[S].[S].[S].[Ti],[Cu].[Cu].[Cu].[Cu].[S].[S].[S].[S].[S].[S].[S].[S].[S].[S].[S].[S].[Ti].[Ti].[Ti].[Ti],[S]12[Cu]345S67[Ti]89%101S13[Cu]36S48[Ti]4671S13[Ti]378%11S%12%13[Ti]%14%15%162S59S%10%14[Cu]2%12S3%15[Cu]%13(S7%162)([S]48)S61%11,20,44,36,0,False,unit_cell_quotient_graph_without_translation_labels,pymatgen_CrystalNN,OpenBabel_canonical_SMILES_single_bonds_no_stereo,hexagonal,fm,gga-static,True,1,P1,396.78533067400457,-5.43547328,-5.4350719935,0,False,4.3011977
Cu1S3Ti1--Cu1S3Ti1_needle--fm--gga-relax,Cu1S3Ti1,CuS3Ti,[Cu].[S].[S].[S].[Ti],[Cu].[Cu].[Cu].[Cu].[S].[S].[S].[S].[S].[S].[S].[S].[S].[S].[S].[S].[Ti].[Ti].[Ti].[Ti],S1[Cu]2S[Ti]34[S]2[Ti]25[S]4[Cu](S5)S[Ti]45[S]6[Ti]1(S[Cu]6S3)[S]4[Cu](S2)S5,20,28,48,0,False,unit_cell_quotient_graph_without_translation_labels,pymatgen_CrystalNN,OpenBabel_canonical_SMILES_single_bonds_no_stereo,needle,fm,gga-relax,True,6,Pm,408.3961102196791,-5.542178891,-5.542178891,0.024099999999999788,False,3.69458466
Cu1S3Ti1--Cu1S3Ti1_needle--fm--gga-static,Cu1S3Ti1,CuS3Ti,[Cu].[S].[S].[S].[Ti],[Cu].[Cu].[Cu].[Cu].[S].[S].[S].[S].[S].[S].[S].[S].[S].[S].[S].[S].[Ti].[Ti].[Ti].[Ti],S1[Cu]2S[Ti]34[S]2[Ti]25[S]4[Cu](S5)S[Ti]45[S]6[Ti]1(S[Cu]6S3)[S]4[Cu](S2)S5,20,28,48,0,False,unit_cell_quotient_graph_without_translation_labels,pymatgen_CrystalNN,OpenBabel_canonical_SMILES_single_bonds_no_stereo,needle,fm,gga-static,True,6,Pm,408.3961102196791,-5.545157551,-5.542178891,0.024099999999999788,False,3.69400593
Cu1S3V1--Cu1S3V1_dist_perovskite--fm--gga-relax,Cu1S3V1,CuS3V,[Cu].[S].[S].[S].[V],[Cu].[Cu].[Cu].[Cu].[S].[S].[S].[S].[S].[S].[S].[S].[S].[S].[S].[S].[V].[V].[V].[V],[S]12[Cu]34[S]5[V]6789S%104[V]4%11%121[S]1[V]%13%14%152S23[V]3%165(S5%15[Cu]([S]4%13)(S6%12[Cu]5([S]%11%14)[S]73)[S]8%16)[S]9[Cu]%1012,20,40,42,0,False,unit_cell_quotient_graph_without_translation_labels,pymatgen_CrystalNN,OpenBabel_canonical_SMILES_single_bonds_no_stereo,dist_perovskite,fm,gga-relax,True,1,P1,324.1368075403688,-5.448000548,-5.448000548,0.0034999999999998366,False,5.73956792
Cu1S3V1--Cu1S3V1_dist_perovskite--fm--gga-static,Cu1S3V1,CuS3V,[Cu].[S].[S].[S].[V],[Cu].[Cu].[Cu].[Cu].[S].[S].[S].[S].[S].[S].[S].[S].[S].[S].[S].[S].[V].[V].[V].[V],[S]12[Cu]34[S]5[V]6789S%104[V]4%11%121[S]1[V]%13%14%152S23[V]3%165(S5%15[Cu]([S]4%13)(S6%12[Cu]5([S]%11%14)[S]73)[S]8%16)[S]9[Cu]%1012,20,40,42,0,False,unit_cell_quotient_graph_without_translation_labels,pymatgen_CrystalNN,OpenBabel_canonical_SMILES_single_bonds_no_stereo,dist_perovskite,fm,gga-static,True,1,P1,324.1368075403688,-5.4478673625,-5.448000548,0,False,5.74503864
Cu1S3V1--Cu1S3V1_hexagonal--fm--gga-relax,Cu1S3V1,CuS3V,[Cu].[S].[S].[S].[V],[Cu].[Cu].[Cu].[Cu].[S].[S].[S].[S].[S].[S].[S].[S].[S].[S].[S].[S].[V].[V].[V].[V],[S]12[Cu]34[S]5[V]6782[S]3[V]235S54[Cu]41[S]2[V]125([S]34)[S]3[Cu]45[S]6[V]69([S]74)S85[Cu]3([S]16)[S]29,20,38,34,0,False,unit_cell_quotient_graph_without_translation_labels,pymatgen_CrystalNN,OpenBabel_canonical_SMILES_single_bonds_no_stereo,hexagonal,fm,gga-relax,True,1,P1,369.1968242860477,-5.4708501645,-5.4708501645,0.0026999999999999247,False,4.30513506
Cu1S3V1--Cu1S3V1_hexagonal--fm--gga-static,Cu1S3V1,CuS3V,[Cu].[S].[S].[S].[V],[Cu].[Cu].[Cu].[Cu].[S].[S].[S].[S].[S].[S].[S].[S].[S].[S].[S].[S].[V].[V].[V].[V],[S]12[Cu]34[S]5[V]6782[S]3[V]235S54[Cu]41[S]2[V]125([S]34)[S]3[Cu]45[S]6[V]69([S]74)S85[Cu]3([S]16)[S]29,20,38,34,0,False,unit_cell_quotient_graph_without_translation_labels,pymatgen_CrystalNN,OpenBabel_canonical_SMILES_single_bonds_no_stereo,hexagonal,fm,gga-static,True,1,P1,369.1968242860477,-5.4703962365,-5.4708501645,0,False,4.3224186
Cu1S3V1--Cu1S3V1_needle--fm--gga-relax,Cu1S3V1,CuS3V,[Cu].[S].[S].[S].[V],[Cu].[Cu].[Cu].[Cu].[S].[S].[S].[S].[S].[S].[S].[S].[S].[S].[S].[S].[V].[V].[V].[V],[S][V]12S[Cu][S]3[V]4(S[Cu][S]2[V]2([S]1[Cu]S[V]3([S]4[Cu]S2)[S])[S])[S],20,24,40,0,False,unit_cell_quotient_graph_without_translation_labels,pymatgen_CrystalNN,OpenBabel_canonical_SMILES_single_bonds_no_stereo,needle,fm,gga-relax,True,1,P1,399.6797237007571,-5.497999117,-5.497999117,0.047800000000000065,False,3.59237541
Cu1S3V1--Cu1S3V1_needle--fm--gga-static,Cu1S3V1,CuS3V,[Cu].[S].[S].[S].[V],[Cu].[Cu].[Cu].[Cu].[S].[S].[S].[S].[S].[S].[S].[S].[S].[S].[S].[S].[V].[V].[V].[V],[S][V]12S[Cu][S]3[V]4(S[Cu][S]2[V]2([S]1[Cu]S[V]3([S]4[Cu]S2)[S])[S])[S],20,24,40,0,False,unit_cell_quotient_graph_without_translation_labels,pymatgen_CrystalNN,OpenBabel_canonical_SMILES_single_bonds_no_stereo,needle,fm,gga-static,True,1,P1,399.6797237007571,-5.499001808,-5.497999117,0.04789999999999983,False,3.59255997
Cu1S3Zr1--Cu1S3Zr1_dist_perovskite--fm--gga-relax,Cu1S3Zr1,CuS3Zr,[Cu].[S].[S].[S].[Zr],[Cu].[Cu].[Cu].[Cu].[S].[S].[S].[S].[S].[S].[S].[S].[S].[S].[S].[S].[Zr].[Zr].[Zr].[Zr],[S]12[Cu]34[S]5[Zr]6789S%104[Zr]4%11%121[S]1[Zr]%13%14%152S23[Zr]3%165(S5%15[Cu]([S]4%13)(S6%12[Cu]5([S]%11%14)[S]73)[S]8%16)[S]9[Cu]%1012,20,40,44,0,False,unit_cell_quotient_graph_without_translation_labels,pymatgen_CrystalNN,OpenBabel_canonical_SMILES_single_bonds_no_stereo,dist_perovskite,fm,gga-relax,True,1,P1,390.5842872043693,-5.7347367105,-5.7347367105,0.05289999999999928,False,5.99176055
Cu1S3Zr1--Cu1S3Zr1_dist_perovskite--fm--gga-static,Cu1S3Zr1,CuS3Zr,[Cu].[S].[S].[S].[Zr],[Cu].[Cu].[Cu].[Cu].[S].[S].[S].[S].[S].[S].[S].[S].[S].[S].[S].[S].[Zr].[Zr].[Zr].[Zr],[S]12[Cu]34[S]5[Zr]6789S%104[Zr]4%11%121[S]1[Zr]%13%14%152S23[Zr]3%165(S5%15[Cu]([S]4%13)(S6%12[Cu]5([S]%11%14)[S]73)[S]8%16)[S]9[Cu]%1012,20,40,44,0,False,unit_cell_quotient_graph_without_translation_labels,pymatgen_CrystalNN,OpenBabel_canonical_SMILES_single_bonds_no_stereo,dist_perovskite,fm,gga-static,True,1,P1,390.5842872043693,-5.7352145825,-5.7347367105,0.052999999999999936,False,5.99165018
Cu1S3Zr1--Cu1S3Zr1_hexagonal--fm--gga-relax,Cu1S3Zr1,CuS3Zr,[Cu].[S].[S].[S].[Zr],[Cu].[Cu].[Cu].[Cu].[S].[S].[S].[S].[S].[S].[S].[S].[S].[S].[S].[S].[Zr].[Zr].[Zr].[Zr],S1[Zr]2345[S]6[Cu]78S93[Zr]3%106S47[Cu]49[S]2[Zr]261(S584)[S]1[Cu]45[S]2[Zr]2781S64[Cu]([S]32)S%107[S]58,20,39,30,0,False,unit_cell_quotient_graph_without_translation_labels,pymatgen_CrystalNN,OpenBabel_canonical_SMILES_single_bonds_no_stereo,hexagonal,fm,gga-relax,True,1,P1,430.04594634667046,-5.7667587065,-5.7667587065,0.005599999999999383,False,4.39663214
Cu1S3Zr1--Cu1S3Zr1_hexagonal--fm--gga-static,Cu1S3Zr1,CuS3Zr,[Cu].[S].[S].[S].[Zr],[Cu].[Cu].[Cu].[Cu].[S].[S].[S].[S].[S].[S].[S].[S].[S].[S].[S].[S].[Zr].[Zr].[Zr].[Zr],S1[Zr]2345[S]6[Cu]78S93[Zr]3%106S47[Cu]49[S]2[Zr]261(S584)[S]1[Cu]45[S]2[Zr]2781S64[Cu]([S]32)S%107[S]58,20,39,30,0,False,unit_cell_quotient_graph_without_translation_labels,pymatgen_CrystalNN,OpenBabel_canonical_SMILES_single_bonds_no_stereo,hexagonal,fm,gga-static,True,1,P1,430.04594634667046,-5.766242221000001,-5.7667587065,0,False,4.39682267
Cu1S3Zr1--Cu1S3Zr1_needle--fm--gga-relax,Cu1S3Zr1,CuS3Zr,[Cu].[S].[S].[S].[Zr],[Cu].[Cu].[Cu].[Cu].[S].[S].[S].[S].[S].[S].[S].[S].[S].[S].[S].[S].[Zr].[Zr].[Zr].[Zr],S1[Zr]234S[Zr]561[S]3[Cu]1[S]2[Cu]2[S]1[Zr]137[S]2[Zr]2([S]8[Cu]([S]45)[S]6[Cu]8[S]12)(S3)S7,20,32,48,0,False,unit_cell_quotient_graph_without_translation_labels,pymatgen_CrystalNN,OpenBabel_canonical_SMILES_single_bonds_no_stereo,needle,fm,gga-relax,True,1,P1,379.2553987429423,-5.8535791495,-5.8535791495,0.020999999999999908,False,5.64784775
Cu1S3Zr1--Cu1S3Zr1_needle--fm--gga-static,Cu1S3Zr1,CuS3Zr,[Cu].[S].[S].[S].[Zr],[Cu].[Cu].[Cu].[Cu].[S].[S].[S].[S].[S].[S].[S].[S].[S].[S].[S].[S].[Zr].[Zr].[Zr].[Zr],S1[Zr]234S[Zr]561[S]3[Cu]1[S]2[Cu]2[S]1[Zr]137[S]2[Zr]2([S]8[Cu]([S]45)[S]6[Cu]8[S]12)(S3)S7,20,32,48,0,False,unit_cell_quotient_graph_without_translation_labels,pymatgen_CrystalNN,OpenBabel_canonical_SMILES_single_bonds_no_stereo,needle,fm,gga-static,True,1,P1,379.2553987429423,-5.8540516685,-5.8535791495,0.021099999999999675,False,5.64759046
Ge1Mg1S3--Ge1Mg1S3_dist_perovskite--nm--gga-relax,Ge1Mg1S3,GeMgS3,[Ge].[Mg].[S].[S].[S],[Ge].[Ge].[Ge].[Ge].[Mg].[Mg].[Mg].[Mg].[S].[S].[S].[S].[S].[S].[S].[S].[S].[S].[S].[S],[S]12[Ge]34[S]5[Mg]678[S]4[Ge]49[S]3[Mg]5([S]6[Ge]35[S]6[Mg]%10%111[S]3[Ge]13[S]%10[Mg]26([S]%111)[S]53)([S]74)[S]89,20,36,30,0,False,unit_cell_quotient_graph_without_translation_labels,pymatgen_CrystalNN,OpenBabel_canonical_SMILES_single_bonds_no_stereo,dist_perovskite,nm,gga-relax,True,1,P1,439.11307260899747,-4.350773357,-4.350773357,1.6782999999999997,True,2.89736162
Ge1Mg1S3--Ge1Mg1S3_dist_perovskite--nm--gga-static,Ge1Mg1S3,GeMgS3,[Ge].[Mg].[S].[S].[S],[Ge].[Ge].[Ge].[Ge].[Mg].[Mg].[Mg].[Mg].[S].[S].[S].[S].[S].[S].[S].[S].[S].[S].[S].[S],[S]12[Ge]34[S]5[Mg]678[S]4[Ge]49[S]3[Mg]5([S]6[Ge]35[S]6[Mg]%10%111[S]3[Ge]13[S]%10[Mg]26([S]%111)[S]53)([S]74)[S]89,20,36,30,0,False,unit_cell_quotient_graph_without_translation_labels,pymatgen_CrystalNN,OpenBabel_canonical_SMILES_single_bonds_no_stereo,dist_perovskite,nm,gga-static,True,1,P1,439.11307260899747,-4.3857967835,-4.350773357,1.6791,True,2.79109166
Ge1Mg1S3--Ge1Mg1S3_hexagonal--nm--gga-relax,Ge1Mg1S3,GeMgS3,[Ge].[Mg].[S].[S].[S],[Ge].[Ge].[Ge].[Ge].[Mg].[Mg].[Mg].[Mg].[S].[S].[S].[S].[S].[S].[S].[S].[S].[S].[S].[S],S1[Ge]23S[Mg]41[S]3[Ge]13[S]4[Mg]456[S]7[Mg]89%10[S]2[Ge]2%11[S]8[Mg]([S]92)([S]%10%11)[S]6[Ge]7([S]14)[S]35,20,34,32,0,False,unit_cell_quotient_graph_without_translation_labels,pymatgen_CrystalNN,OpenBabel_canonical_SMILES_single_bonds_no_stereo,hexagonal,nm,gga-relax,True,1,P1,492.5495655073852,-4.327105378000001,-4.327105378000001,1.8593000000000002,True,2.25702849
Ge1Mg1S3--Ge1Mg1S3_hexagonal--nm--gga-static,Ge1Mg1S3,GeMgS3,[Ge].[Mg].[S].[S].[S],[Ge].[Ge].[Ge].[Ge].[Mg].[Mg].[Mg].[Mg].[S].[S].[S].[S].[S].[S].[S].[S].[S].[S].[S].[S],S1[Ge]23S[Mg]41[S]3[Ge]13[S]4[Mg]456[S]7[Mg]89%10[S]2[Ge]2%11[S]8[Mg]([S]92)([S]%10%11)[S]6[Ge]7([S]14)[S]35,20,34,32,0,False,unit_cell_quotient_graph_without_translation_labels,pymatgen_CrystalNN,OpenBabel_canonical_SMILES_single_bonds_no_stereo,hexagonal,nm,gga-static,True,1,P1,492.5495655073852,-4.335744557,-4.327105378000001,1.8595000000000002,True,2.02093205
Ge1Mg1S3--Ge1Mg1S3_needle--nm--gga-relax,Ge1Mg1S3,GeMgS3,[Ge].[Mg].[S].[S].[S],[Ge].[Ge].[Ge].[Ge].[Mg].[Mg].[Mg].[Mg].[S].[S].[S].[S].[S].[S].[S].[S].[S].[S].[S].[S],S1[Mg]2[S]3[Ge]41S[Ge]1([S]2[Mg]3S1)S4.S1[Mg]2[S]3[Ge]41S[Ge]1([S]2[Mg]3S1)S4,20,28,42,0,False,unit_cell_quotient_graph_without_translation_labels,pymatgen_CrystalNN,OpenBabel_canonical_SMILES_single_bonds_no_stereo,needle,nm,gga-relax,True,1,P1,483.146833625667,-4.3000395395,-4.3000395395,1.9372999999999998,False,2.14469221
Ge1Mg1S3--Ge1Mg1S3_needle--nm--gga-static,Ge1Mg1S3,GeMgS3,[Ge].[Mg].[S].[S].[S],[Ge].[Ge].[Ge].[Ge].[Mg].[Mg].[Mg].[Mg].[S].[S].[S].[S].[S].[S].[S].[S].[S].[S].[S].[S],S1[Mg]2[S]3[Ge]41S[Ge]1([S]2[Mg]3S1)S4.S1[Mg]2[S]3[Ge]41S[Ge]1([S]2[Mg]3S1)S4,20,28,42,0,False,unit_cell_quotient_graph_without_translation_labels,pymatgen_CrystalNN,OpenBabel_canonical_SMILES_single_bonds_no_stereo,needle,nm,gga-static,True,1,P1,483.146833625667,-4.3021498215000005,-4.3000395395,1.9373999999999998,False,1.96771258
Ge1Pb1S3--Ge1Pb1S3_dist_perovskite--nm--gga-relax,Ge1Pb1S3,GePbS3,[Ge].[Pb].[S].[S].[S],[Ge].[Ge].[Ge].[Ge].[Pb].[Pb].[Pb].[Pb].[S].[S].[S].[S].[S].[S].[S].[S].[S].[S].[S].[S],S1[Pb]2[S]3[Ge]45[S]2[Pb]263S[Ge]31S[Ge]17[S]6[Ge]6(S5)[S]2[Pb](S1)[S]7[Pb]([S]43)S6,20,30,21,0,False,unit_cell_quotient_graph_without_translation_labels,pymatgen_CrystalNN,OpenBabel_canonical_SMILES_single_bonds_no_stereo,dist_perovskite,nm,gga-relax,True,1,P1,593.1810809735189,-4.4713099355,-4.4713099355,2.0612,False,3.11579319
Ge1Pb1S3--Ge1Pb1S3_dist_perovskite--nm--gga-static,Ge1Pb1S3,GePbS3,[Ge].[Pb].[S].[S].[S],[Ge].[Ge].[Ge].[Ge].[Pb].[Pb].[Pb].[Pb].[S].[S].[S].[S].[S].[S].[S].[S].[S].[S].[S].[S],S1[Pb]2[S]3[Ge]45[S]2[Pb]263S[Ge]31S[Ge]17[S]6[Ge]6(S5)[S]2[Pb](S1)[S]7[Pb]([S]43)S6,20,30,21,0,False,unit_cell_quotient_graph_without_translation_labels,pymatgen_CrystalNN,OpenBabel_canonical_SMILES_single_bonds_no_stereo,dist_perovskite,nm,gga-static,True,1,P1,593.1810809735189,-4.4713217235,-4.4713099355,2.0612,False,2.11908523
Ge1Pb1S3--Ge1Pb1S3_hexagonal--nm--gga-relax,Ge1Pb1S3,GePbS3,[Ge].[Pb].[S].[S].[S],[Ge].[Ge].[Ge].[Ge].[Pb].[Pb].[Pb].[Pb].[S].[S].[S].[S].[S].[S].[S].[S].[S].[S].[S].[S],S1[Ge]23[S]4[Ge]56S[Pb]789%10[S]3[Pb]34[S]2[Pb]24%11[S]%12[Ge]1([S]2[Pb]%12S9%11[Ge]([S]57)([S]68)S%10)[S]34,20,34,30,0,False,unit_cell_quotient_graph_without_translation_labels,pymatgen_CrystalNN,OpenBabel_canonical_SMILES_single_bonds_no_stereo,hexagonal,nm,gga-relax,True,1,P1,563.7138030639937,-4.4545181405,-4.4545181405,1.9002,False,2.86119934
Ge1Pb1S3--Ge1Pb1S3_hexagonal--nm--gga-static,Ge1Pb1S3,GePbS3,[Ge].[Pb].[S].[S].[S],[Ge].[Ge].[Ge].[Ge].[Pb].[Pb].[Pb].[Pb].[S].[S].[S].[S].[S].[S].[S].[S].[S].[S].[S].[S],S1[Ge]23[S]4[Ge]56S[Pb]789%10[S]3[Pb]34[S]2[Pb]24%11[S]%12[Ge]1([S]2[Pb]%12S9%11[Ge]([S]57)([S]68)S%10)[S]34,20,34,30,0,False,unit_cell_quotient_graph_without_translation_labels,pymatgen_CrystalNN,OpenBabel_canonical_SMILES_single_bonds_no_stereo,hexagonal,nm,gga-static,True,1,P1,563.7138030639937,-4.4585675445,-4.4545181405,1.9003999999999999,False,2.56319501
Ge1Pb1S3--Ge1Pb1S3_needle--nm--gga-relax,Ge1Pb1S3,GePbS3,[Ge].[Pb].[S].[S].[S],[Ge].[Ge].[Ge].[Ge].[Pb].[Pb].[Pb].[Pb].[S].[S].[S].[S].[S].[S].[S].[S].[S].[S].[S].[S],[Pb]1S[Ge]2(S1)S[Ge]1(S2)S[Pb]S1.[Pb]1S[Ge]2(S1)S[Ge]1(S2)S[Pb]S1,20,24,40,0,False,unit_cell_quotient_graph_without_translation_labels,pymatgen_CrystalNN,OpenBabel_canonical_SMILES_single_bonds_no_stereo,needle,nm,gga-relax,True,1,P1,453.7425261261652,-4.3890883135,-4.3890883135,0.5594000000000001,False,5.03170046
Ge1Pb1S3--Ge1Pb1S3_needle--nm--gga-static,Ge1Pb1S3,GePbS3,[Ge].[Pb].[S].[S].[S],[Ge].[Ge].[Ge].[Ge].[Pb].[Pb].[Pb].[Pb].[S].[S].[S].[S].[S].[S].[S].[S].[S].[S].[S].[S],[Pb]1S[Ge]2(S1)S[Ge]1(S2)S[Pb]S1.[Pb]1S[Ge]2(S1)S[Ge]1(S2)S[Pb]S1,20,24,40,0,False,unit_cell_quotient_graph_without_translation_labels,pymatgen_CrystalNN,OpenBabel_canonical_SMILES_single_bonds_no_stereo,needle,nm,gga-static,True,1,P1,453.7425261261652,-4.3893430005,-4.3890883135,0.5594000000000001,False,4.82289314
Ge1S3Sn1--Ge1S3Sn1_dist_perovskite--nm--gga-relax,Ge1S3Sn1,GeS3Sn,[Ge].[S].[S].[S].[Sn],[Ge].[Ge].[Ge].[Ge].[S].[S].[S].[S].[S].[S].[S].[S].[S].[S].[S].[S].[Sn].[Sn].[Sn].[Sn],[Sn]1234567S89[Ge]%10%11%12%13S%142[Sn]2%15%16%17S%181[Ge]1%19%208[S]84%10[Sn]4%10%21%22%239[S]932[Ge]23%24%18[S]%1854[Ge]45%149[S]7%162[Sn]8%18([S]6%11%151)(S%12%19%10)(S%13%214)(S%20%223)[S]%17%23%245,20,54,54,0,False,unit_cell_quotient_graph_without_translation_labels,pymatgen_CrystalNN,OpenBabel_canonical_SMILES_single_bonds_no_stereo,dist_perovskite,nm,gga-relax,True,1,P1,410.98002432404314,-4.3111977025,-4.3111977025,0.0118999999999998,False,5.95971798
Ge1S3Sn1--Ge1S3Sn1_dist_perovskite--nm--gga-static,Ge1S3Sn1,GeS3Sn,[Ge].[S].[S].[S].[Sn],[Ge].[Ge].[Ge].[Ge].[S].[S].[S].[S].[S].[S].[S].[S].[S].[S].[S].[S].[Sn].[Sn].[Sn].[Sn],[Sn]1234567S89[Ge]%10%11%12%13S%142[Sn]2%15%16%17S%181[Ge]1%19%208[S]84%10[Sn]4%10%21%22%239[S]932[Ge]23%24%18[S]%1854[Ge]45%149[S]7%162[Sn]8%18([S]6%11%151)(S%12%19%10)(S%13%214)(S%20%223)[S]%17%23%245,20,54,54,0,False,unit_cell_quotient_graph_without_translation_labels,pymatgen_CrystalNN,OpenBabel_canonical_SMILES_single_bonds_no_stereo,dist_perovskite,nm,gga-static,True,1,P1,410.98002432404314,-4.3114017055,-4.3111977025,0.011700000000000266,False,5.95973203
Ge1S3Sn1--Ge1S3Sn1_hexagonal--nm--gga-relax,Ge1S3Sn1,GeS3Sn,[Ge].[S].[S].[S].[Sn],[Ge].[Ge].[Ge].[Ge].[S].[S].[S].[S].[S].[S].[S].[S].[S].[S].[S].[S].[Sn].[Sn].[Sn].[Sn],S1[Sn]2[S]3[Ge]41[S]1[Sn]53S[Ge]36[S]2[Sn]278[S]6[Ge]6(S3)[S]7[Sn]37([S]4[Ge]1([S]53)[S]27)[S]86,20,33,22,0,False,unit_cell_quotient_graph_without_translation_labels,pymatgen_CrystalNN,OpenBabel_canonical_SMILES_single_bonds_no_stereo,hexagonal,nm,gga-relax,True,1,P1,596.2122897107502,-4.433869237,-4.433869237,1.7109,False,2.33001552
Ge1S3Sn1--Ge1S3Sn1_hexagonal--nm--gga-static,Ge1S3Sn1,GeS3Sn,[Ge].[S].[S].[S].[Sn],[Ge].[Ge].[Ge].[Ge].[S].[S].[S].[S].[S].[S].[S].[S].[S].[S].[S].[S].[Sn].[Sn].[Sn].[Sn],S1[Sn]2[S]3[Ge]41[S]1[Sn]53S[Ge]36[S]2[Sn]278[S]6[Ge]6(S3)[S]7[Sn]37([S]4[Ge]1([S]53)[S]27)[S]86,20,33,22,0,False,unit_cell_quotient_graph_without_translation_labels,pymatgen_CrystalNN,OpenBabel_canonical_SMILES_single_bonds_no_stereo,hexagonal,nm,gga-static,True,1,P1,596.2122897107502,-4.4403306835,-4.433869237,1.7197,False,2.09820718
Ge1S3Sn1--Ge1S3Sn1_needle--nm--gga-relax,Ge1S3Sn1,GeS3Sn,[Ge].[S].[S].[S].[Sn],[Ge].[Ge].[Ge].[Ge].[S].[S].[S].[S].[S].[S].[S].[S].[S].[S].[S].[S].[Sn].[Sn].[Sn].[Sn],[Sn]1S[Ge]2(S1)S[Ge]1(S2)S[Sn]S1.[Sn]1S[Ge]2(S1)S[Ge]1(S2)S[Sn]S1,20,24,40,0,False,unit_cell_quotient_graph_without_translation_labels,pymatgen_CrystalNN,OpenBabel_canonical_SMILES_single_bonds_no_stereo,needle,nm,gga-relax,True,1,P1,456.51992351503134,-4.419502704,-4.419502704,0.2843,False,4.99341677
Ge1S3Sn1--Ge1S3Sn1_needle--nm--gga-static,Ge1S3Sn1,GeS3Sn,[Ge].[S].[S].[S].[Sn],[Ge].[Ge].[Ge].[Ge].[S].[S].[S].[S].[S].[S].[S].[S].[S].[S].[S].[S].[Sn].[Sn].[Sn].[Sn],[Sn]1S[Ge]2(S1)S[Ge]1(S2)S[Sn]S1.[Sn]1S[Ge]2(S1)S[Ge]1(S2)S[Sn]S1,20,24,40,0,False,unit_cell_quotient_graph_without_translation_labels,pymatgen_CrystalNN,OpenBabel_canonical_SMILES_single_bonds_no_stereo,needle,nm,gga-static,True,1,P1,456.51992351503134,-4.4196404255,-4.419502704,0.2843,False,4.99343202
Ge1S3Sr1--Ge1S3Sr1_dist_perovskite--nm--gga-relax,Ge1S3Sr1,GeS3Sr,[Ge].[S].[S].[S].[Sr],[Ge].[Ge].[Ge].[Ge].[S].[S].[S].[S].[S].[S].[S].[S].[S].[S].[S].[S].[Sr].[Sr].[Sr].[Sr],[S]12[Ge]34S56[Ge]78S9%10[Sr]%11%12%13%14%151[S]1%164[Sr]4%17%18%1959S53[Sr]39%20%212[S]%11[Ge]%16(S%123[Ge]2(S%139[Sr]6%1015([S]8%18)[S]%192)[S]7%15%17%21)S%144%20,20,46,41,0,False,unit_cell_quotient_graph_without_translation_labels,pymatgen_CrystalNN,OpenBabel_canonical_SMILES_single_bonds_no_stereo,dist_perovskite,nm,gga-relax,True,1,P1,543.4728119265848,-4.7301390445000004,-4.7301390445000004,1.8072,False,2.99925325
Ge1S3Sr1--Ge1S3Sr1_dist_perovskite--nm--gga-static,Ge1S3Sr1,GeS3Sr,[Ge].[S].[S].[S].[Sr],[Ge].[Ge].[Ge].[Ge].[S].[S].[S].[S].[S].[S].[S].[S].[S].[S].[S].[S].[Sr].[Sr].[Sr].[Sr],[S]12[Ge]34S56[Ge]78S9%10[Sr]%11%12%13%14%151[S]1%164[Sr]4%17%18%1959S53[Sr]39%20%212[S]%11[Ge]%16(S%123[Ge]2(S%139[Sr]6%1015([S]8%18)[S]%192)[S]7%15%17%21)S%144%20,20,46,41,0,False,unit_cell_quotient_graph_without_translation_labels,pymatgen_CrystalNN,OpenBabel_canonical_SMILES_single_bonds_no_stereo,dist_perovskite,nm,gga-static,True,1,P1,543.4728119265848,-4.730056242,-4.7301390445000004,1.8072000000000004,False,2.10054638
Ge1S3Sr1--Ge1S3Sr1_hexagonal--nm--gga-relax,Ge1S3Sr1,GeS3Sr,[Ge].[S].[S].[S].[Sr],[Ge].[Ge].[Ge].[Ge].[S].[S].[S].[S].[S].[S].[S].[S].[S].[S].[S].[S].[Sr].[Sr].[Sr].[Sr],[S]12[Ge]34[S]5[Sr]6789S%103[Sr]3%11%12%132S46[Sr]246%145S5%15[Ge]%161[S]3[Sr]135(S7%11%16)[S]%12[Ge]%15(S%1321)[S]%14[Ge]%10([S]84)S963,20,42,28,0,False,unit_cell_quotient_graph_without_translation_labels,pymatgen_CrystalNN,OpenBabel_canonical_SMILES_single_bonds_no_stereo,hexagonal,nm,gga-relax,True,1,P1,555.8963826483141,-4.7497339355,-4.7497339355,1.8378999999999999,True,1.98538858
Ge1S3Sr1--Ge1S3Sr1_hexagonal--nm--gga-static,Ge1S3Sr1,GeS3Sr,[Ge].[S].[S].[S].[Sr],[Ge].[Ge].[Ge].[Ge].[S].[S].[S].[S].[S].[S].[S].[S].[S].[S].[S].[S].[Sr].[Sr].[Sr].[Sr],[S]12[Ge]34[S]5[Sr]6789S%103[Sr]3%11%12%132S46[Sr]246%145S5%15[Ge]%161[S]3[Sr]135(S7%11%16)[S]%12[Ge]%15(S%1321)[S]%14[Ge]%10([S]84)S963,20,42,28,0,False,unit_cell_quotient_graph_without_translation_labels,pymatgen_CrystalNN,OpenBabel_canonical_SMILES_single_bonds_no_stereo,hexagonal,nm,gga-static,True,1,P1,555.8963826483141,-4.7503651865,-4.7497339355,1.8378999999999999,True,1.74053912
Ge1S3Sr1--Ge1S3Sr1_needle--nm--gga-relax,Ge1S3Sr1,GeS3Sr,[Ge].[S].[S].[S].[Sr],[Ge].[Ge].[Ge].[Ge].[S].[S].[S].[S].[S].[S].[S].[S].[S].[S].[S].[S].[Sr].[Sr].[Sr].[Sr],[S]12[Ge]34[S]5[Sr]6781S13[Sr]39%102[S]7[Ge]27S83[Ge]38[S]9[Sr]9%11%12(S%134[Sr]45([S]6[Ge]1%13[S]%114)([S]39)S78%12)[S]%102,20,40,64,0,False,unit_cell_quotient_graph_without_translation_labels,pymatgen_CrystalNN,OpenBabel_canonical_SMILES_single_bonds_no_stereo,needle,nm,gga-relax,True,1,P1,428.3464635186532,-4.649798683,-4.649798683,0.351,False,4.38809041
Ge1S3Sr1--Ge1S3Sr1_needle--nm--gga-static,Ge1S3Sr1,GeS3Sr,[Ge].[S].[S].[S].[Sr],[Ge].[Ge].[Ge].[Ge].[S].[S].[S].[S].[S].[S].[S].[S].[S].[S].[S].[S].[Sr].[Sr].[Sr].[Sr],[S]12[Ge]34[S]5[Sr]6781S13[Sr]39%102[S]7[Ge]27S83[Ge]38[S]9[Sr]9%11%12(S%134[Sr]45([S]6[Ge]1%13[S]%114)([S]39)S78%12)[S]%102,20,40,64,0,False,unit_cell_quotient_graph_without_translation_labels,pymatgen_CrystalNN,OpenBabel_canonical_SMILES_single_bonds_no_stereo,needle,nm,gga-static,True,1,P1,428.3464635186532,-4.6499113780000005,-4.649798683,0.35110000000000063,False,4.38808696
Ge1S3Zn1--Ge1S3Zn1_dist_perovskite--nm--gga-relax,Ge1S3Zn1,GeS3Zn,[Ge].[S].[S].[S].[Zn],[Ge].[Ge].[Ge].[Ge].[S].[S].[S].[S].[S].[S].[S].[S].[S].[S].[S].[S].[Zn].[Zn].[Zn].[Zn],S1[Zn]23[S]4[Zn]56[S]2[Ge]27[S]3[Ge]4([S]62)S[Zn]23[S]4[Ge]61[S]2[Ge]1([S]6[Zn]4(S7)[S]31)S5,20,32,28,0,False,unit_cell_quotient_graph_without_translation_labels,pymatgen_CrystalNN,OpenBabel_canonical_SMILES_single_bonds_no_stereo,dist_perovskite,nm,gga-relax,True,1,P1,450.8737576080631,-4.021638515,-4.021638515,1.6026000000000002,True,2.75792844
Ge1S3Zn1--Ge1S3Zn1_dist_perovskite--nm--gga-static,Ge1S3Zn1,GeS3Zn,[Ge].[S].[S].[S].[Zn],[Ge].[Ge].[Ge].[Ge].[S].[S].[S].[S].[S].[S].[S].[S].[S].[S].[S].[S].[Zn].[Zn].[Zn].[Zn],S1[Zn]23[S]4[Zn]56[S]2[Ge]27[S]3[Ge]4([S]62)S[Zn]23[S]4[Ge]61[S]2[Ge]1([S]6[Zn]4(S7)[S]31)S5,20,32,28,0,False,unit_cell_quotient_graph_without_translation_labels,pymatgen_CrystalNN,OpenBabel_canonical_SMILES_single_bonds_no_stereo,dist_perovskite,nm,gga-static,True,1,P1,450.8737576080631,-4.024780059999999,-4.021638515,1.6028000000000002,True,2.46204798
Ge1S3Zn1--Ge1S3Zn1_hexagonal--nm--gga-relax,Ge1S3Zn1,GeS3Zn,[Ge].[S].[S].[S].[Zn],[Ge].[Ge].[Ge].[Ge].[S].[S].[S].[S].[S].[S].[S].[S].[S].[S].[S].[S].[Zn].[Zn].[Zn].[Zn],S1[Zn]2S[Ge]34[S]2[Zn]25[S]3[Ge]([S]42)(S5)[S]2[Zn]34[S]5[Ge]61S[Zn]15[S]6[Ge]2([S]31)S4,20,31,28,0,False,unit_cell_quotient_graph_without_translation_labels,pymatgen_CrystalNN,OpenBabel_canonical_SMILES_single_bonds_no_stereo,hexagonal,nm,gga-relax,True,1,P1,469.1411090876226,-3.9748670840000004,-3.9748670840000004,1.335,True,2.37560147
Ge1S3Zn1--Ge1S3Zn1_hexagonal--nm--gga-static,Ge1S3Zn1,GeS3Zn,[Ge].[S].[S].[S].[Zn],[Ge].[Ge].[Ge].[Ge].[S].[S].[S].[S].[S].[S].[S].[S].[S].[S].[S].[S].[Zn].[Zn].[Zn].[Zn],S1[Zn]2S[Ge]34[S]2[Zn]25[S]3[Ge]([S]42)(S5)[S]2[Zn]34[S]5[Ge]61S[Zn]15[S]6[Ge]2([S]31)S4,20,31,28,0,False,unit_cell_quotient_graph_without_translation_labels,pymatgen_CrystalNN,OpenBabel_canonical_SMILES_single_bonds_no_stereo,hexagonal,nm,gga-static,True,1,P1,469.1411090876226,-3.9791545194999998,-3.9748670840000004,1.3354000000000004,True,2.21928761
Ge1S3Zn1--Ge1S3Zn1_needle--nm--gga-relax,Ge1S3Zn1,GeS3Zn,[Ge].[S].[S].[S].[Zn],[Ge].[Ge].[Ge].[Ge].[S].[S].[S].[S].[S].[S].[S].[S].[S].[S].[S].[S].[Zn].[Zn].[Zn].[Zn],S1[Zn]2S[Ge]1S[Zn]1S[Ge](S2)S1.S1[Zn]2S[Ge]1S[Zn]1S[Ge](S2)S1,20,24,28,0,False,unit_cell_quotient_graph_without_translation_labels,pymatgen_CrystalNN,OpenBabel_canonical_SMILES_single_bonds_no_stereo,needle,nm,gga-relax,True,1,P1,525.6433100120012,-4.01209326,-4.01209326,1.0100000000000002,True,1.83545565
Ge1S3Zn1--Ge1S3Zn1_needle--nm--gga-static,Ge1S3Zn1,GeS3Zn,[Ge].[S].[S].[S].[Zn],[Ge].[Ge].[Ge].[Ge].[S].[S].[S].[S].[S].[S].[S].[S].[S].[S].[S].[S].[Zn].[Zn].[Zn].[Zn],S1[Zn]2S[Ge]1S[Zn]1S[Ge](S2)S1.S1[Zn]2S[Ge]1S[Zn]1S[Ge](S2)S1,20,24,28,0,False,unit_cell_quotient_graph_without_translation_labels,pymatgen_CrystalNN,OpenBabel_canonical_SMILES_single_bonds_no_stereo,needle,nm,gga-static,True,1,P1,525.6433100120012,-4.015582307,-4.01209326,1.0104,True,1.61839747
Hf1Mg1S3--Hf1Mg1S3_dist_perovskite--nm--gga-relax,Hf1Mg1S3,HfMgS3,[Hf].[Mg].[S].[S].[S],[Hf].[Hf].[Hf].[Hf].[Mg].[Mg].[Mg].[Mg].[S].[S].[S].[S].[S].[S].[S].[S].[S].[S].[S].[S],S123[Mg]4567S89[Mg]%10%11%121S14[Hf]4%1339S39[Hf]%14%1528S7%12[Hf]278%12S5%10[Hf]5%101(S6%112)S1%13[Mg]26%113S%147[Mg]91(S4%152)(S856)S%12%10%11,20,48,46,0,False,unit_cell_quotient_graph_without_translation_labels,pymatgen_CrystalNN,OpenBabel_canonical_SMILES_single_bonds_no_stereo,dist_perovskite,nm,gga-relax,True,1,P1,405.2092407288315,-6.1592590185,-6.1592590185,1.4202000000000004,True,4.16402803
Hf1Mg1S3--Hf1Mg1S3_dist_perovskite--nm--gga-static,Hf1Mg1S3,HfMgS3,[Hf].[Mg].[S].[S].[S],[Hf].[Hf].[Hf].[Hf].[Mg].[Mg].[Mg].[Mg].[S].[S].[S].[S].[S].[S].[S].[S].[S].[S].[S].[S],S123[Mg]4567S89[Mg]%10%11%121S14[Hf]4%1339S39[Hf]%14%1528S7%12[Hf]278%12S5%10[Hf]5%101(S6%112)S1%13[Mg]26%113S%147[Mg]91(S4%152)(S856)S%12%10%11,20,48,46,0,False,unit_cell_quotient_graph_without_translation_labels,pymatgen_CrystalNN,OpenBabel_canonical_SMILES_single_bonds_no_stereo,dist_perovskite,nm,gga-static,True,1,P1,405.2092407288315,-6.1593383325,-6.1592590185,1.4202000000000004,True,3.94709363
Hf1Mg1S3--Hf1Mg1S3_hexagonal--nm--gga-relax,Hf1Mg1S3,HfMgS3,[Hf].[Mg].[S].[S].[S],[Hf].[Hf].[Hf].[Hf].[Mg].[Mg].[Mg].[Mg].[S].[S].[S].[S].[S].[S].[S].[S].[S].[S].[S].[S],S123[Mg]4567S89[Mg]%10%11%121S14[Hf]4%1328S5%10[Hf]25(S6%114)(S7%12%13)S46[Mg]78%10%11S%12%13[Hf]%14391S17[Mg]374%12S8%14[Hf]6%131(S2%103)S5%117,20,48,46,0,False,unit_cell_quotient_graph_without_translation_labels,pymatgen_CrystalNN,OpenBabel_canonical_SMILES_single_bonds_no_stereo,hexagonal,nm,gga-relax,True,1,P1,430.2979737678564,-6.217912433,-6.217912433,1.6927999999999996,True,3.08756532
Hf1Mg1S3--Hf1Mg1S3_hexagonal--nm--gga-static,Hf1Mg1S3,HfMgS3,[Hf].[Mg].[S].[S].[S],[Hf].[Hf].[Hf].[Hf].[Mg].[Mg].[Mg].[Mg].[S].[S].[S].[S].[S].[S].[S].[S].[S].[S].[S].[S],S123[Mg]4567S89[Mg]%10%11%121S14[Hf]4%1328S5%10[Hf]25(S6%114)(S7%12%13)S46[Mg]78%10%11S%12%13[Hf]%14391S17[Mg]374%12S8%14[Hf]6%131(S2%103)S5%117,20,48,46,0,False,unit_cell_quotient_graph_without_translation_labels,pymatgen_CrystalNN,OpenBabel_canonical_SMILES_single_bonds_no_stereo,hexagonal,nm,gga-static,True,1,P1,430.2979737678564,-6.2169409815000005,-6.217912433,1.6927000000000003,True,2.89073563
Hf1Mg1S3--Hf1Mg1S3_needle--nm--gga-relax,Hf1Mg1S3,HfMgS3,[Hf].[Mg].[S].[S].[S],[Hf].[Hf].[Hf].[Hf].[Mg].[Mg].[Mg].[Mg].[S].[S].[S].[S].[S].[S].[S].[S].[S].[S].[S].[S],S1[Mg]23[S]4[Hf]51[S]1[Hf]67[S]2[Mg]4(S7)[S]2[Hf]47[S]3[Hf]32S[Mg]21[S]7[Mg]([S]56)(S4)[S]32,20,32,52,0,False,unit_cell_quotient_graph_without_translation_labels,pymatgen_CrystalNN,OpenBabel_canonical_SMILES_single_bonds_no_stereo,needle,nm,gga-relax,True,4,P2_1,417.83537236149573,-6.189251733,-6.189251733,0.8821999999999997,False,3.8253775
Hf1Mg1S3--Hf1Mg1S3_needle--nm--gga-static,Hf1Mg1S3,HfMgS3,[Hf].[Mg].[S].[S].[S],[Hf].[Hf].[Hf].[Hf].[Mg].[Mg].[Mg].[Mg].[S].[S].[S].[S].[S].[S].[S].[S].[S].[S].[S].[S],S1[Mg]23[S]4[Hf]51[S]1[Hf]67[S]2[Mg]4(S7)[S]2[Hf]47[S]3[Hf]32S[Mg]21[S]7[Mg]([S]56)(S4)[S]32,20,32,52,0,False,unit_cell_quotient_graph_without_translation_labels,pymatgen_CrystalNN,OpenBabel_canonical_SMILES_single_bonds_no_stereo,needle,nm,gga-static,True,4,P2_1,417.83537236149573,-6.188926555,-6.189251733,0.8864999999999998,False,3.59866727
Hf1Pb1S3--Hf1Pb1S3_dist_perovskite--nm--gga-relax,Hf1Pb1S3,HfPbS3,[Hf].[Pb].[S].[S].[S],[Hf].[Hf].[Hf].[Hf].[Pb].[Pb].[Pb].[Pb].[S].[S].[S].[S].[S].[S].[S].[S].[S].[S].[S].[S],S123[Hf]4567S89[Hf]%10%11%121S16[Pb]6%13%14%15S%165[Hf]5%17%18%19S%204[Pb]4%2128S2%12[Pb]839%20S54[Hf]342(S%11%13[Pb]1%16(S7%106)(S%14%183)S%15%194)S%17%218,20,48,48,0,False,unit_cell_quotient_graph_without_translation_labels,pymatgen_CrystalNN,OpenBabel_canonical_SMILES_single_bonds_no_stereo,dist_perovskite,nm,gga-relax,True,1,P1,465.7210350260127,-6.290266743,-6.290266743,1.0599999999999996,False,4.77533726
Hf1Pb1S3--Hf1Pb1S3_dist_perovskite--nm--gga-static,Hf1Pb1S3,HfPbS3,[Hf].[Pb].[S].[S].[S],[Hf].[Hf].[Hf].[Hf].[Pb].[Pb].[Pb].[Pb].[S].[S].[S].[S].[S].[S].[S].[S].[S].[S].[S].[S],S123[Hf]4567S89[Hf]%10%11%121S16[Pb]6%13%14%15S%165[Hf]5%17%18%19S%204[Pb]4%2128S2%12[Pb]839%20S54[Hf]342(S%11%13[Pb]1%16(S7%106)(S%14%183)S%15%194)S%17%218,20,48,48,0,False,unit_cell_quotient_graph_without_translation_labels,pymatgen_CrystalNN,OpenBabel_canonical_SMILES_single_bonds_no_stereo,dist_perovskite,nm,gga-static,True,1,P1,465.7210350260127,-6.2903835785,-6.290266743,1.0599999999999996,False,4.51145709
Hf1Pb1S3--Hf1Pb1S3_hexagonal--nm--gga-relax,Hf1Pb1S3,HfPbS3,[Hf].[Pb].[S].[S].[S],[Hf].[Hf].[Hf].[Hf].[Pb].[Pb].[Pb].[Pb].[S].[S].[S].[S].[S].[S].[S].[S].[S].[S].[S].[S],S123[Hf]4567S89[Hf]%10%11%121S14[Pb]4%1328S2%10[Hf]8%10%14%15S%114[Pb]4%112(S%12%138)S2%10[Hf]8%10%12%13S%165[Pb]5391S68[Pb]2%16(S7%105)(S%144%12)S%15%11%13,20,48,40,0,False,unit_cell_quotient_graph_without_translation_labels,pymatgen_CrystalNN,OpenBabel_canonical_SMILES_single_bonds_no_stereo,hexagonal,nm,gga-relax,True,1,P1,508.5361214364224,-6.2805543135,-6.2805543135,1.3621000000000003,False,3.81778936
Hf1Pb1S3--Hf1Pb1S3_hexagonal--nm--gga-static,Hf1Pb1S3,HfPbS3,[Hf].[Pb].[S].[S].[S],[Hf].[Hf].[Hf].[Hf].[Pb].[Pb].[Pb].[Pb].[S].[S].[S].[S].[S].[S].[S].[S].[S].[S].[S].[S],S123[Hf]4567S89[Hf]%10%11%121S14[Pb]4%1328S2%10[Hf]8%10%14%15S%114[Pb]4%112(S%12%138)S2%10[Hf]8%10%12%13S%165[Pb]5391S68[Pb]2%16(S7%105)(S%144%12)S%15%11%13,20,48,40,0,False,unit_cell_quotient_graph_without_translation_labels,pymatgen_CrystalNN,OpenBabel_canonical_SMILES_single_bonds_no_stereo,hexagonal,nm,gga-static,True,1,P1,508.5361214364224,-6.2809658355,-6.2805543135,1.3619999999999997,False,3.61103063
Hf1Pb1S3--Hf1Pb1S3_needle--nm--gga-relax,Hf1Pb1S3,HfPbS3,[Hf].[Pb].[S].[S].[S],[Hf].[Hf].[Hf].[Hf].[Pb].[Pb].[Pb].[Pb].[S].[S].[S].[S].[S].[S].[S].[S].[S].[S].[S].[S],S1[Pb]2S[Hf]31[S]1[Pb]4S[Hf]5([S]2[Hf]26S[Pb]([S]3[Hf]31S[Pb]([S]56)S3)S2)S4,20,28,40,0,False,unit_cell_quotient_graph_without_translation_labels,pymatgen_CrystalNN,OpenBabel_canonical_SMILES_single_bonds_no_stereo,needle,nm,gga-relax,True,1,P1,495.52010644139966,-6.334449085499999,-6.334449085499999,1.4832999999999998,False,3.99220848
Hf1Pb1S3--Hf1Pb1S3_needle--nm--gga-static,Hf1Pb1S3,HfPbS3,[Hf].[Pb].[S].[S].[S],[Hf].[Hf].[Hf].[Hf].[Pb].[Pb].[Pb].[Pb].[S].[S].[S].[S].[S].[S].[S].[S].[S].[S].[S].[S],S1[Pb]2S[Hf]31[S]1[Pb]4S[Hf]5([S]2[Hf]26S[Pb]([S]3[Hf]31S[Pb]([S]56)S3)S2)S4,20,28,40,0,False,unit_cell_quotient_graph_without_translation_labels,pymatgen_CrystalNN,OpenBabel_canonical_SMILES_single_bonds_no_stereo,needle,nm,gga-static,True,1,P1,495.52010644139966,-6.334658913,-6.334449085499999,1.4833000000000003,False,3.71223529
Hf1S3Sn1--Hf1S3Sn1_dist_perovskite--nm--gga-relax,Hf1S3Sn1,HfS3Sn,[Hf].[S].[S].[S].[Sn],[Hf].[Hf].[Hf].[Hf].[S].[S].[S].[S].[S].[S].[S].[S].[S].[S].[S].[S].[Sn].[Sn].[Sn].[Sn],[S]12[Sn]34[S]5[Hf]6789S%104[Hf]4%11%121[S]1[Hf]%13%14%152S23[Hf]3%165(S5%15[Sn]([S]4%13)(S6%12[Sn]5([S]%11%14)[S]73)[S]8%16)[S]9[Sn]%1012,20,40,48,0,False,unit_cell_quotient_graph_without_translation_labels,pymatgen_CrystalNN,OpenBabel_canonical_SMILES_single_bonds_no_stereo,dist_perovskite,nm,gga-relax,True,1,P1,452.3008227581763,-6.277521924,-6.277521924,0.7547000000000006,False,5.2400977
Hf1S3Sn1--Hf1S3Sn1_dist_perovskite--nm--gga-static,Hf1S3Sn1,HfS3Sn,[Hf].[S].[S].[S].[Sn],[Hf].[Hf].[Hf].[Hf].[S].[S].[S].[S].[S].[S].[S].[S].[S].[S].[S].[S].[Sn].[Sn].[Sn].[Sn],[S]12[Sn]34[S]5[Hf]6789S%104[Hf]4%11%121[S]1[Hf]%13%14%152S23[Hf]3%165(S5%15[Sn]([S]4%13)(S6%12[Sn]5([S]%11%14)[S]73)[S]8%16)[S]9[Sn]%1012,20,40,48,0,False,unit_cell_quotient_graph_without_translation_labels,pymatgen_CrystalNN,OpenBabel_canonical_SMILES_single_bonds_no_stereo,dist_perovskite,nm,gga-static,True,1,P1,452.3008227581763,-6.2776266849999995,-6.277521924,0.7548000000000004,False,5.04241628
Hf1S3Sn1--Hf1S3Sn1_hexagonal--nm--gga-relax,Hf1S3Sn1,HfS3Sn,[Hf].[S].[S].[S].[Sn],[Hf].[Hf].[Hf].[Hf].[S].[S].[S].[S].[S].[S].[S].[S].[S].[S].[S].[S].[Sn].[Sn].[Sn].[Sn],S1[Hf]2345[S]6[Sn]78S94[Hf]4%10%116[S]657[Sn]59[S]2[Hf]2791S35[Sn]1[S]7[Hf]3(S2)([S]91)([S]84)[S]%10[Sn]6[S]%113,20,38,28,0,False,unit_cell_quotient_graph_without_translation_labels,pymatgen_CrystalNN,OpenBabel_canonical_SMILES_single_bonds_no_stereo,hexagonal,nm,gga-relax,True,1,P1,509.57241770447365,-6.254986941,-6.254986941,1.1801000000000004,False,3.75463919
Hf1S3Sn1--Hf1S3Sn1_hexagonal--nm--gga-static,Hf1S3Sn1,HfS3Sn,[Hf].[S].[S].[S].[Sn],[Hf].[Hf].[Hf].[Hf].[S].[S].[S].[S].[S].[S].[S].[S].[S].[S].[S].[S].[Sn].[Sn].[Sn].[Sn],S1[Hf]2345[S]6[Sn]78S94[Hf]4%10%116[S]657[Sn]59[S]2[Hf]2791S35[Sn]1[S]7[Hf]3(S2)([S]91)([S]84)[S]%10[Sn]6[S]%113,20,38,28,0,False,unit_cell_quotient_graph_without_translation_labels,pymatgen_CrystalNN,OpenBabel_canonical_SMILES_single_bonds_no_stereo,hexagonal,nm,gga-static,True,1,P1,509.57241770447365,-6.2554963945,-6.254986941,1.1802000000000001,False,3.54837788
Hf1S3Sn1--Hf1S3Sn1_needle--nm--gga-relax,Hf1S3Sn1,HfS3Sn,[Hf].[S].[S].[S].[Sn],[Hf].[Hf].[Hf].[Hf].[S].[S].[S].[S].[S].[S].[S].[S].[S].[S].[S].[S].[Sn].[Sn].[Sn].[Sn],[Sn]1S[Hf]2(S1)S[Hf]1(S2)S[Sn]S1.[Sn]1S[Hf]2(S1)S[Hf]1(S2)S[Sn]S1,20,24,40,0,False,unit_cell_quotient_graph_without_translation_labels,pymatgen_CrystalNN,OpenBabel_canonical_SMILES_single_bonds_no_stereo,needle,nm,gga-relax,True,1,P1,502.5392079713238,-6.367483737500001,-6.367483737500001,1.2061999999999995,False,3.95271056
Hf1S3Sn1--Hf1S3Sn1_needle--nm--gga-static,Hf1S3Sn1,HfS3Sn,[Hf].[S].[S].[S].[Sn],[Hf].[Hf].[Hf].[Hf].[S].[S].[S].[S].[S].[S].[S].[S].[S].[S].[S].[S].[Sn].[Sn].[Sn].[Sn],[Sn]1S[Hf]2(S1)S[Hf]1(S2)S[Sn]S1.[Sn]1S[Hf]2(S1)S[Hf]1(S2)S[Sn]S1,20,24,40,0,False,unit_cell_quotient_graph_without_translation_labels,pymatgen_CrystalNN,OpenBabel_canonical_SMILES_single_bonds_no_stereo,needle,nm,gga-static,True,1,P1,502.5392079713238,-6.3676618405,-6.367483737500001,1.2063999999999995,False,3.67487799
Hf1S3Sr1--Hf1S3Sr1_dist_perovskite--nm--gga-relax,Hf1S3Sr1,HfS3Sr,[Hf].[S].[S].[S].[Sr],[Hf].[Hf].[Hf].[Hf].[S].[S].[S].[S].[S].[S].[S].[S].[S].[S].[S].[S].[Sr].[Sr].[Sr].[Sr],S123[Hf]4567S89[Hf]%10%11%121[S]1%13%14[Sr]%15%16%17%18%193[S]3%204[Sr]4%21%22%2381[S]185[Sr]5%24%25%26%272[S]26%15[Sr]6%159%1331[S]%10%21%24[Hf]1%14([S]%11%17%256)([S]%12%18%22%26)S%19%27[Hf]%2082([S]7%1645)S%23%151,20,56,58,0,False,unit_cell_quotient_graph_without_translation_labels,pymatgen_CrystalNN,OpenBabel_canonical_SMILES_single_bonds_no_stereo,dist_perovskite,nm,gga-relax,True,1,P1,469.42055322733063,-6.6043552435,-6.6043552435,1.5015000000000005,True,3.25887727
Hf1S3Sr1--Hf1S3Sr1_dist_perovskite--nm--gga-static,Hf1S3Sr1,HfS3Sr,[Hf].[S].[S].[S].[Sr],[Hf].[Hf].[Hf].[Hf].[S].[S].[S].[S].[S].[S].[S].[S].[S].[S].[S].[S].[Sr].[Sr].[Sr].[Sr],S123[Hf]4567S89[Hf]%10%11%121[S]1%13%14[Sr]%15%16%17%18%193[S]3%204[Sr]4%21%22%2381[S]185[Sr]5%24%25%26%272[S]26%15[Sr]6%159%1331[S]%10%21%24[Hf]1%14([S]%11%17%256)([S]%12%18%22%26)S%19%27[Hf]%2082([S]7%1645)S%23%151,20,56,58,0,False,unit_cell_quotient_graph_without_translation_labels,pymatgen_CrystalNN,OpenBabel_canonical_SMILES_single_bonds_no_stereo,dist_perovskite,nm,gga-static,True,1,P1,469.42055322733063,-6.604423280000001,-6.6043552435,1.5015,True,3.07220131
Hf1S3Sr1--Hf1S3Sr1_hexagonal--nm--gga-relax,Hf1S3Sr1,HfS3Sr,[Hf].[S].[S].[S].[Sr],[Hf].[Hf].[Hf].[Hf].[S].[S].[S].[S].[S].[S].[S].[S].[S].[S].[S].[S].[Sr].[Sr].[Sr].[Sr],[Sr]123456S78[Hf]9%10%11%12S%133[Sr]3%14%15%16%17S49[Hf]49%187S71[Sr]1%19%208(S24[Hf]2487S%181[Sr]17%18%21[S]5%103[Hf]%13(S%12%151)(S%1927)([S]%16%204%18)S%178%21)[S]6%11%149,20,51,48,0,False,unit_cell_quotient_graph_without_translation_labels,pymatgen_CrystalNN,OpenBabel_canonical_SMILES_single_bonds_no_stereo,hexagonal,nm,gga-relax,True,1,P1,495.2713304085199,-6.5590843085,-6.5590843085,1.3719999999999999,True,3.02956643
Hf1S3Sr1--Hf1S3Sr1_hexagonal--nm--gga-static,Hf1S3Sr1,HfS3Sr,[Hf].[S].[S].[S].[Sr],[Hf].[Hf].[Hf].[Hf].[S].[S].[S].[S].[S].[S].[S].[S].[S].[S].[S].[S].[Sr].[Sr].[Sr].[Sr],[Sr]123456S78[Hf]9%10%11%12S%133[Sr]3%14%15%16%17S49[Hf]49%187S71[Sr]1%19%208(S24[Hf]2487S%181[Sr]17%18%21[S]5%103[Hf]%13(S%12%151)(S%1927)([S]%16%204%18)S%178%21)[S]6%11%149,20,51,48,0,False,unit_cell_quotient_graph_without_translation_labels,pymatgen_CrystalNN,OpenBabel_canonical_SMILES_single_bonds_no_stereo,hexagonal,nm,gga-static,True,1,P1,495.2713304085199,-6.5592009099999995,-6.5590843085,1.3719999999999999,True,2.76799752
Hf1S3Sr1--Hf1S3Sr1_needle--nm--gga-relax,Hf1S3Sr1,HfS3Sr,[Hf].[S].[S].[S].[Sr],[Hf].[Hf].[Hf].[Hf].[S].[S].[S].[S].[S].[S].[S].[S].[S].[S].[S].[S].[Sr].[Sr].[Sr].[Sr],[S]12[Hf]34[S]5[Hf]61[S]1[Sr]789[S]3[Sr]3%105[S]5[Sr]%11%122[S]6[Sr]21([S]47)[S]%11[Hf]15[S]9[Hf]([S]3%12)([S]8%10)[S]21,20,36,64,0,False,unit_cell_quotient_graph_without_translation_labels,pymatgen_CrystalNN,OpenBabel_canonical_SMILES_single_bonds_no_stereo,needle,nm,gga-relax,True,1,P1,459.12101948650155,-6.606064073000001,-6.606064073000001,0.7155999999999998,True,3.95766778
Hf1S3Sr1--Hf1S3Sr1_needle--nm--gga-static,Hf1S3Sr1,HfS3Sr,[Hf].[S].[S].[S].[Sr],[Hf].[Hf].[Hf].[Hf].[S].[S].[S].[S].[S].[S].[S].[S].[S].[S].[S].[S].[Sr].[Sr].[Sr].[Sr],[S]12[Hf]34[S]5[Hf]61[S]1[Sr]789[S]3[Sr]3%105[S]5[Sr]%11%122[S]6[Sr]21([S]47)[S]%11[Hf]15[S]9[Hf]([S]3%12)([S]8%10)[S]21,20,36,64,0,False,unit_cell_quotient_graph_without_translation_labels,pymatgen_CrystalNN,OpenBabel_canonical_SMILES_single_bonds_no_stereo,needle,nm,gga-static,True,1,P1,459.12101948650155,-6.606117095499999,-6.606064073000001,0.7155999999999998,True,3.74023073
Hf1S3Zn1--Hf1S3Zn1_dist_perovskite--nm--gga-relax,Hf1S3Zn1,HfS3Zn,[Hf].[S].[S].[S].[Zn],[Hf].[Hf].[Hf].[Hf].[S].[S].[S].[S].[S].[S].[S].[S].[S].[S].[S].[S].[Zn].[Zn].[Zn].[Zn],[S]12[Zn]34[S]5[Hf]6789S%104[Hf]4%11%121[S]1[Hf]%13%14%152S23[Hf]3%165(S5%15[Zn]([S]4%13)(S6%12[Zn]5([S]%11%14)[S]73)[S]8%16)[S]9[Zn]%1012,20,40,44,0,False,unit_cell_quotient_graph_without_translation_labels,pymatgen_CrystalNN,OpenBabel_canonical_SMILES_single_bonds_no_stereo,dist_perovskite,nm,gga-relax,True,1,P1,401.8167484311776,-5.7365999285000004,-5.7365999285000004,0.7900999999999998,False,4.3734748
Hf1S3Zn1--Hf1S3Zn1_dist_perovskite--nm--gga-static,Hf1S3Zn1,HfS3Zn,[Hf].[S].[S].[S].[Zn],[Hf].[Hf].[Hf].[Hf].[S].[S].[S].[S].[S].[S].[S].[S].[S].[S].[S].[S].[Zn].[Zn].[Zn].[Zn],[S]12[Zn]34[S]5[Hf]6789S%104[Hf]4%11%121[S]1[Hf]%13%14%152S23[Hf]3%165(S5%15[Zn]([S]4%13)(S6%12[Zn]5([S]%11%14)[S]73)[S]8%16)[S]9[Zn]%1012,20,40,44,0,False,unit_cell_quotient_graph_without_translation_labels,pymatgen_CrystalNN,OpenBabel_canonical_SMILES_single_bonds_no_stereo,dist_perovskite,nm,gga-static,True,1,P1,401.8167484311776,-5.736689521000001,-5.7365999285000004,0.7900999999999998,False,4.12643567
Hf1S3Zn1--Hf1S3Zn1_hexagonal--nm--gga-relax,Hf1S3Zn1,HfS3Zn,[Hf].[S].[S].[S].[Zn],[Hf].[Hf].[Hf].[Hf].[S].[S].[S].[S].[S].[S].[S].[S].[S].[S].[S].[S].[Zn].[Zn].[Zn].[Zn],[Zn]12[S]3[Hf]4567[S]1[Hf]183([S]24)[S]2[Zn]3[S]1[Hf]142([S]83)[S]2[Hf]389([S]5[Zn]([S]63)[S]78)[S]1[Zn]2[S]49,20,36,28,0,False,unit_cell_quotient_graph_without_translation_labels,pymatgen_CrystalNN,OpenBabel_canonical_SMILES_single_bonds_no_stereo,hexagonal,nm,gga-relax,True,1,P1,453.5775436651104,-5.747265623500001,-5.747265623500001,1.3792,True,2.87871368
Hf1S3Zn1--Hf1S3Zn1_hexagonal--nm--gga-static,Hf1S3Zn1,HfS3Zn,[Hf].[S].[S].[S].[Zn],[Hf].[Hf].[Hf].[Hf].[S].[S].[S].[S].[S].[S].[S].[S].[S].[S].[S].[S].[Zn].[Zn].[Zn].[Zn],[Zn]12[S]3[Hf]4567[S]1[Hf]183([S]24)[S]2[Zn]3[S]1[Hf]142([S]83)[S]2[Hf]389([S]5[Zn]([S]63)[S]78)[S]1[Zn]2[S]49,20,36,28,0,False,unit_cell_quotient_graph_without_translation_labels,pymatgen_CrystalNN,OpenBabel_canonical_SMILES_single_bonds_no_stereo,hexagonal,nm,gga-static,True,1,P1,453.5775436651104,-5.747182482,-5.747265623500001,1.3790999999999998,True,2.61201938
Hf1S3Zn1--Hf1S3Zn1_needle--nm--gga-relax,Hf1S3Zn1,HfS3Zn,[Hf].[S].[S].[S].[Zn],[Hf].[Hf].[Hf].[Hf].[S].[S].[S].[S].[S].[S].[S].[S].[S].[S].[S].[S].[Zn].[Zn].[Zn].[Zn],[S][Hf]12S[Zn][S]3[Hf]4(S[Zn][S]2[Hf]2([S]1[Zn]S[Hf]3([S]4[Zn]S2)[S])[S])[S],20,24,40,0,False,unit_cell_quotient_graph_without_translation_labels,pymatgen_CrystalNN,OpenBabel_canonical_SMILES_single_bonds_no_stereo,needle,nm,gga-relax,True,1,P1,507.46029084375544,-5.807669156,-5.807669156,2.157,False,1.60345588
Hf1S3Zn1--Hf1S3Zn1_needle--nm--gga-static,Hf1S3Zn1,HfS3Zn,[Hf].[S].[S].[S].[Zn],[Hf].[Hf].[Hf].[Hf].[S].[S].[S].[S].[S].[S].[S].[S].[S].[S].[S].[S].[Zn].[Zn].[Zn].[Zn],[S][Hf]12S[Zn][S]3[Hf]4(S[Zn][S]2[Hf]2([S]1[Zn]S[Hf]3([S]4[Zn]S2)[S])[S])[S],20,24,40,0,False,unit_cell_quotient_graph_without_translation_labels,pymatgen_CrystalNN,OpenBabel_canonical_SMILES_single_bonds_no_stereo,needle,nm,gga-static,True,1,P1,507.46029084375544,-5.80786014,-5.807669156,2.1583,True,1.33037523
Mg1Nb1S3--Mg1Nb1S3_dist_perovskite--fm--gga-relax,Mg1Nb1S3,MgNbS3,[Mg].[Nb].[S].[S].[S],[Mg].[Mg].[Mg].[Mg].[Nb].[Nb].[Nb].[Nb].[S].[S].[S].[S].[S].[S].[S].[S].[S].[S].[S].[S],S123[Mg]4567S89[Mg]%10%11%121S14[Nb]4%1339S39[Nb]%14%1528S7%12[Nb]278%12S5%10[Nb]5%101(S6%112)S1%13[Mg]26%113S%147[Mg]91(S4%152)(S856)S%12%10%11,20,48,44,0,False,unit_cell_quotient_graph_without_translation_labels,pymatgen_CrystalNN,OpenBabel_canonical_SMILES_single_bonds_no_stereo,dist_perovskite,fm,gga-relax,True,1,P1,381.7831338721782,-5.7595602894999995,-5.7595602894999995,0.0032999999999994145,False,5.0523244
Mg1Nb1S3--Mg1Nb1S3_dist_perovskite--fm--gga-static,Mg1Nb1S3,MgNbS3,[Mg].[Nb].[S].[S].[S],[Mg].[Mg].[Mg].[Mg].[Nb].[Nb].[Nb].[Nb].[S].[S].[S].[S].[S].[S].[S].[S].[S].[S].[S].[S],S123[Mg]4567S89[Mg]%10%11%121S14[Nb]4%1339S39[Nb]%14%1528S7%12[Nb]278%12S5%10[Nb]5%101(S6%112)S1%13[Mg]26%113S%147[Mg]91(S4%152)(S856)S%12%10%11,20,48,44,0,False,unit_cell_quotient_graph_without_translation_labels,pymatgen_CrystalNN,OpenBabel_canonical_SMILES_single_bonds_no_stereo,dist_perovskite,fm,gga-static,True,1,P1,381.7831338721782,-5.7589964895,-5.7595602894999995,0,False,5.06389316
Mg1Nb1S3--Mg1Nb1S3_hexagonal--fm--gga-relax,Mg1Nb1S3,MgNbS3,[Mg].[Nb].[S].[S].[S],[Mg].[Mg].[Mg].[Mg].[Nb].[Nb].[Nb].[Nb].[S].[S].[S].[S].[S].[S].[S].[S].[S].[S].[S].[S],[S]12[Nb]3456[S]7[Nb]89%101[S]3[Mg]127S24[Nb]347%11S51[Mg]152S63[Mg]236S%12%10[Nb]%10%13([S]8[Mg]%12([S]9%10)[S]%1156%13)([S]42)S713,20,43,34,0,False,unit_cell_quotient_graph_without_translation_labels,pymatgen_CrystalNN,OpenBabel_canonical_SMILES_single_bonds_no_stereo,hexagonal,fm,gga-relax,True,1,P1,447.40735128253016,-5.7517228715,-5.7517228715,0.022299999999999986,False,3.50607772
Mg1Nb1S3--Mg1Nb1S3_hexagonal--fm--gga-static,Mg1Nb1S3,MgNbS3,[Mg].[Nb].[S].[S].[S],[Mg].[Mg].[Mg].[Mg].[Nb].[Nb].[Nb].[Nb].[S].[S].[S].[S].[S].[S].[S].[S].[S].[S].[S].[S],[S]12[Nb]3456[S]7[Nb]89%101[S]3[Mg]127S24[Nb]347%11S51[Mg]152S63[Mg]236S%12%10[Nb]%10%13([S]8[Mg]%12([S]9%10)[S]%1156%13)([S]42)S713,20,43,34,0,False,unit_cell_quotient_graph_without_translation_labels,pymatgen_CrystalNN,OpenBabel_canonical_SMILES_single_bonds_no_stereo,hexagonal,fm,gga-static,True,1,P1,447.40735128253016,-5.752827476,-5.7517228715,0.02519999999999989,False,3.50488657
Mg1Nb1S3--Mg1Nb1S3_needle--fm--gga-relax,Mg1Nb1S3,MgNbS3,[Mg].[Nb].[S].[S].[S],[Mg].[Mg].[Mg].[Mg].[Nb].[Nb].[Nb].[Nb].[S].[S].[S].[S].[S].[S].[S].[S].[S].[S].[S].[S],S1[Mg]2[S]3[Nb]41S[Nb]1([S]2[Mg]3S1)S4.S1[Mg]2[S]3[Nb]41S[Nb]1([S]2[Mg]3S1)S4,20,28,52,0,False,unit_cell_quotient_graph_without_translation_labels,pymatgen_CrystalNN,OpenBabel_canonical_SMILES_single_bonds_no_stereo,needle,fm,gga-relax,True,1,P1,438.983539884711,-5.7842194265,-5.7842194265,0.03929999999999989,False,3.35976514
Mg1Nb1S3--Mg1Nb1S3_needle--fm--gga-static,Mg1Nb1S3,MgNbS3,[Mg].[Nb].[S].[S].[S],[Mg].[Mg].[Mg].[Mg].[Nb].[Nb].[Nb].[Nb].[S].[S].[S].[S].[S].[S].[S].[S].[S].[S].[S].[S],S1[Mg]2[S]3[Nb]41S[Nb]1([S]2[Mg]3S1)S4.S1[Mg]2[S]3[Nb]41S[Nb]1([S]2[Mg]3S1)S4,20,28,52,0,False,unit_cell_quotient_graph_without_translation_labels,pymatgen_CrystalNN,OpenBabel_canonical_SMILES_single_bonds_no_stereo,needle,fm,gga-static,True,1,P1,438.983539884711,-5.784429214,-5.7842194265,0.039200000000000124,False,3.35708983
Mg1Pb1S3--Mg1Pb1S3_dist_perovskite--nm--gga-relax,Mg1Pb1S3,MgPbS3,[Mg].[Pb].[S].[S].[S],[Mg].[Mg].[Mg].[Mg].[Pb].[Pb].[Pb].[Pb].[S].[S].[S].[S].[S].[S].[S].[S].[S].[S].[S].[S],S123[Mg]4567S89[Mg]%10%11%121S15[Pb]5%1339S34[Pb]4928S7%10[Pb]278%10S%146[Mg]6%15%163S97[Mg]379(S%112[Pb]1%14(S%1363)(S8%157)S%10%169)S%1254,20,48,52,0,False,unit_cell_quotient_graph_without_translation_labels,pymatgen_CrystalNN,OpenBabel_canonical_SMILES_single_bonds_no_stereo,dist_perovskite,nm,gga-relax,True,1,P1,446.0280302235318,-3.9948054875,-3.9948054875,0.5569999999999999,False,3.88632494
Mg1Pb1S3--Mg1Pb1S3_dist_perovskite--nm--gga-static,Mg1Pb1S3,MgPbS3,[Mg].[Pb].[S].[S].[S],[Mg].[Mg].[Mg].[Mg].[Pb].[Pb].[Pb].[Pb].[S].[S].[S].[S].[S].[S].[S].[S].[S].[S].[S].[S],S123[Mg]4567S89[Mg]%10%11%121S15[Pb]5%1339S34[Pb]4928S7%10[Pb]278%10S%146[Mg]6%15%163S97[Mg]379(S%112[Pb]1%14(S%1363)(S8%157)S%10%169)S%1254,20,48,52,0,False,unit_cell_quotient_graph_without_translation_labels,pymatgen_CrystalNN,OpenBabel_canonical_SMILES_single_bonds_no_stereo,dist_perovskite,nm,gga-static,True,1,P1,446.0280302235318,-3.994748601,-3.9948054875,0.5569999999999999,False,3.74832599
Mg1Pb1S3--Mg1Pb1S3_hexagonal--nm--gga-relax,Mg1Pb1S3,MgPbS3,[Mg].[Pb].[S].[S].[S],[Mg].[Mg].[Mg].[Mg].[Pb].[Pb].[Pb].[Pb].[S].[S].[S].[S].[S].[S].[S].[S].[S].[S].[S].[S],S123[Mg]4567S89[Mg]%10%11%121S14[Pb]4%1328S2%10[Mg]8%10%14%15S%114[Pb]4%112(S%12%138)S2%10[Mg]8%10%12%13S%165[Pb]5391S68[Pb]2%16(S7%105)(S%144%12)S%15%11%13,20,48,44,0,False,unit_cell_quotient_graph_without_translation_labels,pymatgen_CrystalNN,OpenBabel_canonical_SMILES_single_bonds_no_stereo,hexagonal,nm,gga-relax,True,1,P1,463.2009799203314,-3.9665899285000004,-3.9665899285000004,0.3140999999999998,True,3.50121912
Mg1Pb1S3--Mg1Pb1S3_hexagonal--nm--gga-static,Mg1Pb1S3,MgPbS3,[Mg].[Pb].[S].[S].[S],[Mg].[Mg].[Mg].[Mg].[Pb].[Pb].[Pb].[Pb].[S].[S].[S].[S].[S].[S].[S].[S].[S].[S].[S].[S],S123[Mg]4567S89[Mg]%10%11%121S14[Pb]4%1328S2%10[Mg]8%10%14%15S%114[Pb]4%112(S%12%138)S2%10[Mg]8%10%12%13S%165[Pb]5391S68[Pb]2%16(S7%105)(S%144%12)S%15%11%13,20,48,44,0,False,unit_cell_quotient_graph_without_translation_labels,pymatgen_CrystalNN,OpenBabel_canonical_SMILES_single_bonds_no_stereo,hexagonal,nm,gga-static,True,1,P1,463.2009799203314,-3.966788699,-3.9665899285000004,0.31400000000000006,True,3.50086529
Mg1Pb1S3--Mg1Pb1S3_needle--nm--gga-relax,Mg1Pb1S3,MgPbS3,[Mg].[Pb].[S].[S].[S],[Mg].[Mg].[Mg].[Mg].[Pb].[Pb].[Pb].[Pb].[S].[S].[S].[S].[S].[S].[S].[S].[S].[S].[S].[S],S1[Mg]23[S]4[Pb]51[S]1[Pb]67[S]2[Mg]4(S7)[S]2[Pb]47[S]3[Pb]32S[Mg]21[S]7[Mg]([S]56)(S4)[S]32,20,32,56,0,False,unit_cell_quotient_graph_without_translation_labels,pymatgen_CrystalNN,OpenBabel_canonical_SMILES_single_bonds_no_stereo,needle,nm,gga-relax,True,1,P1,456.730998641513,-3.933119613,-3.933119613,0.011500000000000288,False,3.75380419
Mg1Pb1S3--Mg1Pb1S3_needle--nm--gga-static,Mg1Pb1S3,MgPbS3,[Mg].[Pb].[S].[S].[S],[Mg].[Mg].[Mg].[Mg].[Pb].[Pb].[Pb].[Pb].[S].[S].[S].[S].[S].[S].[S].[S].[S].[S].[S].[S],S1[Mg]23[S]4[Pb]51[S]1[Pb]67[S]2[Mg]4(S7)[S]2[Pb]47[S]3[Pb]32S[Mg]21[S]7[Mg]([S]56)(S4)[S]32,20,32,56,0,False,unit_cell_quotient_graph_without_translation_labels,pymatgen_CrystalNN,OpenBabel_canonical_SMILES_single_bonds_no_stereo,needle,nm,gga-static,True,1,P1,456.730998641513,-3.933292393,-3.933119613,0.011499999999999844,False,3.75376866
Mg1S3Si1--Mg1S3Si1_dist_perovskite--nm--gga-relax,Mg1S3Si1,MgS3Si,[Mg].[S].[S].[S].[Si],[Mg].[Mg].[Mg].[Mg].[S].[S].[S].[S].[S].[S].[S].[S].[S].[S].[S].[S].[Si].[Si].[Si].[Si],S123[Mg]4567S89[Mg]%10%11%121S14[Si]4%1339S39[Si]%14%1528S7%12[Si]278%12S5%10[Si]5%101(S6%112)S1%13[Mg]26%113S%147[Mg]91(S4%152)(S856)S%12%10%11,20,48,44,0,False,unit_cell_quotient_graph_without_translation_labels,pymatgen_CrystalNN,OpenBabel_canonical_SMILES_single_bonds_no_stereo,dist_perovskite,nm,gga-relax,True,1,P1,342.82807570492616,-4.535263319,-4.535263319,0.9229999999999992,False,5.69038382
Mg1S3Si1--Mg1S3Si1_dist_perovskite--nm--gga-static,Mg1S3Si1,MgS3Si,[Mg].[S].[S].[S].[Si],[Mg].[Mg].[Mg].[Mg].[S].[S].[S].[S].[S].[S].[S].[S].[S].[S].[S].[S].[Si].[Si].[Si].[Si],S123[Mg]4567S89[Mg]%10%11%121S14[Si]4%1339S39[Si]%14%1528S7%12[Si]278%12S5%10[Si]5%101(S6%112)S1%13[Mg]26%113S%147[Mg]91(S4%152)(S856)S%12%10%11,20,48,44,0,False,unit_cell_quotient_graph_without_translation_labels,pymatgen_CrystalNN,OpenBabel_canonical_SMILES_single_bonds_no_stereo,dist_perovskite,nm,gga-static,True,1,P1,342.82807570492616,-4.53537846,-4.535263319,0.9228999999999994,False,5.46254802
Mg1S3Si1--Mg1S3Si1_hexagonal--nm--gga-relax,Mg1S3Si1,MgS3Si,[Mg].[S].[S].[S].[Si],[Mg].[Mg].[Mg].[Mg].[S].[S].[S].[S].[S].[S].[S].[S].[S].[S].[S].[S].[Si].[Si].[Si].[Si],S1[Mg]23[S]4[Si]51[S]1[Mg]678[S]3[Si]39[S]2[Mg]2%104[S]4[Si]1([S]56)[S]8[Mg]14[S]7[Si]([S]32)([S]9%10)S1,20,34,30,0,False,unit_cell_quotient_graph_without_translation_labels,pymatgen_CrystalNN,OpenBabel_canonical_SMILES_single_bonds_no_stereo,hexagonal,nm,gga-relax,True,1,P1,447.72480634491575,-4.6431238535,-4.6431238535,2.4839999999999995,False,2.94893129
Mg1S3Si1--Mg1S3Si1_hexagonal--nm--gga-static,Mg1S3Si1,MgS3Si,[Mg].[S].[S].[S].[Si],[Mg].[Mg].[Mg].[Mg].[S].[S].[S].[S].[S].[S].[S].[S].[S].[S].[S].[S].[Si].[Si].[Si].[Si],S1[Mg]23[S]4[Si]51[S]1[Mg]678[S]3[Si]39[S]2[Mg]2%104[S]4[Si]1([S]56)[S]8[Mg]14[S]7[Si]([S]32)([S]9%10)S1,20,34,30,0,False,unit_cell_quotient_graph_without_translation_labels,pymatgen_CrystalNN,OpenBabel_canonical_SMILES_single_bonds_no_stereo,hexagonal,nm,gga-static,True,1,P1,447.72480634491575,-4.650924009500001,-4.6431238535,2.4827999999999997,False,2.77092647
Mg1S3Si1--Mg1S3Si1_needle--nm--gga-relax,Mg1S3Si1,MgS3Si,[Mg].[S].[S].[S].[Si],[Mg].[Mg].[Mg].[Mg].[S].[S].[S].[S].[S].[S].[S].[S].[S].[S].[S].[S].[Si].[Si].[Si].[Si],S1[Mg]2[S]3[Si]41S[Si]1([S]2[Mg]3S1)S4.S1[Mg]2[S]3[Si]41S[Si]1([S]2[Mg]3S1)S4,20,28,52,0,False,unit_cell_quotient_graph_without_translation_labels,pymatgen_CrystalNN,OpenBabel_canonical_SMILES_single_bonds_no_stereo,needle,nm,gga-relax,True,1,P1,410.3861552754514,-4.585327905,-4.585327905,1.0128999999999997,False,4.0088984
Mg1S3Si1--Mg1S3Si1_needle--nm--gga-static,Mg1S3Si1,MgS3Si,[Mg].[S].[S].[S].[Si],[Mg].[Mg].[Mg].[Mg].[S].[S].[S].[S].[S].[S].[S].[S].[S].[S].[S].[S].[Si].[Si].[Si].[Si],S1[Mg]2[S]3[Si]41S[Si]1([S]2[Mg]3S1)S4.S1[Mg]2[S]3[Si]41S[Si]1([S]2[Mg]3S1)S4,20,28,52,0,False,unit_cell_quotient_graph_without_translation_labels,pymatgen_CrystalNN,OpenBabel_canonical_SMILES_single_bonds_no_stereo,needle,nm,gga-static,True,1,P1,410.3861552754514,-4.585768058,-4.585327905,1.0129000000000001,False,3.77895236
Mg1S3Sn1--Mg1S3Sn1_dist_perovskite--nm--gga-relax,Mg1S3Sn1,MgS3Sn,[Mg].[S].[S].[S].[Sn],[Mg].[Mg].[Mg].[Mg].[S].[S].[S].[S].[S].[S].[S].[S].[S].[S].[S].[S].[Sn].[Sn].[Sn].[Sn],S123[Mg]4567S89[Mg]%10%11%121S15[Sn]5%1339S34[Sn]4928S7%10[Sn]278%10S%146[Mg]6%15%163S97[Mg]379(S%112[Sn]1%14(S%1363)(S8%157)S%10%169)S%1254,20,48,54,0,False,unit_cell_quotient_graph_without_translation_labels,pymatgen_CrystalNN,OpenBabel_canonical_SMILES_single_bonds_no_stereo,dist_perovskite,nm,gga-relax,True,1,P1,419.03361607175873,-4.2505654485,-4.2505654485,1.0838,False,4.49441729
Mg1S3Sn1--Mg1S3Sn1_dist_perovskite--nm--gga-static,Mg1S3Sn1,MgS3Sn,[Mg].[S].[S].[S].[Sn],[Mg].[Mg].[Mg].[Mg].[S].[S].[S].[S].[S].[S].[S].[S].[S].[S].[S].[S].[Sn].[Sn].[Sn].[Sn],S123[Mg]4567S89[Mg]%10%11%121S15[Sn]5%1339S34[Sn]4928S7%10[Sn]278%10S%146[Mg]6%15%163S97[Mg]379(S%112[Sn]1%14(S%1363)(S8%157)S%10%169)S%1254,20,48,54,0,False,unit_cell_quotient_graph_without_translation_labels,pymatgen_CrystalNN,OpenBabel_canonical_SMILES_single_bonds_no_stereo,dist_perovskite,nm,gga-static,True,1,P1,419.03361607175873,-4.2507052545,-4.2505654485,1.0838,False,4.22556698
Mg1S3Sn1--Mg1S3Sn1_hexagonal--nm--gga-relax,Mg1S3Sn1,MgS3Sn,[Mg].[S].[S].[S].[Sn],[Mg].[Mg].[Mg].[Mg].[S].[S].[S].[S].[S].[S].[S].[S].[S].[S].[S].[S].[Sn].[Sn].[Sn].[Sn],S1[Mg]23[S]4[Sn]561S12[Sn]274[S]4[Mg]891[S]2[Sn]14([S]78)S29[Sn]478S35[Mg]35([S]64)[S]1[Mg]2([S]73)[S]85,20,38,26,0,False,unit_cell_quotient_graph_without_translation_labels,pymatgen_CrystalNN,OpenBabel_canonical_SMILES_single_bonds_no_stereo,hexagonal,nm,gga-relax,True,1,P1,493.9057282312083,-4.1799223765,-4.1799223765,0.9849000000000001,True,3.0068636
Mg1S3Sn1--Mg1S3Sn1_hexagonal--nm--gga-static,Mg1S3Sn1,MgS3Sn,[Mg].[S].[S].[S].[Sn],[Mg].[Mg].[Mg].[Mg].[S].[S].[S].[S].[S].[S].[S].[S].[S].[S].[S].[S].[Sn].[Sn].[Sn].[Sn],S1[Mg]23[S]4[Sn]561S12[Sn]274[S]4[Mg]891[S]2[Sn]14([S]78)S29[Sn]478S35[Mg]35([S]64)[S]1[Mg]2([S]73)[S]85,20,38,26,0,False,unit_cell_quotient_graph_without_translation_labels,pymatgen_CrystalNN,OpenBabel_canonical_SMILES_single_bonds_no_stereo,hexagonal,nm,gga-static,True,1,P1,493.9057282312083,-4.1800559105,-4.1799223765,0.9848999999999997,True,2.78875836
Mg1S3Sn1--Mg1S3Sn1_needle--nm--gga-relax,Mg1S3Sn1,MgS3Sn,[Mg].[S].[S].[S].[Sn],[Mg].[Mg].[Mg].[Mg].[S].[S].[S].[S].[S].[S].[S].[S].[S].[S].[S].[S].[Sn].[Sn].[Sn].[Sn],S1[Mg]2[S]3[Sn]41S[Sn]1([S]2[Mg]3S1)S4.S1[Mg]2[S]3[Sn]41S[Sn]1([S]2[Mg]3S1)S4,20,28,52,0,False,unit_cell_quotient_graph_without_translation_labels,pymatgen_CrystalNN,OpenBabel_canonical_SMILES_single_bonds_no_stereo,needle,nm,gga-relax,True,1,P1,497.3035964781516,-4.223169002000001,-4.223169002000001,1.1734999999999998,False,2.86484993
Mg1S3Sn1--Mg1S3Sn1_needle--nm--gga-static,Mg1S3Sn1,MgS3Sn,[Mg].[S].[S].[S].[Sn],[Mg].[Mg].[Mg].[Mg].[S].[S].[S].[S].[S].[S].[S].[S].[S].[S].[S].[S].[Sn].[Sn].[Sn].[Sn],S1[Mg]2[S]3[Sn]41S[Sn]1([S]2[Mg]3S1)S4.S1[Mg]2[S]3[Sn]41S[Sn]1([S]2[Mg]3S1)S4,20,28,52,0,False,unit_cell_quotient_graph_without_translation_labels,pymatgen_CrystalNN,OpenBabel_canonical_SMILES_single_bonds_no_stereo,needle,nm,gga-static,True,1,P1,497.3035964781516,-4.223719964,-4.223169002000001,1.173,False,2.72129016
Mg1S3Ti1--Mg1S3Ti1_dist_perovskite--fm--gga-relax,Mg1S3Ti1,MgS3Ti,[Mg].[S].[S].[S].[Ti],[Mg].[Mg].[Mg].[Mg].[S].[S].[S].[S].[S].[S].[S].[S].[S].[S].[S].[S].[Ti].[Ti].[Ti].[Ti],S123[Mg]4567S89[Mg]%10%11%121S14[Ti]4%1339S39[Ti]%14%1528S7%12[Ti]278%12S5%10[Ti]5%101(S6%112)S1%13[Mg]26%113S%147[Mg]91(S4%152)(S856)S%12%10%11,20,48,44,0,False,unit_cell_quotient_graph_without_translation_labels,pymatgen_CrystalNN,OpenBabel_canonical_SMILES_single_bonds_no_stereo,dist_perovskite,fm,gga-relax,True,1,P1,366.50913848824064,-5.5529858679999995,-5.5529858679999995,0.3142000000000005,True,4.80593752
Mg1S3Ti1--Mg1S3Ti1_dist_perovskite--fm--gga-static,Mg1S3Ti1,MgS3Ti,[Mg].[S].[S].[S].[Ti],[Mg].[Mg].[Mg].[Mg].[S].[S].[S].[S].[S].[S].[S].[S].[S].[S].[S].[S].[Ti].[Ti].[Ti].[Ti],S123[Mg]4567S89[Mg]%10%11%121S14[Ti]4%1339S39[Ti]%14%1528S7%12[Ti]278%12S5%10[Ti]5%101(S6%112)S1%13[Mg]26%113S%147[Mg]91(S4%152)(S856)S%12%10%11,20,48,44,0,False,unit_cell_quotient_graph_without_translation_labels,pymatgen_CrystalNN,OpenBabel_canonical_SMILES_single_bonds_no_stereo,dist_perovskite,fm,gga-static,True,1,P1,366.50913848824064,-5.553063212,-5.5529858679999995,0.31349999999999945,True,4.80540477
Mg1S3Ti1--Mg1S3Ti1_hexagonal--fm--gga-relax,Mg1S3Ti1,MgS3Ti,[Mg].[S].[S].[S].[Ti],[Mg].[Mg].[Mg].[Mg].[S].[S].[S].[S].[S].[S].[S].[S].[S].[S].[S].[S].[Ti].[Ti].[Ti].[Ti],S123[Mg]4567S89[Mg]%10%11%121S14[Ti]4%1328S2%10[Mg]8%10%14%15S%114[Ti]4%112(S%12%138)S2%10[Mg]8%10%12%13S%165[Ti]5391S68[Ti]2%16(S7%105)(S%144%12)S%15%11%13,20,48,42,0,False,unit_cell_quotient_graph_without_translation_labels,pymatgen_CrystalNN,OpenBabel_canonical_SMILES_single_bonds_no_stereo,hexagonal,fm,gga-relax,True,1,P1,393.2828270879028,-5.58846347,-5.58846347,0.8757999999999999,True,3.71191189
Mg1S3Ti1--Mg1S3Ti1_hexagonal--fm--gga-static,Mg1S3Ti1,MgS3Ti,[Mg].[S].[S].[S].[Ti],[Mg].[Mg].[Mg].[Mg].[S].[S].[S].[S].[S].[S].[S].[S].[S].[S].[S].[S].[Ti].[Ti].[Ti].[Ti],S123[Mg]4567S89[Mg]%10%11%121S14[Ti]4%1328S2%10[Mg]8%10%14%15S%114[Ti]4%112(S%12%138)S2%10[Mg]8%10%12%13S%165[Ti]5391S68[Ti]2%16(S7%105)(S%144%12)S%15%11%13,20,48,42,0,False,unit_cell_quotient_graph_without_translation_labels,pymatgen_CrystalNN,OpenBabel_canonical_SMILES_single_bonds_no_stereo,hexagonal,fm,gga-static,True,1,P1,393.2828270879028,-5.5878266185,-5.58846347,0.8756999999999997,True,3.50851261
Mg1S3Ti1--Mg1S3Ti1_needle--fm--gga-relax,Mg1S3Ti1,MgS3Ti,[Mg].[S].[S].[S].[Ti],[Mg].[Mg].[Mg].[Mg].[S].[S].[S].[S].[S].[S].[S].[S].[S].[S].[S].[S].[Ti].[Ti].[Ti].[Ti],S1[Mg]23[S]4[Ti]51[S]1[Ti]67[S]2[Mg]4(S7)[S]2[Ti]47[S]3[Ti]32S[Mg]21[S]7[Mg]([S]56)(S4)[S]32,20,32,52,0,False,unit_cell_quotient_graph_without_translation_labels,pymatgen_CrystalNN,OpenBabel_canonical_SMILES_single_bonds_no_stereo,needle,fm,gga-relax,True,1,P1,382.60279391162817,-5.569256638000001,-5.569256638000001,0.0036999999999993705,False,4.28198777
Mg1S3Ti1--Mg1S3Ti1_needle--fm--gga-static,Mg1S3Ti1,MgS3Ti,[Mg].[S].[S].[S].[Ti],[Mg].[Mg].[Mg].[Mg].[S].[S].[S].[S].[S].[S].[S].[S].[S].[S].[S].[S].[Ti].[Ti].[Ti].[Ti],S1[Mg]23[S]4[Ti]51[S]1[Ti]67[S]2[Mg]4(S7)[S]2[Ti]47[S]3[Ti]32S[Mg]21[S]7[Mg]([S]56)(S4)[S]32,20,32,52,0,False,unit_cell_quotient_graph_without_translation_labels,pymatgen_CrystalNN,OpenBabel_canonical_SMILES_single_bonds_no_stereo,needle,fm,gga-static,True,1,P1,382.60279391162817,-5.5687998595,-5.569256638000001,0,False,4.30199632
Mg1S3V1--Mg1S3V1_dist_perovskite--fm--gga-relax,Mg1S3V1,MgS3V,[Mg].[S].[S].[S].[V],[Mg].[Mg].[Mg].[Mg].[S].[S].[S].[S].[S].[S].[S].[S].[S].[S].[S].[S].[V].[V].[V].[V],S123[V]4567S89[Mg]%10%11%122[S]2%137[V]7%14%151S14[Mg]4%16%17%18S57[Mg]57%19%131S64[V]1469S9%11[Mg]%11382S%10%14[V]9(S%15%165)(S%121%11)(S%1774)S%18%196,20,49,47,0,False,unit_cell_quotient_graph_without_translation_labels,pymatgen_CrystalNN,OpenBabel_canonical_SMILES_single_bonds_no_stereo,dist_perovskite,fm,gga-relax,True,1,P1,347.26548696786125,-5.4896368715,-5.4896368715,0.004400000000000404,False,4.96598854
Mg1S3V1--Mg1S3V1_dist_perovskite--fm--gga-static,Mg1S3V1,MgS3V,[Mg].[S].[S].[S].[V],[Mg].[Mg].[Mg].[Mg].[S].[S].[S].[S].[S].[S].[S].[S].[S].[S].[S].[S].[V].[V].[V].[V],S123[V]4567S89[Mg]%10%11%122[S]2%137[V]7%14%151S14[Mg]4%16%17%18S57[Mg]57%19%131S64[V]1469S9%11[Mg]%11382S%10%14[V]9(S%15%165)(S%121%11)(S%1774)S%18%196,20,49,47,0,False,unit_cell_quotient_graph_without_translation_labels,pymatgen_CrystalNN,OpenBabel_canonical_SMILES_single_bonds_no_stereo,dist_perovskite,fm,gga-static,True,1,P1,347.26548696786125,-5.4893804745,-5.4896368715,0,False,4.96969868
Mg1S3V1--Mg1S3V1_hexagonal--fm--gga-relax,Mg1S3V1,MgS3V,[Mg].[S].[S].[S].[V],[Mg].[Mg].[Mg].[Mg].[S].[S].[S].[S].[S].[S].[S].[S].[S].[S].[S].[S].[V].[V].[V].[V],[S]12[Mg]3456S78[V]9%10%111S13[V]3%1227S27[Mg]%1381S13[Mg]382S%12%13[V]2%1271[S]1[Mg]7%13%14%15S49[V]1(S5%107)(S6%11%13)(S32%14)S8%12%15,20,46,38,0,False,unit_cell_quotient_graph_without_translation_labels,pymatgen_CrystalNN,OpenBabel_canonical_SMILES_single_bonds_no_stereo,hexagonal,fm,gga-relax,True,1,P1,379.83372156654076,-5.4278250665000005,-5.4278250665000005,0.0027999999999996916,False,4.16889874
Mg1S3V1--Mg1S3V1_hexagonal--fm--gga-static,Mg1S3V1,MgS3V,[Mg].[S].[S].[S].[V],[Mg].[Mg].[Mg].[Mg].[S].[S].[S].[S].[S].[S].[S].[S].[S].[S].[S].[S].[V].[V].[V].[V],[S]12[Mg]3456S78[V]9%10%111S13[V]3%1227S27[Mg]%1381S13[Mg]382S%12%13[V]2%1271[S]1[Mg]7%13%14%15S49[V]1(S5%107)(S6%11%13)(S32%14)S8%12%15,20,46,38,0,False,unit_cell_quotient_graph_without_translation_labels,pymatgen_CrystalNN,OpenBabel_canonical_SMILES_single_bonds_no_stereo,hexagonal,fm,gga-static,True,1,P1,379.83372156654076,-5.427558941,-5.4278250665000005,0,False,4.16773323
Mg1S3V1--Mg1S3V1_needle--fm--gga-relax,Mg1S3V1,MgS3V,[Mg].[S].[S].[S].[V],[Mg].[Mg].[Mg].[Mg].[S].[S].[S].[S].[S].[S].[S].[S].[S].[S].[S].[S].[V].[V].[V].[V],S1[Mg]23[S]4[Mg]56[S]2[V]27[S]3[V]3(S6)[S]7[Mg]67[S]8[V]91[S]([V]4([S]59)S6)[Mg]8(S2)[S]37,20,32,56,0,False,unit_cell_quotient_graph_without_translation_labels,pymatgen_CrystalNN,OpenBabel_canonical_SMILES_single_bonds_no_stereo,needle,fm,gga-relax,True,1,P1,354.1986469948699,-5.4508171165,-5.4508171165,0.0018000000000002458,False,5.00572185
Mg1S3V1--Mg1S3V1_needle--fm--gga-static,Mg1S3V1,MgS3V,[Mg].[S].[S].[S].[V],[Mg].[Mg].[Mg].[Mg].[S].[S].[S].[S].[S].[S].[S].[S].[S].[S].[S].[S].[V].[V].[V].[V],S1[Mg]23[S]4[Mg]56[S]2[V]27[S]3[V]3(S6)[S]7[Mg]67[S]8[V]91[S]([V]4([S]59)S6)[Mg]8(S2)[S]37,20,32,56,0,False,unit_cell_quotient_graph_without_translation_labels,pymatgen_CrystalNN,OpenBabel_canonical_SMILES_single_bonds_no_stereo,needle,fm,gga-static,True,1,P1,354.1986469948699,-5.4506644710000005,-5.4508171165,0,False,5.0116451
Mg1S3Zr1--Mg1S3Zr1_dist_perovskite--nm--gga-relax,Mg1S3Zr1,MgS3Zr,[Mg].[S].[S].[S].[Zr],[Mg].[Mg].[Mg].[Mg].[S].[S].[S].[S].[S].[S].[S].[S].[S].[S].[S].[S].[Zr].[Zr].[Zr].[Zr],S123[Mg]4567S89[Mg]%10%11%121S14[Zr]4%1339S39[Zr]%14%1528S7%12[Zr]278%12S5%10[Zr]5%101(S6%112)S1%13[Mg]26%113S%147[Mg]91(S4%152)(S856)S%12%10%11,20,48,46,0,False,unit_cell_quotient_graph_without_translation_labels,pymatgen_CrystalNN,OpenBabel_canonical_SMILES_single_bonds_no_stereo,dist_perovskite,nm,gga-relax,True,1,P1,412.8743472733247,-5.8586233385,-5.8586233385,1.1164999999999994,True,5.06380097
Mg1S3Zr1--Mg1S3Zr1_dist_perovskite--nm--gga-static,Mg1S3Zr1,MgS3Zr,[Mg].[S].[S].[S].[Zr],[Mg].[Mg].[Mg].[Mg].[S].[S].[S].[S].[S].[S].[S].[S].[S].[S].[S].[S].[Zr].[Zr].[Zr].[Zr],S123[Mg]4567S89[Mg]%10%11%121S14[Zr]4%1339S39[Zr]%14%1528S7%12[Zr]278%12S5%10[Zr]5%101(S6%112)S1%13[Mg]26%113S%147[Mg]91(S4%152)(S856)S%12%10%11,20,48,46,0,False,unit_cell_quotient_graph_without_translation_labels,pymatgen_CrystalNN,OpenBabel_canonical_SMILES_single_bonds_no_stereo,dist_perovskite,nm,gga-static,True,1,P1,412.8743472733247,-5.858684676,-5.8586233385,1.1153000000000004,True,4.82431993
Mg1S3Zr1--Mg1S3Zr1_hexagonal--nm--gga-relax,Mg1S3Zr1,MgS3Zr,[Mg].[S].[S].[S].[Zr],[Mg].[Mg].[Mg].[Mg].[S].[S].[S].[S].[S].[S].[S].[S].[S].[S].[S].[S].[Zr].[Zr].[Zr].[Zr],[S]12[Zr]3456[S]7[Mg]89[S]3[Zr]3%10%117S69[Mg]679S%12%13[Zr]%14%15%162S48[Mg]241S5%14[Mg]15%12S%152[Zr]%13(S%1641)([S]36)([S]%107)S%1195,20,43,36,0,False,unit_cell_quotient_graph_without_translation_labels,pymatgen_CrystalNN,OpenBabel_canonical_SMILES_single_bonds_no_stereo,hexagonal,nm,gga-relax,True,1,P1,441.9835327479692,-5.8220492870000005,-5.8220492870000005,1.3195000000000001,False,4.24995673
Mg1S3Zr1--Mg1S3Zr1_hexagonal--nm--gga-static,Mg1S3Zr1,MgS3Zr,[Mg].[S].[S].[S].[Zr],[Mg].[Mg].[Mg].[Mg].[S].[S].[S].[S].[S].[S].[S].[S].[S].[S].[S].[S].[Zr].[Zr].[Zr].[Zr],[S]12[Zr]3456[S]7[Mg]89[S]3[Zr]3%10%117S69[Mg]679S%12%13[Zr]%14%15%162S48[Mg]241S5%14[Mg]15%12S%152[Zr]%13(S%1641)([S]36)([S]%107)S%1195,20,43,36,0,False,unit_cell_quotient_graph_without_translation_labels,pymatgen_CrystalNN,OpenBabel_canonical_SMILES_single_bonds_no_stereo,hexagonal,nm,gga-static,True,1,P1,441.9835327479692,-5.820844969,-5.8220492870000005,1.3028,False,4.01283782
Mg1S3Zr1--Mg1S3Zr1_needle--nm--gga-relax,Mg1S3Zr1,MgS3Zr,[Mg].[S].[S].[S].[Zr],[Mg].[Mg].[Mg].[Mg].[S].[S].[S].[S].[S].[S].[S].[S].[S].[S].[S].[S].[Zr].[Zr].[Zr].[Zr],S1[Mg]23[S]4[Zr]51[S]1[Zr]67[S]2[Mg]4(S7)[S]2[Zr]47[S]3[Zr]32S[Mg]21[S]7[Mg]([S]56)(S4)[S]32,20,32,52,0,False,unit_cell_quotient_graph_without_translation_labels,pymatgen_CrystalNN,OpenBabel_canonical_SMILES_single_bonds_no_stereo,needle,nm,gga-relax,True,1,P1,423.53568946103553,-5.8973485895,-5.8973485895,0.7496,False,4.66965109
Mg1S3Zr1--Mg1S3Zr1_needle--nm--gga-static,Mg1S3Zr1,MgS3Zr,[Mg].[S].[S].[S].[Zr],[Mg].[Mg].[Mg].[Mg].[S].[S].[S].[S].[S].[S].[S].[S].[S].[S].[S].[S].[Zr].[Zr].[Zr].[Zr],S1[Mg]23[S]4[Zr]51[S]1[Zr]67[S]2[Mg]4(S7)[S]2[Zr]47[S]3[Zr]32S[Mg]21[S]7[Mg]([S]56)(S4)[S]32,20,32,52,0,False,unit_cell_quotient_graph_without_translation_labels,pymatgen_CrystalNN,OpenBabel_canonical_SMILES_single_bonds_no_stereo,needle,nm,gga-static,True,1,P1,423.53568946103553,-5.8974323835,-5.8973485895,0.7495000000000003,False,4.49123199
Nb1Pb1S3--Nb1Pb1S3_dist_perovskite--fm--gga-relax,Nb1Pb1S3,NbPbS3,[Nb].[Pb].[S].[S].[S],[Nb].[Nb].[Nb].[Nb].[Pb].[Pb].[Pb].[Pb].[S].[S].[S].[S].[S].[S].[S].[S].[S].[S].[S].[S],S123[Nb]4567S89[Nb]%10%11%121S16[Pb]6%13%14%15S%165[Nb]5%17%18%19S%204[Pb]4%2128S2%12[Pb]839%20S54[Nb]342(S%11%13[Pb]1%16(S7%106)(S%14%183)S%15%194)S%17%218,20,48,45,0,False,unit_cell_quotient_graph_without_translation_labels,pymatgen_CrystalNN,OpenBabel_canonical_SMILES_single_bonds_no_stereo,dist_perovskite,fm,gga-relax,True,1,P1,441.6344746864948,-5.8891563425,-5.8891563425,0.043400000000000105,False,5.7426046
Nb1Pb1S3--Nb1Pb1S3_dist_perovskite--fm--gga-static,Nb1Pb1S3,NbPbS3,[Nb].[Pb].[S].[S].[S],[Nb].[Nb].[Nb].[Nb].[Pb].[Pb].[Pb].[Pb].[S].[S].[S].[S].[S].[S].[S].[S].[S].[S].[S].[S],S123[Nb]4567S89[Nb]%10%11%121S16[Pb]6%13%14%15S%165[Nb]5%17%18%19S%204[Pb]4%2128S2%12[Pb]839%20S54[Nb]342(S%11%13[Pb]1%16(S7%106)(S%14%183)S%15%194)S%17%218,20,48,45,0,False,unit_cell_quotient_graph_without_translation_labels,pymatgen_CrystalNN,OpenBabel_canonical_SMILES_single_bonds_no_stereo,dist_perovskite,fm,gga-static,True,1,P1,441.6344746864948,-5.8892353625,-5.8891563425,0.043400000000000105,False,5.7429466
Nb1Pb1S3--Nb1Pb1S3_hexagonal--fm--gga-relax,Nb1Pb1S3,NbPbS3,[Nb].[Pb].[S].[S].[S],[Nb].[Nb].[Nb].[Nb].[Pb].[Pb].[Pb].[Pb].[S].[S].[S].[S].[S].[S].[S].[S].[S].[S].[S].[S],[S]12[Nb]3456[S]7[Nb]89%101[S]3[Pb]13%11S%128[Nb]8%13%14%15S91[Pb]1%12(S%1038)[S]3%11%13[Pb]89%10S%114[Pb]427S58[Nb]3%11(S694)([S]%14%10)[S]%151,20,44,31,0,False,unit_cell_quotient_graph_without_translation_labels,pymatgen_CrystalNN,OpenBabel_canonical_SMILES_single_bonds_no_stereo,hexagonal,fm,gga-relax,True,1,P1,501.8486208725917,-5.888563448499999,-5.888563448499999,0.3338000000000001,False,4.27655493
Nb1Pb1S3--Nb1Pb1S3_hexagonal--fm--gga-static,Nb1Pb1S3,NbPbS3,[Nb].[Pb].[S].[S].[S],[Nb].[Nb].[Nb].[Nb].[Pb].[Pb].[Pb].[Pb].[S].[S].[S].[S].[S].[S].[S].[S].[S].[S].[S].[S],[S]12[Nb]3456[S]7[Nb]89%101[S]3[Pb]13%11S%128[Nb]8%13%14%15S91[Pb]1%12(S%1038)[S]3%11%13[Pb]89%10S%114[Pb]427S58[Nb]3%11(S694)([S]%14%10)[S]%151,20,44,31,0,False,unit_cell_quotient_graph_without_translation_labels,pymatgen_CrystalNN,OpenBabel_canonical_SMILES_single_bonds_no_stereo,hexagonal,fm,gga-static,True,1,P1,501.8486208725917,-5.889490422,-5.888563448499999,0.3338000000000001,False,4.2765317
Nb1Pb1S3--Nb1Pb1S3_needle--fm--gga-relax,Nb1Pb1S3,NbPbS3,[Nb].[Pb].[S].[S].[S],[Nb].[Nb].[Nb].[Nb].[Pb].[Pb].[Pb].[Pb].[S].[S].[S].[S].[S].[S].[S].[S].[S].[S].[S].[S],[Pb]1S[Nb]2(S1)S[Nb]1(S2)S[Pb](S1)[S]1[Nb]2(S[Pb]S2)S[Nb]21S[Pb]S2,20,25,40,0,False,unit_cell_quotient_graph_without_translation_labels,pymatgen_CrystalNN,OpenBabel_canonical_SMILES_single_bonds_no_stereo,needle,fm,gga-relax,True,1,P1,450.0143768840316,-5.938835844,-5.938835844,0.012100000000000222,False,5.19683956
Nb1Pb1S3--Nb1Pb1S3_needle--fm--gga-static,Nb1Pb1S3,NbPbS3,[Nb].[Pb].[S].[S].[S],[Nb].[Nb].[Nb].[Nb].[Pb].[Pb].[Pb].[Pb].[S].[S].[S].[S].[S].[S].[S].[S].[S].[S].[S].[S],[Pb]1S[Nb]2(S1)S[Nb]1(S2)S[Pb](S1)[S]1[Nb]2(S[Pb]S2)S[Nb]21S[Pb]S2,20,25,40,0,False,unit_cell_quotient_graph_without_translation_labels,pymatgen_CrystalNN,OpenBabel_canonical_SMILES_single_bonds_no_stereo,needle,fm,gga-static,True,1,P1,450.0143768840316,-5.9388721155,-5.938835844,0.011999999999999567,False,5.19682209
Nb1S3Sn1--Nb1S3Sn1_dist_perovskite--fm--gga-relax,Nb1S3Sn1,NbS3Sn,[Nb].[S].[S].[S].[Sn],[Nb].[Nb].[Nb].[Nb].[S].[S].[S].[S].[S].[S].[S].[S].[S].[S].[S].[S].[Sn].[Sn].[Sn].[Sn],S123[Nb]4567S89[Nb]%10%11%121S16[Sn]6%13%14%15S%165[Nb]5%17%18%19S%204[Sn]4%2128S2%12[Sn]839%20S54[Nb]342(S%11%13[Sn]1%16(S7%106)(S%14%183)S%15%194)S%17%218,20,48,48,0,False,unit_cell_quotient_graph_without_translation_labels,pymatgen_CrystalNN,OpenBabel_canonical_SMILES_single_bonds_no_stereo,dist_perovskite,fm,gga-relax,True,1,P1,427.20518958053964,-5.892071122,-5.892071122,0.009700000000000486,False,6.01146482
Nb1S3Sn1--Nb1S3Sn1_dist_perovskite--fm--gga-static,Nb1S3Sn1,NbS3Sn,[Nb].[S].[S].[S].[Sn],[Nb].[Nb].[Nb].[Nb].[S].[S].[S].[S].[S].[S].[S].[S].[S].[S].[S].[S].[Sn].[Sn].[Sn].[Sn],S123[Nb]4567S89[Nb]%10%11%121S16[Sn]6%13%14%15S%165[Nb]5%17%18%19S%204[Sn]4%2128S2%12[Sn]839%20S54[Nb]342(S%11%13[Sn]1%16(S7%106)(S%14%183)S%15%194)S%17%218,20,48,48,0,False,unit_cell_quotient_graph_without_translation_labels,pymatgen_CrystalNN,OpenBabel_canonical_SMILES_single_bonds_no_stereo,dist_perovskite,fm,gga-static,True,1,P1,427.20518958988976,-5.8936307935,-5.892071122,0,False,5.99477755
Nb1S3Sn1--Nb1S3Sn1_hexagonal--fm--gga-relax,Nb1S3Sn1,NbS3Sn,[Nb].[S].[S].[S].[Sn],[Nb].[Nb].[Nb].[Nb].[S].[S].[S].[S].[S].[S].[S].[S].[S].[S].[S].[S].[Sn].[Sn].[Sn].[Sn],S1[Nb]2345[S]6[Nb]789%10S%113[Sn]3%126S47[Sn]%11S45[Nb]5671[S]2[Sn]124S45[Nb]5%11(S61[Sn]4(S725)S%10%12%11)(S8)[S]93,20,41,21,0,False,unit_cell_quotient_graph_without_translation_labels,pymatgen_CrystalNN,OpenBabel_canonical_SMILES_single_bonds_no_stereo,hexagonal,fm,gga-relax,True,1,P1,501.5221843244714,-5.912372578,-5.912372578,0.3993000000000002,False,4.13938508
Nb1S3Sn1--Nb1S3Sn1_hexagonal--fm--gga-static,Nb1S3Sn1,NbS3Sn,[Nb].[S].[S].[S].[Sn],[Nb].[Nb].[Nb].[Nb].[S].[S].[S].[S].[S].[S].[S].[S].[S].[S].[S].[S].[Sn].[Sn].[Sn].[Sn],S1[Nb]2345[S]6[Nb]789%10S%113[Sn]3%126S47[Sn]%11S45[Nb]5671[S]2[Sn]124S45[Nb]5%11(S61[Sn]4(S725)S%10%12%11)(S8)[S]93,20,41,21,0,False,unit_cell_quotient_graph_without_translation_labels,pymatgen_CrystalNN,OpenBabel_canonical_SMILES_single_bonds_no_stereo,hexagonal,fm,gga-static,True,1,P1,501.5221843244714,-5.913314329,-5.912372578,0.3993000000000002,False,4.13951522
Nb1S3Sn1--Nb1S3Sn1_needle--fm--gga-relax,Nb1S3Sn1,NbS3Sn,[Nb].[S].[S].[S].[Sn],[Nb].[Nb].[Nb].[Nb].[S].[S].[S].[S].[S].[S].[S].[S].[S].[S].[S].[S].[Sn].[Sn].[Sn].[Sn],[Sn]1S[Nb]2(S1)S[Nb]1(S2)S[Sn](S1)[S]1[Nb]2(S[Sn]S2)S[Nb]21S[Sn]S2,20,25,40,0,False,unit_cell_quotient_graph_without_translation_labels,pymatgen_CrystalNN,OpenBabel_canonical_SMILES_single_bonds_no_stereo,needle,fm,gga-relax,True,1,P1,454.1966699684243,-5.9895537845,-5.9895537845,0.010399999999999743,False,4.99787122
Nb1S3Sn1--Nb1S3Sn1_needle--fm--gga-static,Nb1S3Sn1,NbS3Sn,[Nb].[S].[S].[S].[Sn],[Nb].[Nb].[Nb].[Nb].[S].[S].[S].[S].[S].[S].[S].[S].[S].[S].[S].[S].[Sn].[Sn].[Sn].[Sn],[Sn]1S[Nb]2(S1)S[Nb]1(S2)S[Sn](S1)[S]1[Nb]2(S[Sn]S2)S[Nb]21S[Sn]S2,20,25,40,0,False,unit_cell_quotient_graph_without_translation_labels,pymatgen_CrystalNN,OpenBabel_canonical_SMILES_single_bonds_no_stereo,needle,fm,gga-static,True,1,P1,454.1966699684243,-5.989616017,-5.9895537845,0.010400000000000631,False,4.99795544
Nb1S3Sr1--Nb1S3Sr1_dist_perovskite--fm--gga-relax,Nb1S3Sr1,NbS3Sr,[Nb].[S].[S].[S].[Sr],[Nb].[Nb].[Nb].[Nb].[S].[S].[S].[S].[S].[S].[S].[S].[S].[S].[S].[S].[Sr].[Sr].[Sr].[Sr],S123[Nb]4567S89[Nb]%10%11%121[S]1%13%14[Sr]%15%16%17%18%193[S]3%204[Sr]4%21%22%2381[S]185[Sr]5%24%25%26%272[S]26%15[Sr]6%159%1331[S]%10%21%24[Nb]1%14([S]%11%17%256)([S]%12%18%22%26)S%19%27[Nb]%2082([S]7%1645)S%23%151,20,56,58,0,False,unit_cell_quotient_graph_without_translation_labels,pymatgen_CrystalNN,OpenBabel_canonical_SMILES_single_bonds_no_stereo,dist_perovskite,fm,gga-relax,True,1,P1,446.48613570883055,-6.1964298485,-6.1964298485,0.0012999999999996348,False,4.55729627
Nb1S3Sr1--Nb1S3Sr1_dist_perovskite--fm--gga-static,Nb1S3Sr1,NbS3Sr,[Nb].[S].[S].[S].[Sr],[Nb].[Nb].[Nb].[Nb].[S].[S].[S].[S].[S].[S].[S].[S].[S].[S].[S].[S].[Sr].[Sr].[Sr].[Sr],S123[Nb]4567S89[Nb]%10%11%121[S]1%13%14[Sr]%15%16%17%18%193[S]3%204[Sr]4%21%22%2381[S]185[Sr]5%24%25%26%272[S]26%15[Sr]6%159%1331[S]%10%21%24[Nb]1%14([S]%11%17%256)([S]%12%18%22%26)S%19%27[Nb]%2082([S]7%1645)S%23%151,20,56,58,0,False,unit_cell_quotient_graph_without_translation_labels,pymatgen_CrystalNN,OpenBabel_canonical_SMILES_single_bonds_no_stereo,dist_perovskite,fm,gga-static,True,1,P1,446.48613570883055,-6.199602058,-6.1964298485,0,False,4.52266481
Nb1S3Sr1--Nb1S3Sr1_hexagonal--fm--gga-relax,Nb1S3Sr1,NbS3Sr,[Nb].[S].[S].[S].[Sr],[Nb].[Nb].[Nb].[Nb].[S].[S].[S].[S].[S].[S].[S].[S].[S].[S].[S].[S].[Sr].[Sr].[Sr].[Sr],S123[Nb]4567S89[Sr]%10%11%12%132S25[Nb]5%14%151[S]17%11[Sr]7%11%1638S34[Nb]48%179[S]6%107[Sr]679%103S35[Sr]5%18%1921S%12%14[Nb]3([S]%13%1565)(S%1147)([S]%1689%18)S%17%10%19,20,52,48,0,False,unit_cell_quotient_graph_without_translation_labels,pymatgen_CrystalNN,OpenBabel_canonical_SMILES_single_bonds_no_stereo,hexagonal,fm,gga-relax,True,1,P1,465.75901132834207,-6.1985842695,-6.1985842695,0.06219999999999981,False,4.02241552
Nb1S3Sr1--Nb1S3Sr1_hexagonal--fm--gga-static,Nb1S3Sr1,NbS3Sr,[Nb].[S].[S].[S].[Sr],[Nb].[Nb].[Nb].[Nb].[S].[S].[S].[S].[S].[S].[S].[S].[S].[S].[S].[S].[Sr].[Sr].[Sr].[Sr],S123[Nb]4567S89[Sr]%10%11%12%132S25[Nb]5%14%151[S]17%11[Sr]7%11%1638S34[Nb]48%179[S]6%107[Sr]679%103S35[Sr]5%18%1921S%12%14[Nb]3([S]%13%1565)(S%1147)([S]%1689%18)S%17%10%19,20,52,48,0,False,unit_cell_quotient_graph_without_translation_labels,pymatgen_CrystalNN,OpenBabel_canonical_SMILES_single_bonds_no_stereo,hexagonal,fm,gga-static,True,1,P1,465.75901132834207,-6.198692916000001,-6.1985842695,0.06219999999999981,False,4.02238668
Nb1S3Sr1--Nb1S3Sr1_needle--fm--gga-relax,Nb1S3Sr1,NbS3Sr,[Nb].[S].[S].[S].[Sr],[Nb].[Nb].[Nb].[Nb].[S].[S].[S].[S].[S].[S].[S].[S].[S].[S].[S].[S].[Sr].[Sr].[Sr].[Sr],[S]12[Nb]34[S]5[Sr]6781S13[Sr]39%102[S]7[Nb]27S83[Nb]38[S]9[Sr]9%11%12(S%134[Sr]45([S]6[Nb]1%13[S]%114)([S]39)S78%12)[S]%102,20,40,64,0,False,unit_cell_quotient_graph_without_translation_labels,pymatgen_CrystalNN,OpenBabel_canonical_SMILES_single_bonds_no_stereo,needle,fm,gga-relax,True,1,P1,428.9599038104258,-6.1973001245,-6.1973001245,0.0041999999999999815,False,4.75762884
Nb1S3Sr1--Nb1S3Sr1_needle--fm--gga-static,Nb1S3Sr1,NbS3Sr,[Nb].[S].[S].[S].[Sr],[Nb].[Nb].[Nb].[Nb].[S].[S].[S].[S].[S].[S].[S].[S].[S].[S].[S].[S].[Sr].[Sr].[Sr].[Sr],[S]12[Nb]34[S]5[Sr]6781S13[Sr]39%102[S]7[Nb]27S83[Nb]38[S]9[Sr]9%11%12(S%134[Sr]45([S]6[Nb]1%13[S]%114)([S]39)S78%12)[S]%102,20,40,64,0,False,unit_cell_quotient_graph_without_translation_labels,pymatgen_CrystalNN,OpenBabel_canonical_SMILES_single_bonds_no_stereo,needle,fm,gga-static,True,1,P1,428.9599038104258,-6.19737681,-6.1973001245,0,False,4.75233391
Nb1S3Zn1--Nb1S3Zn1_dist_perovskite--fm--gga-relax,Nb1S3Zn1,NbS3Zn,[Nb].[S].[S].[S].[Zn],[Nb].[Nb].[Nb].[Nb].[S].[S].[S].[S].[S].[S].[S].[S].[S].[S].[S].[S].[Zn].[Zn].[Zn].[Zn],[S]12[Zn]34[S]5[Nb]6789S%104[Nb]4%11%121[S]1[Nb]%13%14%152S23[Nb]3%165(S5%15[Zn]([S]4%13)(S6%12[Zn]5([S]%11%14)[S]73)[S]8%16)[S]9[Zn]%1012,20,40,44,0,False,unit_cell_quotient_graph_without_translation_labels,pymatgen_CrystalNN,OpenBabel_canonical_SMILES_single_bonds_no_stereo,dist_perovskite,fm,gga-relax,True,1,P1,383.7507525107187,-5.351962245,-5.351962245,0.00019999999999953388,False,4.57897786
Nb1S3Zn1--Nb1S3Zn1_dist_perovskite--fm--gga-static,Nb1S3Zn1,NbS3Zn,[Nb].[S].[S].[S].[Zn],[Nb].[Nb].[Nb].[Nb].[S].[S].[S].[S].[S].[S].[S].[S].[S].[S].[S].[S].[Zn].[Zn].[Zn].[Zn],[S]12[Zn]34[S]5[Nb]6789S%104[Nb]4%11%121[S]1[Nb]%13%14%152S23[Nb]3%165(S5%15[Zn]([S]4%13)(S6%12[Zn]5([S]%11%14)[S]73)[S]8%16)[S]9[Zn]%1012,20,40,44,0,False,unit_cell_quotient_graph_without_translation_labels,pymatgen_CrystalNN,OpenBabel_canonical_SMILES_single_bonds_no_stereo,dist_perovskite,fm,gga-static,True,1,P1,383.7507525107187,-5.3524000460000005,-5.351962245,0,False,4.57727286
Nb1S3Zn1--Nb1S3Zn1_hexagonal--fm--gga-relax,Nb1S3Zn1,NbS3Zn,[Nb].[S].[S].[S].[Zn],[Nb].[Nb].[Nb].[Nb].[S].[S].[S].[S].[S].[S].[S].[S].[S].[S].[S].[S].[Zn].[Zn].[Zn].[Zn],S1[Nb]2345[S]6[Nb]7891S13[Zn]36S64[Zn]4[S]2[Nb]2%10%116S54[Zn]45[S]7[Nb]67%12([S]8[Zn]1(S936)(S%1047)S%115%12)S2,20,40,26,0,False,unit_cell_quotient_graph_without_translation_labels,pymatgen_CrystalNN,OpenBabel_canonical_SMILES_single_bonds_no_stereo,hexagonal,fm,gga-relax,True,1,P1,423.8503534154677,-5.341263858,-5.341263858,0.03310000000000013,False,3.70694267
Nb1S3Zn1--Nb1S3Zn1_hexagonal--fm--gga-static,Nb1S3Zn1,NbS3Zn,[Nb].[S].[S].[S].[Zn],[Nb].[Nb].[Nb].[Nb].[S].[S].[S].[S].[S].[S].[S].[S].[S].[S].[S].[S].[Zn].[Zn].[Zn].[Zn],S1[Nb]2345[S]6[Nb]7891S13[Zn]36S64[Zn]4[S]2[Nb]2%10%116S54[Zn]45[S]7[Nb]67%12([S]8[Zn]1(S936)(S%1047)S%115%12)S2,20,40,26,0,False,unit_cell_quotient_graph_without_translation_labels,pymatgen_CrystalNN,OpenBabel_canonical_SMILES_single_bonds_no_stereo,hexagonal,fm,gga-static,True,1,P1,423.8503534154677,-5.3410146905,-5.341263858,0.033099999999999685,False,3.70701493
Nb1S3Zn1--Nb1S3Zn1_needle--fm--gga-relax,Nb1S3Zn1,NbS3Zn,[Nb].[S].[S].[S].[Zn],[Nb].[Nb].[Nb].[Nb].[S].[S].[S].[S].[S].[S].[S].[S].[S].[S].[S].[S].[Zn].[Zn].[Zn].[Zn],[Zn]1S[Nb]23S[Zn]4S[Nb]5(S1)[S]4[Nb]14[S]5[Zn](S[Nb]5(S2)[S]3[Zn](S5)S1)S4,20,27,40,0,False,unit_cell_quotient_graph_without_translation_labels,pymatgen_CrystalNN,OpenBabel_canonical_SMILES_single_bonds_no_stereo,needle,fm,gga-relax,True,1,P1,453.06188519952383,-5.4613649015,-5.4613649015,0.017199999999999882,False,2.6656859
Nb1S3Zn1--Nb1S3Zn1_needle--fm--gga-static,Nb1S3Zn1,NbS3Zn,[Nb].[S].[S].[S].[Zn],[Nb].[Nb].[Nb].[Nb].[S].[S].[S].[S].[S].[S].[S].[S].[S].[S].[S].[S].[Zn].[Zn].[Zn].[Zn],[Zn]1S[Nb]23S[Zn]4S[Nb]5(S1)[S]4[Nb]14[S]5[Zn](S[Nb]5(S2)[S]3[Zn](S5)S1)S4,20,27,40,0,False,unit_cell_quotient_graph_without_translation_labels,pymatgen_CrystalNN,OpenBabel_canonical_SMILES_single_bonds_no_stereo,needle,fm,gga-static,True,1,P1,453.06188519952383,-5.461453999,-5.4613649015,0.017100000000000115,False,2.66565958
Pb1S3Si1--Pb1S3Si1_dist_perovskite--nm--gga-relax,Pb1S3Si1,PbS3Si,[Pb].[S].[S].[S].[Si],[Pb].[Pb].[Pb].[Pb].[S].[S].[S].[S].[S].[S].[S].[S].[S].[S].[S].[S].[Si].[Si].[Si].[Si],S1[Si]23S[Pb]45[S]6[Si]71[S]2[Pb]16[S]4[Si]24S[Pb]68[S]3[Pb]3([S]76)[S]8[Si]([S]51)([S]23)S4,20,32,34,0,False,unit_cell_quotient_graph_without_translation_labels,pymatgen_CrystalNN,OpenBabel_canonical_SMILES_single_bonds_no_stereo,dist_perovskite,nm,gga-relax,True,1,P1,505.3570860916893,-4.826738882,-4.826738882,1.8364000000000003,False,3.77566245
Pb1S3Si1--Pb1S3Si1_dist_perovskite--nm--gga-static,Pb1S3Si1,PbS3Si,[Pb].[S].[S].[S].[Si],[Pb].[Pb].[Pb].[Pb].[S].[S].[S].[S].[S].[S].[S].[S].[S].[S].[S].[S].[Si].[Si].[Si].[Si],S1[Si]23S[Pb]45[S]6[Si]71[S]2[Pb]16[S]4[Si]24S[Pb]68[S]3[Pb]3([S]76)[S]8[Si]([S]51)([S]23)S4,20,32,34,0,False,unit_cell_quotient_graph_without_translation_labels,pymatgen_CrystalNN,OpenBabel_canonical_SMILES_single_bonds_no_stereo,dist_perovskite,nm,gga-static,True,1,P1,505.3570860916893,-4.8317763650000005,-4.826738882,1.7305000000000001,False,3.6211761
Pb1S3Si1--Pb1S3Si1_hexagonal--nm--gga-relax,Pb1S3Si1,PbS3Si,[Pb].[S].[S].[S].[Si],[Pb].[Pb].[Pb].[Pb].[S].[S].[S].[S].[S].[S].[S].[S].[S].[S].[S].[S].[Si].[Si].[Si].[Si],S1[Pb]2[S]3[Si]45S[Si]6(S4)S[Pb]47S82[Pb]23S[Si]31S[Si]8(S3)[S]7[Pb](S542)S6,20,30,18,0,False,unit_cell_quotient_graph_without_translation_labels,pymatgen_CrystalNN,OpenBabel_canonical_SMILES_single_bonds_no_stereo,hexagonal,nm,gga-relax,True,1,P1,582.6116247075153,-4.864281386,-4.864281386,2.5614000000000003,False,3.2370149
Pb1S3Si1--Pb1S3Si1_hexagonal--nm--gga-static,Pb1S3Si1,PbS3Si,[Pb].[S].[S].[S].[Si],[Pb].[Pb].[Pb].[Pb].[S].[S].[S].[S].[S].[S].[S].[S].[S].[S].[S].[S].[Si].[Si].[Si].[Si],S1[Pb]2[S]3[Si]45S[Si]6(S4)S[Pb]47S82[Pb]23S[Si]31S[Si]8(S3)[S]7[Pb](S542)S6,20,30,18,0,False,unit_cell_quotient_graph_without_translation_labels,pymatgen_CrystalNN,OpenBabel_canonical_SMILES_single_bonds_no_stereo,hexagonal,nm,gga-static,True,1,P1,582.6116247075153,-4.8643101605,-4.864281386,2.5614000000000003,False,2.09819856
Pb1S3Si1--Pb1S3Si1_needle--nm--gga-relax,Pb1S3Si1,PbS3Si,[Pb].[S].[S].[S].[Si],[Pb].[Pb].[Pb].[Pb].[S].[S].[S].[S].[S].[S].[S].[S].[S].[S].[S].[S].[Si].[Si].[Si].[Si],[Pb]1S[Si]2(S1)S[Si]1(S2)S[Pb]S1.[Pb]1S[Si]2(S1)S[Si]1(S2)S[Pb]S1,20,24,40,0,False,unit_cell_quotient_graph_without_translation_labels,pymatgen_CrystalNN,OpenBabel_canonical_SMILES_single_bonds_no_stereo,needle,nm,gga-relax,True,1,P1,429.0805698080973,-4.749141072,-4.749141072,1.0048000000000004,False,5.69531822
Pb1S3Si1--Pb1S3Si1_needle--nm--gga-static,Pb1S3Si1,PbS3Si,[Pb].[S].[S].[S].[Si],[Pb].[Pb].[Pb].[Pb].[S].[S].[S].[S].[S].[S].[S].[S].[S].[S].[S].[S].[Si].[Si].[Si].[Si],[Pb]1S[Si]2(S1)S[Si]1(S2)S[Pb]S1.[Pb]1S[Si]2(S1)S[Si]1(S2)S[Pb]S1,20,24,40,0,False,unit_cell_quotient_graph_without_translation_labels,pymatgen_CrystalNN,OpenBabel_canonical_SMILES_single_bonds_no_stereo,needle,nm,gga-static,True,1,P1,429.0805698080973,-4.7493306385,-4.749141072,1.0049000000000001,False,5.47052596
Pb1S3Sn1--Pb1S3Sn1_dist_perovskite--nm--gga-relax,Pb1S3Sn1,PbS3Sn,[Pb].[S].[S].[S].[Sn],[Pb].[Pb].[Pb].[Pb].[S].[S].[S].[S].[S].[S].[S].[S].[S].[S].[S].[S].[Sn].[Sn].[Sn].[Sn],S1[Sn]23S[Sn]41[S]1[Pb]56[S]3[Pb]31[S]5[Sn]15[S]7[Pb]89[S]2[Pb]7([S]48)[S]9[Sn]([S]63)(S1)S5,20,32,30,0,False,unit_cell_quotient_graph_without_translation_labels,pymatgen_CrystalNN,OpenBabel_canonical_SMILES_single_bonds_no_stereo,dist_perovskite,nm,gga-relax,True,1,P1,570.6211447398705,-4.2046228375,-4.2046228375,0.3474999999999997,False,4.08780979
Pb1S3Sn1--Pb1S3Sn1_dist_perovskite--nm--gga-static,Pb1S3Sn1,PbS3Sn,[Pb].[S].[S].[S].[Sn],[Pb].[Pb].[Pb].[Pb].[S].[S].[S].[S].[S].[S].[S].[S].[S].[S].[S].[S].[Sn].[Sn].[Sn].[Sn],S1[Sn]23S[Sn]41[S]1[Pb]56[S]3[Pb]31[S]5[Sn]15[S]7[Pb]89[S]2[Pb]7([S]48)[S]9[Sn]([S]63)(S1)S5,20,32,30,0,False,unit_cell_quotient_graph_without_translation_labels,pymatgen_CrystalNN,OpenBabel_canonical_SMILES_single_bonds_no_stereo,dist_perovskite,nm,gga-static,True,1,P1,570.6211447398705,-4.2048865815,-4.2046228375,0.3473999999999995,False,4.08786522
Pb1S3Sn1--Pb1S3Sn1_hexagonal--nm--gga-relax,Pb1S3Sn1,PbS3Sn,[Pb].[S].[S].[S].[Sn],[Pb].[Pb].[Pb].[Pb].[S].[S].[S].[S].[S].[S].[S].[S].[S].[S].[S].[S].[Sn].[Sn].[Sn].[Sn],S1S[Sn]234[S]5[Sn]6S78[Sn]9%10[S]1[Pb]1%11%12[S]2[Sn]([S]31)S4%11[Pb]15[S]%10[Pb]28([S]%12[Pb]7[S]92)[S]61,20,34,30,0,False,unit_cell_quotient_graph_without_translation_labels,pymatgen_CrystalNN,OpenBabel_canonical_SMILES_single_bonds_no_stereo,hexagonal,nm,gga-relax,True,1,P1,624.1583633808261,-4.252183801,-4.252183801,1.1500000000000004,False,3.17824174
Pb1S3Sn1--Pb1S3Sn1_hexagonal--nm--gga-static,Pb1S3Sn1,PbS3Sn,[Pb].[S].[S].[S].[Sn],[Pb].[Pb].[Pb].[Pb].[S].[S].[S].[S].[S].[S].[S].[S].[S].[S].[S].[S].[Sn].[Sn].[Sn].[Sn],S1S[Sn]234[S]5[Sn]6S78[Sn]9%10[S]1[Pb]1%11%12[S]2[Sn]([S]31)S4%11[Pb]15[S]%10[Pb]28([S]%12[Pb]7[S]92)[S]61,20,34,30,0,False,unit_cell_quotient_graph_without_translation_labels,pymatgen_CrystalNN,OpenBabel_canonical_SMILES_single_bonds_no_stereo,hexagonal,nm,gga-static,True,1,P1,624.1583633808261,-4.2551152605,-4.252183801,1.15,False,2.95817907
Pb1S3Sn1--Pb1S3Sn1_needle--nm--gga-relax,Pb1S3Sn1,PbS3Sn,[Pb].[S].[S].[S].[Sn],[Pb].[Pb].[Pb].[Pb].[S].[S].[S].[S].[S].[S].[S].[S].[S].[S].[S].[S].[Sn].[Sn].[Sn].[Sn],[Sn]1S[Pb]2[S]3[Sn]S[Pb]4[S]1[Pb]1S[Sn][S]2[Pb]3S[Sn][S]41.[S][S].[S][S],20,22,30,0,False,unit_cell_quotient_graph_without_translation_labels,pymatgen_CrystalNN,OpenBabel_canonical_SMILES_single_bonds_no_stereo,needle,nm,gga-relax,True,1,P1,587.6345175909323,-4.239233481,-4.239233481,0.013799999999999812,False,3.58819848
Pb1S3Sn1--Pb1S3Sn1_needle--nm--gga-static,Pb1S3Sn1,PbS3Sn,[Pb].[S].[S].[S].[Sn],[Pb].[Pb].[Pb].[Pb].[S].[S].[S].[S].[S].[S].[S].[S].[S].[S].[S].[S].[Sn].[Sn].[Sn].[Sn],[Sn]1S[Pb]2[S]3[Sn]S[Pb]4[S]1[Pb]1S[Sn][S]2[Pb]3S[Sn][S]41.[S][S].[S][S],20,22,30,0,False,unit_cell_quotient_graph_without_translation_labels,pymatgen_CrystalNN,OpenBabel_canonical_SMILES_single_bonds_no_stereo,needle,nm,gga-static,True,1,P1,587.6345175909323,-4.2394594825,-4.239233481,0.013799999999999812,False,3.58814796
Pb1S3Sr1--Pb1S3Sr1_dist_perovskite--nm--gga-relax,Pb1S3Sr1,PbS3Sr,[Pb].[S].[S].[S].[Sr],[Pb].[Pb].[Pb].[Pb].[S].[S].[S].[S].[S].[S].[S].[S].[S].[S].[S].[S].[Sr].[Sr].[Sr].[Sr],S123[Pb]4567S89[Pb]%10%11%121[S]1%13%14[Sr]%15%16%17%18%193[S]3%204[Sr]4%21%22%2381[S]185[Sr]5%24%25%26%272[S]26%15[Sr]6%159%1331[S]%10%21%24[Pb]1%14([S]%11%17%256)([S]%12%18%22%26)S%19%27[Pb]%2082([S]7%1645)S%23%151,20,56,60,0,False,unit_cell_quotient_graph_without_translation_labels,pymatgen_CrystalNN,OpenBabel_canonical_SMILES_single_bonds_no_stereo,dist_perovskite,nm,gga-relax,True,1,P1,528.636402880285,-4.3127405125000005,-4.3127405125000005,0.2810999999999999,True,3.05432465
Pb1S3Sr1--Pb1S3Sr1_dist_perovskite--nm--gga-static,Pb1S3Sr1,PbS3Sr,[Pb].[S].[S].[S].[Sr],[Pb].[Pb].[Pb].[Pb].[S].[S].[S].[S].[S].[S].[S].[S].[S].[S].[S].[S].[Sr].[Sr].[Sr].[Sr],S123[Pb]4567S89[Pb]%10%11%121[S]1%13%14[Sr]%15%16%17%18%193[S]3%204[Sr]4%21%22%2381[S]185[Sr]5%24%25%26%272[S]26%15[Sr]6%159%1331[S]%10%21%24[Pb]1%14([S]%11%17%256)([S]%12%18%22%26)S%19%27[Pb]%2082([S]7%1645)S%23%151,20,56,60,0,False,unit_cell_quotient_graph_without_translation_labels,pymatgen_CrystalNN,OpenBabel_canonical_SMILES_single_bonds_no_stereo,dist_perovskite,nm,gga-static,True,1,P1,528.636402880285,-4.312944435,-4.3127405125000005,0.2810999999999999,True,3.05432803
Pb1S3Sr1--Pb1S3Sr1_hexagonal--nm--gga-relax,Pb1S3Sr1,PbS3Sr,[Pb].[S].[S].[S].[Sr],[Pb].[Pb].[Pb].[Pb].[S].[S].[S].[S].[S].[S].[S].[S].[S].[S].[S].[S].[Sr].[Sr].[Sr].[Sr],S1[S]2[S]3[Sr]41S15[Sr]6782S24[Pb]1S17[Pb]52S24[Sr]579%10[S]3[Pb]3S%119[Pb]92[S]265S87[Sr]14%112S%1039,20,40,45,0,False,unit_cell_quotient_graph_without_translation_labels,pymatgen_CrystalNN,OpenBabel_canonical_SMILES_single_bonds_no_stereo,hexagonal,nm,gga-relax,True,1,P1,604.7482535655945,-4.482540981,-4.482540981,1.2694999999999999,False,3.23288752
Pb1S3Sr1--Pb1S3Sr1_hexagonal--nm--gga-static,Pb1S3Sr1,PbS3Sr,[Pb].[S].[S].[S].[Sr],[Pb].[Pb].[Pb].[Pb].[S].[S].[S].[S].[S].[S].[S].[S].[S].[S].[S].[S].[Sr].[Sr].[Sr].[Sr],S1[S]2[S]3[Sr]41S15[Sr]6782S24[Pb]1S17[Pb]52S24[Sr]579%10[S]3[Pb]3S%119[Pb]92[S]265S87[Sr]14%112S%1039,20,40,45,0,False,unit_cell_quotient_graph_without_translation_labels,pymatgen_CrystalNN,OpenBabel_canonical_SMILES_single_bonds_no_stereo,hexagonal,nm,gga-static,True,1,P1,604.7482535655945,-4.482553298,-4.482540981,1.2694999999999999,False,2.66524754
Pb1S3Sr1--Pb1S3Sr1_needle--nm--gga-relax,Pb1S3Sr1,PbS3Sr,[Pb].[S].[S].[S].[Sr],[Pb].[Pb].[Pb].[Pb].[S].[S].[S].[S].[S].[S].[S].[S].[S].[S].[S].[S].[Sr].[Sr].[Sr].[Sr],[S]12[S]3[Pb]45S67[Pb]81[S]1[Sr]936[S]3[Sr]671S19[Pb]79[S]%10[Sr]%11%122S48[Sr]2%10([S]5%11)S7%12[Pb]31[S]2[S]69,20,38,46,0,False,unit_cell_quotient_graph_without_translation_labels,pymatgen_CrystalNN,OpenBabel_canonical_SMILES_single_bonds_no_stereo,needle,nm,gga-relax,True,1,P1,537.8517902527027,-4.465960897,-4.465960897,0.011299999999999866,False,3.51506345
Pb1S3Sr1--Pb1S3Sr1_needle--nm--gga-static,Pb1S3Sr1,PbS3Sr,[Pb].[S].[S].[S].[Sr],[Pb].[Pb].[Pb].[Pb].[S].[S].[S].[S].[S].[S].[S].[S].[S].[S].[S].[S].[Sr].[Sr].[Sr].[Sr],[S]12[S]3[Pb]45S67[Pb]81[S]1[Sr]936[S]3[Sr]671S19[Pb]79[S]%10[Sr]%11%122S48[Sr]2%10([S]5%11)S7%12[Pb]31[S]2[S]69,20,38,46,0,False,unit_cell_quotient_graph_without_translation_labels,pymatgen_CrystalNN,OpenBabel_canonical_SMILES_single_bonds_no_stereo,needle,nm,gga-static,True,1,P1,537.8517902527027,-4.466427333,-4.465960897,0.011399999999999633,False,3.51498983
Pb1S3Ti1--Pb1S3Ti1_dist_perovskite--fm--gga-relax,Pb1S3Ti1,PbS3Ti,[Pb].[S].[S].[S].[Ti],[Pb].[Pb].[Pb].[Pb].[S].[S].[S].[S].[S].[S].[S].[S].[S].[S].[S].[S].[Ti].[Ti].[Ti].[Ti],S123[Ti]4567S89[Ti]%10%11%121S16[Pb]6%13%14%15S%165[Ti]5%17%18%19S%204[Pb]4%2128S2%12[Pb]839%20S54[Ti]342(S%11%13[Pb]1%16(S7%106)(S%14%183)S%15%194)S%17%218,20,48,44,0,False,unit_cell_quotient_graph_without_translation_labels,pymatgen_CrystalNN,OpenBabel_canonical_SMILES_single_bonds_no_stereo,dist_perovskite,fm,gga-relax,True,1,P1,426.2282764322949,-5.652830311000001,-5.652830311000001,0.1155999999999997,False,5.36464118
Pb1S3Ti1--Pb1S3Ti1_dist_perovskite--fm--gga-static,Pb1S3Ti1,PbS3Ti,[Pb].[S].[S].[S].[Ti],[Pb].[Pb].[Pb].[Pb].[S].[S].[S].[S].[S].[S].[S].[S].[S].[S].[S].[S].[Ti].[Ti].[Ti].[Ti],S123[Ti]4567S89[Ti]%10%11%121S16[Pb]6%13%14%15S%165[Ti]5%17%18%19S%204[Pb]4%2128S2%12[Pb]839%20S54[Ti]342(S%11%13[Pb]1%16(S7%106)(S%14%183)S%15%194)S%17%218,20,48,44,0,False,unit_cell_quotient_graph_without_translation_labels,pymatgen_CrystalNN,OpenBabel_canonical_SMILES_single_bonds_no_stereo,dist_perovskite,fm,gga-static,True,1,P1,426.2282764322949,-5.652947199,-5.652830311000001,0.11560000000000059,False,5.36428643
Pb1S3Ti1--Pb1S3Ti1_hexagonal--fm--gga-relax,Pb1S3Ti1,PbS3Ti,[Pb].[S].[S].[S].[Ti],[Pb].[Pb].[Pb].[Pb].[S].[S].[S].[S].[S].[S].[S].[S].[S].[S].[S].[S].[Ti].[Ti].[Ti].[Ti],[S]12[Pb]3456[S]789[Ti]%10%11%121S13[Pb]3%1327S5%11[Ti]25([S]%123)S3%13[Ti]7%11%12%13S%146[Pb]6%15%168S4%10[Ti]91%14([S]76)S%11%15[Pb]3(S2%12%16)[S]5%13,20,45,36,0,False,unit_cell_quotient_graph_without_translation_labels,pymatgen_CrystalNN,OpenBabel_canonical_SMILES_single_bonds_no_stereo,hexagonal,fm,gga-relax,True,1,P1,463.08683907450154,-5.6452108635,-5.6452108635,0.8654999999999999,False,4.43941038
Pb1S3Ti1--Pb1S3Ti1_hexagonal--fm--gga-static,Pb1S3Ti1,PbS3Ti,[Pb].[S].[S].[S].[Ti],[Pb].[Pb].[Pb].[Pb].[S].[S].[S].[S].[S].[S].[S].[S].[S].[S].[S].[S].[Ti].[Ti].[Ti].[Ti],[S]12[Pb]3456[S]789[Ti]%10%11%121S13[Pb]3%1327S5%11[Ti]25([S]%123)S3%13[Ti]7%11%12%13S%146[Pb]6%15%168S4%10[Ti]91%14([S]76)S%11%15[Pb]3(S2%12%16)[S]5%13,20,45,36,0,False,unit_cell_quotient_graph_without_translation_labels,pymatgen_CrystalNN,OpenBabel_canonical_SMILES_single_bonds_no_stereo,hexagonal,fm,gga-static,True,1,P1,463.08683907450154,-5.6457665145,-5.6452108635,0.8652999999999995,False,5.06903697
Pb1S3Ti1--Pb1S3Ti1_needle--fm--gga-relax,Pb1S3Ti1,PbS3Ti,[Pb].[S].[S].[S].[Ti],[Pb].[Pb].[Pb].[Pb].[S].[S].[S].[S].[S].[S].[S].[S].[S].[S].[S].[S].[Ti].[Ti].[Ti].[Ti],S1[Pb]2S[Ti]31[S]1[Pb]4S[Ti]5([S]2[Ti]26S[Pb]([S]3[Ti]31S[Pb]([S]56)S3)S2)S4,20,28,40,0,False,unit_cell_quotient_graph_without_translation_labels,pymatgen_CrystalNN,OpenBabel_canonical_SMILES_single_bonds_no_stereo,needle,fm,gga-relax,True,1,P1,452.087327303899,-5.701242944,-5.701242944,0.6209000000000007,False,4.78589516
Pb1S3Ti1--Pb1S3Ti1_needle--fm--gga-static,Pb1S3Ti1,PbS3Ti,[Pb].[S].[S].[S].[Ti],[Pb].[Pb].[Pb].[Pb].[S].[S].[S].[S].[S].[S].[S].[S].[S].[S].[S].[S].[Ti].[Ti].[Ti].[Ti],S1[Pb]2S[Ti]31[S]1[Pb]4S[Ti]5([S]2[Ti]26S[Pb]([S]3[Ti]31S[Pb]([S]56)S3)S2)S4,20,28,40,0,False,unit_cell_quotient_graph_without_translation_labels,pymatgen_CrystalNN,OpenBabel_canonical_SMILES_single_bonds_no_stereo,needle,fm,gga-static,True,1,P1,452.087327303899,-5.701425765,-5.701242944,0.6208999999999998,False,4.54539398
Pb1S3V1--Pb1S3V1_dist_perovskite--fm--gga-relax,Pb1S3V1,PbS3V,[Pb].[S].[S].[S].[V],[Pb].[Pb].[Pb].[Pb].[S].[S].[S].[S].[S].[S].[S].[S].[S].[S].[S].[S].[V].[V].[V].[V],S123[Pb]4567S89[Pb]%10%11%121[S]1%134[V]4%14%153[S]36%11[V]6%1191S1%14[Pb]9%14%16%17%18%13[S]%135%10[V]5%10%192[S]27%12[V]7%128%13S95[Pb]312(S%14%107)(S4%16%19)(S%156%17)S%11%18%12,20,52,48,0,False,unit_cell_quotient_graph_without_translation_labels,pymatgen_CrystalNN,OpenBabel_canonical_SMILES_single_bonds_no_stereo,dist_perovskite,fm,gga-relax,True,1,P1,409.0316571096955,-5.5580703595,-5.5580703595,0.0030999999999998806,False,5.58249878
Pb1S3V1--Pb1S3V1_dist_perovskite--fm--gga-static,Pb1S3V1,PbS3V,[Pb].[S].[S].[S].[V],[Pb].[Pb].[Pb].[Pb].[S].[S].[S].[S].[S].[S].[S].[S].[S].[S].[S].[S].[V].[V].[V].[V],S123[Pb]4567S89[Pb]%10%11%121[S]1%134[V]4%14%153[S]36%11[V]6%1191S1%14[Pb]9%14%16%17%18%13[S]%135%10[V]5%10%192[S]27%12[V]7%128%13S95[Pb]312(S%14%107)(S4%16%19)(S%156%17)S%11%18%12,20,52,48,0,False,unit_cell_quotient_graph_without_translation_labels,pymatgen_CrystalNN,OpenBabel_canonical_SMILES_single_bonds_no_stereo,dist_perovskite,fm,gga-static,True,1,P1,409.0316571096955,-5.558041649,-5.5580703595,0,False,5.58745534
Pb1S3V1--Pb1S3V1_hexagonal--fm--gga-relax,Pb1S3V1,PbS3V,[Pb].[S].[S].[S].[V],[Pb].[Pb].[Pb].[Pb].[S].[S].[S].[S].[S].[S].[S].[S].[S].[S].[S].[S].[V].[V].[V].[V],S1[V]2345[S]6[V]7891[S]1%105[Pb]5%11%126S62[Pb]21S17[Pb]7%10S82[V]28%101S97[Pb]179%13S35[V]6(S4%111)(S%1227)([S]89)[S]%10%13,20,44,30,0,False,unit_cell_quotient_graph_without_translation_labels,pymatgen_CrystalNN,OpenBabel_canonical_SMILES_single_bonds_no_stereo,hexagonal,fm,gga-relax,True,1,P1,432.64568502156953,-5.5714370675,-5.5714370675,0.01609999999999978,False,5.17891908
Pb1S3V1--Pb1S3V1_hexagonal--fm--gga-static,Pb1S3V1,PbS3V,[Pb].[S].[S].[S].[V],[Pb].[Pb].[Pb].[Pb].[S].[S].[S].[S].[S].[S].[S].[S].[S].[S].[S].[S].[V].[V].[V].[V],S1[V]2345[S]6[V]7891[S]1%105[Pb]5%11%126S62[Pb]21S17[Pb]7%10S82[V]28%101S97[Pb]179%13S35[V]6(S4%111)(S%1227)([S]89)[S]%10%13,20,44,30,0,False,unit_cell_quotient_graph_without_translation_labels,pymatgen_CrystalNN,OpenBabel_canonical_SMILES_single_bonds_no_stereo,hexagonal,fm,gga-static,True,1,P1,432.64568502156953,-5.5719963405,-5.5714370675,0.016000000000000014,False,5.17887391
Pb1S3V1--Pb1S3V1_needle--fm--gga-relax,Pb1S3V1,PbS3V,[Pb].[S].[S].[S].[V],[Pb].[Pb].[Pb].[Pb].[S].[S].[S].[S].[S].[S].[S].[S].[S].[S].[S].[S].[V].[V].[V].[V],[Pb]1S[V]2(S1)S[V]1(S2)S[Pb]S1.[Pb]1S[V]2(S1)S[V]1(S2)S[Pb]S1,20,24,42,0,False,unit_cell_quotient_graph_without_translation_labels,pymatgen_CrystalNN,OpenBabel_canonical_SMILES_single_bonds_no_stereo,needle,fm,gga-relax,True,1,P1,418.29525194602246,-5.6078961905,-5.6078961905,0.008000000000000007,False,5.34601443
Pb1S3V1--Pb1S3V1_needle--fm--gga-static,Pb1S3V1,PbS3V,[Pb].[S].[S].[S].[V],[Pb].[Pb].[Pb].[Pb].[S].[S].[S].[S].[S].[S].[S].[S].[S].[S].[S].[S].[V].[V].[V].[V],[Pb]1S[V]2(S1)S[V]1(S2)S[Pb]S1.[Pb]1S[V]2(S1)S[V]1(S2)S[Pb]S1,20,24,42,0,False,unit_cell_quotient_graph_without_translation_labels,pymatgen_CrystalNN,OpenBabel_canonical_SMILES_single_bonds_no_stereo,needle,fm,gga-static,True,1,P1,418.29525194602246,-5.6073008705,-5.6078961905,0,False,5.32138384
Pb1S3Zn1--Pb1S3Zn1_dist_perovskite--nm--gga-relax,Pb1S3Zn1,PbS3Zn,[Pb].[S].[S].[S].[Zn],[Pb].[Pb].[Pb].[Pb].[S].[S].[S].[S].[S].[S].[S].[S].[S].[S].[S].[S].[Zn].[Zn].[Zn].[Zn],[Zn]123S45S61[Pb]1789S%103[Pb]3%11%124S4%13[Pb]%14%15%165S52[Pb]2%176(S6%16[Zn]%16(S3%14S8%17%16)S1%12[Zn]16S%11%15S721)S9%13[Zn]%1045,20,44,42,0,False,unit_cell_quotient_graph_without_translation_labels,pymatgen_CrystalNN,OpenBabel_canonical_SMILES_single_bonds_no_stereo,dist_perovskite,nm,gga-relax,True,1,P1,501.803525938861,-3.7492476535000003,-3.7492476535000003,0.8009999999999997,True,3.902816
Pb1S3Zn1--Pb1S3Zn1_dist_perovskite--nm--gga-static,Pb1S3Zn1,PbS3Zn,[Pb].[S].[S].[S].[Zn],[Pb].[Pb].[Pb].[Pb].[S].[S].[S].[S].[S].[S].[S].[S].[S].[S].[S].[S].[Zn].[Zn].[Zn].[Zn],[Zn]123S45S61[Pb]1789S%103[Pb]3%11%124S4%13[Pb]%14%15%165S52[Pb]2%176(S6%16[Zn]%16(S3%14S8%17%16)S1%12[Zn]16S%11%15S721)S9%13[Zn]%1045,20,44,42,0,False,unit_cell_quotient_graph_without_translation_labels,pymatgen_CrystalNN,OpenBabel_canonical_SMILES_single_bonds_no_stereo,dist_perovskite,nm,gga-static,True,1,P1,501.803525938861,-3.7495042365000004,-3.7492476535000003,0.8009,True,3.75852453
Pb1S3Zn1--Pb1S3Zn1_hexagonal--nm--gga-relax,Pb1S3Zn1,PbS3Zn,[Pb].[S].[S].[S].[Zn],[Pb].[Pb].[Pb].[Pb].[S].[S].[S].[S].[S].[S].[S].[S].[S].[S].[S].[S].[Zn].[Zn].[Zn].[Zn],[Pb]1234567S89S%105S51[Zn]78[Pb]1789%105S59S%107S71[Zn]85[Pb]1589%107S79[Pb]%10%11%12%13%14(S%152S4%11S3%10[Zn]6%12%15)S1(S57%13)[Zn]89%14,20,48,59,0,False,unit_cell_quotient_graph_without_translation_labels,pymatgen_CrystalNN,OpenBabel_canonical_SMILES_single_bonds_no_stereo,hexagonal,nm,gga-relax,True,1,P1,507.9667933095989,-3.374051384,-3.374051384,0.019199999999999662,False,4.04724592
Pb1S3Zn1--Pb1S3Zn1_hexagonal--nm--gga-static,Pb1S3Zn1,PbS3Zn,[Pb].[S].[S].[S].[Zn],[Pb].[Pb].[Pb].[Pb].[S].[S].[S].[S].[S].[S].[S].[S].[S].[S].[S].[S].[Zn].[Zn].[Zn].[Zn],[Pb]1234567S89S%105S51[Zn]78[Pb]1789%105S59S%107S71[Zn]85[Pb]1589%107S79[Pb]%10%11%12%13%14(S%152S4%11S3%10[Zn]6%12%15)S1(S57%13)[Zn]89%14,20,48,59,0,False,unit_cell_quotient_graph_without_translation_labels,pymatgen_CrystalNN,OpenBabel_canonical_SMILES_single_bonds_no_stereo,hexagonal,nm,gga-static,True,1,P1,507.9667933095989,-3.374242907,-3.374051384,0.01949999999999985,False,4.04720515
Pb1S3Zn1--Pb1S3Zn1_needle--nm--gga-relax,Pb1S3Zn1,PbS3Zn,[Pb].[S].[S].[S].[Zn],[Pb].[Pb].[Pb].[Pb].[S].[S].[S].[S].[S].[S].[S].[S].[S].[S].[S].[S].[Zn].[Zn].[Zn].[Zn],S1[S]2[Zn]3S[S]4[Zn]1[S]1[Pb]4[S]4[Pb]1[S]1S[Zn]5[S]6[Pb]2[S]3[Pb]6[S]5S[Zn]41,20,28,36,0,False,unit_cell_quotient_graph_without_translation_labels,pymatgen_CrystalNN,OpenBabel_canonical_SMILES_single_bonds_no_stereo,needle,nm,gga-relax,True,1,P1,522.5112566032826,-3.7621671255000004,-3.7621671255000004,1.1514000000000002,False,3.46363956
Pb1S3Zn1--Pb1S3Zn1_needle--nm--gga-static,Pb1S3Zn1,PbS3Zn,[Pb].[S].[S].[S].[Zn],[Pb].[Pb].[Pb].[Pb].[S].[S].[S].[S].[S].[S].[S].[S].[S].[S].[S].[S].[Zn].[Zn].[Zn].[Zn],S1[S]2[Zn]3S[S]4[Zn]1[S]1[Pb]4[S]4[Pb]1[S]1S[Zn]5[S]6[Pb]2[S]3[Pb]6[S]5S[Zn]41,20,28,36,0,False,unit_cell_quotient_graph_without_translation_labels,pymatgen_CrystalNN,OpenBabel_canonical_SMILES_single_bonds_no_stereo,needle,nm,gga-static,True,1,P1,522.5112566032826,-3.7626189734999995,-3.7621671255000004,1.1514000000000002,False,3.22642184
Pb1S3Zr1--Pb1S3Zr1_dist_perovskite--nm--gga-relax,Pb1S3Zr1,PbS3Zr,[Pb].[S].[S].[S].[Zr],[Pb].[Pb].[Pb].[Pb].[S].[S].[S].[S].[S].[S].[S].[S].[S].[S].[S].[S].[Zr].[Zr].[Zr].[Zr],S123[Zr]4567S89[Zr]%10%11%121S16[Pb]6%13%14%15S%165[Zr]5%17%18%19S%204[Pb]4%2128S2%12[Pb]839%20S54[Zr]342(S%11%13[Pb]1%16(S7%106)(S%14%183)S%15%194)S%17%218,20,48,44,0,False,unit_cell_quotient_graph_without_translation_labels,pymatgen_CrystalNN,OpenBabel_canonical_SMILES_single_bonds_no_stereo,dist_perovskite,nm,gga-relax,True,1,P1,473.4077216452117,-6.0005227445000004,-6.0005227445000004,0.8456000000000001,False,5.49535589
Pb1S3Zr1--Pb1S3Zr1_dist_perovskite--nm--gga-static,Pb1S3Zr1,PbS3Zr,[Pb].[S].[S].[S].[Zr],[Pb].[Pb].[Pb].[Pb].[S].[S].[S].[S].[S].[S].[S].[S].[S].[S].[S].[S].[Zr].[Zr].[Zr].[Zr],S123[Zr]4567S89[Zr]%10%11%121S16[Pb]6%13%14%15S%165[Zr]5%17%18%19S%204[Pb]4%2128S2%12[Pb]839%20S54[Zr]342(S%11%13[Pb]1%16(S7%106)(S%14%183)S%15%194)S%17%218,20,48,44,0,False,unit_cell_quotient_graph_without_translation_labels,pymatgen_CrystalNN,OpenBabel_canonical_SMILES_single_bonds_no_stereo,dist_perovskite,nm,gga-static,True,1,P1,473.4077216452117,-6.000608037,-6.0005227445000004,0.8455000000000004,False,5.18835041
Pb1S3Zr1--Pb1S3Zr1_hexagonal--nm--gga-relax,Pb1S3Zr1,PbS3Zr,[Pb].[S].[S].[S].[Zr],[Pb].[Pb].[Pb].[Pb].[S].[S].[S].[S].[S].[S].[S].[S].[S].[S].[S].[S].[Zr].[Zr].[Zr].[Zr],S1[Zr]2345[S]6[Zr]7891S13[Pb]36S65[Pb]5%10%11[S]2[Zr]2%12%136S45[Pb]456[S]%1493[Pb]31[S]8[Zr]%14(S7)(S%1024)(S%11%125)S%1363,20,42,28,0,False,unit_cell_quotient_graph_without_translation_labels,pymatgen_CrystalNN,OpenBabel_canonical_SMILES_single_bonds_no_stereo,hexagonal,nm,gga-relax,True,1,P1,530.1071056954584,-5.9665220015000004,-5.9665220015000004,1.3529000000000004,False,4.08728298
Pb1S3Zr1--Pb1S3Zr1_hexagonal--nm--gga-static,Pb1S3Zr1,PbS3Zr,[Pb].[S].[S].[S].[Zr],[Pb].[Pb].[Pb].[Pb].[S].[S].[S].[S].[S].[S].[S].[S].[S].[S].[S].[S].[Zr].[Zr].[Zr].[Zr],S1[Zr]2345[S]6[Zr]7891S13[Pb]36S65[Pb]5%10%11[S]2[Zr]2%12%136S45[Pb]456[S]%1493[Pb]31[S]8[Zr]%14(S7)(S%1024)(S%11%125)S%1363,20,42,28,0,False,unit_cell_quotient_graph_without_translation_labels,pymatgen_CrystalNN,OpenBabel_canonical_SMILES_single_bonds_no_stereo,hexagonal,nm,gga-static,True,1,P1,530.1071056954584,-5.967167904,-5.9665220015000004,1.3530000000000002,False,3.84856098
Pb1S3Zr1--Pb1S3Zr1_needle--nm--gga-relax,Pb1S3Zr1,PbS3Zr,[Pb].[S].[S].[S].[Zr],[Pb].[Pb].[Pb].[Pb].[S].[S].[S].[S].[S].[S].[S].[S].[S].[S].[S].[S].[Zr].[Zr].[Zr].[Zr],S1[Pb]2S[Zr]31[S]1[Pb]4S[Zr]5([S]2[Zr]26S[Pb]([S]3[Zr]31S[Pb]([S]56)S3)S2)S4,20,28,40,0,False,unit_cell_quotient_graph_without_translation_labels,pymatgen_CrystalNN,OpenBabel_canonical_SMILES_single_bonds_no_stereo,needle,nm,gga-relax,True,2,P-1,501.8324147261386,-6.039561849,-6.039561849,1.3517000000000001,False,4.72755505
Pb1S3Zr1--Pb1S3Zr1_needle--nm--gga-static,Pb1S3Zr1,PbS3Zr,[Pb].[S].[S].[S].[Zr],[Pb].[Pb].[Pb].[Pb].[S].[S].[S].[S].[S].[S].[S].[S].[S].[S].[S].[S].[Zr].[Zr].[Zr].[Zr],S1[Pb]2S[Zr]31[S]1[Pb]4S[Zr]5([S]2[Zr]26S[Pb]([S]3[Zr]31S[Pb]([S]56)S3)S2)S4,20,28,40,0,False,unit_cell_quotient_graph_without_translation_labels,pymatgen_CrystalNN,OpenBabel_canonical_SMILES_single_bonds_no_stereo,needle,nm,gga-static,True,2,P-1,501.8324147261386,-6.039747202,-6.039561849,1.3517000000000001,False,4.41093647
Pb2S3--Pb2S3_dist_perovskite--nm--gga-relax,Pb2S3,Pb2S3,[Pb].[Pb].[S].[S].[S],[Pb].[Pb].[Pb].[Pb].[Pb].[Pb].[Pb].[Pb].[S].[S].[S].[S].[S].[S].[S].[S].[S].[S].[S].[S],[S]12[Pb]34[S]5[Pb]6789S%104[Pb]4%11%121[S]1[Pb]%13%14%152S23[Pb]3%165(S5%15[Pb]([S]4%13)(S6%12[Pb]5([S]%11%14)[S]73)[S]8%16)[S]9[Pb]%1012,20,40,44,0,False,unit_cell_quotient_graph_without_translation_labels,pymatgen_CrystalNN,OpenBabel_canonical_SMILES_single_bonds_no_stereo,dist_perovskite,nm,gga-relax,True,1,P1,515.4707794142117,-4.0345384205000006,-4.0345384205000006,0.0010999999999992127,False,4.33137058
Pb2S3--Pb2S3_dist_perovskite--nm--gga-static,Pb2S3,Pb2S3,[Pb].[Pb].[S].[S].[S],[Pb].[Pb].[Pb].[Pb].[Pb].[Pb].[Pb].[Pb].[S].[S].[S].[S].[S].[S].[S].[S].[S].[S].[S].[S],[S]12[Pb]34[S]5[Pb]6789S%104[Pb]4%11%121[S]1[Pb]%13%14%152S23[Pb]3%165(S5%15[Pb]([S]4%13)(S6%12[Pb]5([S]%11%14)[S]73)[S]8%16)[S]9[Pb]%1012,20,40,44,0,False,unit_cell_quotient_graph_without_translation_labels,pymatgen_CrystalNN,OpenBabel_canonical_SMILES_single_bonds_no_stereo,dist_perovskite,nm,gga-static,True,1,P1,515.4707794142117,-4.034798812,-4.0345384205000006,0,False,4.32746461
Pb2S3--Pb2S3_hexagonal--nm--gga-relax,Pb2S3,Pb2S3,[Pb].[Pb].[S].[S].[S],[Pb].[Pb].[Pb].[Pb].[Pb].[Pb].[Pb].[Pb].[S].[S].[S].[S].[S].[S].[S].[S].[S].[S].[S].[S],[S]12[Pb]3[S]4[Pb]567[S]1[Pb]1S86[Pb]62S35[Pb]4[S]7[Pb]234S51[Pb]178S86[S]2[Pb]258S37[S]1[S]42,20,37,30,0,False,unit_cell_quotient_graph_without_translation_labels,pymatgen_CrystalNN,OpenBabel_canonical_SMILES_single_bonds_no_stereo,hexagonal,nm,gga-relax,True,1,P1,660.6580842446912,-4.178988337,-4.178988337,1.0337999999999998,True,3.2990535
Pb2S3--Pb2S3_hexagonal--nm--gga-static,Pb2S3,Pb2S3,[Pb].[Pb].[S].[S].[S],[Pb].[Pb].[Pb].[Pb].[Pb].[Pb].[Pb].[Pb].[S].[S].[S].[S].[S].[S].[S].[S].[S].[S].[S].[S],[S]12[Pb]3[S]4[Pb]567[S]1[Pb]1S86[Pb]62S35[Pb]4[S]7[Pb]234S51[Pb]178S86[S]2[Pb]258S37[S]1[S]42,20,37,30,0,False,unit_cell_quotient_graph_without_translation_labels,pymatgen_CrystalNN,OpenBabel_canonical_SMILES_single_bonds_no_stereo,hexagonal,nm,gga-static,True,1,P1,660.6580842446912,-4.179002784,-4.178988337,1.0337,True,2.80097244
Pb2S3--Pb2S3_needle--nm--gga-relax,Pb2S3,Pb2S3,[Pb].[Pb].[S].[S].[S],[Pb].[Pb].[Pb].[Pb].[Pb].[Pb].[Pb].[Pb].[S].[S].[S].[S].[S].[S].[S].[S].[S].[S].[S].[S],[Pb]12[S]3[Pb]4[S]2[Pb]2[S]4[Pb]4[S]2[Pb]2[S]5[Pb]6[S]1[Pb]3[S]6[Pb]5[S]42.[S][S].[S][S],20,26,44,0,False,unit_cell_quotient_graph_without_translation_labels,pymatgen_CrystalNN,OpenBabel_canonical_SMILES_single_bonds_no_stereo,needle,nm,gga-relax,True,1,P1,596.7776354648448,-4.192433147,-4.192433147,0.0235000000000003,False,3.24463962
Pb2S3--Pb2S3_needle--nm--gga-static,Pb2S3,Pb2S3,[Pb].[Pb].[S].[S].[S],[Pb].[Pb].[Pb].[Pb].[Pb].[Pb].[Pb].[Pb].[S].[S].[S].[S].[S].[S].[S].[S].[S].[S].[S].[S],[Pb]12[S]3[Pb]4[S]2[Pb]2[S]4[Pb]4[S]2[Pb]2[S]5[Pb]6[S]1[Pb]3[S]6[Pb]5[S]42.[S][S].[S][S],20,26,44,0,False,unit_cell_quotient_graph_without_translation_labels,pymatgen_CrystalNN,OpenBabel_canonical_SMILES_single_bonds_no_stereo,needle,nm,gga-static,True,1,P1,596.7776354648448,-4.192875346,-4.192433147,0.023499999999999854,False,3.24453781
S3Si1Sn1--S3Si1Sn1_dist_perovskite--nm--gga-relax,S3Si1Sn1,S3SiSn,[S].[S].[S].[Si].[Sn],[S].[S].[S].[S].[S].[S].[S].[S].[S].[S].[S].[S].[Si].[Si].[Si].[Si].[Sn].[Sn].[Sn].[Sn],S123[Si]4567S89[Si]%10%11%121[S]1%13%14[Sn]%15%16%17%18%193[S]3%204[Sn]4%21%22%2381[S]185[Sn]5%24%25%26%272[S]26%15[Sn]6%159%1331[S]%10%21%24[Si]1%14([S]%11%17%256)([S]%12%18%22%26)S%19%27[Si]%2082([S]7%1645)S%23%151,20,56,58,0,False,unit_cell_quotient_graph_without_translation_labels,pymatgen_CrystalNN,OpenBabel_canonical_SMILES_single_bonds_no_stereo,dist_perovskite,nm,gga-relax,True,1,P1,383.54141941505117,-4.5929353740000005,-4.5929353740000005,0.043999999999999595,False,6.94607944
S3Si1Sn1--S3Si1Sn1_dist_perovskite--nm--gga-static,S3Si1Sn1,S3SiSn,[S].[S].[S].[Si].[Sn],[S].[S].[S].[S].[S].[S].[S].[S].[S].[S].[S].[S].[Si].[Si].[Si].[Si].[Sn].[Sn].[Sn].[Sn],S123[Si]4567S89[Si]%10%11%121[S]1%13%14[Sn]%15%16%17%18%193[S]3%204[Sn]4%21%22%2381[S]185[Sn]5%24%25%26%272[S]26%15[Sn]6%159%1331[S]%10%21%24[Si]1%14([S]%11%17%256)([S]%12%18%22%26)S%19%27[Si]%2082([S]7%1645)S%23%151,20,56,58,0,False,unit_cell_quotient_graph_without_translation_labels,pymatgen_CrystalNN,OpenBabel_canonical_SMILES_single_bonds_no_stereo,dist_perovskite,nm,gga-static,True,1,P1,383.54141941505117,-4.5930606535,-4.5929353740000005,0.04389999999999983,False,6.9461001
S3Si1Sn1--S3Si1Sn1_hexagonal--nm--gga-relax,S3Si1Sn1,S3SiSn,[S].[S].[S].[Si].[Sn],[S].[S].[S].[S].[S].[S].[S].[S].[S].[S].[S].[S].[Si].[Si].[Si].[Si].[Sn].[Sn].[Sn].[Sn],S1[Sn]2[S]3[Si]41S[Si]15[S]4[Sn]3(S1)[S]5[Sn]1[S]3[Sn]45[S]2[Si]2(S[Si]3([S]52)S1)S4,20,30,18,0,False,unit_cell_quotient_graph_without_translation_labels,pymatgen_CrystalNN,OpenBabel_canonical_SMILES_single_bonds_no_stereo,hexagonal,nm,gga-relax,True,4,P2_1,583.9401165473083,-4.8593257334999995,-4.8593257334999995,2.2221,False,2.36336767
S3Si1Sn1--S3Si1Sn1_hexagonal--nm--gga-static,S3Si1Sn1,S3SiSn,[S].[S].[S].[Si].[Sn],[S].[S].[S].[S].[S].[S].[S].[S].[S].[S].[S].[S].[Si].[Si].[Si].[Si].[Sn].[Sn].[Sn].[Sn],S1[Sn]2[S]3[Si]41S[Si]15[S]4[Sn]3(S1)[S]5[Sn]1[S]3[Sn]45[S]2[Si]2(S[Si]3([S]52)S1)S4,20,30,18,0,False,unit_cell_quotient_graph_without_translation_labels,pymatgen_CrystalNN,OpenBabel_canonical_SMILES_single_bonds_no_stereo,hexagonal,nm,gga-static,True,4,P2_1,583.9401165473083,-4.863120594,-4.8593257334999995,2.2372,False,2.11875129
S3Si1Sn1--S3Si1Sn1_needle--nm--gga-relax,S3Si1Sn1,S3SiSn,[S].[S].[S].[Si].[Sn],[S].[S].[S].[S].[S].[S].[S].[S].[S].[S].[S].[S].[Si].[Si].[Si].[Si].[Sn].[Sn].[Sn].[Sn],[Sn]1S[Si]2(S1)S[Si]1(S2)S[Sn]S1.[Sn]1S[Si]2(S1)S[Si]1(S2)S[Sn]S1,20,24,40,0,False,unit_cell_quotient_graph_without_translation_labels,pymatgen_CrystalNN,OpenBabel_canonical_SMILES_single_bonds_no_stereo,needle,nm,gga-relax,True,1,P1,441.58476799289036,-4.787318148500001,-4.787318148500001,0.9623999999999997,False,5.33753738
S3Si1Sn1--S3Si1Sn1_needle--nm--gga-static,S3Si1Sn1,S3SiSn,[S].[S].[S].[Si].[Sn],[S].[S].[S].[S].[S].[S].[S].[S].[S].[S].[S].[S].[Si].[Si].[Si].[Si].[Sn].[Sn].[Sn].[Sn],[Sn]1S[Si]2(S1)S[Si]1(S2)S[Sn]S1.[Sn]1S[Si]2(S1)S[Si]1(S2)S[Sn]S1,20,24,40,0,False,unit_cell_quotient_graph_without_translation_labels,pymatgen_CrystalNN,OpenBabel_canonical_SMILES_single_bonds_no_stereo,needle,nm,gga-static,True,1,P1,441.58476799289036,-4.787434415,-4.787318148500001,0.9624999999999995,False,5.15175175
S3Si1Sr1--S3Si1Sr1_dist_perovskite--nm--gga-relax,S3Si1Sr1,S3SiSr,[S].[S].[S].[Si].[Sr],[S].[S].[S].[S].[S].[S].[S].[S].[S].[S].[S].[S].[Si].[Si].[Si].[Si].[Sr].[Sr].[Sr].[Sr],[S]12[Sr]34567[S]8[Si]9%10S%113[Si]31S15[Sr]5%12%13%148S84[Si]4%15[S]%16[Sr]%17%18%192%11[S]2[Si]18S7%12[Sr]%162(S635)(S94%17)(S%10%13%18)S%14%15%19,20,44,40,0,False,unit_cell_quotient_graph_without_translation_labels,pymatgen_CrystalNN,OpenBabel_canonical_SMILES_single_bonds_no_stereo,dist_perovskite,nm,gga-relax,True,1,P1,527.8053005039249,-5.077030586499999,-5.077030586499999,2.3400999999999996,False,2.45440819
S3Si1Sr1--S3Si1Sr1_dist_perovskite--nm--gga-static,S3Si1Sr1,S3SiSr,[S].[S].[S].[Si].[Sr],[S].[S].[S].[S].[S].[S].[S].[S].[S].[S].[S].[S].[Si].[Si].[Si].[Si].[Sr].[Sr].[Sr].[Sr],[S]12[Sr]34567[S]8[Si]9%10S%113[Si]31S15[Sr]5%12%13%148S84[Si]4%15[S]%16[Sr]%17%18%192%11[S]2[Si]18S7%12[Sr]%162(S635)(S94%17)(S%10%13%18)S%14%15%19,20,44,40,0,False,unit_cell_quotient_graph_without_translation_labels,pymatgen_CrystalNN,OpenBabel_canonical_SMILES_single_bonds_no_stereo,dist_perovskite,nm,gga-static,True,1,P1,527.8053005039249,-5.0791405255,-5.077030586499999,2.3156,False,2.27243342
S3Si1Sr1--S3Si1Sr1_hexagonal--nm--gga-relax,S3Si1Sr1,S3SiSr,[S].[S].[S].[Si].[Sr],[S].[S].[S].[S].[S].[S].[S].[S].[S].[S].[S].[S].[Si].[Si].[Si].[Si].[Sr].[Sr].[Sr].[Sr],[S]12[Sr]34567[S]8[Sr]9%10%112S24[Si]41[S]1[Sr]%12%13%14%152S25[Si]5%16[S]3[Si]38S69[Sr]62(S753)(S%11%13[Si]1(S%104%12)[S]%156)[S]%14%16,20,42,41,0,False,unit_cell_quotient_graph_without_translation_labels,pymatgen_CrystalNN,OpenBabel_canonical_SMILES_single_bonds_no_stereo,hexagonal,nm,gga-relax,True,1,P1,573.7822866586461,-5.1407874745,-5.1407874745,3.0312,False,1.78267223
S3Si1Sr1--S3Si1Sr1_hexagonal--nm--gga-static,S3Si1Sr1,S3SiSr,[S].[S].[S].[Si].[Sr],[S].[S].[S].[S].[S].[S].[S].[S].[S].[S].[S].[S].[Si].[Si].[Si].[Si].[Sr].[Sr].[Sr].[Sr],[S]12[Sr]34567[S]8[Sr]9%10%112S24[Si]41[S]1[Sr]%12%13%14%152S25[Si]5%16[S]3[Si]38S69[Sr]62(S753)(S%11%13[Si]1(S%104%12)[S]%156)[S]%14%16,20,42,41,0,False,unit_cell_quotient_graph_without_translation_labels,pymatgen_CrystalNN,OpenBabel_canonical_SMILES_single_bonds_no_stereo,hexagonal,nm,gga-static,True,1,P1,573.7822866586461,-5.144578765,-5.1407874745,3.0307000000000004,False,1.48277241
S3Si1Sr1--S3Si1Sr1_needle--nm--gga-relax,S3Si1Sr1,S3SiSr,[S].[S].[S].[Si].[Sr],[S].[S].[S].[S].[S].[S].[S].[S].[S].[S].[S].[S].[Si].[Si].[Si].[Si].[Sr].[Sr].[Sr].[Sr],[S]12[Si]34[S]5[Sr]6781S13[Sr]39%102[S]7[Si]27S83[Si]38[S]9[Sr]9%11%12(S%134[Sr]45([S]6[Si]1%13[S]%114)([S]39)S78%12)[S]%102,20,40,64,0,False,unit_cell_quotient_graph_without_translation_labels,pymatgen_CrystalNN,OpenBabel_canonical_SMILES_single_bonds_no_stereo,needle,nm,gga-relax,True,4,P2_1,405.74459184238134,-5.00056383,-5.00056383,0.9043000000000001,False,5.0729205
S3Si1Sr1--S3Si1Sr1_needle--nm--gga-static,S3Si1Sr1,S3SiSr,[S].[S].[S].[Si].[Sr],[S].[S].[S].[S].[S].[S].[S].[S].[S].[S].[S].[S].[Si].[Si].[Si].[Si].[Sr].[Sr].[Sr].[Sr],[S]12[Si]34[S]5[Sr]6781S13[Sr]39%102[S]7[Si]27S83[Si]38[S]9[Sr]9%11%12(S%134[Sr]45([S]6[Si]1%13[S]%114)([S]39)S78%12)[S]%102,20,40,64,0,False,unit_cell_quotient_graph_without_translation_labels,pymatgen_CrystalNN,OpenBabel_canonical_SMILES_single_bonds_no_stereo,needle,nm,gga-static,True,4,P2_1,405.74459184238134,-5.0006416535,-5.00056383,0.9043000000000001,False,4.87315036
S3Si1Zn1--S3Si1Zn1_dist_perovskite--nm--gga-relax,S3Si1Zn1,S3SiZn,[S].[S].[S].[Si].[Zn],[S].[S].[S].[S].[S].[S].[S].[S].[S].[S].[S].[S].[Si].[Si].[Si].[Si].[Zn].[Zn].[Zn].[Zn],S1[Si]23[S]4[Si]56[S]2[Zn]27[S]3[Zn]4([S]62)S[Si]23[S]4[Zn]61[S]2[Zn]1([S]6[Si]4(S7)[S]31)S5,20,32,28,0,False,unit_cell_quotient_graph_without_translation_labels,pymatgen_CrystalNN,OpenBabel_canonical_SMILES_single_bonds_no_stereo,dist_perovskite,nm,gga-relax,True,1,P1,430.2042498641234,-4.389624062,-4.389624062,2.5672,False,2.88761229
S3Si1Zn1--S3Si1Zn1_dist_perovskite--nm--gga-static,S3Si1Zn1,S3SiZn,[S].[S].[S].[Si].[Zn],[S].[S].[S].[S].[S].[S].[S].[S].[S].[S].[S].[S].[Si].[Si].[Si].[Si].[Zn].[Zn].[Zn].[Zn],S1[Si]23[S]4[Si]56[S]2[Zn]27[S]3[Zn]4([S]62)S[Si]23[S]4[Zn]61[S]2[Zn]1([S]6[Si]4(S7)[S]31)S5,20,32,28,0,False,unit_cell_quotient_graph_without_translation_labels,pymatgen_CrystalNN,OpenBabel_canonical_SMILES_single_bonds_no_stereo,dist_perovskite,nm,gga-static,True,1,P1,430.2042498641234,-4.392296915,-4.389624062,2.5673999999999997,False,2.70283013
S3Si1Zn1--S3Si1Zn1_hexagonal--nm--gga-relax,S3Si1Zn1,S3SiZn,[S].[S].[S].[Si].[Zn],[S].[S].[S].[S].[S].[S].[S].[S].[S].[S].[S].[S].[Si].[Si].[Si].[Si].[Zn].[Zn].[Zn].[Zn],[Zn]12[S]3[Si]4567[S]1[Si]183([S]24)[S]2[Zn]34[S]1[Si]192([S]83)S23[Zn]8%10[S]5[Si]52([S]68)([S]7%10)[S]1[Zn]3S495,20,38,30,0,False,unit_cell_quotient_graph_without_translation_labels,pymatgen_CrystalNN,OpenBabel_canonical_SMILES_single_bonds_no_stereo,hexagonal,nm,gga-relax,True,1,P1,365.723021017124,-4.2118419575,-4.2118419575,0.8586,True,4.65281063
S3Si1Zn1--S3Si1Zn1_hexagonal--nm--gga-static,S3Si1Zn1,S3SiZn,[S].[S].[S].[Si].[Zn],[S].[S].[S].[S].[S].[S].[S].[S].[S].[S].[S].[S].[Si].[Si].[Si].[Si].[Zn].[Zn].[Zn].[Zn],[Zn]12[S]3[Si]4567[S]1[Si]183([S]24)[S]2[Zn]34[S]1[Si]192([S]83)S23[Zn]8%10[S]5[Si]52([S]68)([S]7%10)[S]1[Zn]3S495,20,38,30,0,False,unit_cell_quotient_graph_without_translation_labels,pymatgen_CrystalNN,OpenBabel_canonical_SMILES_single_bonds_no_stereo,hexagonal,nm,gga-static,True,1,P1,365.723021017124,-4.2117864815,-4.2118419575,0.8586999999999998,True,4.45852236
S3Si1Zn1--S3Si1Zn1_needle--nm--gga-relax,S3Si1Zn1,S3SiZn,[S].[S].[S].[Si].[Zn],[S].[S].[S].[S].[S].[S].[S].[S].[S].[S].[S].[S].[Si].[Si].[Si].[Si].[Zn].[Zn].[Zn].[Zn],S1[Si]2S[Zn]1S[Si]1S[Zn](S2)S1.S1[Si]2S[Zn]1S[Si]1S[Zn](S2)S1,20,24,28,0,False,unit_cell_quotient_graph_without_translation_labels,pymatgen_CrystalNN,OpenBabel_canonical_SMILES_single_bonds_no_stereo,needle,nm,gga-relax,True,1,P1,512.2866438995047,-4.3109801965,-4.3109801965,1.2843,False,1.92575495
S3Si1Zn1--S3Si1Zn1_needle--nm--gga-static,S3Si1Zn1,S3SiZn,[S].[S].[S].[Si].[Zn],[S].[S].[S].[S].[S].[S].[S].[S].[S].[S].[S].[S].[Si].[Si].[Si].[Si].[Zn].[Zn].[Zn].[Zn],S1[Si]2S[Zn]1S[Si]1S[Zn](S2)S1.S1[Si]2S[Zn]1S[Si]1S[Zn](S2)S1,20,24,28,0,False,unit_cell_quotient_graph_without_translation_labels,pymatgen_CrystalNN,OpenBabel_canonical_SMILES_single_bonds_no_stereo,needle,nm,gga-static,True,1,P1,512.2866438995047,-4.311333415,-4.3109801965,1.2842000000000002,False,1.69749203
S3Sn1Sr1--S3Sn1Sr1_dist_perovskite--nm--gga-relax,S3Sn1Sr1,S3SnSr,[S].[S].[S].[Sn].[Sr],[S].[S].[S].[S].[S].[S].[S].[S].[S].[S].[S].[S].[Sn].[Sn].[Sn].[Sn].[Sr].[Sr].[Sr].[Sr],S123[Sn]4567S89[Sn]%10%11%121[S]1%13%14[Sr]%15%16%17%18%193[S]3%204[Sr]4%21%22%2381[S]185[Sr]5%24%25%26%272[S]26%15[Sr]6%159%1331[S]%10%21%24[Sn]1%14([S]%11%17%256)([S]%12%18%22%26)S%19%27[Sn]%2082([S]7%1645)S%23%151,20,56,56,0,False,unit_cell_quotient_graph_without_translation_labels,pymatgen_CrystalNN,OpenBabel_canonical_SMILES_single_bonds_no_stereo,dist_perovskite,nm,gga-relax,True,4,P2_1,489.37770588933915,-4.582876144,-4.582876144,0.8342,True,3.66868675
S3Sn1Sr1--S3Sn1Sr1_dist_perovskite--nm--gga-static,S3Sn1Sr1,S3SnSr,[S].[S].[S].[Sn].[Sr],[S].[S].[S].[S].[S].[S].[S].[S].[S].[S].[S].[S].[Sn].[Sn].[Sn].[Sn].[Sr].[Sr].[Sr].[Sr],S123[Sn]4567S89[Sn]%10%11%121[S]1%13%14[Sr]%15%16%17%18%193[S]3%204[Sr]4%21%22%2381[S]185[Sr]5%24%25%26%272[S]26%15[Sr]6%159%1331[S]%10%21%24[Sn]1%14([S]%11%17%256)([S]%12%18%22%26)S%19%27[Sn]%2082([S]7%1645)S%23%151,20,56,56,0,False,unit_cell_quotient_graph_without_translation_labels,pymatgen_CrystalNN,OpenBabel_canonical_SMILES_single_bonds_no_stereo,dist_perovskite,nm,gga-static,True,4,P2_1,489.37770588933915,-4.5830492995,-4.582876144,0.8342000000000005,True,3.47966193
S3Sn1Sr1--S3Sn1Sr1_hexagonal--nm--gga-relax,S3Sn1Sr1,S3SnSr,[S].[S].[S].[Sn].[Sr],[S].[S].[S].[S].[S].[S].[S].[S].[S].[S].[S].[S].[Sn].[Sn].[Sn].[Sn].[Sr].[Sr].[Sr].[Sr],S123[Sr]4567S89[Sr]%10%11%121S14[Sn]4%1328S5%10[Sn]258%10S64[Sr]46%14(S7%132)S27[Sn]%13391S1%11[Sr]39%112S%12%13[Sn]71(S543)(S869)S%10%14%11,20,48,38,0,False,unit_cell_quotient_graph_without_translation_labels,pymatgen_CrystalNN,OpenBabel_canonical_SMILES_single_bonds_no_stereo,hexagonal,nm,gga-relax,True,1,P1,524.1733408119793,-4.571679635000001,-4.571679635000001,0.9981000000000004,False,3.27262138
S3Sn1Sr1--S3Sn1Sr1_hexagonal--nm--gga-static,S3Sn1Sr1,S3SnSr,[S].[S].[S].[Sn].[Sr],[S].[S].[S].[S].[S].[S].[S].[S].[S].[S].[S].[S].[Sn].[Sn].[Sn].[Sn].[Sr].[Sr].[Sr].[Sr],S123[Sr]4567S89[Sr]%10%11%121S14[Sn]4%1328S5%10[Sn]258%10S64[Sr]46%14(S7%132)S27[Sn]%13391S1%11[Sr]39%112S%12%13[Sn]71(S543)(S869)S%10%14%11,20,48,38,0,False,unit_cell_quotient_graph_without_translation_labels,pymatgen_CrystalNN,OpenBabel_canonical_SMILES_single_bonds_no_stereo,hexagonal,nm,gga-static,True,1,P1,524.1733408119793,-4.5718430925,-4.571679635000001,0.9980999999999995,False,3.1418046
S3Sn1Sr1--S3Sn1Sr1_needle--nm--gga-relax,S3Sn1Sr1,S3SnSr,[S].[S].[S].[Sn].[Sr],[S].[S].[S].[S].[S].[S].[S].[S].[S].[S].[S].[S].[Sn].[Sn].[Sn].[Sn].[Sr].[Sr].[Sr].[Sr],[S]12[Sn]34[S]5[Sr]6781S13[Sr]39%102[S]7[Sn]27S83[Sn]38[S]9[Sr]9%11%12(S%134[Sr]45([S]6[Sn]1%13[S]%114)([S]39)S78%12)[S]%102,20,40,64,0,False,unit_cell_quotient_graph_without_translation_labels,pymatgen_CrystalNN,OpenBabel_canonical_SMILES_single_bonds_no_stereo,needle,nm,gga-relax,True,1,P1,467.5707143625258,-4.653937482,-4.653937482,0.8224,False,4.59657402
S3Sn1Sr1--S3Sn1Sr1_needle--nm--gga-static,S3Sn1Sr1,S3SnSr,[S].[S].[S].[Sn].[Sr],[S].[S].[S].[S].[S].[S].[S].[S].[S].[S].[S].[S].[Sn].[Sn].[Sn].[Sn].[Sr].[Sr].[Sr].[Sr],[S]12[Sn]34[S]5[Sr]6781S13[Sr]39%102[S]7[Sn]27S83[Sn]38[S]9[Sr]9%11%12(S%134[Sr]45([S]6[Sn]1%13[S]%114)([S]39)S78%12)[S]%102,20,40,64,0,False,unit_cell_quotient_graph_without_translation_labels,pymatgen_CrystalNN,OpenBabel_canonical_SMILES_single_bonds_no_stereo,needle,nm,gga-static,True,1,P1,467.5707143625258,-4.65404269,-4.653937482,0.8221999999999996,False,4.45072008
S3Sn1Ti1--S3Sn1Ti1_dist_perovskite--fm--gga-relax,S3Sn1Ti1,S3SnTi,[S].[S].[S].[Sn].[Ti],[S].[S].[S].[S].[S].[S].[S].[S].[S].[S].[S].[S].[Sn].[Sn].[Sn].[Sn].[Ti].[Ti].[Ti].[Ti],S123[Ti]4567S89[Ti]%10%11%121S16[Sn]6%13%14%15S%165[Ti]5%17%18%19S%204[Sn]4%2128S2%12[Sn]839%20S54[Ti]342(S%11%13[Sn]1%16(S7%106)(S%14%183)S%15%194)S%17%218,20,48,46,0,False,unit_cell_quotient_graph_without_translation_labels,pymatgen_CrystalNN,OpenBabel_canonical_SMILES_single_bonds_no_stereo,dist_perovskite,fm,gga-relax,True,1,P1,409.5378949750849,-5.667306551499999,-5.667306551499999,0.01869999999999994,False,5.87914188
S3Sn1Ti1--S3Sn1Ti1_dist_perovskite--fm--gga-static,S3Sn1Ti1,S3SnTi,[S].[S].[S].[Sn].[Ti],[S].[S].[S].[S].[S].[S].[S].[S].[S].[S].[S].[S].[Sn].[Sn].[Sn].[Sn].[Ti].[Ti].[Ti].[Ti],S123[Ti]4567S89[Ti]%10%11%121S16[Sn]6%13%14%15S%165[Ti]5%17%18%19S%204[Sn]4%2128S2%12[Sn]839%20S54[Ti]342(S%11%13[Sn]1%16(S7%106)(S%14%183)S%15%194)S%17%218,20,48,46,0,False,unit_cell_quotient_graph_without_translation_labels,pymatgen_CrystalNN,OpenBabel_canonical_SMILES_single_bonds_no_stereo,dist_perovskite,fm,gga-static,True,1,P1,409.5378949750849,-5.6674039265,-5.667306551499999,0.018599999999999284,False,5.87947643
S3Sn1Ti1--S3Sn1Ti1_hexagonal--fm--gga-relax,S3Sn1Ti1,S3SnTi,[S].[S].[S].[Sn].[Ti],[S].[S].[S].[S].[S].[S].[S].[S].[S].[S].[S].[S].[Sn].[Sn].[Sn].[Sn].[Ti].[Ti].[Ti].[Ti],[S]12[Ti]3456S78[Ti]9%10%111S16[Sn]6%1227S23[Sn]378S46[Ti]4682S53[Sn]235%13S%149[Sn]9%151S%102[Ti]%14(S%11%129)(S743)([S]65)S8%13%15,20,46,38,0,False,unit_cell_quotient_graph_without_translation_labels,pymatgen_CrystalNN,OpenBabel_canonical_SMILES_single_bonds_no_stereo,hexagonal,fm,gga-relax,True,1,P1,459.1275495957764,-5.6625563365,-5.6625563365,0.48109999999999964,False,4.6459119
S3Sn1Ti1--S3Sn1Ti1_hexagonal--fm--gga-static,S3Sn1Ti1,S3SnTi,[S].[S].[S].[Sn].[Ti],[S].[S].[S].[S].[S].[S].[S].[S].[S].[S].[S].[S].[Sn].[Sn].[Sn].[Sn].[Ti].[Ti].[Ti].[Ti],[S]12[Ti]3456S78[Ti]9%10%111S16[Sn]6%1227S23[Sn]378S46[Ti]4682S53[Sn]235%13S%149[Sn]9%151S%102[Ti]%14(S%11%129)(S743)([S]65)S8%13%15,20,46,38,0,False,unit_cell_quotient_graph_without_translation_labels,pymatgen_CrystalNN,OpenBabel_canonical_SMILES_single_bonds_no_stereo,hexagonal,fm,gga-static,True,1,P1,459.1275495957764,-5.6631316714999995,-5.6625563365,0.48109999999999964,False,4.64028392
S3Sn1Ti1--S3Sn1Ti1_needle--fm--gga-relax,S3Sn1Ti1,S3SnTi,[S].[S].[S].[Sn].[Ti],[S].[S].[S].[S].[S].[S].[S].[S].[S].[S].[S].[S].[Sn].[Sn].[Sn].[Sn].[Ti].[Ti].[Ti].[Ti],[Sn]1S[Ti]2(S1)S[Ti]13[S]2[Sn]2S[Ti]4(S2)[S]([Sn](S1)S3)[Ti]1(S4)S[Sn]S1,20,26,40,0,False,unit_cell_quotient_graph_without_translation_labels,pymatgen_CrystalNN,OpenBabel_canonical_SMILES_single_bonds_no_stereo,needle,fm,gga-relax,True,1,P1,449.5280683566548,-5.7473254515,-5.7473254515,0.3072999999999997,False,4.86903654
S3Sn1Ti1--S3Sn1Ti1_needle--fm--gga-static,S3Sn1Ti1,S3SnTi,[S].[S].[S].[Sn].[Ti],[S].[S].[S].[S].[S].[S].[S].[S].[S].[S].[S].[S].[Sn].[Sn].[Sn].[Sn].[Ti].[Ti].[Ti].[Ti],[Sn]1S[Ti]2(S1)S[Ti]13[S]2[Sn]2S[Ti]4(S2)[S]([Sn](S1)S3)[Ti]1(S4)S[Sn]S1,20,26,40,0,False,unit_cell_quotient_graph_without_translation_labels,pymatgen_CrystalNN,OpenBabel_canonical_SMILES_single_bonds_no_stereo,needle,fm,gga-static,True,1,P1,449.5280683566548,-5.747406616,-5.7473254515,0.3075000000000001,False,4.86914981
S3Sn1V1--S3Sn1V1_dist_perovskite--fm--gga-relax,S3Sn1V1,S3SnV,[S].[S].[S].[Sn].[V],[S].[S].[S].[S].[S].[S].[S].[S].[S].[S].[S].[S].[Sn].[Sn].[Sn].[Sn].[V].[V].[V].[V],S123[V]4567S89[V]%10%11%121S16[Sn]6%13%14%15S%165[V]5%17%18%19S%204[Sn]4%2128S2%12[Sn]839%20S54[V]342(S%11%13[Sn]1%16(S7%106)(S%14%183)S%15%194)S%17%218,20,48,48,0,False,unit_cell_quotient_graph_without_translation_labels,pymatgen_CrystalNN,OpenBabel_canonical_SMILES_single_bonds_no_stereo,dist_perovskite,fm,gga-relax,True,4,P2_1,387.84515447589473,-5.6080040465000005,-5.6080040465000005,0.0034999999999998366,False,6.1975093
S3Sn1V1--S3Sn1V1_dist_perovskite--fm--gga-static,S3Sn1V1,S3SnV,[S].[S].[S].[Sn].[V],[S].[S].[S].[S].[S].[S].[S].[S].[S].[S].[S].[S].[Sn].[Sn].[Sn].[Sn].[V].[V].[V].[V],S123[V]4567S89[V]%10%11%121S16[Sn]6%13%14%15S%165[V]5%17%18%19S%204[Sn]4%2128S2%12[Sn]839%20S54[V]342(S%11%13[Sn]1%16(S7%106)(S%14%183)S%15%194)S%17%218,20,48,48,0,False,unit_cell_quotient_graph_without_translation_labels,pymatgen_CrystalNN,OpenBabel_canonical_SMILES_single_bonds_no_stereo,dist_perovskite,fm,gga-static,True,4,P2_1,387.84515447589473,-5.608135578000001,-5.6080040465000005,0,False,6.19519324
S3Sn1V1--S3Sn1V1_hexagonal--fm--gga-relax,S3Sn1V1,S3SnV,[S].[S].[S].[Sn].[V],[S].[S].[S].[S].[S].[S].[S].[S].[S].[S].[S].[S].[Sn].[Sn].[Sn].[Sn].[V].[V].[V].[V],S1[V]2345[S]6[V]7891S12[Sn]2%106S63[Sn]3%11S42[V]246(S5%103)S3%11[Sn]56%10S%117[Sn]71S85[V]3%11(S967)(S2)[S]4%10,20,42,36,0,False,unit_cell_quotient_graph_without_translation_labels,pymatgen_CrystalNN,OpenBabel_canonical_SMILES_single_bonds_no_stereo,hexagonal,fm,gga-relax,True,1,P1,448.02729335590107,-5.5917707455,-5.5917707455,0.010799999999999699,False,4.6157668
S3Sn1V1--S3Sn1V1_hexagonal--fm--gga-static,S3Sn1V1,S3SnV,[S].[S].[S].[Sn].[V],[S].[S].[S].[S].[S].[S].[S].[S].[S].[S].[S].[S].[Sn].[Sn].[Sn].[Sn].[V].[V].[V].[V],S1[V]2345[S]6[V]7891S12[Sn]2%106S63[Sn]3%11S42[V]246(S5%103)S3%11[Sn]56%10S%117[Sn]71S85[V]3%11(S967)(S2)[S]4%10,20,42,36,0,False,unit_cell_quotient_graph_without_translation_labels,pymatgen_CrystalNN,OpenBabel_canonical_SMILES_single_bonds_no_stereo,hexagonal,fm,gga-static,True,1,P1,448.02729335590107,-5.5929333725,-5.5917707455,0.03759999999999941,False,4.61643854
S3Sn1V1--S3Sn1V1_needle--fm--gga-relax,S3Sn1V1,S3SnV,[S].[S].[S].[Sn].[V],[S].[S].[S].[S].[S].[S].[S].[S].[S].[S].[S].[S].[Sn].[Sn].[Sn].[Sn].[V].[V].[V].[V],[Sn]1S[V]2(S1)S[V]1(S2)S[Sn]S1.[Sn]1S[V]2(S1)S[V]1(S2)S[Sn]S1,20,24,40,0,False,unit_cell_quotient_graph_without_translation_labels,pymatgen_CrystalNN,OpenBabel_canonical_SMILES_single_bonds_no_stereo,needle,fm,gga-relax,True,1,P1,420.1434234493534,-5.6617619679999995,-5.6617619679999995,0.0030000000000001137,False,5.19030779
S3Sn1V1--S3Sn1V1_needle--fm--gga-static,S3Sn1V1,S3SnV,[S].[S].[S].[Sn].[V],[S].[S].[S].[S].[S].[S].[S].[S].[S].[S].[S].[S].[Sn].[Sn].[Sn].[Sn].[V].[V].[V].[V],[Sn]1S[V]2(S1)S[V]1(S2)S[Sn]S1.[Sn]1S[V]2(S1)S[V]1(S2)S[Sn]S1,20,24,40,0,False,unit_cell_quotient_graph_without_translation_labels,pymatgen_CrystalNN,OpenBabel_canonical_SMILES_single_bonds_no_stereo,needle,fm,gga-static,True,1,P1,420.1434234493534,-5.661348885000001,-5.6617619679999995,0,False,5.20629663
S3Sn1Zn1--S3Sn1Zn1_dist_perovskite--nm--gga-relax,S3Sn1Zn1,S3SnZn,[S].[S].[S].[Sn].[Zn],[S].[S].[S].[S].[S].[S].[S].[S].[S].[S].[S].[S].[Sn].[Sn].[Sn].[Sn].[Zn].[Zn].[Zn].[Zn],[S]12[Zn]34[S]5[Sn]6789S%104[Sn]4%11%121[S]1[Sn]%13%14%152S23[Sn]3%165(S5%15[Zn]([S]4%13)(S6%12[Zn]5([S]%11%14)[S]73)[S]8%16)[S]9[Zn]%1012,20,40,44,0,False,unit_cell_quotient_graph_without_translation_labels,pymatgen_CrystalNN,OpenBabel_canonical_SMILES_single_bonds_no_stereo,dist_perovskite,nm,gga-relax,True,1,P1,419.61482065423246,-3.790591149,-3.790591149,0.14950000000000063,False,4.72087967
S3Sn1Zn1--S3Sn1Zn1_dist_perovskite--nm--gga-static,S3Sn1Zn1,S3SnZn,[S].[S].[S].[Sn].[Zn],[S].[S].[S].[S].[S].[S].[S].[S].[S].[S].[S].[S].[Sn].[Sn].[Sn].[Sn].[Zn].[Zn].[Zn].[Zn],[S]12[Zn]34[S]5[Sn]6789S%104[Sn]4%11%121[S]1[Sn]%13%14%152S23[Sn]3%165(S5%15[Zn]([S]4%13)(S6%12[Zn]5([S]%11%14)[S]73)[S]8%16)[S]9[Zn]%1012,20,40,44,0,False,unit_cell_quotient_graph_without_translation_labels,pymatgen_CrystalNN,OpenBabel_canonical_SMILES_single_bonds_no_stereo,dist_perovskite,nm,gga-static,True,1,P1,419.61482065423246,-3.7907932860000004,-3.790591149,0.14940000000000087,False,4.72077756
S3Sn1Zn1--S3Sn1Zn1_hexagonal--nm--gga-relax,S3Sn1Zn1,S3SnZn,[S].[S].[S].[Sn].[Zn],[S].[S].[S].[S].[S].[S].[S].[S].[S].[S].[S].[S].[Sn].[Sn].[Sn].[Sn].[Zn].[Zn].[Zn].[Zn],S1[S]2[Zn]3[S]4[Zn]56[S]1[Sn]17[S]8[Zn]92[S]2S[S]5[Sn]5([S]3[Sn]4[S]65)[Zn]32S19[Sn]8[S]73,20,32,36,0,False,unit_cell_quotient_graph_without_translation_labels,pymatgen_CrystalNN,OpenBabel_canonical_SMILES_single_bonds_no_stereo,hexagonal,nm,gga-relax,True,1,P1,528.3505647630284,-3.8057084775,-3.8057084775,1.4115000000000002,False,2.95559991
S3Sn1Zn1--S3Sn1Zn1_hexagonal--nm--gga-static,S3Sn1Zn1,S3SnZn,[S].[S].[S].[Sn].[Zn],[S].[S].[S].[S].[S].[S].[S].[S].[S].[S].[S].[S].[Sn].[Sn].[Sn].[Sn].[Zn].[Zn].[Zn].[Zn],S1[S]2[Zn]3[S]4[Zn]56[S]1[Sn]17[S]8[Zn]92[S]2S[S]5[Sn]5([S]3[Sn]4[S]65)[Zn]32S19[Sn]8[S]73,20,32,36,0,False,unit_cell_quotient_graph_without_translation_labels,pymatgen_CrystalNN,OpenBabel_canonical_SMILES_single_bonds_no_stereo,hexagonal,nm,gga-static,True,1,P1,528.3505647630284,-3.8071369695,-3.8057084775,1.4122999999999997,False,2.76637473
S3Sn1Zn1--S3Sn1Zn1_needle--nm--gga-relax,S3Sn1Zn1,S3SnZn,[S].[S].[S].[Sn].[Zn],[S].[S].[S].[S].[S].[S].[S].[S].[S].[S].[S].[S].[Sn].[Sn].[Sn].[Sn].[Zn].[Zn].[Zn].[Zn],S1[Zn]2S[Sn]31[S]1[Zn]4S[Sn]5([S]2[Sn]26S[Zn]([S]3[Sn]31S[Zn]([S]56)S3)S2)S4,20,28,32,0,False,unit_cell_quotient_graph_without_translation_labels,pymatgen_CrystalNN,OpenBabel_canonical_SMILES_single_bonds_no_stereo,needle,nm,gga-relax,True,1,P1,494.92838360280615,-3.9426120285,-3.9426120285,1.3731,False,2.57414956
S3Sn1Zn1--S3Sn1Zn1_needle--nm--gga-static,S3Sn1Zn1,S3SnZn,[S].[S].[S].[Sn].[Zn],[S].[S].[S].[S].[S].[S].[S].[S].[S].[S].[S].[S].[Sn].[Sn].[Sn].[Sn].[Zn].[Zn].[Zn].[Zn],S1[Zn]2S[Sn]31[S]1[Zn]4S[Sn]5([S]2[Sn]26S[Zn]([S]3[Sn]31S[Zn]([S]56)S3)S2)S4,20,28,32,0,False,unit_cell_quotient_graph_without_translation_labels,pymatgen_CrystalNN,OpenBabel_canonical_SMILES_single_bonds_no_stereo,needle,nm,gga-static,True,1,P1,494.92838360280615,-3.9428638104999996,-3.9426120285,1.3731999999999998,False,2.31793645
S3Sn1Zr1--S3Sn1Zr1_dist_perovskite--nm--gga-relax,S3Sn1Zr1,S3SnZr,[S].[S].[S].[Sn].[Zr],[S].[S].[S].[S].[S].[S].[S].[S].[S].[S].[S].[S].[Sn].[Sn].[Sn].[Sn].[Zr].[Zr].[Zr].[Zr],[S]12[Sn]34[S]5[Zr]6789S%104[Zr]4%11%121[S]1[Zr]%13%14%152S23[Zr]3%165(S5%15[Sn]([S]4%13)(S6%12[Sn]5([S]%11%14)[S]73)[S]8%16)[S]9[Sn]%1012,20,40,48,0,False,unit_cell_quotient_graph_without_translation_labels,pymatgen_CrystalNN,OpenBabel_canonical_SMILES_single_bonds_no_stereo,dist_perovskite,nm,gga-relax,True,1,P1,459.33687098051917,-5.990185978,-5.990185978,0.5739000000000001,False,5.96740286
S3Sn1Zr1--S3Sn1Zr1_dist_perovskite--nm--gga-static,S3Sn1Zr1,S3SnZr,[S].[S].[S].[Sn].[Zr],[S].[S].[S].[S].[S].[S].[S].[S].[S].[S].[S].[S].[Sn].[Sn].[Sn].[Sn].[Zr].[Zr].[Zr].[Zr],[S]12[Sn]34[S]5[Zr]6789S%104[Zr]4%11%121[S]1[Zr]%13%14%152S23[Zr]3%165(S5%15[Sn]([S]4%13)(S6%12[Sn]5([S]%11%14)[S]73)[S]8%16)[S]9[Sn]%1012,20,40,48,0,False,unit_cell_quotient_graph_without_translation_labels,pymatgen_CrystalNN,OpenBabel_canonical_SMILES_single_bonds_no_stereo,dist_perovskite,nm,gga-static,True,1,P1,459.33687098051917,-5.9902825975,-5.990185978,0.5739000000000001,False,5.69599512
S3Sn1Zr1--S3Sn1Zr1_hexagonal--nm--gga-relax,S3Sn1Zr1,S3SnZr,[S].[S].[S].[Sn].[Zr],[S].[S].[S].[S].[S].[S].[S].[S].[S].[S].[S].[S].[Sn].[Sn].[Sn].[Sn].[Zr].[Zr].[Zr].[Zr],[S]12[Zr]3456S78[Sn]9%10%111S13[Zr]3%1227[S]2[Sn]78[S]3[Zr]382([S]%127)S27[Sn]%12%131S49[Zr]142(S5%10%12)[S]6%11%13[Sn]7([S]31)[S]84,20,43,36,0,False,unit_cell_quotient_graph_without_translation_labels,pymatgen_CrystalNN,OpenBabel_canonical_SMILES_single_bonds_no_stereo,hexagonal,nm,gga-relax,True,1,P1,538.0712782955422,-5.950868344,-5.950868344,1.0927000000000002,False,4.05002207
S3Sn1Zr1--S3Sn1Zr1_hexagonal--nm--gga-static,S3Sn1Zr1,S3SnZr,[S].[S].[S].[Sn].[Zr],[S].[S].[S].[S].[S].[S].[S].[S].[S].[S].[S].[S].[Sn].[Sn].[Sn].[Sn].[Zr].[Zr].[Zr].[Zr],[S]12[Zr]3456S78[Sn]9%10%111S13[Zr]3%1227[S]2[Sn]78[S]3[Zr]382([S]%127)S27[Sn]%12%131S49[Zr]142(S5%10%12)[S]6%11%13[Sn]7([S]31)[S]84,20,43,36,0,False,unit_cell_quotient_graph_without_translation_labels,pymatgen_CrystalNN,OpenBabel_canonical_SMILES_single_bonds_no_stereo,hexagonal,nm,gga-static,True,1,P1,538.0712782955422,-5.9516463205,-5.950868344,1.0928000000000004,False,3.79790695
S3Sn1Zr1--S3Sn1Zr1_needle--nm--gga-relax,S3Sn1Zr1,S3SnZr,[S].[S].[S].[Sn].[Zr],[S].[S].[S].[S].[S].[S].[S].[S].[S].[S].[S].[S].[Sn].[Sn].[Sn].[Sn].[Zr].[Zr].[Zr].[Zr],[Sn]1S[Zr]2(S1)S[Zr]1(S2)S[Sn]S1.[Sn]1S[Zr]2(S1)S[Zr]1(S2)S[Sn]S1,20,24,40,0,False,unit_cell_quotient_graph_without_translation_labels,pymatgen_CrystalNN,OpenBabel_canonical_SMILES_single_bonds_no_stereo,needle,nm,gga-relax,True,1,P1,505.27237167163423,-6.073005061,-6.073005061,1.0556,True,4.69201308
S3Sn1Zr1--S3Sn1Zr1_needle--nm--gga-static,S3Sn1Zr1,S3SnZr,[S].[S].[S].[Sn].[Zr],[S].[S].[S].[S].[S].[S].[S].[S].[S].[S].[S].[S].[Sn].[Sn].[Sn].[Sn].[Zr].[Zr].[Zr].[Zr],[Sn]1S[Zr]2(S1)S[Zr]1(S2)S[Sn]S1.[Sn]1S[Zr]2(S1)S[Zr]1(S2)S[Sn]S1,20,24,40,0,False,unit_cell_quotient_graph_without_translation_labels,pymatgen_CrystalNN,OpenBabel_canonical_SMILES_single_bonds_no_stereo,needle,nm,gga-static,True,1,P1,505.27237167163423,-6.07312331,-6.073005061,1.0971000000000002,True,4.42591639
S3Sn2--S3Sn2_dist_perovskite--nm--gga-relax,S3Sn2,S3Sn2,[S].[S].[S].[Sn].[Sn],[S].[S].[S].[S].[S].[S].[S].[S].[S].[S].[S].[S].[Sn].[Sn].[Sn].[Sn].[Sn].[Sn].[Sn].[Sn],[S]12[Sn]34[S]5[Sn]6789S%104[Sn]4%11%121[S]1[Sn]%13%14%152S23[Sn]3%165(S5%15[Sn]([S]4%13)(S6%12[Sn]5([S]%11%14)[S]73)[S]8%16)[S]9[Sn]%1012,20,40,48,0,False,unit_cell_quotient_graph_without_translation_labels,pymatgen_CrystalNN,OpenBabel_canonical_SMILES_single_bonds_no_stereo,dist_perovskite,nm,gga-relax,True,1,P1,462.42437355237155,-4.292209687,-4.292209687,0.06400000000000006,False,5.78394013
S3Sn2--S3Sn2_dist_perovskite--nm--gga-static,S3Sn2,S3Sn2,[S].[S].[S].[Sn].[Sn],[S].[S].[S].[S].[S].[S].[S].[S].[S].[S].[S].[S].[Sn].[Sn].[Sn].[Sn].[Sn].[Sn].[Sn].[Sn],[S]12[Sn]34[S]5[Sn]6789S%104[Sn]4%11%121[S]1[Sn]%13%14%152S23[Sn]3%165(S5%15[Sn]([S]4%13)(S6%12[Sn]5([S]%11%14)[S]73)[S]8%16)[S]9[Sn]%1012,20,40,48,0,False,unit_cell_quotient_graph_without_translation_labels,pymatgen_CrystalNN,OpenBabel_canonical_SMILES_single_bonds_no_stereo,dist_perovskite,nm,gga-static,True,1,P1,462.42437355237155,-4.292415184499999,-4.292209687,0.06400000000000006,False,5.78392904
S3Sn2--S3Sn2_hexagonal--nm--gga-relax,S3Sn2,S3Sn2,[S].[S].[S].[Sn].[Sn],[S].[S].[S].[S].[S].[S].[S].[S].[S].[S].[S].[S].[Sn].[Sn].[Sn].[Sn].[Sn].[Sn].[Sn].[Sn],S1[Sn]23S[Sn]451S[Sn]16[S]4[Sn]4[S]5[Sn]57[S]2[Sn]28(S1)[S]1[Sn]9([S]35)[S]2[Sn]1(S789)[S]64,20,33,30,0,False,unit_cell_quotient_graph_without_translation_labels,pymatgen_CrystalNN,OpenBabel_canonical_SMILES_single_bonds_no_stereo,hexagonal,nm,gga-relax,True,1,P1,600.958351142358,-4.312107024,-4.312107024,1.0113999999999996,False,3.21712488
S3Sn2--S3Sn2_hexagonal--nm--gga-static,S3Sn2,S3Sn2,[S].[S].[S].[Sn].[Sn],[S].[S].[S].[S].[S].[S].[S].[S].[S].[S].[S].[S].[Sn].[Sn].[Sn].[Sn].[Sn].[Sn].[Sn].[Sn],S1[Sn]23S[Sn]451S[Sn]16[S]4[Sn]4[S]5[Sn]57[S]2[Sn]28(S1)[S]1[Sn]9([S]35)[S]2[Sn]1(S789)[S]64,20,33,30,0,False,unit_cell_quotient_graph_without_translation_labels,pymatgen_CrystalNN,OpenBabel_canonical_SMILES_single_bonds_no_stereo,hexagonal,nm,gga-static,True,1,P1,600.958351142358,-4.3123941514999995,-4.312107024,1.0112999999999999,False,2.9425565
S3Sn2--S3Sn2_needle--nm--gga-relax,S3Sn2,S3Sn2,[S].[S].[S].[Sn].[Sn],[S].[S].[S].[S].[S].[S].[S].[S].[S].[S].[S].[S].[Sn].[Sn].[Sn].[Sn].[Sn].[Sn].[Sn].[Sn],[Sn]1S[Sn]2(S1)S[Sn]1(S2)S[Sn]S1.[Sn]1S[Sn]2(S1)S[Sn]1(S2)S[Sn]S1,20,24,36,0,False,unit_cell_quotient_graph_without_translation_labels,pymatgen_CrystalNN,OpenBabel_canonical_SMILES_single_bonds_no_stereo,needle,nm,gga-relax,True,1,P1,507.5584446076195,-4.412818,-4.412818,0.8158000000000003,False,4.89365629
S3Sn2--S3Sn2_needle--nm--gga-static,S3Sn2,S3Sn2,[S].[S].[S].[Sn].[Sn],[S].[S].[S].[S].[S].[S].[S].[S].[S].[S].[S].[S].[Sn].[Sn].[Sn].[Sn].[Sn].[Sn].[Sn].[Sn],[Sn]1S[Sn]2(S1)S[Sn]1(S2)S[Sn]S1.[Sn]1S[Sn]2(S1)S[Sn]1(S2)S[Sn]S1,20,24,36,0,False,unit_cell_quotient_graph_without_translation_labels,pymatgen_CrystalNN,OpenBabel_canonical_SMILES_single_bonds_no_stereo,needle,nm,gga-static,True,1,P1,507.5584446076195,-4.4130226729999995,-4.412818,0.8157000000000005,False,4.73312328
S3Sr1Ti1--S3Sr1Ti1_dist_perovskite--fm--gga-relax,S3Sr1Ti1,S3SrTi,[S].[S].[S].[Sr].[Ti],[S].[S].[S].[S].[S].[S].[S].[S].[S].[S].[S].[S].[Sr].[Sr].[Sr].[Sr].[Ti].[Ti].[Ti].[Ti],S123[Ti]4567S89[Ti]%10%11%121[S]1%13%14[Sr]%15%16%17%18%193[S]3%204[Sr]4%21%22%2381[S]185[Sr]5%24%25%26%272[S]26%15[Sr]6%159%1331[S]%10%21%24[Ti]1%14([S]%11%17%256)([S]%12%18%22%26)S%19%27[Ti]%2082([S]7%1645)S%23%151,20,56,64,0,False,unit_cell_quotient_graph_without_translation_labels,pymatgen_CrystalNN,OpenBabel_canonical_SMILES_single_bonds_no_stereo,dist_perovskite,fm,gga-relax,True,1,P1,435.24242253545657,-5.9554616605,-5.9554616605,0.7367999999999997,True,3.661265
S3Sr1Ti1--S3Sr1Ti1_dist_perovskite--fm--gga-static,S3Sr1Ti1,S3SrTi,[S].[S].[S].[Sr].[Ti],[S].[S].[S].[S].[S].[S].[S].[S].[S].[S].[S].[S].[Sr].[Sr].[Sr].[Sr].[Ti].[Ti].[Ti].[Ti],S123[Ti]4567S89[Ti]%10%11%121[S]1%13%14[Sr]%15%16%17%18%193[S]3%204[Sr]4%21%22%2381[S]185[Sr]5%24%25%26%272[S]26%15[Sr]6%159%1331[S]%10%21%24[Ti]1%14([S]%11%17%256)([S]%12%18%22%26)S%19%27[Ti]%2082([S]7%1645)S%23%151,20,56,64,0,False,unit_cell_quotient_graph_without_translation_labels,pymatgen_CrystalNN,OpenBabel_canonical_SMILES_single_bonds_no_stereo,dist_perovskite,fm,gga-static,True,1,P1,435.24242253545657,-5.9556188025,-5.9554616605,0.7367999999999997,True,4.19116899
S3Sr1Ti1--S3Sr1Ti1_hexagonal--fm--gga-relax,S3Sr1Ti1,S3SrTi,[S].[S].[S].[Sr].[Ti],[S].[S].[S].[S].[S].[S].[S].[S].[S].[S].[S].[S].[Sr].[Sr].[Sr].[Sr].[Ti].[Ti].[Ti].[Ti],S123[Ti]4567S89[Sr]%10%11%12%132S25[Ti]5%14%151[S]17%11[Sr]7%11%1638S34[Ti]48%179[S]6%107[Sr]679%103S35[Sr]5%18%1921S%12%14[Ti]3([S]%13%1565)(S%1147)([S]%1689%18)S%17%10%19,20,52,51,0,False,unit_cell_quotient_graph_without_translation_labels,pymatgen_CrystalNN,OpenBabel_canonical_SMILES_single_bonds_no_stereo,hexagonal,fm,gga-relax,True,1,P1,447.1141471380451,-5.9490090135,-5.9490090135,0.8483,False,3.6875445
S3Sr1Ti1--S3Sr1Ti1_hexagonal--fm--gga-static,S3Sr1Ti1,S3SrTi,[S].[S].[S].[Sr].[Ti],[S].[S].[S].[S].[S].[S].[S].[S].[S].[S].[S].[S].[Sr].[Sr].[Sr].[Sr].[Ti].[Ti].[Ti].[Ti],S123[Ti]4567S89[Sr]%10%11%12%132S25[Ti]5%14%151[S]17%11[Sr]7%11%1638S34[Ti]48%179[S]6%107[Sr]679%103S35[Sr]5%18%1921S%12%14[Ti]3([S]%13%1565)(S%1147)([S]%1689%18)S%17%10%19,20,52,51,0,False,unit_cell_quotient_graph_without_translation_labels,pymatgen_CrystalNN,OpenBabel_canonical_SMILES_single_bonds_no_stereo,hexagonal,fm,gga-static,True,1,P1,447.1141471380451,-5.9491275725,-5.9490090135,0.8483,False,3.49908314
S3Sr1Ti1--S3Sr1Ti1_needle--fm--gga-relax,S3Sr1Ti1,S3SrTi,[S].[S].[S].[Sr].[Ti],[S].[S].[S].[S].[S].[S].[S].[S].[S].[S].[S].[S].[Sr].[Sr].[Sr].[Sr].[Ti].[Ti].[Ti].[Ti],[S]12[Ti]34[S]5[Ti]61[S]1[Sr]789[S]3[Sr]3%105[S]5[Sr]%11%122[S]6[Sr]21([S]47)[S]%11[Ti]15[S]9[Ti]([S]3%12)([S]8%10)[S]21,20,36,64,0,False,unit_cell_quotient_graph_without_translation_labels,pymatgen_CrystalNN,OpenBabel_canonical_SMILES_single_bonds_no_stereo,needle,fm,gga-relax,True,1,P1,429.36130109037356,-5.973615908499999,-5.973615908499999,0.36050000000000004,True,4.32207812
S3Sr1Ti1--S3Sr1Ti1_needle--fm--gga-static,S3Sr1Ti1,S3SrTi,[S].[S].[S].[Sr].[Ti],[S].[S].[S].[S].[S].[S].[S].[S].[S].[S].[S].[S].[Sr].[Sr].[Sr].[Sr].[Ti].[Ti].[Ti].[Ti],[S]12[Ti]34[S]5[Ti]61[S]1[Sr]789[S]3[Sr]3%105[S]5[Sr]%11%122[S]6[Sr]21([S]47)[S]%11[Ti]15[S]9[Ti]([S]3%12)([S]8%10)[S]21,20,36,64,0,False,unit_cell_quotient_graph_without_translation_labels,pymatgen_CrystalNN,OpenBabel_canonical_SMILES_single_bonds_no_stereo,needle,fm,gga-static,True,1,P1,429.36130109037356,-5.973704013,-5.973615908499999,0.36050000000000004,True,4.32226849
S3Sr1V1--S3Sr1V1_dist_perovskite--fm--gga-relax,S3Sr1V1,S3SrV,[S].[S].[S].[Sr].[V],[S].[S].[S].[S].[S].[S].[S].[S].[S].[S].[S].[S].[Sr].[Sr].[Sr].[Sr].[V].[V].[V].[V],S123[V]4567S89[V]%10%11%121[S]1%13%14[Sr]%15%16%17%18%193[S]3%204[Sr]4%21%22%2381[S]185[Sr]5%24%25%26%272[S]26%15[Sr]6%159%1331[S]%10%21%24[V]1%14([S]%11%17%256)([S]%12%18%22%26)S%19%27[V]%2082([S]7%1645)S%23%151,20,56,60,0,False,unit_cell_quotient_graph_without_translation_labels,pymatgen_CrystalNN,OpenBabel_canonical_SMILES_single_bonds_no_stereo,dist_perovskite,fm,gga-relax,True,1,P1,418.4703880770219,-5.8440312125,-5.8440312125,0.0029000000000003467,False,4.27349738
S3Sr1V1--S3Sr1V1_dist_perovskite--fm--gga-static,S3Sr1V1,S3SrV,[S].[S].[S].[Sr].[V],[S].[S].[S].[S].[S].[S].[S].[S].[S].[S].[S].[S].[Sr].[Sr].[Sr].[Sr].[V].[V].[V].[V],S123[V]4567S89[V]%10%11%121[S]1%13%14[Sr]%15%16%17%18%193[S]3%204[Sr]4%21%22%2381[S]185[Sr]5%24%25%26%272[S]26%15[Sr]6%159%1331[S]%10%21%24[V]1%14([S]%11%17%256)([S]%12%18%22%26)S%19%27[V]%2082([S]7%1645)S%23%151,20,56,60,0,False,unit_cell_quotient_graph_without_translation_labels,pymatgen_CrystalNN,OpenBabel_canonical_SMILES_single_bonds_no_stereo,dist_perovskite,fm,gga-static,True,1,P1,418.4703880770219,-5.8442414650000005,-5.8440312125,0,True,4.27892746
S3Sr1V1--S3Sr1V1_hexagonal--fm--gga-relax,S3Sr1V1,S3SrV,[S].[S].[S].[Sr].[V],[S].[S].[S].[S].[S].[S].[S].[S].[S].[S].[S].[S].[Sr].[Sr].[Sr].[Sr].[V].[V].[V].[V],[V]12345S67[V]89%10%11S%121[Sr]1%13%14%156S62[Sr]2%16%17%18%12S31[V]13%12[S]5%14%16[Sr]5%14%16%196S69[Sr]9%207([S]48%132)(S%105[V]6(S%11%159)(S1%14%20)S%18%12%19)S%173%16,20,50,56,0,False,unit_cell_quotient_graph_without_translation_labels,pymatgen_CrystalNN,OpenBabel_canonical_SMILES_single_bonds_no_stereo,hexagonal,fm,gga-relax,True,1,P1,435.50094207084834,-5.866962504,-5.866962504,0.00849999999999973,False,4.15930473
S3Sr1V1--S3Sr1V1_hexagonal--fm--gga-static,S3Sr1V1,S3SrV,[S].[S].[S].[Sr].[V],[S].[S].[S].[S].[S].[S].[S].[S].[S].[S].[S].[S].[Sr].[Sr].[Sr].[Sr].[V].[V].[V].[V],[V]12345S67[V]89%10%11S%121[Sr]1%13%14%156S62[Sr]2%16%17%18%12S31[V]13%12[S]5%14%16[Sr]5%14%16%196S69[Sr]9%207([S]48%132)(S%105[V]6(S%11%159)(S1%14%20)S%18%12%19)S%173%16,20,50,56,0,False,unit_cell_quotient_graph_without_translation_labels,pymatgen_CrystalNN,OpenBabel_canonical_SMILES_single_bonds_no_stereo,hexagonal,fm,gga-static,True,1,P1,435.50094207084834,-5.8673944675000005,-5.866962504,0,False,4.16214059
S3Sr1V1--S3Sr1V1_needle--fm--gga-relax,S3Sr1V1,S3SrV,[S].[S].[S].[Sr].[V],[S].[S].[S].[S].[S].[S].[S].[S].[S].[S].[S].[S].[Sr].[Sr].[Sr].[Sr].[V].[V].[V].[V],[S]12[V]34[S]5[Sr]6781S13[Sr]39%102[S]7[V]27S83[V]38[S]9[Sr]9%11%12(S%134[Sr]45([S]6[V]1%13[S]%114)([S]39)S78%12)[S]%102,20,40,64,0,False,unit_cell_quotient_graph_without_translation_labels,pymatgen_CrystalNN,OpenBabel_canonical_SMILES_single_bonds_no_stereo,needle,fm,gga-relax,True,1,P1,415.4085373737823,-5.876829756499999,-5.876829756499999,0.004000000000000448,False,4.30842511
S3Sr1V1--S3Sr1V1_needle--fm--gga-static,S3Sr1V1,S3SrV,[S].[S].[S].[Sr].[V],[S].[S].[S].[S].[S].[S].[S].[S].[S].[S].[S].[S].[Sr].[Sr].[Sr].[Sr].[V].[V].[V].[V],[S]12[V]34[S]5[Sr]6781S13[Sr]39%102[S]7[V]27S83[V]38[S]9[Sr]9%11%12(S%134[Sr]45([S]6[V]1%13[S]%114)([S]39)S78%12)[S]%102,20,40,64,0,False,unit_cell_quotient_graph_without_translation_labels,pymatgen_CrystalNN,OpenBabel_canonical_SMILES_single_bonds_no_stereo,needle,fm,gga-static,True,1,P1,415.4085373737823,-5.876999881,-5.876829756499999,0,False,4.30254378
S3Sr1Zr1--S3Sr1Zr1_dist_perovskite--nm--gga-relax,S3Sr1Zr1,S3SrZr,[S].[S].[S].[Sr].[Zr],[S].[S].[S].[S].[S].[S].[S].[S].[S].[S].[S].[S].[Sr].[Sr].[Sr].[Sr].[Zr].[Zr].[Zr].[Zr],S123[Zr]4567S89[Zr]%10%11%121[S]1%13%14[Sr]%15%16%17%18%193[S]3%204[Sr]4%21%22%2381[S]185[Sr]5%24%25%26%272[S]26%15[Sr]6%159%1331[S]%10%21%24[Zr]1%14([S]%11%17%256)([S]%12%18%22%26)S%19%27[Zr]%2082([S]7%1645)S%23%151,20,56,60,0,False,unit_cell_quotient_graph_without_translation_labels,pymatgen_CrystalNN,OpenBabel_canonical_SMILES_single_bonds_no_stereo,dist_perovskite,nm,gga-relax,True,1,P1,477.93953607355394,-6.3109549965,-6.3109549965,1.2277000000000005,True,4.06314127
S3Sr1Zr1--S3Sr1Zr1_dist_perovskite--nm--gga-static,S3Sr1Zr1,S3SrZr,[S].[S].[S].[Sr].[Zr],[S].[S].[S].[S].[S].[S].[S].[S].[S].[S].[S].[S].[Sr].[Sr].[Sr].[Sr].[Zr].[Zr].[Zr].[Zr],S123[Zr]4567S89[Zr]%10%11%121[S]1%13%14[Sr]%15%16%17%18%193[S]3%204[Sr]4%21%22%2381[S]185[Sr]5%24%25%26%272[S]26%15[Sr]6%159%1331[S]%10%21%24[Zr]1%14([S]%11%17%256)([S]%12%18%22%26)S%19%27[Zr]%2082([S]7%1645)S%23%151,20,56,60,0,False,unit_cell_quotient_graph_without_translation_labels,pymatgen_CrystalNN,OpenBabel_canonical_SMILES_single_bonds_no_stereo,dist_perovskite,nm,gga-static,True,1,P1,477.93953607355394,-6.3109997975,-6.3109549965,1.2277000000000005,True,3.84033432
S3Sr1Zr1--S3Sr1Zr1_hexagonal--nm--gga-relax,S3Sr1Zr1,S3SrZr,[S].[S].[S].[Sr].[Zr],[S].[S].[S].[S].[S].[S].[S].[S].[S].[S].[S].[S].[Sr].[Sr].[Sr].[Sr].[Zr].[Zr].[Zr].[Zr],S123[Sr]4567S89[Sr]%10%11%121S14[Zr]4%1328S5%10[Zr]2581S64[Sr]146%10S72[Zr]27%14%15S%16%11[Zr]%11%1739S%12%13[Sr]%16(S12%11)(S47%17)(S56%14)S8%10%15,20,48,44,0,False,unit_cell_quotient_graph_without_translation_labels,pymatgen_CrystalNN,OpenBabel_canonical_SMILES_single_bonds_no_stereo,hexagonal,nm,gga-relax,True,1,P1,504.37978039212936,-6.2609074945000005,-6.2609074945000005,1.2160000000000002,True,3.63442406
S3Sr1Zr1--S3Sr1Zr1_hexagonal--nm--gga-static,S3Sr1Zr1,S3SrZr,[S].[S].[S].[Sr].[Zr],[S].[S].[S].[S].[S].[S].[S].[S].[S].[S].[S].[S].[Sr].[Sr].[Sr].[Sr].[Zr].[Zr].[Zr].[Zr],S123[Sr]4567S89[Sr]%10%11%121S14[Zr]4%1328S5%10[Zr]2581S64[Sr]146%10S72[Zr]27%14%15S%16%11[Zr]%11%1739S%12%13[Sr]%16(S12%11)(S47%17)(S56%14)S8%10%15,20,48,44,0,False,unit_cell_quotient_graph_without_translation_labels,pymatgen_CrystalNN,OpenBabel_canonical_SMILES_single_bonds_no_stereo,hexagonal,nm,gga-static,True,1,P1,504.37978039212936,-6.2609649715,-6.2609074945000005,1.2159,True,3.44828687
S3Sr1Zr1--S3Sr1Zr1_needle--nm--gga-relax,S3Sr1Zr1,S3SrZr,[S].[S].[S].[Sr].[Zr],[S].[S].[S].[S].[S].[S].[S].[S].[S].[S].[S].[S].[Sr].[Sr].[Sr].[Sr].[Zr].[Zr].[Zr].[Zr],[S]12[Zr]34[S]5[Zr]61[S]1[Sr]789[S]3[Sr]3%105[S]5[Sr]%11%122[S]6[Sr]21([S]47)[S]%11[Zr]15[S]9[Zr]([S]3%12)([S]8%10)[S]21,20,36,64,0,False,unit_cell_quotient_graph_without_translation_labels,pymatgen_CrystalNN,OpenBabel_canonical_SMILES_single_bonds_no_stereo,needle,nm,gga-relax,True,6,Pm,464.649401189382,-6.311491482999999,-6.311491482999999,0.6036999999999999,True,4.8719076
S3Sr1Zr1--S3Sr1Zr1_needle--nm--gga-static,S3Sr1Zr1,S3SrZr,[S].[S].[S].[Sr].[Zr],[S].[S].[S].[S].[S].[S].[S].[S].[S].[S].[S].[S].[Sr].[Sr].[Sr].[Sr].[Zr].[Zr].[Zr].[Zr],[S]12[Zr]34[S]5[Zr]61[S]1[Sr]789[S]3[Sr]3%105[S]5[Sr]%11%122[S]6[Sr]21([S]47)[S]%11[Zr]15[S]9[Zr]([S]3%12)([S]8%10)[S]21,20,36,64,0,False,unit_cell_quotient_graph_without_translation_labels,pymatgen_CrystalNN,OpenBabel_canonical_SMILES_single_bonds_no_stereo,needle,nm,gga-static,True,6,Pm,464.649401189382,-6.311539056,-6.311491482999999,0.6036999999999999,True,4.63532053
S3Ti1Zn1--S3Ti1Zn1_dist_perovskite--fm--gga-relax,S3Ti1Zn1,S3TiZn,[S].[S].[S].[Ti].[Zn],[S].[S].[S].[S].[S].[S].[S].[S].[S].[S].[S].[S].[Ti].[Ti].[Ti].[Ti].[Zn].[Zn].[Zn].[Zn],[S]12[Zn]34[S]5[Ti]6789S%104[Ti]4%11%121[S]1[Ti]%13%14%152S23[Ti]3%165(S5%15[Zn]([S]4%13)(S6%12[Zn]5([S]%11%14)[S]73)[S]8%16)[S]9[Zn]%1012,20,40,42,0,False,unit_cell_quotient_graph_without_translation_labels,pymatgen_CrystalNN,OpenBabel_canonical_SMILES_single_bonds_no_stereo,dist_perovskite,fm,gga-relax,True,1,P1,365.72124905824114,-5.1367781375,-5.1367781375,0.015699999999999825,False,4.75631027
S3Ti1Zn1--S3Ti1Zn1_dist_perovskite--fm--gga-static,S3Ti1Zn1,S3TiZn,[S].[S].[S].[Ti].[Zn],[S].[S].[S].[S].[S].[S].[S].[S].[S].[S].[S].[S].[Ti].[Ti].[Ti].[Ti].[Zn].[Zn].[Zn].[Zn],[S]12[Zn]34[S]5[Ti]6789S%104[Ti]4%11%121[S]1[Ti]%13%14%152S23[Ti]3%165(S5%15[Zn]([S]4%13)(S6%12[Zn]5([S]%11%14)[S]73)[S]8%16)[S]9[Zn]%1012,20,40,42,0,False,unit_cell_quotient_graph_without_translation_labels,pymatgen_CrystalNN,OpenBabel_canonical_SMILES_single_bonds_no_stereo,dist_perovskite,fm,gga-static,True,1,P1,365.72124905824114,-5.1368577455,-5.1367781375,0.015799999999999592,False,4.75619218
S3Ti1Zn1--S3Ti1Zn1_hexagonal--fm--gga-relax,S3Ti1Zn1,S3TiZn,[S].[S].[S].[Ti].[Zn],[S].[S].[S].[S].[S].[S].[S].[S].[S].[S].[S].[S].[Ti].[Ti].[Ti].[Ti].[Zn].[Zn].[Zn].[Zn],[Zn]12[S]3[Ti]4567[S]1[Ti]183([S]24)[S]2[Zn]3[S]1[Ti]142([S]83)[S]2[Ti]389([S]5[Zn]([S]63)[S]78)[S]1[Zn]2[S]49,20,36,32,0,False,unit_cell_quotient_graph_without_translation_labels,pymatgen_CrystalNN,OpenBabel_canonical_SMILES_single_bonds_no_stereo,hexagonal,fm,gga-relax,True,1,P1,401.4224728407754,-5.171497119,-5.171497119,0.7076000000000002,False,3.46423282
S3Ti1Zn1--S3Ti1Zn1_hexagonal--fm--gga-static,S3Ti1Zn1,S3TiZn,[S].[S].[S].[Ti].[Zn],[S].[S].[S].[S].[S].[S].[S].[S].[S].[S].[S].[S].[Ti].[Ti].[Ti].[Ti].[Zn].[Zn].[Zn].[Zn],[Zn]12[S]3[Ti]4567[S]1[Ti]183([S]24)[S]2[Zn]3[S]1[Ti]142([S]83)[S]2[Ti]389([S]5[Zn]([S]63)[S]78)[S]1[Zn]2[S]49,20,36,32,0,False,unit_cell_quotient_graph_without_translation_labels,pymatgen_CrystalNN,OpenBabel_canonical_SMILES_single_bonds_no_stereo,hexagonal,fm,gga-static,True,1,P1,401.4224728407754,-5.171609043,-5.171497119,0.7077999999999998,False,3.27233747
S3Ti1Zn1--S3Ti1Zn1_needle--fm--gga-relax,S3Ti1Zn1,S3TiZn,[S].[S].[S].[Ti].[Zn],[S].[S].[S].[S].[S].[S].[S].[S].[S].[S].[S].[S].[Ti].[Ti].[Ti].[Ti].[Zn].[Zn].[Zn].[Zn],S1[Zn]2S[Ti]31[S]1[Zn]4S[Ti]5([S]2[Ti]26S[Zn]([S]3[Ti]31S[Zn]([S]56)S3)S2)S4,20,28,32,0,False,unit_cell_quotient_graph_without_translation_labels,pymatgen_CrystalNN,OpenBabel_canonical_SMILES_single_bonds_no_stereo,needle,fm,gga-relax,True,1,P1,421.62476427697703,-5.2689126425,-5.2689126425,0.9079999999999999,True,2.99627315
S3Ti1Zn1--S3Ti1Zn1_needle--fm--gga-static,S3Ti1Zn1,S3TiZn,[S].[S].[S].[Ti].[Zn],[S].[S].[S].[S].[S].[S].[S].[S].[S].[S].[S].[S].[Ti].[Ti].[Ti].[Ti].[Zn].[Zn].[Zn].[Zn],S1[Zn]2S[Ti]31[S]1[Zn]4S[Ti]5([S]2[Ti]26S[Zn]([S]3[Ti]31S[Zn]([S]56)S3)S2)S4,20,28,32,0,False,unit_cell_quotient_graph_without_translation_labels,pymatgen_CrystalNN,OpenBabel_canonical_SMILES_single_bonds_no_stereo,needle,fm,gga-static,True,1,P1,421.62476427697703,-5.2690165265,-5.2689126425,0.9079000000000002,True,2.73146375
S3V1Zn1--S3V1Zn1_dist_perovskite--fm--gga-relax,S3V1Zn1,S3VZn,[S].[S].[S].[V].[Zn],[S].[S].[S].[S].[S].[S].[S].[S].[S].[S].[S].[S].[V].[V].[V].[V].[Zn].[Zn].[Zn].[Zn],[S]12[Zn]34[S]5[V]6789S%104[V]4%11%121[S]1[V]%13%14%152S23[V]3%165(S5%15[Zn]([S]4%13)(S6%12[Zn]5([S]%11%14)[S]73)[S]8%16)[S]9[Zn]%1012,20,40,44,0,False,unit_cell_quotient_graph_without_translation_labels,pymatgen_CrystalNN,OpenBabel_canonical_SMILES_single_bonds_no_stereo,dist_perovskite,fm,gga-relax,True,1,P1,347.5473788084732,-5.0975696475,-5.0975696475,0.0008999999999996788,False,4.66824823
S3V1Zn1--S3V1Zn1_dist_perovskite--fm--gga-static,S3V1Zn1,S3VZn,[S].[S].[S].[V].[Zn],[S].[S].[S].[S].[S].[S].[S].[S].[S].[S].[S].[S].[V].[V].[V].[V].[Zn].[Zn].[Zn].[Zn],[S]12[Zn]34[S]5[V]6789S%104[V]4%11%121[S]1[V]%13%14%152S23[V]3%165(S5%15[Zn]([S]4%13)(S6%12[Zn]5([S]%11%14)[S]73)[S]8%16)[S]9[Zn]%1012,20,40,44,0,False,unit_cell_quotient_graph_without_translation_labels,pymatgen_CrystalNN,OpenBabel_canonical_SMILES_single_bonds_no_stereo,dist_perovskite,fm,gga-static,True,1,P1,347.5473788084732,-5.097862206,-5.0975696475,0,False,4.67321943
S3V1Zn1--S3V1Zn1_hexagonal--fm--gga-relax,S3V1Zn1,S3VZn,[S].[S].[S].[V].[Zn],[S].[S].[S].[S].[S].[S].[S].[S].[S].[S].[S].[S].[V].[V].[V].[V].[Zn].[Zn].[Zn].[Zn],S1[V]234[S]5[Zn]67S84[Zn]45S53[V]39%108[S]2[Zn]285[S]5[V]%11%121[S]1[V]%13%145(S7%12[Zn]1(S64%11)([S]3%13)S%108%14)[S]92,20,40,34,0,False,unit_cell_quotient_graph_without_translation_labels,pymatgen_CrystalNN,OpenBabel_canonical_SMILES_single_bonds_no_stereo,hexagonal,fm,gga-relax,True,1,P1,389.94189612503476,-5.079723726999999,-5.079723726999999,0.0004999999999997229,False,3.718941
S3V1Zn1--S3V1Zn1_hexagonal--fm--gga-static,S3V1Zn1,S3VZn,[S].[S].[S].[V].[Zn],[S].[S].[S].[S].[S].[S].[S].[S].[S].[S].[S].[S].[V].[V].[V].[V].[Zn].[Zn].[Zn].[Zn],S1[V]234[S]5[Zn]67S84[Zn]45S53[V]39%108[S]2[Zn]285[S]5[V]%11%121[S]1[V]%13%145(S7%12[Zn]1(S64%11)([S]3%13)S%108%14)[S]92,20,40,34,0,False,unit_cell_quotient_graph_without_translation_labels,pymatgen_CrystalNN,OpenBabel_canonical_SMILES_single_bonds_no_stereo,hexagonal,fm,gga-static,True,1,P1,389.94189612503476,-5.0798690205,-5.079723726999999,0,False,3.72984141
S3V1Zn1--S3V1Zn1_needle--fm--gga-relax,S3V1Zn1,S3VZn,[S].[S].[S].[V].[Zn],[S].[S].[S].[S].[S].[S].[S].[S].[S].[S].[S].[S].[V].[V].[V].[V].[Zn].[Zn].[Zn].[Zn],S1[Zn]2S[V]34[S]5[V]61S[Zn](S4)[S]1[V]47[S]2[V]1(S[Zn]([S]36)S4)S[Zn]5S7,20,28,48,0,False,unit_cell_quotient_graph_without_translation_labels,pymatgen_CrystalNN,OpenBabel_canonical_SMILES_single_bonds_no_stereo,needle,fm,gga-relax,True,4,P2_1,354.49136073435227,-5.0946102205,-5.0946102205,0.01240000000000041,False,4.60977292
S3V1Zn1--S3V1Zn1_needle--fm--gga-static,S3V1Zn1,S3VZn,[S].[S].[S].[V].[Zn],[S].[S].[S].[S].[S].[S].[S].[S].[S].[S].[S].[S].[V].[V].[V].[V].[Zn].[Zn].[Zn].[Zn],S1[Zn]2S[V]34[S]5[V]61S[Zn](S4)[S]1[V]47[S]2[V]1(S[Zn]([S]36)S4)S[Zn]5S7,20,28,48,0,False,unit_cell_quotient_graph_without_translation_labels,pymatgen_CrystalNN,OpenBabel_canonical_SMILES_single_bonds_no_stereo,needle,fm,gga-static,True,4,P2_1,354.49136073435227,-5.086884503,-5.0946102205,0.002100000000000435,False,4.68062732
S3Zn1Zr1--S3Zn1Zr1_dist_perovskite--nm--gga-relax,S3Zn1Zr1,S3ZnZr,[S].[S].[S].[Zn].[Zr],[S].[S].[S].[S].[S].[S].[S].[S].[S].[S].[S].[S].[Zn].[Zn].[Zn].[Zn].[Zr].[Zr].[Zr].[Zr],[S]12[Zn]34[S]5[Zr]6789S%104[Zr]4%11%121[S]1[Zr]%13%14%152S23[Zr]3%165(S5%15[Zn]([S]4%13)(S6%12[Zn]5([S]%11%14)[S]73)[S]8%16)[S]9[Zn]%1012,20,40,42,0,False,unit_cell_quotient_graph_without_translation_labels,pymatgen_CrystalNN,OpenBabel_canonical_SMILES_single_bonds_no_stereo,dist_perovskite,nm,gga-relax,True,7,Pc,409.0815232683571,-5.445206708,-5.445206708,0.5566000000000004,False,5.30475618
S3Zn1Zr1--S3Zn1Zr1_dist_perovskite--nm--gga-static,S3Zn1Zr1,S3ZnZr,[S].[S].[S].[Zn].[Zr],[S].[S].[S].[S].[S].[S].[S].[S].[S].[S].[S].[S].[Zn].[Zn].[Zn].[Zn].[Zr].[Zr].[Zr].[Zr],[S]12[Zn]34[S]5[Zr]6789S%104[Zr]4%11%121[S]1[Zr]%13%14%152S23[Zr]3%165(S5%15[Zn]([S]4%13)(S6%12[Zn]5([S]%11%14)[S]73)[S]8%16)[S]9[Zn]%1012,20,40,42,0,False,unit_cell_quotient_graph_without_translation_labels,pymatgen_CrystalNN,OpenBabel_canonical_SMILES_single_bonds_no_stereo,dist_perovskite,nm,gga-static,True,7,Pc,409.0815232683571,-5.4452810115,-5.445206708,0.5567000000000002,False,5.06903639
S3Zn1Zr1--S3Zn1Zr1_hexagonal--nm--gga-relax,S3Zn1Zr1,S3ZnZr,[S].[S].[S].[Zn].[Zr],[S].[S].[S].[S].[S].[S].[S].[S].[S].[S].[S].[S].[Zn].[Zn].[Zn].[Zn].[Zr].[Zr].[Zr].[Zr],[Zn]12[S]3[Zr]4567[S]1[Zr]183([S]24)[S]2[Zn]3[S]1[Zr]142([S]83)[S]2[Zr]389([S]5[Zn]([S]63)[S]78)[S]1[Zn]2[S]49,20,36,30,0,False,unit_cell_quotient_graph_without_translation_labels,pymatgen_CrystalNN,OpenBabel_canonical_SMILES_single_bonds_no_stereo,hexagonal,nm,gga-relax,True,1,P1,457.99765275544496,-5.4917163215,-5.4917163215,1.2449,True,3.39018161
S3Zn1Zr1--S3Zn1Zr1_hexagonal--nm--gga-static,S3Zn1Zr1,S3ZnZr,[S].[S].[S].[Zn].[Zr],[S].[S].[S].[S].[S].[S].[S].[S].[S].[S].[S].[S].[Zn].[Zn].[Zn].[Zn].[Zr].[Zr].[Zr].[Zr],[Zn]12[S]3[Zr]4567[S]1[Zr]183([S]24)[S]2[Zn]3[S]1[Zr]142([S]83)[S]2[Zr]389([S]5[Zn]([S]63)[S]78)[S]1[Zn]2[S]49,20,36,30,0,False,unit_cell_quotient_graph_without_translation_labels,pymatgen_CrystalNN,OpenBabel_canonical_SMILES_single_bonds_no_stereo,hexagonal,nm,gga-static,True,1,P1,457.99765275544496,-5.4918295950000005,-5.4917163215,1.2449,True,3.19883636
S3Zn1Zr1--S3Zn1Zr1_needle--nm--gga-relax,S3Zn1Zr1,S3ZnZr,[S].[S].[S].[Zn].[Zr],[S].[S].[S].[S].[S].[S].[S].[S].[S].[S].[S].[S].[Zn].[Zn].[Zn].[Zn].[Zr].[Zr].[Zr].[Zr],[S][Zr]12S[Zn][S]3[Zr]4(S[Zn][S]2[Zr]2([S]1[Zn]S[Zr]3([S]4[Zn]S2)[S])[S])[S],20,24,40,0,False,unit_cell_quotient_graph_without_translation_labels,pymatgen_CrystalNN,OpenBabel_canonical_SMILES_single_bonds_no_stereo,needle,nm,gga-relax,True,1,P1,517.6385431676388,-5.5182421945,-5.5182421945,1.9597000000000002,True,2.19406159
S3Zn1Zr1--S3Zn1Zr1_needle--nm--gga-static,S3Zn1Zr1,S3ZnZr,[S].[S].[S].[Zn].[Zr],[S].[S].[S].[S].[S].[S].[S].[S].[S].[S].[S].[S].[Zn].[Zn].[Zn].[Zn].[Zr].[Zr].[Zr].[Zr],[S][Zr]12S[Zn][S]3[Zr]4(S[Zn][S]2[Zr]2([S]1[Zn]S[Zr]3([S]4[Zn]S2)[S])[S])[S],20,24,40,0,False,unit_cell_quotient_graph_without_translation_labels,pymatgen_CrystalNN,OpenBabel_canonical_SMILES_single_bonds_no_stereo,needle,nm,gga-static,True,1,P1,517.6385431676388,-5.5184686385,-5.5182421945,1.9596,True,2.05528544
