split,material_id,tokens_slices_originales,tokens_chemberta_original,tokens_slices_tipados,tokens_tokenizer_extendido,factor_original,factor_tipado_sobre_original,unk_original,unk_tipado,fragmentación_tipado,longitud_tipado_con_especiales,excede_512_original,excede_512_tipado
train,mp-1079726,94,249,95,95,2.648936170212766,1.0106382978723405,0,0,0,97,False,False
train,mp-1180443,96,261,97,97,2.71875,1.0104166666666667,0,0,0,99,False,False
train,mp-1284822,158,429,159,159,2.7151898734177213,1.0063291139240507,0,0,0,161,False,False
train,mp-1220193,196,555,197,197,2.8316326530612246,1.0051020408163265,0,0,0,199,True,False
train,mp-9697,230,695,231,231,3.0217391304347827,1.0043478260869565,0,0,0,233,True,False
train,mp-1210700,110,307,111,111,2.790909090909091,1.009090909090909,0,0,0,113,False,False
train,mp-1079276,68,183,69,69,2.6911764705882355,1.0147058823529411,0,0,0,71,False,False
train,mp-2230020,164,465,165,165,2.8353658536585367,1.0060975609756098,0,0,0,167,False,False
train,mp-28921,124,353,125,125,2.846774193548387,1.0080645161290323,0,0,0,127,False,False
train,mp-2218091,113,303,114,114,2.6814159292035398,1.008849557522124,0,0,0,116,False,False
train,mp-1273178,188,527,189,189,2.8031914893617023,1.0053191489361701,0,0,0,191,True,False
train,mp-1247085,110,297,111,111,2.7,1.009090909090909,0,0,0,113,False,False
train,mp-1224573,188,528,189,189,2.8085106382978724,1.0053191489361701,0,0,0,191,True,False
train,mp-1207908,106,285,107,107,2.688679245283019,1.009433962264151,0,0,0,109,False,False
train,mp-776387,164,461,165,165,2.8109756097560976,1.0060975609756098,0,0,0,167,False,False
train,mp-165,28,75,29,29,2.6785714285714284,1.0357142857142858,0,0,0,31,False,False
train,mp-4510,45,120,46,46,2.6666666666666665,1.0222222222222221,0,0,0,48,False,False
train,mp-1224872,56,149,57,57,2.6607142857142856,1.0178571428571428,0,0,0,59,False,False
train,mp-1232197,82,215,83,83,2.6219512195121952,1.0121951219512195,0,0,0,85,False,False
train,mp-2229237,137,385,138,138,2.81021897810219,1.0072992700729928,0,0,0,140,False,False
train,mp-552098,53,140,54,54,2.641509433962264,1.0188679245283019,0,0,0,56,False,False
train,mp-1922,96,267,97,97,2.78125,1.0104166666666667,0,0,0,99,False,False
train,mp-1018818,60,159,61,61,2.65,1.0166666666666666,0,0,0,63,False,False
train,mp-34121,80,211,81,81,2.6375,1.0125,0,0,0,83,False,False
train,mp-1026974,84,229,85,85,2.7261904761904763,1.0119047619047619,0,0,0,87,False,False
train,mp-2037681,72,189,73,73,2.625,1.0138888888888888,0,0,0,75,False,False
train,mp-754623,84,225,85,85,2.6785714285714284,1.0119047619047619,0,0,0,87,False,False
train,mp-1341839,102,281,103,103,2.7549019607843137,1.0098039215686274,0,0,0,105,False,False
train,mp-972937,68,177,69,69,2.6029411764705883,1.0147058823529411,0,0,0,71,False,False
train,mp-1373426,188,530,189,189,2.8191489361702127,1.0053191489361701,0,0,0,191,True,False
train,mp-1222038,79,209,80,80,2.6455696202531644,1.0126582278481013,0,0,0,82,False,False
train,mp-1232303,104,275,105,105,2.644230769230769,1.0096153846153846,0,0,0,107,False,False
train,mp-1216113,108,288,109,109,2.6666666666666665,1.0092592592592593,0,0,0,111,False,False
train,mp-754963,181,516,182,182,2.850828729281768,1.0055248618784531,0,0,0,184,True,False
train,mp-1096807,25,62,26,26,2.48,1.04,0,0,0,28,False,False
train,mp-2232351,108,302,109,109,2.7962962962962963,1.0092592592592593,0,0,0,111,False,False
train,mp-1095974,16,43,17,17,2.6875,1.0625,0,0,0,19,False,False
train,mp-1218113,188,533,189,189,2.8351063829787235,1.0053191489361701,0,0,0,191,True,False
train,mp-2014966,97,258,98,98,2.6597938144329896,1.0103092783505154,0,0,0,100,False,False
train,mp-2240484,65,170,66,66,2.6153846153846154,1.0153846153846153,0,0,0,68,False,False
train,mp-989643,64,167,65,65,2.609375,1.015625,0,0,0,67,False,False
train,mp-1180468,98,276,99,99,2.816326530612245,1.010204081632653,0,0,0,101,False,False
train,mp-615420,92,241,93,93,2.619565217391304,1.0108695652173914,0,0,0,95,False,False
train,mp-1112588,118,311,119,119,2.635593220338983,1.0084745762711864,0,0,0,121,False,False
train,mp-1095962,16,43,17,17,2.6875,1.0625,0,0,0,19,False,False
train,mp-1223123,115,315,116,116,2.739130434782609,1.008695652173913,0,0,0,118,False,False
train,mp-1233971,142,397,143,143,2.795774647887324,1.0070422535211268,0,0,0,145,False,False
train,mp-1096284,16,43,17,17,2.6875,1.0625,0,0,0,19,False,False
train,mp-2226426,129,354,130,130,2.744186046511628,1.0077519379844961,0,0,0,132,False,False
train,mp-1095983,16,43,17,17,2.6875,1.0625,0,0,0,19,False,False
train,mp-1095903,16,43,17,17,2.6875,1.0625,0,0,0,19,False,False
train,mp-1341998,124,345,125,125,2.782258064516129,1.0080645161290323,0,0,0,127,False,False
train,mp-14285,96,259,97,97,2.6979166666666665,1.0104166666666667,0,0,0,99,False,False
train,mp-1247027,110,294,111,111,2.672727272727273,1.009090909090909,0,0,0,113,False,False
train,mp-1516486,118,311,119,119,2.635593220338983,1.0084745762711864,0,0,0,121,False,False
train,mp-1097619,16,43,17,17,2.6875,1.0625,0,0,0,19,False,False
train,mp-1172905,120,329,121,121,2.7416666666666667,1.0083333333333333,0,0,0,123,False,False
train,mp-2230530,124,344,125,125,2.774193548387097,1.0080645161290323,0,0,0,127,False,False
train,mp-1248716,16,43,17,17,2.6875,1.0625,0,0,0,19,False,False
train,mp-2241129,165,453,166,166,2.7454545454545456,1.006060606060606,0,0,0,168,False,False
train,mp-1247172,63,168,64,64,2.6666666666666665,1.0158730158730158,0,0,0,66,False,False
train,mp-2458726,84,229,85,85,2.7261904761904763,1.0119047619047619,0,0,0,87,False,False
train,mp-676815,68,177,69,69,2.6029411764705883,1.0147058823529411,0,0,0,71,False,False
train,mp-1219893,188,531,189,189,2.824468085106383,1.0053191489361701,0,0,0,191,True,False
train,mp-1077840,61,164,62,62,2.6885245901639343,1.0163934426229508,0,0,0,64,False,False
train,mp-1214454,136,379,137,137,2.786764705882353,1.0073529411764706,0,0,0,139,False,False
train,mp-2230944,145,402,146,146,2.7724137931034485,1.006896551724138,0,0,0,148,False,False
train,mp-725152,78,205,79,79,2.628205128205128,1.0128205128205128,0,0,0,81,False,False
train,mp-1389909,30,76,31,31,2.533333333333333,1.0333333333333334,0,0,0,33,False,False
train,mp-1224864,56,150,57,57,2.6785714285714284,1.0178571428571428,0,0,0,59,False,False
train,mp-1180831,88,235,89,89,2.6704545454545454,1.0113636363636365,0,0,0,91,False,False
train,mp-1222279,40,105,41,41,2.625,1.025,0,0,0,43,False,False
train,mp-1189158,124,334,125,125,2.693548387096774,1.0080645161290323,0,0,0,127,False,False
train,mp-1096688,16,43,17,17,2.6875,1.0625,0,0,0,19,False,False
train,mp-19201,188,533,189,189,2.8351063829787235,1.0053191489361701,0,0,0,191,True,False
train,mp-2232498,138,380,139,139,2.753623188405797,1.0072463768115942,0,0,0,141,False,False
train,mp-1374281,176,496,177,177,2.8181818181818183,1.0056818181818181,0,0,0,179,False,False
train,mp-801665,66,170,67,67,2.5757575757575757,1.0151515151515151,0,0,0,69,False,False
train,mp-1206311,80,209,81,81,2.6125,1.0125,0,0,0,83,False,False
train,mp-706531,176,521,177,177,2.960227272727273,1.0056818181818181,0,0,0,179,True,False
train,mp-1219559,81,214,82,82,2.6419753086419755,1.0123456790123457,0,0,0,84,False,False
train,mp-1031681,160,447,161,161,2.79375,1.00625,0,0,0,163,False,False
train,mp-1188146,148,423,149,149,2.858108108108108,1.0067567567567568,0,0,0,151,False,False
train,mp-3102,140,394,141,141,2.8142857142857145,1.0071428571428571,0,0,0,143,False,False
train,mp-541622,165,459,166,166,2.7818181818181817,1.006060606060606,0,0,0,168,False,False
train,mp-1224873,26,70,27,27,2.6923076923076925,1.0384615384615385,0,0,0,29,False,False
train,mp-2231446,139,388,140,140,2.79136690647482,1.0071942446043165,0,0,0,142,False,False
train,mp-1098704,90,257,91,91,2.8555555555555556,1.011111111111111,0,0,0,93,False,False
train,mp-1031011,160,447,161,161,2.79375,1.00625,0,0,0,163,False,False
train,mp-754983,112,311,113,113,2.7767857142857144,1.0089285714285714,0,0,0,115,False,False
train,mp-753218,112,301,113,113,2.6875,1.0089285714285714,0,0,0,115,False,False
train,mp-1212530,51,129,52,52,2.5294117647058822,1.0196078431372548,0,0,0,54,False,False
train,mp-761269,110,297,111,111,2.7,1.009090909090909,0,0,0,113,False,False
train,mp-1546032,78,209,79,79,2.6794871794871793,1.0128205128205128,0,0,0,81,False,False
train,mp-3716,45,120,46,46,2.6666666666666665,1.0222222222222221,0,0,0,48,False,False
train,mp-1184486,59,155,60,60,2.6271186440677967,1.0169491525423728,0,0,0,62,False,False
train,mp-1373817,128,357,129,129,2.7890625,1.0078125,0,0,0,131,False,False
train,mp-1235131,87,236,88,88,2.7126436781609193,1.0114942528735633,0,0,0,90,False,False
train,mp-1205309,46,121,47,47,2.630434782608696,1.0217391304347827,0,0,0,49,False,False
train,mp-2053129,144,393,145,145,2.7291666666666665,1.0069444444444444,0,0,0,147,False,False
train,mp-1208996,51,129,52,52,2.5294117647058822,1.0196078431372548,0,0,0,54,False,False
train,mp-1178103,61,160,62,62,2.622950819672131,1.0163934426229508,0,0,0,64,False,False
train,mp-1038760,204,563,205,205,2.7598039215686274,1.0049019607843137,0,0,0,207,True,False
train,mp-6389,188,533,189,189,2.8351063829787235,1.0053191489361701,0,0,0,191,True,False
train,mp-8007,64,165,65,65,2.578125,1.015625,0,0,0,67,False,False
train,mp-1214130,94,251,95,95,2.6702127659574466,1.0106382978723405,0,0,0,97,False,False
train,mp-13097,84,225,85,85,2.6785714285714284,1.0119047619047619,0,0,0,87,False,False
train,mp-2230810,142,395,143,143,2.7816901408450705,1.0070422535211268,0,0,0,145,False,False
train,mp-1023943,42,111,43,43,2.642857142857143,1.0238095238095237,0,0,0,45,False,False
train,mp-2223652,113,302,114,114,2.672566371681416,1.008849557522124,0,0,0,116,False,False
train,mp-759283,84,225,85,85,2.6785714285714284,1.0119047619047619,0,0,0,87,False,False
train,mp-20742,158,453,159,159,2.867088607594937,1.0063291139240507,0,0,0,161,False,False
train,mp-1040452,21,56,22,22,2.6666666666666665,1.0476190476190477,0,0,0,24,False,False
train,mp-1080150,84,230,85,85,2.738095238095238,1.0119047619047619,0,0,0,87,False,False
train,mp-862947,52,139,53,53,2.673076923076923,1.0192307692307692,0,0,0,55,False,False
train,mp-1110991,118,311,119,119,2.635593220338983,1.0084745762711864,0,0,0,121,False,False
train,mp-9868,102,284,103,103,2.784313725490196,1.0098039215686274,0,0,0,105,False,False
train,mp-14624,130,363,131,131,2.792307692307692,1.0076923076923077,0,0,0,133,False,False
train,mp-1423122,160,451,161,161,2.81875,1.00625,0,0,0,163,False,False
train,mp-1523415,16,39,17,17,2.4375,1.0625,0,0,0,19,False,False
train,mp-2218202,84,222,85,85,2.642857142857143,1.0119047619047619,0,0,0,87,False,False
train,mp-8388,158,425,159,159,2.689873417721519,1.0063291139240507,0,0,0,161,False,False
train,mp-25096,164,463,165,165,2.823170731707317,1.0060975609756098,0,0,0,167,False,False
train,mp-22913,14,36,15,15,2.5714285714285716,1.0714285714285714,0,0,0,17,False,False
train,mp-1080306,84,231,85,85,2.75,1.0119047619047619,0,0,0,87,False,False
train,mp-2227755,54,142,55,55,2.6296296296296298,1.0185185185185186,0,0,0,57,False,False
train,mp-1516887,118,310,119,119,2.6271186440677967,1.0084745762711864,0,0,0,121,False,False
train,mp-757235,110,297,111,111,2.7,1.009090909090909,0,0,0,113,False,False
train,mp-2230000,164,465,165,165,2.8353658536585367,1.0060975609756098,0,0,0,167,False,False
train,mp-486,42,109,43,43,2.5952380952380953,1.0238095238095237,0,0,0,45,False,False
train,mp-1189014,148,403,149,149,2.722972972972973,1.0067567567567568,0,0,0,151,False,False
train,mp-1025664,63,169,64,64,2.6825396825396823,1.0158730158730158,0,0,0,66,False,False
train,mp-1232998,91,241,92,92,2.6483516483516483,1.010989010989011,0,0,0,94,False,False
train,mp-1029573,122,335,123,123,2.7459016393442623,1.0081967213114753,0,0,0,125,False,False
train,mp-1227303,59,155,60,60,2.6271186440677967,1.0169491525423728,0,0,0,62,False,False
train,mp-799387,97,269,98,98,2.7731958762886597,1.0103092783505154,0,0,0,100,False,False
train,mp-1224326,60,161,61,61,2.683333333333333,1.0166666666666666,0,0,0,63,False,False
train,mp-1283838,112,307,113,113,2.7410714285714284,1.0089285714285714,0,0,0,115,False,False
train,mp-2217069,68,178,69,69,2.6176470588235294,1.0147058823529411,0,0,0,71,False,False
train,mp-767320,99,271,100,100,2.7373737373737375,1.0101010101010102,0,0,0,102,False,False
train,mp-755996,200,577,201,201,2.885,1.005,0,0,0,203,True,False
train,mp-1080264,84,233,85,85,2.7738095238095237,1.0119047619047619,0,0,0,87,False,False
train,mp-1093931,16,43,17,17,2.6875,1.0625,0,0,0,19,False,False
train,mp-1190176,248,739,249,249,2.9798387096774195,1.0040322580645162,0,0,0,251,True,False
train,mp-1236533,97,260,98,98,2.6804123711340204,1.0103092783505154,0,0,0,100,False,False
train,mp-725680,90,241,91,91,2.6777777777777776,1.011111111111111,0,0,0,93,False,False
train,mp-18839,79,208,80,80,2.632911392405063,1.0126582278481013,0,0,0,82,False,False
train,mp-1174363,197,568,198,198,2.883248730964467,1.0050761421319796,0,0,0,200,True,False
train,mp-1520339,118,311,119,119,2.635593220338983,1.0084745762711864,0,0,0,121,False,False
train,mp-1096346,16,43,17,17,2.6875,1.0625,0,0,0,19,False,False
train,mp-1227440,82,221,83,83,2.6951219512195124,1.0121951219512195,0,0,0,85,False,False
train,mp-1212803,132,367,133,133,2.7803030303030303,1.0075757575757576,0,0,0,135,False,False
train,mp-752605,128,359,129,129,2.8046875,1.0078125,0,0,0,131,False,False
train,mp-753046,162,455,163,163,2.808641975308642,1.0061728395061729,0,0,0,165,False,False
train,mp-2853,20,52,21,21,2.6,1.05,0,0,0,23,False,False
train,mp-2230252,127,353,128,128,2.779527559055118,1.0078740157480315,0,0,0,130,False,False
train,mp-1112048,46,117,47,47,2.5434782608695654,1.0217391304347827,0,0,0,49,False,False
train,mp-1030999,160,447,161,161,2.79375,1.00625,0,0,0,163,False,False
train,mp-1215706,84,223,85,85,2.6547619047619047,1.0119047619047619,0,0,0,87,False,False
train,mp-1216567,38,103,39,39,2.710526315789474,1.0263157894736843,0,0,0,41,False,False
train,mp-1104356,96,253,97,97,2.6354166666666665,1.0104166666666667,0,0,0,99,False,False
train,mp-756413,72,190,73,73,2.638888888888889,1.0138888888888888,0,0,0,75,False,False
train,mp-1189739,168,479,169,169,2.8511904761904763,1.005952380952381,0,0,0,171,False,False
train,mp-8645,102,287,103,103,2.8137254901960786,1.0098039215686274,0,0,0,105,False,False
train,mp-545488,60,159,61,61,2.65,1.0166666666666666,0,0,0,63,False,False
train,mp-1227463,93,257,94,94,2.763440860215054,1.010752688172043,0,0,0,96,False,False
train,mp-569859,32,87,33,33,2.71875,1.03125,0,0,0,35,False,False
train,mp-962057,27,72,28,28,2.6666666666666665,1.037037037037037,0,0,0,30,False,False
train,mp-1097268,16,43,17,17,2.6875,1.0625,0,0,0,19,False,False
train,mp-1112863,118,309,119,119,2.6186440677966103,1.0084745762711864,0,0,0,121,False,False
train,mp-1027641,84,226,85,85,2.6904761904761907,1.0119047619047619,0,0,0,87,False,False
train,mp-1104976,63,164,64,64,2.6031746031746033,1.0158730158730158,0,0,0,66,False,False
train,mp-1180956,176,493,177,177,2.8011363636363638,1.0056818181818181,0,0,0,179,False,False
train,mp-1273567,160,447,161,161,2.79375,1.00625,0,0,0,163,False,False
train,mp-1106055,160,439,161,161,2.74375,1.00625,0,0,0,163,False,False
train,mp-1211740,96,259,97,97,2.6979166666666665,1.0104166666666667,0,0,0,99,False,False
train,mp-1027404,84,230,85,85,2.738095238095238,1.0119047619047619,0,0,0,87,False,False
train,mp-23319,118,309,119,119,2.6186440677966103,1.0084745762711864,0,0,0,121,False,False
train,mp-1212076,82,212,83,83,2.5853658536585367,1.0121951219512195,0,0,0,85,False,False
train,mp-2231992,136,377,137,137,2.7720588235294117,1.0073529411764706,0,0,0,139,False,False
train,mp-1246302,122,333,123,123,2.7295081967213113,1.0081967213114753,0,0,0,125,False,False
train,mp-1097303,16,43,17,17,2.6875,1.0625,0,0,0,19,False,False
train,mp-761872,122,335,123,123,2.7459016393442623,1.0081967213114753,0,0,0,125,False,False
train,mp-22081,188,531,189,189,2.824468085106383,1.0053191489361701,0,0,0,191,True,False
train,mp-1096109,16,43,17,17,2.6875,1.0625,0,0,0,19,False,False
train,mp-858582,109,300,110,110,2.7522935779816513,1.0091743119266054,0,0,0,112,False,False
train,mp-1523299,118,310,119,119,2.6271186440677967,1.0084745762711864,0,0,0,121,False,False
train,mp-1047701,122,329,123,123,2.69672131147541,1.0081967213114753,0,0,0,125,False,False
train,mp-1180252,66,173,67,67,2.621212121212121,1.0151515151515151,0,0,0,69,False,False
train,mp-1218129,188,533,189,189,2.8351063829787235,1.0053191489361701,0,0,0,191,True,False
train,mp-1235365,133,370,134,134,2.781954887218045,1.0075187969924813,0,0,0,136,False,False
train,mp-2215998,58,152,59,59,2.6206896551724137,1.0172413793103448,0,0,0,61,False,False
train,mp-866141,70,187,71,71,2.6714285714285713,1.0142857142857142,0,0,0,73,False,False
train,mp-2230715,148,413,149,149,2.7905405405405403,1.0067567567567568,0,0,0,151,False,False
train,mp-1173888,120,329,121,121,2.7416666666666667,1.0083333333333333,0,0,0,123,False,False
train,mp-2017393,35,87,36,36,2.4857142857142858,1.0285714285714285,0,0,0,38,False,False
train,mp-1097147,16,43,17,17,2.6875,1.0625,0,0,0,19,False,False
train,mp-1205664,58,151,59,59,2.603448275862069,1.0172413793103448,0,0,0,61,False,False
train,mp-22103,188,531,189,189,2.824468085106383,1.0053191489361701,0,0,0,191,True,False
train,mp-1030908,160,447,161,161,2.79375,1.00625,0,0,0,163,False,False
train,mp-1093551,16,43,17,17,2.6875,1.0625,0,0,0,19,False,False
train,mp-1003637,82,215,83,83,2.6219512195121952,1.0121951219512195,0,0,0,85,False,False
train,mp-1176413,84,223,85,85,2.6547619047619047,1.0119047619047619,0,0,0,87,False,False
train,mp-1545661,40,97,41,41,2.425,1.025,0,0,0,43,False,False
train,mp-1093955,16,42,17,17,2.625,1.0625,0,0,0,19,False,False
train,mp-1367801,188,529,189,189,2.8138297872340425,1.0053191489361701,0,0,0,191,True,False
train,mp-1094123,42,109,43,43,2.5952380952380953,1.0238095238095237,0,0,0,45,False,False
train,mp-979271,80,215,81,81,2.6875,1.0125,0,0,0,83,False,False
train,mp-1226525,160,437,161,161,2.73125,1.00625,0,0,0,163,False,False
train,mp-1228753,48,127,49,49,2.6458333333333335,1.0208333333333333,0,0,0,51,False,False
train,mp-1233431,139,387,140,140,2.7841726618705036,1.0071942446043165,0,0,0,142,False,False
train,mp-22946,42,109,43,43,2.5952380952380953,1.0238095238095237,0,0,0,45,False,False
train,mp-1226409,168,457,169,169,2.7202380952380953,1.005952380952381,0,0,0,171,False,False
train,mp-10161,48,127,49,49,2.6458333333333335,1.0208333333333333,0,0,0,51,False,False
train,mp-2210764,52,135,53,53,2.5961538461538463,1.0192307692307692,0,0,0,55,False,False
train,mp-1221534,56,147,57,57,2.625,1.0178571428571428,0,0,0,59,False,False
train,mp-1025956,63,167,64,64,2.6507936507936507,1.0158730158730158,0,0,0,66,False,False
train,mp-1212671,86,239,87,87,2.7790697674418605,1.0116279069767442,0,0,0,89,False,False
train,mp-1237349,164,463,165,165,2.823170731707317,1.0060975609756098,0,0,0,167,False,False
train,mp-1246950,69,180,70,70,2.608695652173913,1.0144927536231885,0,0,0,72,False,False
train,mp-42020,198,557,199,199,2.813131313131313,1.005050505050505,0,0,0,201,True,False
train,mp-2218910,103,278,104,104,2.6990291262135924,1.0097087378640777,0,0,0,106,False,False
train,mp-1030505,84,230,85,85,2.738095238095238,1.0119047619047619,0,0,0,87,False,False
train,mp-772099,110,297,111,111,2.7,1.009090909090909,0,0,0,113,False,False
train,mp-1106,96,273,97,97,2.84375,1.0104166666666667,0,0,0,99,False,False
train,mp-1218286,209,591,210,210,2.827751196172249,1.0047846889952152,0,0,0,212,True,False
train,mp-288,28,73,29,29,2.607142857142857,1.0357142857142858,0,0,0,31,False,False
train,mp-1013544,59,158,60,60,2.6779661016949152,1.0169491525423728,0,0,0,62,False,False
train,mp-1216579,80,215,81,81,2.6875,1.0125,0,0,0,83,False,False
train,mp-643123,152,431,153,153,2.835526315789474,1.006578947368421,0,0,0,155,False,False
train,mp-1181025,76,201,77,77,2.6447368421052633,1.013157894736842,0,0,0,79,False,False
train,mp-23116,56,149,57,57,2.6607142857142856,1.0178571428571428,0,0,0,59,False,False
train,mp-545788,61,161,62,62,2.639344262295082,1.0163934426229508,0,0,0,64,False,False
train,mp-1205646,118,309,119,119,2.6186440677966103,1.0084745762711864,0,0,0,121,False,False
train,mp-20042,80,211,81,81,2.6375,1.0125,0,0,0,83,False,False
train,mp-1029313,42,111,43,43,2.642857142857143,1.0238095238095237,0,0,0,45,False,False
train,mp-1233812,88,237,89,89,2.6931818181818183,1.0113636363636365,0,0,0,91,False,False
train,mp-1245417,122,335,123,123,2.7459016393442623,1.0081967213114753,0,0,0,125,False,False
train,mp-1247384,110,294,111,111,2.672727272727273,1.009090909090909,0,0,0,113,False,False
train,mp-1206190,19,46,20,20,2.4210526315789473,1.0526315789473684,0,0,0,22,False,False
train,mp-1638745,188,533,189,189,2.8351063829787235,1.0053191489361701,0,0,0,191,True,False
train,mp-1229128,112,309,113,113,2.7589285714285716,1.0089285714285714,0,0,0,115,False,False
train,mp-778257,164,463,165,165,2.823170731707317,1.0060975609756098,0,0,0,167,False,False
train,mp-2231131,139,388,140,140,2.79136690647482,1.0071942446043165,0,0,0,142,False,False
train,mp-1096028,16,43,17,17,2.6875,1.0625,0,0,0,19,False,False
train,mp-1519154,118,310,119,119,2.6271186440677967,1.0084745762711864,0,0,0,121,False,False
train,mp-1096564,16,43,17,17,2.6875,1.0625,0,0,0,19,False,False
train,mp-2218046,77,206,78,78,2.675324675324675,1.0129870129870129,0,0,0,80,False,False
train,mp-568864,200,567,201,201,2.835,1.005,0,0,0,203,True,False
train,mp-1105072,110,297,111,111,2.7,1.009090909090909,0,0,0,113,False,False
train,mp-1232276,126,341,127,127,2.7063492063492065,1.007936507936508,0,0,0,129,False,False
train,mp-1029763,100,277,101,101,2.77,1.01,0,0,0,103,False,False
train,mp-2230765,142,397,143,143,2.795774647887324,1.0070422535211268,0,0,0,145,False,False
train,mp-1026350,63,167,64,64,2.6507936507936507,1.0158730158730158,0,0,0,66,False,False
train,mp-1178414,84,229,85,85,2.7261904761904763,1.0119047619047619,0,0,0,87,False,False
train,mp-1227068,79,208,80,80,2.632911392405063,1.0126582278481013,0,0,0,82,False,False
train,mp-1080196,128,373,129,129,2.9140625,1.0078125,0,0,0,131,False,False
train,mp-365,272,779,273,273,2.863970588235294,1.0036764705882353,0,0,0,275,True,False
train,mp-644292,99,260,100,100,2.6262626262626263,1.0101010101010102,0,0,0,102,False,False
train,mp-937836,80,213,81,81,2.6625,1.0125,0,0,0,83,False,False
train,mp-1219782,158,429,159,159,2.7151898734177213,1.0063291139240507,0,0,0,161,False,False
train,mp-1030292,84,231,85,85,2.75,1.0119047619047619,0,0,0,87,False,False
train,mp-1100401,45,118,46,46,2.6222222222222222,1.0222222222222221,0,0,0,48,False,False
train,mp-1207040,118,311,119,119,2.635593220338983,1.0084745762711864,0,0,0,121,False,False
train,mp-2218772,121,334,122,122,2.760330578512397,1.0082644628099173,0,0,0,124,False,False
train,mp-1228799,22,57,23,23,2.590909090909091,1.0454545454545454,0,0,0,25,False,False
train,mp-961774,45,120,46,46,2.6666666666666665,1.0222222222222221,0,0,0,48,False,False
train,mp-1097450,16,42,17,17,2.625,1.0625,0,0,0,19,False,False
train,mp-1522954,118,311,119,119,2.635593220338983,1.0084745762711864,0,0,0,121,False,False
train,mp-767395,191,551,192,192,2.884816753926702,1.0052356020942408,0,0,0,194,True,False
train,mp-1100434,45,120,46,46,2.6666666666666665,1.0222222222222221,0,0,0,48,False,False
train,mp-1221557,110,297,111,111,2.7,1.009090909090909,0,0,0,113,False,False
train,mp-1032150,160,447,161,161,2.79375,1.00625,0,0,0,163,False,False
train,mp-1093913,16,43,17,17,2.6875,1.0625,0,0,0,19,False,False
train,mp-1111197,46,117,47,47,2.5434782608695654,1.0217391304347827,0,0,0,49,False,False
train,mp-542426,112,311,113,113,2.7767857142857144,1.0089285714285714,0,0,0,115,False,False
train,mp-771776,110,297,111,111,2.7,1.009090909090909,0,0,0,113,False,False
train,mp-9281,42,113,43,43,2.6904761904761907,1.0238095238095237,0,0,0,45,False,False
train,mp-2233886,97,260,98,98,2.6804123711340204,1.0103092783505154,0,0,0,100,False,False
train,mp-34202,41,110,42,42,2.682926829268293,1.024390243902439,0,0,0,44,False,False
train,mp-569978,103,277,104,104,2.6893203883495147,1.0097087378640777,0,0,0,106,False,False
train,mp-1095303,96,261,97,97,2.71875,1.0104166666666667,0,0,0,99,False,False
train,mp-1042277,98,265,99,99,2.704081632653061,1.010204081632653,0,0,0,101,False,False
train,mp-1212971,102,277,103,103,2.715686274509804,1.0098039215686274,0,0,0,105,False,False
train,mp-1219755,158,429,159,159,2.7151898734177213,1.0063291139240507,0,0,0,161,False,False
train,mp-2227782,130,353,131,131,2.7153846153846155,1.0076923076923077,0,0,0,133,False,False
train,mp-1214772,127,343,128,128,2.7007874015748032,1.0078740157480315,0,0,0,130,False,False
train,mp-1278941,84,225,85,85,2.6785714285714284,1.0119047619047619,0,0,0,87,False,False
train,mp-1043268,102,279,103,103,2.735294117647059,1.0098039215686274,0,0,0,105,False,False
train,mp-1522089,138,377,139,139,2.7318840579710146,1.0072463768115942,0,0,0,141,False,False
train,mp-2231482,139,387,140,140,2.7841726618705036,1.0071942446043165,0,0,0,142,False,False
train,mp-752471,122,335,123,123,2.7459016393442623,1.0081967213114753,0,0,0,125,False,False
train,mp-763541,122,329,123,123,2.69672131147541,1.0081967213114753,0,0,0,125,False,False
train,mp-1247418,41,108,42,42,2.6341463414634148,1.024390243902439,0,0,0,44,False,False
train,mp-1208917,51,129,52,52,2.5294117647058822,1.0196078431372548,0,0,0,54,False,False
train,mp-1282499,164,461,165,165,2.8109756097560976,1.0060975609756098,0,0,0,167,False,False
train,mp-1078743,87,228,88,88,2.6206896551724137,1.0114942528735633,0,0,0,90,False,False
train,mp-1213178,100,270,101,101,2.7,1.01,0,0,0,103,False,False
train,mp-1226811,56,151,57,57,2.6964285714285716,1.0178571428571428,0,0,0,59,False,False
train,mp-1226893,86,239,87,87,2.7790697674418605,1.0116279069767442,0,0,0,89,False,False
train,mp-1247263,150,427,151,151,2.8466666666666667,1.0066666666666666,0,0,0,153,False,False
train,mp-675618,138,383,139,139,2.7753623188405796,1.0072463768115942,0,0,0,141,False,False
train,mp-1093994,82,215,83,83,2.6219512195121952,1.0121951219512195,0,0,0,85,False,False
train,mp-1395042,103,278,104,104,2.6990291262135924,1.0097087378640777,0,0,0,106,False,False
train,mp-763908,126,341,127,127,2.7063492063492065,1.007936507936508,0,0,0,129,False,False
train,mp-2222144,93,250,94,94,2.6881720430107525,1.010752688172043,0,0,0,96,False,False
train,mp-1226382,110,299,111,111,2.7181818181818183,1.009090909090909,0,0,0,113,False,False
train,mp-1328967,110,297,111,111,2.7,1.009090909090909,0,0,0,113,False,False
train,mp-754399,124,353,125,125,2.846774193548387,1.0080645161290323,0,0,0,127,False,False
train,mp-1031144,141,391,142,142,2.773049645390071,1.0070921985815602,0,0,0,144,False,False
train,mp-1519163,118,311,119,119,2.635593220338983,1.0084745762711864,0,0,0,121,False,False
train,mp-1111036,118,311,119,119,2.635593220338983,1.0084745762711864,0,0,0,121,False,False
train,mp-540569,134,363,135,135,2.708955223880597,1.007462686567164,0,0,0,137,False,False
train,mp-18190,164,463,165,165,2.823170731707317,1.0060975609756098,0,0,0,167,False,False
train,mp-1093922,16,42,17,17,2.625,1.0625,0,0,0,19,False,False
train,mp-1518082,118,310,119,119,2.6271186440677967,1.0084745762711864,0,0,0,121,False,False
train,mp-1228483,217,615,218,218,2.834101382488479,1.0046082949308757,0,0,0,220,True,False
train,mp-1033174,160,447,161,161,2.79375,1.00625,0,0,0,163,False,False
train,mp-2240058,65,170,66,66,2.6153846153846154,1.0153846153846153,0,0,0,68,False,False
train,mp-999135,40,105,41,41,2.625,1.025,0,0,0,43,False,False
train,mp-2231382,142,395,143,143,2.7816901408450705,1.0070422535211268,0,0,0,145,False,False
train,mp-8683,130,367,131,131,2.8230769230769233,1.0076923076923077,0,0,0,133,False,False
train,mp-1245393,87,234,88,88,2.689655172413793,1.0114942528735633,0,0,0,90,False,False
train,mp-2228534,95,255,96,96,2.6842105263157894,1.0105263157894737,0,0,0,98,False,False
train,mp-2231787,139,386,140,140,2.776978417266187,1.0071942446043165,0,0,0,142,False,False
train,mp-757059,104,280,105,105,2.6923076923076925,1.0096153846153846,0,0,0,107,False,False
train,mp-755449,86,231,87,87,2.686046511627907,1.0116279069767442,0,0,0,89,False,False
train,mp-2234765,106,279,107,107,2.6320754716981134,1.009433962264151,0,0,0,109,False,False
train,mp-1229172,80,211,81,81,2.6375,1.0125,0,0,0,83,False,False
train,mp-2612,20,53,21,21,2.65,1.05,0,0,0,23,False,False
train,mp-755708,68,179,69,69,2.6323529411764706,1.0147058823529411,0,0,0,71,False,False
train,mp-2232050,136,378,137,137,2.7794117647058822,1.0073529411764706,0,0,0,139,False,False
train,mp-1076121,174,491,175,175,2.82183908045977,1.0057471264367817,0,0,0,177,False,False
train,mp-1179860,69,186,70,70,2.6956521739130435,1.0144927536231885,0,0,0,72,False,False
train,mp-1093865,16,41,17,17,2.5625,1.0625,0,0,0,19,False,False
train,mp-555519,97,259,98,98,2.670103092783505,1.0103092783505154,0,0,0,100,False,False
train,mp-753746,21,55,22,22,2.619047619047619,1.0476190476190477,0,0,0,24,False,False
train,mp-762401,110,302,111,111,2.7454545454545456,1.009090909090909,0,0,0,113,False,False
train,mp-2231166,136,379,137,137,2.786764705882353,1.0073529411764706,0,0,0,139,False,False
train,mp-756058,122,330,123,123,2.7049180327868854,1.0081967213114753,0,0,0,125,False,False
train,mp-1187536,76,199,77,77,2.6184210526315788,1.013157894736842,0,0,0,79,False,False
train,mp-755364,114,311,115,115,2.7280701754385963,1.0087719298245614,0,0,0,117,False,False
train,mp-780098,122,330,123,123,2.7049180327868854,1.0081967213114753,0,0,0,125,False,False
train,mp-754209,160,447,161,161,2.79375,1.00625,0,0,0,163,False,False
train,mp-1520143,82,215,83,83,2.6219512195121952,1.0121951219512195,0,0,0,85,False,False
train,mp-1030131,84,225,85,85,2.6785714285714284,1.0119047619047619,0,0,0,87,False,False
train,mp-1212634,132,367,133,133,2.7803030303030303,1.0075757575757576,0,0,0,135,False,False
train,mp-1147608,70,184,71,71,2.6285714285714286,1.0142857142857142,0,0,0,73,False,False
train,mp-1245896,42,111,43,43,2.642857142857143,1.0238095238095237,0,0,0,45,False,False
train,mp-8927,28,73,29,29,2.607142857142857,1.0357142857142858,0,0,0,31,False,False
train,mp-997539,164,463,165,165,2.823170731707317,1.0060975609756098,0,0,0,167,False,False
train,mp-2232665,93,248,94,94,2.6666666666666665,1.010752688172043,0,0,0,96,False,False
train,mp-27438,40,107,41,41,2.675,1.025,0,0,0,43,False,False
train,mp-714929,42,109,43,43,2.5952380952380953,1.0238095238095237,0,0,0,45,False,False
train,mp-1232181,200,579,201,201,2.895,1.005,0,0,0,203,True,False
train,mp-1110817,118,311,119,119,2.635593220338983,1.0084745762711864,0,0,0,121,False,False
train,mp-1207399,135,378,136,136,2.8,1.0074074074074073,0,0,0,138,False,False
train,mp-1025437,80,211,81,81,2.6375,1.0125,0,0,0,83,False,False
train,mp-755858,200,577,201,201,2.885,1.005,0,0,0,203,True,False
train,mp-1105248,308,893,309,309,2.8993506493506493,1.0032467532467533,0,0,0,311,True,False
train,mp-778167,126,341,127,127,2.7063492063492065,1.007936507936508,0,0,0,129,False,False
train,mp-1030235,84,231,85,85,2.75,1.0119047619047619,0,0,0,87,False,False
train,mp-28698,81,214,82,82,2.6419753086419755,1.0123456790123457,0,0,0,84,False,False
train,mp-1376202,118,328,119,119,2.7796610169491527,1.0084745762711864,0,0,0,121,False,False
train,mp-415,96,259,97,97,2.6979166666666665,1.0104166666666667,0,0,0,99,False,False
train,mp-28268,88,235,89,89,2.6704545454545454,1.0113636363636365,0,0,0,91,False,False
train,mp-1105819,164,463,165,165,2.823170731707317,1.0060975609756098,0,0,0,167,False,False
train,mp-1236113,104,279,105,105,2.6826923076923075,1.0096153846153846,0,0,0,107,False,False
train,mp-1042571,116,311,117,117,2.6810344827586206,1.0086206896551724,0,0,0,119,False,False
train,mp-1205860,88,237,89,89,2.6931818181818183,1.0113636363636365,0,0,0,91,False,False
train,mp-1103566,128,353,129,129,2.7578125,1.0078125,0,0,0,131,False,False
train,mp-1246014,150,429,151,151,2.86,1.0066666666666666,0,0,0,153,False,False
train,mp-1232995,91,239,92,92,2.6263736263736264,1.010989010989011,0,0,0,94,False,False
train,mp-1206650,46,123,47,47,2.6739130434782608,1.0217391304347827,0,0,0,49,False,False
train,mp-1179137,72,192,73,73,2.6666666666666665,1.0138888888888888,0,0,0,75,False,False
train,mp-1189663,102,273,103,103,2.676470588235294,1.0098039215686274,0,0,0,105,False,False
train,mp-1235032,169,479,170,170,2.834319526627219,1.0059171597633136,0,0,0,172,False,False
train,mp-1179783,29,74,30,30,2.5517241379310347,1.0344827586206897,0,0,0,32,False,False
train,mp-28266,42,109,43,43,2.5952380952380953,1.0238095238095237,0,0,0,45,False,False
train,mp-2231033,142,396,143,143,2.788732394366197,1.0070422535211268,0,0,0,145,False,False
train,mp-571448,99,260,100,100,2.6262626262626263,1.0101010101010102,0,0,0,102,False,False
train,mp-1114172,46,118,47,47,2.5652173913043477,1.0217391304347827,0,0,0,49,False,False
train,mp-1219960,80,212,81,81,2.65,1.0125,0,0,0,83,False,False
train,mp-13336,134,366,135,135,2.7313432835820897,1.007462686567164,0,0,0,137,False,False
train,mp-977584,103,280,104,104,2.7184466019417477,1.0097087378640777,0,0,0,106,False,False
train,mp-1095949,16,43,17,17,2.6875,1.0625,0,0,0,19,False,False
train,mp-1097258,16,43,17,17,2.6875,1.0625,0,0,0,19,False,False
train,mp-1189282,124,333,125,125,2.685483870967742,1.0080645161290323,0,0,0,127,False,False
train,mp-1018093,34,90,35,35,2.6470588235294117,1.0294117647058822,0,0,0,37,False,False
train,mp-1232986,103,275,104,104,2.6699029126213594,1.0097087378640777,0,0,0,106,False,False
train,mp-9397,108,303,109,109,2.8055555555555554,1.0092592592592593,0,0,0,111,False,False
train,mp-1209071,51,129,52,52,2.5294117647058822,1.0196078431372548,0,0,0,54,False,False
train,mp-1100437,45,120,46,46,2.6666666666666665,1.0222222222222221,0,0,0,48,False,False
train,mp-574169,100,282,101,101,2.82,1.01,0,0,0,103,False,False
train,mp-675930,86,238,87,87,2.7674418604651163,1.0116279069767442,0,0,0,89,False,False
train,mp-17119,164,463,165,165,2.823170731707317,1.0060975609756098,0,0,0,167,False,False
train,mp-753781,59,155,60,60,2.6271186440677967,1.0169491525423728,0,0,0,62,False,False
train,mp-1206598,80,211,81,81,2.6375,1.0125,0,0,0,83,False,False
train,mp-560723,118,311,119,119,2.635593220338983,1.0084745762711864,0,0,0,121,False,False
train,mp-1104166,110,301,111,111,2.7363636363636363,1.009090909090909,0,0,0,113,False,False
train,mp-1147648,66,175,67,67,2.6515151515151514,1.0151515151515151,0,0,0,69,False,False
train,mp-1852,24,59,25,25,2.4583333333333335,1.0416666666666667,0,0,0,27,False,False
train,mp-1046891,110,297,111,111,2.7,1.009090909090909,0,0,0,113,False,False
train,mp-1095767,16,43,17,17,2.6875,1.0625,0,0,0,19,False,False
train,mp-1211080,188,533,189,189,2.8351063829787235,1.0053191489361701,0,0,0,191,True,False
train,mp-1033571,142,394,143,143,2.7746478873239435,1.0070422535211268,0,0,0,145,False,False
train,mp-4366,50,132,51,51,2.64,1.02,0,0,0,53,False,False
train,mp-1221632,28,73,29,29,2.607142857142857,1.0357142857142858,0,0,0,31,False,False
train,mp-1110927,46,116,47,47,2.5217391304347827,1.0217391304347827,0,0,0,49,False,False
train,mp-1246596,88,251,89,89,2.852272727272727,1.0113636363636365,0,0,0,91,False,False
train,mp-1518253,118,311,119,119,2.635593220338983,1.0084745762711864,0,0,0,121,False,False
train,mp-1516686,118,309,119,119,2.6186440677966103,1.0084745762711864,0,0,0,121,False,False
train,mp-1100440,45,119,46,46,2.6444444444444444,1.0222222222222221,0,0,0,48,False,False
train,mp-1239216,122,331,123,123,2.7131147540983607,1.0081967213114753,0,0,0,125,False,False
train,mp-2011092,144,393,145,145,2.7291666666666665,1.0069444444444444,0,0,0,147,False,False
train,mp-1041762,70,182,71,71,2.6,1.0142857142857142,0,0,0,73,False,False
train,mp-796331,60,157,61,61,2.6166666666666667,1.0166666666666666,0,0,0,63,False,False
train,mp-1030934,160,447,161,161,2.79375,1.00625,0,0,0,163,False,False
train,mp-1097607,16,43,17,17,2.6875,1.0625,0,0,0,19,False,False
train,mp-15622,56,151,57,57,2.6964285714285716,1.0178571428571428,0,0,0,59,False,False
train,mp-690658,63,162,64,64,2.5714285714285716,1.0158730158730158,0,0,0,66,False,False
train,mp-2217606,80,214,81,81,2.675,1.0125,0,0,0,83,False,False
train,mp-570744,43,116,44,44,2.697674418604651,1.0232558139534884,0,0,0,46,False,False
train,mp-758070,56,146,57,57,2.607142857142857,1.0178571428571428,0,0,0,59,False,False
train,mp-2231728,145,404,146,146,2.786206896551724,1.006896551724138,0,0,0,148,False,False
train,mp-1348382,140,395,141,141,2.8214285714285716,1.0071428571428571,0,0,0,143,False,False
train,mp-21125,188,531,189,189,2.824468085106383,1.0053191489361701,0,0,0,191,True,False
train,mp-2229305,107,289,108,108,2.7009345794392523,1.0093457943925233,0,0,0,110,False,False
train,mp-2214791,127,353,128,128,2.779527559055118,1.0078740157480315,0,0,0,130,False,False
train,mp-755897,126,347,127,127,2.753968253968254,1.007936507936508,0,0,0,129,False,False
train,mp-22977,118,309,119,119,2.6186440677966103,1.0084745762711864,0,0,0,121,False,False
train,mp-571189,150,435,151,151,2.9,1.0066666666666666,0,0,0,153,False,False
train,mp-2227111,42,109,43,43,2.5952380952380953,1.0238095238095237,0,0,0,45,False,False
train,mp-754691,126,341,127,127,2.7063492063492065,1.007936507936508,0,0,0,129,False,False
train,mp-1026356,63,167,64,64,2.6507936507936507,1.0158730158730158,0,0,0,66,False,False
train,mp-1517181,118,311,119,119,2.635593220338983,1.0084745762711864,0,0,0,121,False,False
train,mp-1284950,212,601,213,213,2.8349056603773586,1.0047169811320755,0,0,0,215,True,False
train,mp-755814,84,223,85,85,2.6547619047619047,1.0119047619047619,0,0,0,87,False,False
train,mp-1110765,118,311,119,119,2.635593220338983,1.0084745762711864,0,0,0,121,False,False
train,mp-1273498,140,395,141,141,2.8214285714285716,1.0071428571428571,0,0,0,143,False,False
train,mp-12364,136,387,137,137,2.8455882352941178,1.0073529411764706,0,0,0,139,False,False
train,mp-1016155,103,277,104,104,2.6893203883495147,1.0097087378640777,0,0,0,106,False,False
train,mp-690725,90,243,91,91,2.7,1.011111111111111,0,0,0,93,False,False
train,mp-1101873,126,341,127,127,2.7063492063492065,1.007936507936508,0,0,0,129,False,False
train,mp-1443279,28,70,29,29,2.5,1.0357142857142858,0,0,0,31,False,False
train,mp-1112787,118,310,119,119,2.6271186440677967,1.0084745762711864,0,0,0,121,False,False
train,mp-8207,82,215,83,83,2.6219512195121952,1.0121951219512195,0,0,0,85,False,False
train,mp-1105583,146,407,147,147,2.787671232876712,1.0068493150684932,0,0,0,149,False,False
train,mp-2222849,113,304,114,114,2.690265486725664,1.008849557522124,0,0,0,116,False,False
train,mp-1220978,47,126,48,48,2.6808510638297873,1.0212765957446808,0,0,0,50,False,False
train,mp-1517747,118,311,119,119,2.635593220338983,1.0084745762711864,0,0,0,121,False,False
train,mp-2228413,136,380,137,137,2.7941176470588234,1.0073529411764706,0,0,0,139,False,False
train,mp-567474,61,160,62,62,2.622950819672131,1.0163934426229508,0,0,0,64,False,False
train,mp-979137,34,90,35,35,2.6470588235294117,1.0294117647058822,0,0,0,37,False,False
train,mp-20351,14,36,15,15,2.5714285714285716,1.0714285714285714,0,0,0,17,False,False
train,mp-1018118,45,120,46,46,2.6666666666666665,1.0222222222222221,0,0,0,48,False,False
train,mp-1226959,56,151,57,57,2.6964285714285716,1.0178571428571428,0,0,0,59,False,False
train,mp-1227472,198,557,199,199,2.813131313131313,1.005050505050505,0,0,0,201,True,False
train,mp-1032532,160,447,161,161,2.79375,1.00625,0,0,0,163,False,False
train,mp-1174189,160,447,161,161,2.79375,1.00625,0,0,0,163,False,False
train,mp-31149,59,157,60,60,2.6610169491525424,1.0169491525423728,0,0,0,62,False,False
train,mp-755633,187,531,188,188,2.839572192513369,1.0053475935828877,0,0,0,190,True,False
train,mp-753387,97,261,98,98,2.6907216494845363,1.0103092783505154,0,0,0,100,False,False
train,mp-1110949,46,117,47,47,2.5434782608695654,1.0217391304347827,0,0,0,49,False,False
train,mp-1219807,21,52,22,22,2.4761904761904763,1.0476190476190477,0,0,0,24,False,False
train,mp-1173025,82,217,83,83,2.6463414634146343,1.0121951219512195,0,0,0,85,False,False
train,mp-137,84,235,85,85,2.7976190476190474,1.0119047619047619,0,0,0,87,False,False
train,mp-1246160,114,325,115,115,2.8508771929824563,1.0087719298245614,0,0,0,117,False,False
train,mp-1111879,118,311,119,119,2.635593220338983,1.0084745762711864,0,0,0,121,False,False
train,mp-568730,121,338,122,122,2.793388429752066,1.0082644628099173,0,0,0,124,False,False
train,mp-2217854,83,222,84,84,2.674698795180723,1.0120481927710843,0,0,0,86,False,False
train,mp-1110782,46,117,47,47,2.5434782608695654,1.0217391304347827,0,0,0,49,False,False
train,mp-1188117,162,465,163,163,2.8703703703703702,1.0061728395061729,0,0,0,165,False,False
train,mp-1103510,110,305,111,111,2.772727272727273,1.009090909090909,0,0,0,113,False,False
train,mp-1223047,126,345,127,127,2.738095238095238,1.007936507936508,0,0,0,129,False,False
train,mp-866519,64,167,65,65,2.609375,1.015625,0,0,0,67,False,False
train,mp-1247303,122,331,123,123,2.7131147540983607,1.0081967213114753,0,0,0,125,False,False
train,mp-753123,122,329,123,123,2.69672131147541,1.0081967213114753,0,0,0,125,False,False
train,mp-753645,181,516,182,182,2.850828729281768,1.0055248618784531,0,0,0,184,True,False
train,mp-1233358,139,380,140,140,2.7338129496402876,1.0071942446043165,0,0,0,142,False,False
train,mp-573180,59,155,60,60,2.6271186440677967,1.0169491525423728,0,0,0,62,False,False
train,mp-1097085,16,43,17,17,2.6875,1.0625,0,0,0,19,False,False
train,mp-2218385,97,261,98,98,2.6907216494845363,1.0103092783505154,0,0,0,100,False,False
train,mp-1288374,160,441,161,161,2.75625,1.00625,0,0,0,163,False,False
train,mp-1106310,112,311,113,113,2.7767857142857144,1.0089285714285714,0,0,0,115,False,False
train,mp-571587,134,357,135,135,2.6641791044776117,1.007462686567164,0,0,0,137,False,False
train,mp-1102366,96,267,97,97,2.78125,1.0104166666666667,0,0,0,99,False,False
train,mp-753287,40,105,41,41,2.625,1.025,0,0,0,43,False,False
train,mp-961661,45,120,46,46,2.6666666666666665,1.0222222222222221,0,0,0,48,False,False
train,mp-1219720,21,55,22,22,2.619047619047619,1.0476190476190477,0,0,0,24,False,False
train,mp-2220539,109,294,110,110,2.697247706422018,1.0091743119266054,0,0,0,112,False,False
train,mp-7438,96,255,97,97,2.65625,1.0104166666666667,0,0,0,99,False,False
train,mp-1079772,82,217,83,83,2.6463414634146343,1.0121951219512195,0,0,0,85,False,False
train,mp-2228001,122,329,123,123,2.69672131147541,1.0081967213114753,0,0,0,125,False,False
train,mp-33882,80,215,81,81,2.6875,1.0125,0,0,0,83,False,False
train,mp-1520190,82,215,83,83,2.6219512195121952,1.0121951219512195,0,0,0,85,False,False
train,mp-863350,79,206,80,80,2.607594936708861,1.0126582278481013,0,0,0,82,False,False
train,mp-1205972,40,103,41,41,2.575,1.025,0,0,0,43,False,False
train,mp-29209,47,126,48,48,2.6808510638297873,1.0212765957446808,0,0,0,50,False,False
train,mp-1224081,43,115,44,44,2.6744186046511627,1.0232558139534884,0,0,0,46,False,False
train,mp-1096588,16,42,17,17,2.625,1.0625,0,0,0,19,False,False
train,mp-569267,260,761,261,261,2.9269230769230767,1.0038461538461538,0,0,0,263,True,False
train,mp-2218742,58,149,59,59,2.5689655172413794,1.0172413793103448,0,0,0,61,False,False
train,mp-1180053,110,298,111,111,2.709090909090909,1.009090909090909,0,0,0,113,False,False
train,mp-1112163,118,309,119,119,2.6186440677966103,1.0084745762711864,0,0,0,121,False,False
train,mp-1221976,56,151,57,57,2.6964285714285716,1.0178571428571428,0,0,0,59,False,False
train,mp-2226407,129,356,130,130,2.75968992248062,1.0077519379844961,0,0,0,132,False,False
train,mp-1216153,188,529,189,189,2.8138297872340425,1.0053191489361701,0,0,0,191,True,False
train,mp-1219475,41,110,42,42,2.682926829268293,1.024390243902439,0,0,0,44,False,False
train,mp-1046252,94,254,95,95,2.702127659574468,1.0106382978723405,0,0,0,97,False,False
train,mp-1110935,46,117,47,47,2.5434782608695654,1.0217391304347827,0,0,0,49,False,False
train,mp-29257,88,231,89,89,2.625,1.0113636363636365,0,0,0,91,False,False
train,mp-1345521,163,455,164,164,2.791411042944785,1.0061349693251533,0,0,0,166,False,False
train,mp-540924,110,301,111,111,2.7363636363636363,1.009090909090909,0,0,0,113,False,False
train,mp-2231066,151,430,152,152,2.847682119205298,1.0066225165562914,0,0,0,154,False,False
train,mp-2218000,68,182,69,69,2.676470588235294,1.0147058823529411,0,0,0,71,False,False
train,mp-1225337,108,292,109,109,2.7037037037037037,1.0092592592592593,0,0,0,111,False,False
train,mp-1078709,140,375,141,141,2.6785714285714284,1.0071428571428571,0,0,0,143,False,False
train,mp-1097270,16,41,17,17,2.5625,1.0625,0,0,0,19,False,False
train,mp-4541,34,89,35,35,2.6176470588235294,1.0294117647058822,0,0,0,37,False,False
train,mp-1222277,40,107,41,41,2.675,1.025,0,0,0,43,False,False
train,mp-1208662,88,233,89,89,2.647727272727273,1.0113636363636365,0,0,0,91,False,False
train,mp-1080299,72,201,73,73,2.7916666666666665,1.0138888888888888,0,0,0,75,False,False
train,mp-1517010,188,529,189,189,2.8138297872340425,1.0053191489361701,0,0,0,191,True,False
train,mp-1225959,126,347,127,127,2.753968253968254,1.007936507936508,0,0,0,129,False,False
train,mp-1096095,16,43,17,17,2.6875,1.0625,0,0,0,19,False,False
train,mp-1105457,140,391,141,141,2.7928571428571427,1.0071428571428571,0,0,0,143,False,False
train,mp-1218204,188,533,189,189,2.8351063829787235,1.0053191489361701,0,0,0,191,True,False
train,mp-863759,70,185,71,71,2.642857142857143,1.0142857142857142,0,0,0,73,False,False
train,mp-1245882,56,145,57,57,2.5892857142857144,1.0178571428571428,0,0,0,59,False,False
train,mp-1520691,118,311,119,119,2.635593220338983,1.0084745762711864,0,0,0,121,False,False
train,mp-2228514,116,315,117,117,2.7155172413793105,1.0086206896551724,0,0,0,119,False,False
train,mp-1234955,141,383,142,142,2.7163120567375887,1.0070921985815602,0,0,0,144,False,False
train,mp-759837,110,297,111,111,2.7,1.009090909090909,0,0,0,113,False,False
train,mp-1522036,132,360,133,133,2.727272727272727,1.0075757575757576,0,0,0,135,False,False
train,mp-558481,56,147,57,57,2.625,1.0178571428571428,0,0,0,59,False,False
train,mp-1025675,63,169,64,64,2.6825396825396823,1.0158730158730158,0,0,0,66,False,False
train,mp-996945,100,263,101,101,2.63,1.01,0,0,0,103,False,False
train,mp-1096684,16,43,17,17,2.6875,1.0625,0,0,0,19,False,False
train,mp-1079429,74,199,75,75,2.689189189189189,1.0135135135135136,0,0,0,77,False,False
train,mp-1235316,91,239,92,92,2.6263736263736264,1.010989010989011,0,0,0,94,False,False
train,mp-1097179,16,43,17,17,2.6875,1.0625,0,0,0,19,False,False
train,mp-1212716,112,307,113,113,2.7410714285714284,1.0089285714285714,0,0,0,115,False,False
train,mp-2225846,87,230,88,88,2.6436781609195403,1.0114942528735633,0,0,0,90,False,False
train,mp-27910,41,109,42,42,2.658536585365854,1.024390243902439,0,0,0,44,False,False
train,mp-1376543,176,497,177,177,2.8238636363636362,1.0056818181818181,0,0,0,179,False,False
train,mp-1522087,132,360,133,133,2.727272727272727,1.0075757575757576,0,0,0,135,False,False
train,mp-1212805,116,319,117,117,2.75,1.0086206896551724,0,0,0,119,False,False
train,mp-11775,59,154,60,60,2.610169491525424,1.0169491525423728,0,0,0,62,False,False
train,mp-1100345,76,199,77,77,2.6184210526315788,1.013157894736842,0,0,0,79,False,False
train,mp-1103098,96,263,97,97,2.7395833333333335,1.0104166666666667,0,0,0,99,False,False
train,mp-2230262,157,454,158,158,2.8917197452229297,1.0063694267515924,0,0,0,160,False,False
train,mp-487,76,197,77,77,2.5921052631578947,1.013157894736842,0,0,0,79,False,False
train,mp-1235929,136,379,137,137,2.786764705882353,1.0073529411764706,0,0,0,139,False,False
train,mp-3216821,68,177,69,69,2.6029411764705883,1.0147058823529411,0,0,0,71,False,False
train,mp-1404456,100,272,101,101,2.72,1.01,0,0,0,103,False,False
train,mp-2210635,40,105,41,41,2.625,1.025,0,0,0,43,False,False
train,mp-2229921,89,237,90,90,2.662921348314607,1.0112359550561798,0,0,0,92,False,False
train,mp-33032,59,155,60,60,2.6271186440677967,1.0169491525423728,0,0,0,62,False,False
train,mp-1245781,84,229,85,85,2.7261904761904763,1.0119047619047619,0,0,0,87,False,False
train,mp-560025,36,95,37,37,2.638888888888889,1.0277777777777777,0,0,0,39,False,False
train,mp-1097498,16,43,17,17,2.6875,1.0625,0,0,0,19,False,False
train,mp-1112930,118,311,119,119,2.635593220338983,1.0084745762711864,0,0,0,121,False,False
train,mp-1079458,118,311,119,119,2.635593220338983,1.0084745762711864,0,0,0,121,False,False
train,mp-1780696,59,152,60,60,2.5762711864406778,1.0169491525423728,0,0,0,62,False,False
train,mp-2217365,83,223,84,84,2.6867469879518073,1.0120481927710843,0,0,0,86,False,False
train,mp-1227356,41,110,42,42,2.682926829268293,1.024390243902439,0,0,0,44,False,False
train,mp-556582,102,275,103,103,2.696078431372549,1.0098039215686274,0,0,0,105,False,False
train,mp-1180306,98,261,99,99,2.663265306122449,1.010204081632653,0,0,0,101,False,False
train,mp-755193,126,347,127,127,2.753968253968254,1.007936507936508,0,0,0,129,False,False
train,mp-1174235,200,577,201,201,2.885,1.005,0,0,0,203,True,False
train,mp-1100405,45,119,46,46,2.6444444444444444,1.0222222222222221,0,0,0,48,False,False
train,mp-1040852,63,164,64,64,2.6031746031746033,1.0158730158730158,0,0,0,66,False,False
train,mp-1539137,134,363,135,135,2.708955223880597,1.007462686567164,0,0,0,137,False,False
train,mp-2219892,91,245,92,92,2.6923076923076925,1.010989010989011,0,0,0,94,False,False
train,mp-1517097,118,311,119,119,2.635593220338983,1.0084745762711864,0,0,0,121,False,False
train,mp-762932,157,446,158,158,2.840764331210191,1.0063694267515924,0,0,0,160,False,False
train,mp-12047,134,362,135,135,2.701492537313433,1.007462686567164,0,0,0,137,False,False
train,mp-608100,54,137,55,55,2.537037037037037,1.0185185185185186,0,0,0,57,False,False
train,mp-611630,61,159,62,62,2.6065573770491803,1.0163934426229508,0,0,0,64,False,False
train,mp-1097431,16,42,17,17,2.625,1.0625,0,0,0,19,False,False
train,mp-1040803,81,212,82,82,2.617283950617284,1.0123456790123457,0,0,0,84,False,False
train,mp-1212666,86,239,87,87,2.7790697674418605,1.0116279069767442,0,0,0,89,False,False
train,mp-39259,97,255,98,98,2.6288659793814433,1.0103092783505154,0,0,0,100,False,False
train,mp-1174209,160,447,161,161,2.79375,1.00625,0,0,0,163,False,False
train,mp-1029236,84,231,85,85,2.75,1.0119047619047619,0,0,0,87,False,False
train,mp-1372293,164,463,165,165,2.823170731707317,1.0060975609756098,0,0,0,167,False,False
train,mp-608146,200,567,201,201,2.835,1.005,0,0,0,203,True,False
train,mp-1235437,54,142,55,55,2.6296296296296298,1.0185185185185186,0,0,0,57,False,False
train,mp-2646987,22,57,23,23,2.590909090909091,1.0454545454545454,0,0,0,25,False,False
train,mp-2240378,66,174,67,67,2.6363636363636362,1.0151515151515151,0,0,0,69,False,False
train,mp-753234,164,463,165,165,2.823170731707317,1.0060975609756098,0,0,0,167,False,False
train,mp-1222032,164,463,165,165,2.823170731707317,1.0060975609756098,0,0,0,167,False,False
train,mp-1097250,16,43,17,17,2.6875,1.0625,0,0,0,19,False,False
train,mp-1111279,46,119,47,47,2.5869565217391304,1.0217391304347827,0,0,0,49,False,False
train,mp-568050,60,159,61,61,2.65,1.0166666666666666,0,0,0,63,False,False
train,mp-1346391,86,232,87,87,2.697674418604651,1.0116279069767442,0,0,0,89,False,False
train,mp-1223369,188,533,189,189,2.8351063829787235,1.0053191489361701,0,0,0,191,True,False
train,mp-1029665,122,333,123,123,2.7295081967213113,1.0081967213114753,0,0,0,125,False,False
train,mp-1031107,141,391,142,142,2.773049645390071,1.0070921985815602,0,0,0,144,False,False
train,mp-1219274,90,240,91,91,2.6666666666666665,1.011111111111111,0,0,0,93,False,False
train,mp-2231435,139,386,140,140,2.776978417266187,1.0071942446043165,0,0,0,142,False,False
train,mp-2229195,126,344,127,127,2.7301587301587302,1.007936507936508,0,0,0,129,False,False
train,mp-1222286,40,105,41,41,2.625,1.025,0,0,0,43,False,False
train,mp-1027281,84,225,85,85,2.6785714285714284,1.0119047619047619,0,0,0,87,False,False
train,mp-1104318,50,127,51,51,2.54,1.02,0,0,0,53,False,False
train,mp-2230688,139,387,140,140,2.7841726618705036,1.0071942446043165,0,0,0,142,False,False
train,mp-2240995,118,322,119,119,2.7288135593220337,1.0084745762711864,0,0,0,121,False,False
train,mp-2229706,95,256,96,96,2.694736842105263,1.0105263157894737,0,0,0,98,False,False
train,mp-1111310,100,263,101,101,2.63,1.01,0,0,0,103,False,False
train,mp-1210851,124,347,125,125,2.7983870967741935,1.0080645161290323,0,0,0,127,False,False
train,mp-1096374,16,43,17,17,2.6875,1.0625,0,0,0,19,False,False
train,mp-1520401,118,311,119,119,2.635593220338983,1.0084745762711864,0,0,0,121,False,False
train,mp-1264182,140,390,141,141,2.7857142857142856,1.0071428571428571,0,0,0,143,False,False
train,mp-755528,126,341,127,127,2.7063492063492065,1.007936507936508,0,0,0,129,False,False
train,mp-1227438,82,221,83,83,2.6951219512195124,1.0121951219512195,0,0,0,85,False,False
train,mp-1174267,160,447,161,161,2.79375,1.00625,0,0,0,163,False,False
train,mp-755532,164,463,165,165,2.823170731707317,1.0060975609756098,0,0,0,167,False,False
train,mp-1100438,45,119,46,46,2.6444444444444444,1.0222222222222221,0,0,0,48,False,False
train,mp-541032,76,214,77,77,2.8157894736842106,1.013157894736842,0,0,0,79,False,False
train,mp-1096076,16,43,17,17,2.6875,1.0625,0,0,0,19,False,False
train,mp-1227481,188,533,189,189,2.8351063829787235,1.0053191489361701,0,0,0,191,True,False
train,mp-22235,160,455,161,161,2.84375,1.00625,0,0,0,163,False,False
train,mp-1105306,188,533,189,189,2.8351063829787235,1.0053191489361701,0,0,0,191,True,False
train,mp-1097447,16,43,17,17,2.6875,1.0625,0,0,0,19,False,False
train,mp-1095026,74,199,75,75,2.689189189189189,1.0135135135135136,0,0,0,77,False,False
train,mp-1180648,8,19,9,9,2.375,1.125,0,0,0,11,False,False
train,mp-1279561,236,671,237,237,2.843220338983051,1.0042372881355932,0,0,0,239,True,False
train,mp-570076,32,87,33,33,2.71875,1.03125,0,0,0,35,False,False
train,mp-1388887,136,378,137,137,2.7794117647058822,1.0073529411764706,0,0,0,139,False,False
train,mp-1210067,308,897,309,309,2.9123376623376624,1.0032467532467533,0,0,0,311,True,False
train,mp-1235786,79,207,80,80,2.6202531645569622,1.0126582278481013,0,0,0,82,False,False
train,mp-761151,149,411,150,150,2.7583892617449663,1.0067114093959733,0,0,0,152,False,False
train,mp-755333,12,30,13,13,2.5,1.0833333333333333,0,0,0,15,False,False
train,mp-1205947,118,311,119,119,2.635593220338983,1.0084745762711864,0,0,0,121,False,False
train,mp-32880,14,36,15,15,2.5714285714285716,1.0714285714285714,0,0,0,17,False,False
train,mp-1217186,134,377,135,135,2.8134328358208953,1.007462686567164,0,0,0,137,False,False
train,mp-1097349,16,43,17,17,2.6875,1.0625,0,0,0,19,False,False
train,mp-1518772,118,311,119,119,2.635593220338983,1.0084745762711864,0,0,0,121,False,False
train,mp-1097665,16,43,17,17,2.6875,1.0625,0,0,0,19,False,False
train,mp-1031414,160,447,161,161,2.79375,1.00625,0,0,0,163,False,False
train,mp-1208290,96,267,97,97,2.78125,1.0104166666666667,0,0,0,99,False,False
train,mp-849287,126,341,127,127,2.7063492063492065,1.007936507936508,0,0,0,129,False,False
train,mp-1188402,95,259,96,96,2.7263157894736842,1.0105263157894737,0,0,0,98,False,False
train,mp-2227391,79,211,80,80,2.670886075949367,1.0126582278481013,0,0,0,82,False,False
train,mp-1068320,41,106,42,42,2.5853658536585367,1.024390243902439,0,0,0,44,False,False
train,mp-1219970,80,214,81,81,2.675,1.0125,0,0,0,83,False,False
train,mp-1027109,84,230,85,85,2.738095238095238,1.0119047619047619,0,0,0,87,False,False
train,mp-754827,47,124,48,48,2.6382978723404253,1.0212765957446808,0,0,0,50,False,False
train,mp-1377373,188,532,189,189,2.8297872340425534,1.0053191489361701,0,0,0,191,True,False
train,mp-663172,107,289,108,108,2.7009345794392523,1.0093457943925233,0,0,0,110,False,False
train,mp-1379764,188,531,189,189,2.824468085106383,1.0053191489361701,0,0,0,191,True,False
train,mp-761021,155,437,156,156,2.8193548387096774,1.0064516129032257,0,0,0,158,False,False
train,mp-1182276,80,211,81,81,2.6375,1.0125,0,0,0,83,False,False
train,mp-1105252,308,893,309,309,2.8993506493506493,1.0032467532467533,0,0,0,311,True,False
train,mp-1218114,188,531,189,189,2.824468085106383,1.0053191489361701,0,0,0,191,True,False
train,mp-2229995,133,370,134,134,2.781954887218045,1.0075187969924813,0,0,0,136,False,False
train,mp-1103374,96,267,97,97,2.78125,1.0104166666666667,0,0,0,99,False,False
train,mp-1030967,141,390,142,142,2.765957446808511,1.0070921985815602,0,0,0,144,False,False
train,mp-23694,60,163,61,61,2.716666666666667,1.0166666666666666,0,0,0,63,False,False
train,mp-726666,68,175,69,69,2.573529411764706,1.0147058823529411,0,0,0,71,False,False
train,mp-1100994,111,313,112,112,2.81981981981982,1.009009009009009,0,0,0,114,False,False
train,mp-2218930,91,243,92,92,2.67032967032967,1.010989010989011,0,0,0,94,False,False
train,mp-2233123,109,295,110,110,2.706422018348624,1.0091743119266054,0,0,0,112,False,False
train,mp-573119,188,531,189,189,2.824468085106383,1.0053191489361701,0,0,0,191,True,False
train,mp-1097195,16,43,17,17,2.6875,1.0625,0,0,0,19,False,False
train,mp-2228781,144,405,145,145,2.8125,1.0069444444444444,0,0,0,147,False,False
train,mp-5966,122,329,123,123,2.69672131147541,1.0081967213114753,0,0,0,125,False,False
train,mp-1173981,160,447,161,161,2.79375,1.00625,0,0,0,163,False,False
train,mp-672204,112,323,113,113,2.8839285714285716,1.0089285714285714,0,0,0,115,False,False
train,mp-673698,86,231,87,87,2.686046511627907,1.0116279069767442,0,0,0,89,False,False
train,mp-1221197,121,338,122,122,2.793388429752066,1.0082644628099173,0,0,0,124,False,False
train,mp-1112370,46,119,47,47,2.5869565217391304,1.0217391304347827,0,0,0,49,False,False
train,mp-2230104,164,462,165,165,2.817073170731707,1.0060975609756098,0,0,0,167,False,False
train,mp-1032580,160,447,161,161,2.79375,1.00625,0,0,0,163,False,False
train,mp-1222527,82,212,83,83,2.5853658536585367,1.0121951219512195,0,0,0,85,False,False
train,mp-777608,126,341,127,127,2.7063492063492065,1.007936507936508,0,0,0,129,False,False
train,mp-1522072,118,311,119,119,2.635593220338983,1.0084745762711864,0,0,0,121,False,False
train,mp-567817,84,233,85,85,2.7738095238095237,1.0119047619047619,0,0,0,87,False,False
train,mp-1522534,132,360,133,133,2.727272727272727,1.0075757575757576,0,0,0,135,False,False
train,mp-684904,42,107,43,43,2.5476190476190474,1.0238095238095237,0,0,0,45,False,False
train,mp-675818,188,543,189,189,2.8882978723404253,1.0053191489361701,0,0,0,191,True,False
train,mp-1545216,96,259,97,97,2.6979166666666665,1.0104166666666667,0,0,0,99,False,False
train,mp-1218058,188,533,189,189,2.8351063829787235,1.0053191489361701,0,0,0,191,True,False
train,mp-1215073,50,139,51,51,2.78,1.02,0,0,0,53,False,False
train,mp-1027781,84,230,85,85,2.738095238095238,1.0119047619047619,0,0,0,87,False,False
train,mp-1224227,110,297,111,111,2.7,1.009090909090909,0,0,0,113,False,False
train,mp-865424,59,154,60,60,2.610169491525424,1.0169491525423728,0,0,0,62,False,False
train,mp-9900,84,229,85,85,2.7261904761904763,1.0119047619047619,0,0,0,87,False,False
train,mp-1093594,16,43,17,17,2.6875,1.0625,0,0,0,19,False,False
train,mp-1247558,21,54,22,22,2.5714285714285716,1.0476190476190477,0,0,0,24,False,False
train,mp-1222040,224,645,225,225,2.8794642857142856,1.0044642857142858,0,0,0,227,True,False
train,mp-776172,128,359,129,129,2.8046875,1.0078125,0,0,0,131,False,False
train,mp-1223657,140,388,141,141,2.7714285714285714,1.0071428571428571,0,0,0,143,False,False
train,mp-1080280,21,56,22,22,2.6666666666666665,1.0476190476190477,0,0,0,24,False,False
train,mp-23005,102,284,103,103,2.784313725490196,1.0098039215686274,0,0,0,105,False,False
train,mp-1516732,118,311,119,119,2.635593220338983,1.0084745762711864,0,0,0,121,False,False
train,mp-1110689,118,311,119,119,2.635593220338983,1.0084745762711864,0,0,0,121,False,False
train,mp-1174362,200,577,201,201,2.885,1.005,0,0,0,203,True,False
train,mp-2230385,145,404,146,146,2.786206896551724,1.006896551724138,0,0,0,148,False,False
train,mp-1095811,16,41,17,17,2.5625,1.0625,0,0,0,19,False,False
train,mp-1101638,160,445,161,161,2.78125,1.00625,0,0,0,163,False,False
train,mp-2240961,100,267,101,101,2.67,1.01,0,0,0,103,False,False
train,mp-1096208,16,43,17,17,2.6875,1.0625,0,0,0,19,False,False
train,mp-2231116,145,403,146,146,2.779310344827586,1.006896551724138,0,0,0,148,False,False
train,mp-20699,188,529,189,189,2.8138297872340425,1.0053191489361701,0,0,0,191,True,False
train,mp-1306361,200,577,201,201,2.885,1.005,0,0,0,203,True,False
train,mp-2218125,78,210,79,79,2.6923076923076925,1.0128205128205128,0,0,0,81,False,False
train,mp-1400848,38,97,39,39,2.5526315789473686,1.0263157894736843,0,0,0,41,False,False
train,mp-1520585,118,309,119,119,2.6186440677966103,1.0084745762711864,0,0,0,121,False,False
train,mp-1147682,35,89,36,36,2.5428571428571427,1.0285714285714285,0,0,0,38,False,False
train,mp-1033374,141,388,142,142,2.75177304964539,1.0070921985815602,0,0,0,144,False,False
train,mp-614013,59,155,60,60,2.6271186440677967,1.0169491525423728,0,0,0,62,False,False
train,mp-2226552,110,297,111,111,2.7,1.009090909090909,0,0,0,113,False,False
train,mp-754702,126,341,127,127,2.7063492063492065,1.007936507936508,0,0,0,129,False,False
train,mp-2228838,126,347,127,127,2.753968253968254,1.007936507936508,0,0,0,129,False,False
train,mp-2899516,112,301,113,113,2.6875,1.0089285714285714,0,0,0,115,False,False
train,mp-14791,81,218,82,82,2.691358024691358,1.0123456790123457,0,0,0,84,False,False
train,mp-1517573,118,310,119,119,2.6271186440677967,1.0084745762711864,0,0,0,121,False,False
train,mp-1212058,80,213,81,81,2.6625,1.0125,0,0,0,83,False,False
train,mp-21386,186,514,187,187,2.763440860215054,1.0053763440860215,0,0,0,189,True,False
train,mp-850948,82,215,83,83,2.6219512195121952,1.0121951219512195,0,0,0,85,False,False
train,mp-2232014,139,386,140,140,2.776978417266187,1.0071942446043165,0,0,0,142,False,False
train,mp-1179684,8,20,9,9,2.5,1.125,0,0,0,11,False,False
train,mp-1111305,46,119,47,47,2.5869565217391304,1.0217391304347827,0,0,0,49,False,False
train,mp-1226820,70,185,71,71,2.642857142857143,1.0142857142857142,0,0,0,73,False,False
train,mp-1215746,112,311,113,113,2.7767857142857144,1.0089285714285714,0,0,0,115,False,False
train,mp-2228508,113,305,114,114,2.6991150442477876,1.008849557522124,0,0,0,116,False,False
train,mp-764949,44,113,45,45,2.5681818181818183,1.0227272727272727,0,0,0,47,False,False
train,mp-755502,126,347,127,127,2.753968253968254,1.007936507936508,0,0,0,129,False,False
train,mp-1079477,236,669,237,237,2.8347457627118646,1.0042372881355932,0,0,0,239,True,False
train,mp-1101894,96,267,97,97,2.78125,1.0104166666666667,0,0,0,99,False,False
train,mp-677272,158,429,159,159,2.7151898734177213,1.0063291139240507,0,0,0,161,False,False
train,mp-675977,80,211,81,81,2.6375,1.0125,0,0,0,83,False,False
train,mp-1522105,118,311,119,119,2.635593220338983,1.0084745762711864,0,0,0,121,False,False
train,mp-21276,80,211,81,81,2.6375,1.0125,0,0,0,83,False,False
train,mp-2218860,85,228,86,86,2.6823529411764704,1.011764705882353,0,0,0,88,False,False
train,mp-1429979,102,271,103,103,2.656862745098039,1.0098039215686274,0,0,0,105,False,False
train,mp-1442875,110,297,111,111,2.7,1.009090909090909,0,0,0,113,False,False
train,mp-1047156,86,231,87,87,2.686046511627907,1.0116279069767442,0,0,0,89,False,False
train,mp-9639,140,395,141,141,2.8214285714285716,1.0071428571428571,0,0,0,143,False,False
train,mp-1097419,16,43,17,17,2.6875,1.0625,0,0,0,19,False,False
train,mp-756950,126,347,127,127,2.753968253968254,1.007936507936508,0,0,0,129,False,False
train,mp-1097568,16,43,17,17,2.6875,1.0625,0,0,0,19,False,False
train,mp-2240153,39,102,40,40,2.6153846153846154,1.0256410256410255,0,0,0,42,False,False
train,mp-1208638,63,164,64,64,2.6031746031746033,1.0158730158730158,0,0,0,66,False,False
train,mp-1245990,60,157,61,61,2.6166666666666667,1.0166666666666666,0,0,0,63,False,False
train,mp-1304327,110,297,111,111,2.7,1.009090909090909,0,0,0,113,False,False
train,mp-1025870,63,166,64,64,2.634920634920635,1.0158730158730158,0,0,0,66,False,False
train,mp-755606,164,463,165,165,2.823170731707317,1.0060975609756098,0,0,0,167,False,False
train,mp-1025589,63,166,64,64,2.634920634920635,1.0158730158730158,0,0,0,66,False,False
train,mp-505397,69,178,70,70,2.579710144927536,1.0144927536231885,0,0,0,72,False,False
train,mp-1387939,34,85,35,35,2.5,1.0294117647058822,0,0,0,37,False,False
train,mp-1247114,110,297,111,111,2.7,1.009090909090909,0,0,0,113,False,False
train,mp-1210444,74,193,75,75,2.608108108108108,1.0135135135135136,0,0,0,77,False,False
train,mp-1213048,144,397,145,145,2.7569444444444446,1.0069444444444444,0,0,0,147,False,False
train,mp-27409,118,311,119,119,2.635593220338983,1.0084745762711864,0,0,0,121,False,False
train,mp-1097385,16,43,17,17,2.6875,1.0625,0,0,0,19,False,False
train,mp-1215080,50,139,51,51,2.78,1.02,0,0,0,53,False,False
train,mp-1229141,112,311,113,113,2.7767857142857144,1.0089285714285714,0,0,0,115,False,False
train,mp-2233846,85,226,86,86,2.6588235294117646,1.011764705882353,0,0,0,88,False,False
train,mp-1025841,63,167,64,64,2.6507936507936507,1.0158730158730158,0,0,0,66,False,False
train,mp-2230259,136,377,137,137,2.7720588235294117,1.0073529411764706,0,0,0,139,False,False
train,mp-551675,80,210,81,81,2.625,1.0125,0,0,0,83,False,False
train,mp-1189736,188,533,189,189,2.8351063829787235,1.0053191489361701,0,0,0,191,True,False
train,mp-1047347,75,198,76,76,2.64,1.0133333333333334,0,0,0,78,False,False
train,mp-1374254,120,329,121,121,2.7416666666666667,1.0083333333333333,0,0,0,123,False,False
train,mp-233,28,71,29,29,2.5357142857142856,1.0357142857142858,0,0,0,31,False,False
train,mp-997006,50,131,51,51,2.62,1.02,0,0,0,53,False,False
train,mp-2232621,117,326,118,118,2.786324786324786,1.0085470085470085,0,0,0,120,False,False
train,mp-761024,110,301,111,111,2.7363636363636363,1.009090909090909,0,0,0,113,False,False
train,mp-1025598,63,168,64,64,2.6666666666666665,1.0158730158730158,0,0,0,66,False,False
train,mp-755552,40,104,41,41,2.6,1.025,0,0,0,43,False,False
train,mp-771246,110,294,111,111,2.672727272727273,1.009090909090909,0,0,0,113,False,False
train,mp-2215787,52,136,53,53,2.6153846153846154,1.0192307692307692,0,0,0,55,False,False
train,mp-753506,40,105,41,41,2.625,1.025,0,0,0,43,False,False
train,mp-1174104,160,447,161,161,2.79375,1.00625,0,0,0,163,False,False
train,mp-2218524,67,176,68,68,2.626865671641791,1.0149253731343284,0,0,0,70,False,False
train,mp-755399,80,211,81,81,2.6375,1.0125,0,0,0,83,False,False
train,mp-2230492,145,404,146,146,2.786206896551724,1.006896551724138,0,0,0,148,False,False
train,mp-754785,126,347,127,127,2.753968253968254,1.007936507936508,0,0,0,129,False,False
train,mp-570858,34,89,35,35,2.6176470588235294,1.0294117647058822,0,0,0,37,False,False
train,mp-571386,20,52,21,21,2.6,1.05,0,0,0,23,False,False
train,mp-1518998,118,309,119,119,2.6186440677966103,1.0084745762711864,0,0,0,121,False,False
train,mp-10437,53,142,54,54,2.6792452830188678,1.0188679245283019,0,0,0,56,False,False
train,mp-2232119,117,321,118,118,2.7435897435897436,1.0085470085470085,0,0,0,120,False,False
train,mp-2029542,144,393,145,145,2.7291666666666665,1.0069444444444444,0,0,0,147,False,False
train,mp-1228487,93,245,94,94,2.6344086021505375,1.010752688172043,0,0,0,96,False,False
train,mp-2226686,105,282,106,106,2.6857142857142855,1.0095238095238095,0,0,0,108,False,False
train,mp-1181852,69,186,70,70,2.6956521739130435,1.0144927536231885,0,0,0,72,False,False
train,mp-1008524,40,107,41,41,2.675,1.025,0,0,0,43,False,False
train,mp-1027483,84,231,85,85,2.75,1.0119047619047619,0,0,0,87,False,False
train,mp-1033361,160,447,161,161,2.79375,1.00625,0,0,0,163,False,False
train,mp-1246710,122,335,123,123,2.7459016393442623,1.0081967213114753,0,0,0,125,False,False
train,mp-2230058,218,623,219,219,2.8577981651376145,1.0045871559633028,0,0,0,221,True,False
train,mp-540757,57,146,58,58,2.56140350877193,1.0175438596491229,0,0,0,60,False,False
train,mp-755978,126,347,127,127,2.753968253968254,1.007936507936508,0,0,0,129,False,False
train,mp-2901862,24,60,25,25,2.5,1.0416666666666667,0,0,0,27,False,False
train,mp-562610,96,258,97,97,2.6875,1.0104166666666667,0,0,0,99,False,False
train,mp-2232201,99,272,100,100,2.7474747474747474,1.0101010101010102,0,0,0,102,False,False
train,mp-2217725,83,222,84,84,2.674698795180723,1.0120481927710843,0,0,0,86,False,False
train,mp-1233200,142,395,143,143,2.7816901408450705,1.0070422535211268,0,0,0,145,False,False
train,mp-2232779,117,321,118,118,2.7435897435897436,1.0085470085470085,0,0,0,120,False,False
train,mp-2219373,91,245,92,92,2.6923076923076925,1.010989010989011,0,0,0,94,False,False
train,mp-1189288,112,301,113,113,2.6875,1.0089285714285714,0,0,0,115,False,False
train,mp-777382,126,347,127,127,2.753968253968254,1.007936507936508,0,0,0,129,False,False
train,mp-753154,164,463,165,165,2.823170731707317,1.0060975609756098,0,0,0,167,False,False
train,mp-567418,45,120,46,46,2.6666666666666665,1.0222222222222221,0,0,0,48,False,False
train,mp-2758056,110,293,111,111,2.6636363636363636,1.009090909090909,0,0,0,113,False,False
train,mp-1235950,107,287,108,108,2.682242990654206,1.0093457943925233,0,0,0,110,False,False
train,mp-542018,186,523,187,187,2.8118279569892475,1.0053763440860215,0,0,0,189,True,False
train,mp-2228801,136,378,137,137,2.7794117647058822,1.0073529411764706,0,0,0,139,False,False
train,mp-755331,84,225,85,85,2.6785714285714284,1.0119047619047619,0,0,0,87,False,False
train,mp-1236492,184,522,185,185,2.8369565217391304,1.0054347826086956,0,0,0,187,True,False
train,mp-2229909,101,281,102,102,2.782178217821782,1.00990099009901,0,0,0,104,False,False
train,mp-1227945,59,155,60,60,2.6271186440677967,1.0169491525423728,0,0,0,62,False,False
train,mp-1337136,133,367,134,134,2.7593984962406015,1.0075187969924813,0,0,0,136,False,False
train,mp-17926,308,897,309,309,2.9123376623376624,1.0032467532467533,0,0,0,311,True,False
train,mp-1233171,139,388,140,140,2.79136690647482,1.0071942446043165,0,0,0,142,False,False
train,mp-1112619,118,311,119,119,2.635593220338983,1.0084745762711864,0,0,0,121,False,False
train,mp-755837,200,577,201,201,2.885,1.005,0,0,0,203,True,False
train,mp-1105808,146,407,147,147,2.787671232876712,1.0068493150684932,0,0,0,149,False,False
train,mp-14017,74,193,75,75,2.608108108108108,1.0135135135135136,0,0,0,77,False,False
train,mp-1097474,16,43,17,17,2.6875,1.0625,0,0,0,19,False,False
train,mp-553955,46,115,47,47,2.5,1.0217391304347827,0,0,0,49,False,False
train,mp-568177,34,90,35,35,2.6470588235294117,1.0294117647058822,0,0,0,37,False,False
train,mp-1180203,46,117,47,47,2.5434782608695654,1.0217391304347827,0,0,0,49,False,False
train,mp-1030535,84,229,85,85,2.7261904761904763,1.0119047619047619,0,0,0,87,False,False
train,mp-1520935,118,311,119,119,2.635593220338983,1.0084745762711864,0,0,0,121,False,False
train,mp-1393942,112,307,113,113,2.7410714285714284,1.0089285714285714,0,0,0,115,False,False
train,mp-766,48,129,49,49,2.6875,1.0208333333333333,0,0,0,51,False,False
train,mp-34489,80,215,81,81,2.6875,1.0125,0,0,0,83,False,False
train,mp-2647012,88,235,89,89,2.6704545454545454,1.0113636363636365,0,0,0,91,False,False
train,mp-1227051,40,105,41,41,2.625,1.025,0,0,0,43,False,False
train,mp-2230673,139,388,140,140,2.79136690647482,1.0071942446043165,0,0,0,142,False,False
train,mp-1247299,41,108,42,42,2.6341463414634148,1.024390243902439,0,0,0,44,False,False
train,mp-36407,158,437,159,159,2.7658227848101267,1.0063291139240507,0,0,0,161,False,False
train,mp-1520907,118,309,119,119,2.6186440677966103,1.0084745762711864,0,0,0,121,False,False
train,mp-1106096,174,497,175,175,2.8563218390804597,1.0057471264367817,0,0,0,177,False,False
train,mp-1110758,46,117,47,47,2.5434782608695654,1.0217391304347827,0,0,0,49,False,False
train,mp-1520601,188,531,189,189,2.824468085106383,1.0053191489361701,0,0,0,191,True,False
train,mp-1189612,130,353,131,131,2.7153846153846155,1.0076923076923077,0,0,0,133,False,False
train,mp-1104819,56,143,57,57,2.5535714285714284,1.0178571428571428,0,0,0,59,False,False
train,mp-1213985,118,323,119,119,2.73728813559322,1.0084745762711864,0,0,0,121,False,False
train,mp-1106025,143,404,144,144,2.825174825174825,1.006993006993007,0,0,0,146,False,False
train,mp-2224812,103,278,104,104,2.6990291262135924,1.0097087378640777,0,0,0,106,False,False
train,mp-1227439,82,221,83,83,2.6951219512195124,1.0121951219512195,0,0,0,85,False,False
train,mp-31243,228,655,229,229,2.8728070175438596,1.0043859649122806,0,0,0,231,True,False
train,mp-1032501,160,447,161,161,2.79375,1.00625,0,0,0,163,False,False
train,mp-1097264,16,43,17,17,2.6875,1.0625,0,0,0,19,False,False
train,mp-13682,72,193,73,73,2.6805555555555554,1.0138888888888888,0,0,0,75,False,False
train,mp-1189266,174,489,175,175,2.810344827586207,1.0057471264367817,0,0,0,177,False,False
train,mp-282,27,70,28,28,2.5925925925925926,1.037037037037037,0,0,0,30,False,False
train,mp-630528,56,147,57,57,2.625,1.0178571428571428,0,0,0,59,False,False
train,mp-1009730,27,72,28,28,2.6666666666666665,1.037037037037037,0,0,0,30,False,False
train,mp-1181907,60,155,61,61,2.5833333333333335,1.0166666666666666,0,0,0,63,False,False
train,mp-561033,168,485,169,169,2.886904761904762,1.005952380952381,0,0,0,171,False,False
train,mp-1031359,160,447,161,161,2.79375,1.00625,0,0,0,163,False,False
train,mp-1095841,16,43,17,17,2.6875,1.0625,0,0,0,19,False,False
train,mp-1032148,160,447,161,161,2.79375,1.00625,0,0,0,163,False,False
train,mp-997011,38,97,39,39,2.5526315789473686,1.0263157894736843,0,0,0,41,False,False
train,mp-30373,26,69,27,27,2.6538461538461537,1.0384615384615385,0,0,0,29,False,False
train,mp-1033014,160,447,161,161,2.79375,1.00625,0,0,0,163,False,False
train,mp-677191,106,279,107,107,2.6320754716981134,1.009433962264151,0,0,0,109,False,False
train,mp-2231056,145,405,146,146,2.793103448275862,1.006896551724138,0,0,0,148,False,False
train,mp-1097223,16,42,17,17,2.625,1.0625,0,0,0,19,False,False
train,mp-763429,82,215,83,83,2.6219512195121952,1.0121951219512195,0,0,0,85,False,False
train,mp-1206396,46,123,47,47,2.6739130434782608,1.0217391304347827,0,0,0,49,False,False
train,mp-2231124,139,387,140,140,2.7841726618705036,1.0071942446043165,0,0,0,142,False,False
train,mp-510575,188,533,189,189,2.8351063829787235,1.0053191489361701,0,0,0,191,True,False
train,mp-1182093,104,277,105,105,2.6634615384615383,1.0096153846153846,0,0,0,107,False,False
train,mp-1097002,90,257,91,91,2.8555555555555556,1.011111111111111,0,0,0,93,False,False
train,mp-14289,176,479,177,177,2.721590909090909,1.0056818181818181,0,0,0,179,False,False
train,mp-10653,26,69,27,27,2.6538461538461537,1.0384615384615385,0,0,0,29,False,False
train,mp-1210939,57,148,58,58,2.5964912280701755,1.0175438596491229,0,0,0,60,False,False
train,mp-1226754,42,111,43,43,2.642857142857143,1.0238095238095237,0,0,0,45,False,False
train,mp-28029,124,339,125,125,2.7338709677419355,1.0080645161290323,0,0,0,127,False,False
train,mp-2229996,196,565,197,197,2.88265306122449,1.0051020408163265,0,0,0,199,True,False
train,mp-1013588,59,157,60,60,2.6610169491525424,1.0169491525423728,0,0,0,62,False,False
train,mp-1047381,84,227,85,85,2.7023809523809526,1.0119047619047619,0,0,0,87,False,False
train,mp-1056418,4,10,5,5,2.5,1.25,0,0,0,7,False,False
train,mp-571279,84,225,85,85,2.6785714285714284,1.0119047619047619,0,0,0,87,False,False
train,mp-1235303,72,193,73,73,2.6805555555555554,1.0138888888888888,0,0,0,75,False,False
train,mp-9158,34,89,35,35,2.6176470588235294,1.0294117647058822,0,0,0,37,False,False
train,mp-1225240,93,247,94,94,2.6559139784946235,1.010752688172043,0,0,0,96,False,False
train,mp-3078,56,151,57,57,2.6964285714285716,1.0178571428571428,0,0,0,59,False,False
train,mp-1094056,56,151,57,57,2.6964285714285716,1.0178571428571428,0,0,0,59,False,False
train,mp-546035,72,192,73,73,2.6666666666666665,1.0138888888888888,0,0,0,75,False,False
train,mp-1246389,84,235,85,85,2.7976190476190474,1.0119047619047619,0,0,0,87,False,False
train,mp-2231021,139,387,140,140,2.7841726618705036,1.0071942446043165,0,0,0,142,False,False
train,mp-1183429,75,197,76,76,2.6266666666666665,1.0133333333333334,0,0,0,78,False,False
train,mp-1209228,99,267,100,100,2.696969696969697,1.0101010101010102,0,0,0,102,False,False
train,mp-777779,152,428,153,153,2.8157894736842106,1.006578947368421,0,0,0,155,False,False
train,mp-1213770,36,90,37,37,2.5,1.0277777777777777,0,0,0,39,False,False
train,mp-1221406,162,449,163,163,2.771604938271605,1.0061728395061729,0,0,0,165,False,False
train,mp-2233449,97,263,98,98,2.711340206185567,1.0103092783505154,0,0,0,100,False,False
train,mp-1078410,118,311,119,119,2.635593220338983,1.0084745762711864,0,0,0,121,False,False
train,mp-39249,106,279,107,107,2.6320754716981134,1.009433962264151,0,0,0,109,False,False
train,mp-2218975,94,253,95,95,2.6914893617021276,1.0106382978723405,0,0,0,97,False,False
train,mp-1096814,49,128,50,50,2.6122448979591835,1.0204081632653061,0,0,0,52,False,False
train,mp-2240965,97,261,98,98,2.6907216494845363,1.0103092783505154,0,0,0,100,False,False
train,mp-1293027,110,297,111,111,2.7,1.009090909090909,0,0,0,113,False,False
train,mp-1195050,112,315,113,113,2.8125,1.0089285714285714,0,0,0,115,False,False
train,mp-924128,45,120,46,46,2.6666666666666665,1.0222222222222221,0,0,0,48,False,False
train,mp-1031357,160,447,161,161,2.79375,1.00625,0,0,0,163,False,False
train,mp-1233008,90,246,91,91,2.7333333333333334,1.011111111111111,0,0,0,93,False,False
train,mp-559893,112,311,113,113,2.7767857142857144,1.0089285714285714,0,0,0,115,False,False
train,mp-759176,128,352,129,129,2.75,1.0078125,0,0,0,131,False,False
train,mp-1101434,84,225,85,85,2.6785714285714284,1.0119047619047619,0,0,0,87,False,False
train,mp-861884,28,75,29,29,2.6785714285714284,1.0357142857142858,0,0,0,31,False,False
train,mp-1179566,32,80,33,33,2.5,1.03125,0,0,0,35,False,False
train,mp-1027139,84,229,85,85,2.7261904761904763,1.0119047619047619,0,0,0,87,False,False
train,mp-1214518,236,691,237,237,2.9279661016949152,1.0042372881355932,0,0,0,239,True,False
train,mp-1214435,108,289,109,109,2.675925925925926,1.0092592592592593,0,0,0,111,False,False
train,mp-1013555,59,157,60,60,2.6610169491525424,1.0169491525423728,0,0,0,62,False,False
train,mp-1521909,118,311,119,119,2.635593220338983,1.0084745762711864,0,0,0,121,False,False
train,mp-557266,48,127,49,49,2.6458333333333335,1.0208333333333333,0,0,0,51,False,False
train,mp-569867,160,440,161,161,2.75,1.00625,0,0,0,163,False,False
train,mp-1174170,160,447,161,161,2.79375,1.00625,0,0,0,163,False,False
train,mp-1376600,74,190,75,75,2.5675675675675675,1.0135135135135136,0,0,0,77,False,False
train,mp-2231875,181,516,182,182,2.850828729281768,1.0055248618784531,0,0,0,184,True,False
train,mp-1097490,16,43,17,17,2.6875,1.0625,0,0,0,19,False,False
train,mp-1100396,45,119,46,46,2.6444444444444444,1.0222222222222221,0,0,0,48,False,False
train,mp-2226815,129,355,130,130,2.751937984496124,1.0077519379844961,0,0,0,132,False,False
train,mp-1173983,200,577,201,201,2.885,1.005,0,0,0,203,True,False
train,mp-1032779,160,447,161,161,2.79375,1.00625,0,0,0,163,False,False
train,mp-2231004,139,387,140,140,2.7841726618705036,1.0071942446043165,0,0,0,142,False,False
train,mp-2228597,110,297,111,111,2.7,1.009090909090909,0,0,0,113,False,False
train,mp-1235490,70,183,71,71,2.6142857142857143,1.0142857142857142,0,0,0,73,False,False
train,mp-567713,65,171,66,66,2.6307692307692307,1.0153846153846153,0,0,0,68,False,False
train,mp-1104227,74,195,75,75,2.635135135135135,1.0135135135135136,0,0,0,77,False,False
train,mp-1518315,118,311,119,119,2.635593220338983,1.0084745762711864,0,0,0,121,False,False
train,mp-1093883,16,43,17,17,2.6875,1.0625,0,0,0,19,False,False
train,mp-1235412,82,215,83,83,2.6219512195121952,1.0121951219512195,0,0,0,85,False,False
train,mp-3163,59,155,60,60,2.6271186440677967,1.0169491525423728,0,0,0,62,False,False
train,mp-1222822,106,287,107,107,2.707547169811321,1.009433962264151,0,0,0,109,False,False
train,mp-2230257,139,387,140,140,2.7841726618705036,1.0071942446043165,0,0,0,142,False,False
train,mp-1023930,42,110,43,43,2.619047619047619,1.0238095238095237,0,0,0,45,False,False
train,mp-758251,110,297,111,111,2.7,1.009090909090909,0,0,0,113,False,False
train,mp-1210724,74,195,75,75,2.635135135135135,1.0135135135135136,0,0,0,77,False,False
train,mp-924129,45,120,46,46,2.6666666666666665,1.0222222222222221,0,0,0,48,False,False
train,mp-1209793,161,447,162,162,2.7763975155279503,1.0062111801242235,0,0,0,164,False,False
train,mp-1245885,84,235,85,85,2.7976190476190474,1.0119047619047619,0,0,0,87,False,False
train,mp-2217871,104,279,105,105,2.6826923076923075,1.0096153846153846,0,0,0,107,False,False
train,mp-1080693,124,333,125,125,2.685483870967742,1.0080645161290323,0,0,0,127,False,False
train,mp-1033130,160,447,161,161,2.79375,1.00625,0,0,0,163,False,False
train,mp-1222391,110,296,111,111,2.690909090909091,1.009090909090909,0,0,0,113,False,False
train,mp-1045166,130,362,131,131,2.7846153846153845,1.0076923076923077,0,0,0,133,False,False
train,mp-1226927,78,204,79,79,2.6153846153846154,1.0128205128205128,0,0,0,81,False,False
train,mp-1227013,130,366,131,131,2.8153846153846156,1.0076923076923077,0,0,0,133,False,False
train,mp-1047132,86,231,87,87,2.686046511627907,1.0116279069767442,0,0,0,89,False,False
train,mp-1097444,16,43,17,17,2.6875,1.0625,0,0,0,19,False,False
train,mp-1516804,118,311,119,119,2.635593220338983,1.0084745762711864,0,0,0,121,False,False
train,mp-1219009,100,269,101,101,2.69,1.01,0,0,0,103,False,False
train,mp-1093936,16,43,17,17,2.6875,1.0625,0,0,0,19,False,False
train,mp-1105400,308,893,309,309,2.8993506493506493,1.0032467532467533,0,0,0,311,True,False
train,mp-1210409,70,185,71,71,2.642857142857143,1.0142857142857142,0,0,0,73,False,False
train,mp-1340191,102,279,103,103,2.735294117647059,1.0098039215686274,0,0,0,105,False,False
train,mp-754729,126,341,127,127,2.7063492063492065,1.007936507936508,0,0,0,129,False,False
train,mp-10985,102,287,103,103,2.8137254901960786,1.0098039215686274,0,0,0,105,False,False
train,mp-2232707,109,293,110,110,2.688073394495413,1.0091743119266054,0,0,0,112,False,False
train,mp-546190,58,151,59,59,2.603448275862069,1.0172413793103448,0,0,0,61,False,False
train,mp-1093729,16,43,17,17,2.6875,1.0625,0,0,0,19,False,False
train,mp-2201,20,53,21,21,2.65,1.05,0,0,0,23,False,False
train,mp-2222828,45,117,46,46,2.6,1.0222222222222221,0,0,0,48,False,False
train,mp-757915,82,215,83,83,2.6219512195121952,1.0121951219512195,0,0,0,85,False,False
train,mp-752587,126,347,127,127,2.753968253968254,1.007936507936508,0,0,0,129,False,False
train,mp-2219451,103,277,104,104,2.6893203883495147,1.0097087378640777,0,0,0,106,False,False
train,mp-1040818,81,212,82,82,2.617283950617284,1.0123456790123457,0,0,0,84,False,False
train,mp-752802,107,290,108,108,2.710280373831776,1.0093457943925233,0,0,0,110,False,False
train,mp-15556,136,365,137,137,2.6838235294117645,1.0073529411764706,0,0,0,139,False,False
train,mp-1219664,160,437,161,161,2.73125,1.00625,0,0,0,163,False,False
train,mp-1019105,60,159,61,61,2.65,1.0166666666666666,0,0,0,63,False,False
train,mp-2231478,127,353,128,128,2.779527559055118,1.0078740157480315,0,0,0,130,False,False
train,mp-2217390,87,230,88,88,2.6436781609195403,1.0114942528735633,0,0,0,90,False,False
train,mp-1246311,122,335,123,123,2.7459016393442623,1.0081967213114753,0,0,0,125,False,False
train,mp-2231732,142,396,143,143,2.788732394366197,1.0070422535211268,0,0,0,145,False,False
train,mp-1189310,308,897,309,309,2.9123376623376624,1.0032467532467533,0,0,0,311,True,False
train,mp-753292,106,288,107,107,2.7169811320754715,1.009433962264151,0,0,0,109,False,False
train,mp-2218824,97,256,98,98,2.6391752577319587,1.0103092783505154,0,0,0,100,False,False
train,mp-1208477,25,61,26,26,2.44,1.04,0,0,0,28,False,False
train,mp-1188937,74,193,75,75,2.608108108108108,1.0135135135135136,0,0,0,77,False,False
train,mp-2230408,136,378,137,137,2.7794117647058822,1.0073529411764706,0,0,0,139,False,False
train,mp-1112246,118,309,119,119,2.6186440677966103,1.0084745762711864,0,0,0,121,False,False
train,mp-2224770,109,297,110,110,2.7247706422018347,1.0091743119266054,0,0,0,112,False,False
train,mp-1516316,118,311,119,119,2.635593220338983,1.0084745762711864,0,0,0,121,False,False
train,mp-807122,98,271,99,99,2.7653061224489797,1.010204081632653,0,0,0,101,False,False
train,mp-1030614,84,232,85,85,2.761904761904762,1.0119047619047619,0,0,0,87,False,False
train,mp-1031470,160,446,161,161,2.7875,1.00625,0,0,0,163,False,False
train,mp-755868,112,309,113,113,2.7589285714285716,1.0089285714285714,0,0,0,115,False,False
train,mp-697878,99,273,100,100,2.757575757575758,1.0101010101010102,0,0,0,102,False,False
train,mp-1247344,122,333,123,123,2.7295081967213113,1.0081967213114753,0,0,0,125,False,False
train,mp-771199,84,223,85,85,2.6547619047619047,1.0119047619047619,0,0,0,87,False,False
train,mp-755736,200,577,201,201,2.885,1.005,0,0,0,203,True,False
train,mp-1179268,58,151,59,59,2.603448275862069,1.0172413793103448,0,0,0,61,False,False
train,mp-5788,188,527,189,189,2.8031914893617023,1.0053191489361701,0,0,0,191,True,False
train,mp-1103830,110,297,111,111,2.7,1.009090909090909,0,0,0,113,False,False
train,mp-1147661,140,391,141,141,2.7928571428571427,1.0071428571428571,0,0,0,143,False,False
train,mp-1215675,140,401,141,141,2.8642857142857143,1.0071428571428571,0,0,0,143,False,False
train,mp-29816,116,339,117,117,2.9224137931034484,1.0086206896551724,0,0,0,119,False,False
train,mp-1028595,84,230,85,85,2.738095238095238,1.0119047619047619,0,0,0,87,False,False
train,mp-752950,181,516,182,182,2.850828729281768,1.0055248618784531,0,0,0,184,True,False
train,mp-1206683,21,54,22,22,2.5714285714285716,1.0476190476190477,0,0,0,24,False,False
train,mp-1029321,84,231,85,85,2.75,1.0119047619047619,0,0,0,87,False,False
train,mp-1225522,74,194,75,75,2.6216216216216215,1.0135135135135136,0,0,0,77,False,False
train,mp-2231117,142,397,143,143,2.795774647887324,1.0070422535211268,0,0,0,145,False,False
train,mp-754013,126,343,127,127,2.7222222222222223,1.007936507936508,0,0,0,129,False,False
train,mp-1235384,91,244,92,92,2.681318681318681,1.010989010989011,0,0,0,94,False,False
train,mp-1225791,112,313,113,113,2.794642857142857,1.0089285714285714,0,0,0,115,False,False
train,mp-776150,70,181,71,71,2.585714285714286,1.0142857142857142,0,0,0,73,False,False
train,mp-2231790,136,377,137,137,2.7720588235294117,1.0073529411764706,0,0,0,139,False,False
train,mp-2226800,117,321,118,118,2.7435897435897436,1.0085470085470085,0,0,0,120,False,False
train,mp-15953,96,263,97,97,2.7395833333333335,1.0104166666666667,0,0,0,99,False,False
train,mp-1093781,16,43,17,17,2.6875,1.0625,0,0,0,19,False,False
train,mp-1181833,92,251,93,93,2.7282608695652173,1.0108695652173914,0,0,0,95,False,False
train,mp-2227625,58,152,59,59,2.6206896551724137,1.0172413793103448,0,0,0,61,False,False
train,mp-1079724,34,85,35,35,2.5,1.0294117647058822,0,0,0,37,False,False
train,mp-1516440,118,310,119,119,2.6271186440677967,1.0084745762711864,0,0,0,121,False,False
train,mp-1522943,118,310,119,119,2.6271186440677967,1.0084745762711864,0,0,0,121,False,False
train,mp-1224922,43,116,44,44,2.697674418604651,1.0232558139534884,0,0,0,46,False,False
train,mp-1227372,96,271,97,97,2.8229166666666665,1.0104166666666667,0,0,0,99,False,False
train,mp-1223760,92,242,93,93,2.630434782608696,1.0108695652173914,0,0,0,95,False,False
train,mp-1220231,98,264,99,99,2.693877551020408,1.010204081632653,0,0,0,101,False,False
train,mp-2695851,28,73,29,29,2.607142857142857,1.0357142857142858,0,0,0,31,False,False
train,mp-505297,45,120,46,46,2.6666666666666665,1.0222222222222221,0,0,0,48,False,False
train,mp-2576,96,273,97,97,2.84375,1.0104166666666667,0,0,0,99,False,False
train,mp-1233378,157,445,158,158,2.8343949044585988,1.0063694267515924,0,0,0,160,False,False
train,mp-2219975,97,261,98,98,2.6907216494845363,1.0103092783505154,0,0,0,100,False,False
train,mp-555166,68,179,69,69,2.6323529411764706,1.0147058823529411,0,0,0,71,False,False
train,mp-1043251,112,301,113,113,2.6875,1.0089285714285714,0,0,0,115,False,False
train,mp-2230363,127,353,128,128,2.779527559055118,1.0078740157480315,0,0,0,130,False,False
train,mp-755661,160,447,161,161,2.79375,1.00625,0,0,0,163,False,False
train,mp-997109,56,147,57,57,2.625,1.0178571428571428,0,0,0,59,False,False
train,mp-1235156,101,271,102,102,2.6831683168316833,1.00990099009901,0,0,0,104,False,False
train,mp-1227568,120,336,121,121,2.8,1.0083333333333333,0,0,0,123,False,False
train,mp-2230230,142,396,143,143,2.788732394366197,1.0070422535211268,0,0,0,145,False,False
train,mp-867193,52,139,53,53,2.673076923076923,1.0192307692307692,0,0,0,55,False,False
train,mp-2767155,88,235,89,89,2.6704545454545454,1.0113636363636365,0,0,0,91,False,False
train,mp-1110840,118,309,119,119,2.6186440677966103,1.0084745762711864,0,0,0,121,False,False
train,mp-1218098,79,208,80,80,2.632911392405063,1.0126582278481013,0,0,0,82,False,False
train,mp-1225351,108,299,109,109,2.7685185185185186,1.0092592592592593,0,0,0,111,False,False
train,mp-1024054,110,297,111,111,2.7,1.009090909090909,0,0,0,113,False,False
train,mp-2219398,109,294,110,110,2.697247706422018,1.0091743119266054,0,0,0,112,False,False
train,mp-2228407,136,377,137,137,2.7720588235294117,1.0073529411764706,0,0,0,139,False,False
train,mp-2076,21,56,22,22,2.6666666666666665,1.0476190476190477,0,0,0,24,False,False
train,mp-554310,40,105,41,41,2.625,1.025,0,0,0,43,False,False
train,mp-1224102,110,297,111,111,2.7,1.009090909090909,0,0,0,113,False,False
train,mp-1113920,46,119,47,47,2.5869565217391304,1.0217391304347827,0,0,0,49,False,False
train,mp-761592,120,329,121,121,2.7416666666666667,1.0083333333333333,0,0,0,123,False,False
train,mp-1402016,103,275,104,104,2.6699029126213594,1.0097087378640777,0,0,0,106,False,False
train,mp-776216,82,215,83,83,2.6219512195121952,1.0121951219512195,0,0,0,85,False,False
train,mp-1096209,16,43,17,17,2.6875,1.0625,0,0,0,19,False,False
train,mp-1518354,118,310,119,119,2.6271186440677967,1.0084745762711864,0,0,0,121,False,False
train,mp-850973,126,341,127,127,2.7063492063492065,1.007936507936508,0,0,0,129,False,False
train,mp-1038761,84,233,85,85,2.7738095238095237,1.0119047619047619,0,0,0,87,False,False
train,mp-1221520,42,113,43,43,2.6904761904761907,1.0238095238095237,0,0,0,45,False,False
train,mp-7084,120,341,121,121,2.841666666666667,1.0083333333333333,0,0,0,123,False,False
train,mp-1206803,41,105,42,42,2.5609756097560976,1.024390243902439,0,0,0,44,False,False
train,mp-1075956,174,485,175,175,2.7873563218390807,1.0057471264367817,0,0,0,177,False,False
train,mp-23875,66,179,67,67,2.712121212121212,1.0151515151515151,0,0,0,69,False,False
train,mp-10809,44,113,45,45,2.5681818181818183,1.0227272727272727,0,0,0,47,False,False
train,mp-1095826,16,43,17,17,2.6875,1.0625,0,0,0,19,False,False
train,mp-1216960,63,162,64,64,2.5714285714285716,1.0158730158730158,0,0,0,66,False,False
train,mp-2230729,145,405,146,146,2.793103448275862,1.006896551724138,0,0,0,148,False,False
train,mp-1517296,118,311,119,119,2.635593220338983,1.0084745762711864,0,0,0,121,False,False
train,mp-2218796,76,203,77,77,2.6710526315789473,1.013157894736842,0,0,0,79,False,False
train,mp-1111944,118,309,119,119,2.6186440677966103,1.0084745762711864,0,0,0,121,False,False
train,mp-2228493,116,313,117,117,2.6982758620689653,1.0086206896551724,0,0,0,119,False,False
train,mp-2230584,145,403,146,146,2.779310344827586,1.006896551724138,0,0,0,148,False,False
train,mp-31031,114,310,115,115,2.719298245614035,1.0087719298245614,0,0,0,117,False,False
train,mp-1096107,16,43,17,17,2.6875,1.0625,0,0,0,19,False,False
train,mp-777446,120,329,121,121,2.7416666666666667,1.0083333333333333,0,0,0,123,False,False
train,mp-1188912,92,249,93,93,2.7065217391304346,1.0108695652173914,0,0,0,95,False,False
train,mp-761262,164,463,165,165,2.823170731707317,1.0060975609756098,0,0,0,167,False,False
train,mp-1220963,40,105,41,41,2.625,1.025,0,0,0,43,False,False
train,mp-2695,42,113,43,43,2.6904761904761907,1.0238095238095237,0,0,0,45,False,False
train,mp-2230292,139,386,140,140,2.776978417266187,1.0071942446043165,0,0,0,142,False,False
train,mp-1176568,84,225,85,85,2.6785714285714284,1.0119047619047619,0,0,0,87,False,False
train,mp-1096608,16,43,17,17,2.6875,1.0625,0,0,0,19,False,False
train,mp-15081,200,579,201,201,2.895,1.005,0,0,0,203,True,False
train,mp-1519436,118,308,119,119,2.610169491525424,1.0084745762711864,0,0,0,121,False,False
train,mp-2230588,130,360,131,131,2.769230769230769,1.0076923076923077,0,0,0,133,False,False
train,mp-2226543,105,282,106,106,2.6857142857142855,1.0095238095238095,0,0,0,108,False,False
train,mp-2230273,139,387,140,140,2.7841726618705036,1.0071942446043165,0,0,0,142,False,False
train,mp-1221502,28,73,29,29,2.607142857142857,1.0357142857142858,0,0,0,31,False,False
train,mp-2233075,132,363,133,133,2.75,1.0075757575757576,0,0,0,135,False,False
train,mp-628773,28,75,29,29,2.6785714285714284,1.0357142857142858,0,0,0,31,False,False
train,mp-1033120,160,447,161,161,2.79375,1.00625,0,0,0,163,False,False
train,mp-1235361,120,328,121,121,2.7333333333333334,1.0083333333333333,0,0,0,123,False,False
train,mp-1211242,88,243,89,89,2.7613636363636362,1.0113636363636365,0,0,0,91,False,False
train,mp-2629196,3,8,4,4,2.6666666666666665,1.3333333333333333,0,0,0,6,False,False
train,mp-1974700,84,223,85,85,2.6547619047619047,1.0119047619047619,0,0,0,87,False,False
train,mp-1205571,118,311,119,119,2.635593220338983,1.0084745762711864,0,0,0,121,False,False
train,mp-1033387,160,447,161,161,2.79375,1.00625,0,0,0,163,False,False
train,mp-1181372,58,149,59,59,2.5689655172413794,1.0172413793103448,0,0,0,61,False,False
train,mp-1013548,59,157,60,60,2.6610169491525424,1.0169491525423728,0,0,0,62,False,False
train,mp-2218459,61,158,62,62,2.5901639344262297,1.0163934426229508,0,0,0,64,False,False
train,mp-1520073,118,311,119,119,2.635593220338983,1.0084745762711864,0,0,0,121,False,False
train,mp-1097624,16,43,17,17,2.6875,1.0625,0,0,0,19,False,False
train,mp-1027594,84,225,85,85,2.6785714285714284,1.0119047619047619,0,0,0,87,False,False
train,mp-1222967,170,481,171,171,2.8294117647058825,1.0058823529411764,0,0,0,173,False,False
train,mp-2232127,132,361,133,133,2.734848484848485,1.0075757575757576,0,0,0,135,False,False
train,mp-1097674,16,43,17,17,2.6875,1.0625,0,0,0,19,False,False
train,mp-562100,124,335,125,125,2.7016129032258065,1.0080645161290323,0,0,0,127,False,False
train,mp-924130,45,120,46,46,2.6666666666666665,1.0222222222222221,0,0,0,48,False,False
train,mp-1222,144,386,145,145,2.6805555555555554,1.0069444444444444,0,0,0,147,False,False
train,mp-1182913,70,183,71,71,2.6142857142857143,1.0142857142857142,0,0,0,73,False,False
train,mp-753888,141,388,142,142,2.75177304964539,1.0070921985815602,0,0,0,144,False,False
train,mp-1173110,158,429,159,159,2.7151898734177213,1.0063291139240507,0,0,0,161,False,False
train,mp-18805,118,311,119,119,2.635593220338983,1.0084745762711864,0,0,0,121,False,False
train,mp-1234708,139,388,140,140,2.79136690647482,1.0071942446043165,0,0,0,142,False,False
train,mp-1377469,137,384,138,138,2.802919708029197,1.0072992700729928,0,0,0,140,False,False
train,mp-20772,188,533,189,189,2.8351063829787235,1.0053191489361701,0,0,0,191,True,False
train,mp-2215902,129,354,130,130,2.744186046511628,1.0077519379844961,0,0,0,132,False,False
train,mp-974603,42,109,43,43,2.5952380952380953,1.0238095238095237,0,0,0,45,False,False
train,mp-1174149,160,447,161,161,2.79375,1.00625,0,0,0,163,False,False
train,mp-758463,61,160,62,62,2.622950819672131,1.0163934426229508,0,0,0,64,False,False
train,mp-2220173,109,294,110,110,2.697247706422018,1.0091743119266054,0,0,0,112,False,False
train,mp-1211167,110,297,111,111,2.7,1.009090909090909,0,0,0,113,False,False
train,mp-1096976,34,89,35,35,2.6176470588235294,1.0294117647058822,0,0,0,37,False,False
train,mp-1025866,63,167,64,64,2.6507936507936507,1.0158730158730158,0,0,0,66,False,False
train,mp-961693,45,120,46,46,2.6666666666666665,1.0222222222222221,0,0,0,48,False,False
train,mp-801858,160,447,161,161,2.79375,1.00625,0,0,0,163,False,False
train,mp-542205,198,557,199,199,2.813131313131313,1.005050505050505,0,0,0,201,True,False
train,mp-1188567,124,355,125,125,2.8629032258064515,1.0080645161290323,0,0,0,127,False,False
train,mp-1216628,108,292,109,109,2.7037037037037037,1.0092592592592593,0,0,0,111,False,False
train,mp-2231461,145,404,146,146,2.786206896551724,1.006896551724138,0,0,0,148,False,False
train,mp-1314210,110,297,111,111,2.7,1.009090909090909,0,0,0,113,False,False
train,mp-1208294,36,89,37,37,2.4722222222222223,1.0277777777777777,0,0,0,39,False,False
train,mp-1522152,118,311,119,119,2.635593220338983,1.0084745762711864,0,0,0,121,False,False
train,mp-1222108,54,145,55,55,2.685185185185185,1.0185185185185186,0,0,0,57,False,False
train,mp-1180036,10,23,11,11,2.3,1.1,0,0,0,13,False,False
train,mp-1179589,98,259,99,99,2.642857142857143,1.010204081632653,0,0,0,101,False,False
train,mp-1235253,139,387,140,140,2.7841726618705036,1.0071942446043165,0,0,0,142,False,False
train,mp-1111955,118,309,119,119,2.6186440677966103,1.0084745762711864,0,0,0,121,False,False
train,mp-11641,110,297,111,111,2.7,1.009090909090909,0,0,0,113,False,False
train,mp-768499,82,215,83,83,2.6219512195121952,1.0121951219512195,0,0,0,85,False,False
train,mp-1112273,118,311,119,119,2.635593220338983,1.0084745762711864,0,0,0,121,False,False
train,mp-754394,126,347,127,127,2.753968253968254,1.007936507936508,0,0,0,129,False,False
train,mp-1174016,160,447,161,161,2.79375,1.00625,0,0,0,163,False,False
train,mp-8612,41,110,42,42,2.682926829268293,1.024390243902439,0,0,0,44,False,False
train,mp-1105715,128,359,129,129,2.8046875,1.0078125,0,0,0,131,False,False
train,mp-757112,200,577,201,201,2.885,1.005,0,0,0,203,True,False
train,mp-1033116,160,446,161,161,2.7875,1.00625,0,0,0,163,False,False
train,mp-1096103,16,43,17,17,2.6875,1.0625,0,0,0,19,False,False
train,mp-2228436,139,386,140,140,2.776978417266187,1.0071942446043165,0,0,0,142,False,False
train,mp-1113735,118,311,119,119,2.635593220338983,1.0084745762711864,0,0,0,121,False,False
train,mp-1188346,188,533,189,189,2.8351063829787235,1.0053191489361701,0,0,0,191,True,False
train,mp-23287,112,311,113,113,2.7767857142857144,1.0089285714285714,0,0,0,115,False,False
train,mp-961659,45,120,46,46,2.6666666666666665,1.0222222222222221,0,0,0,48,False,False
train,mp-2210700,40,104,41,41,2.6,1.025,0,0,0,43,False,False
train,mp-1111177,46,116,47,47,2.5217391304347827,1.0217391304347827,0,0,0,49,False,False
train,mp-1009082,56,151,57,57,2.6964285714285716,1.0178571428571428,0,0,0,59,False,False
train,mp-12448,188,533,189,189,2.8351063829787235,1.0053191489361701,0,0,0,191,True,False
train,mp-1518310,118,310,119,119,2.6271186440677967,1.0084745762711864,0,0,0,121,False,False
train,mp-1180520,62,163,63,63,2.629032258064516,1.0161290322580645,0,0,0,65,False,False
train,mp-1516393,118,310,119,119,2.6271186440677967,1.0084745762711864,0,0,0,121,False,False
train,mp-1095823,16,43,17,17,2.6875,1.0625,0,0,0,19,False,False
train,mp-675476,140,385,141,141,2.75,1.0071428571428571,0,0,0,143,False,False
train,mp-1229187,126,365,127,127,2.8968253968253967,1.007936507936508,0,0,0,129,False,False
train,mp-754834,47,124,48,48,2.6382978723404253,1.0212765957446808,0,0,0,50,False,False
train,mp-1246713,142,377,143,143,2.6549295774647885,1.0070422535211268,0,0,0,145,False,False
train,mp-770931,84,225,85,85,2.6785714285714284,1.0119047619047619,0,0,0,87,False,False
train,mp-1224374,14,34,15,15,2.4285714285714284,1.0714285714285714,0,0,0,17,False,False
train,mp-558992,131,366,132,132,2.7938931297709924,1.0076335877862594,0,0,0,134,False,False
train,mp-1029267,40,105,41,41,2.625,1.025,0,0,0,43,False,False
train,mp-2218476,85,227,86,86,2.6705882352941175,1.011764705882353,0,0,0,88,False,False
train,mp-1206801,59,155,60,60,2.6271186440677967,1.0169491525423728,0,0,0,62,False,False
train,mp-2218801,76,201,77,77,2.6447368421052633,1.013157894736842,0,0,0,79,False,False
train,mp-2050200,44,111,45,45,2.522727272727273,1.0227272727272727,0,0,0,47,False,False
train,mp-1227939,158,429,159,159,2.7151898734177213,1.0063291139240507,0,0,0,161,False,False
train,mp-2226396,52,136,53,53,2.6153846153846154,1.0192307692307692,0,0,0,55,False,False
train,mp-1095372,96,261,97,97,2.71875,1.0104166666666667,0,0,0,99,False,False
train,mp-1221533,140,401,141,141,2.8642857142857143,1.0071428571428571,0,0,0,143,False,False
train,mp-755312,170,489,171,171,2.876470588235294,1.0058823529411764,0,0,0,173,False,False
train,mp-1186765,70,187,71,71,2.6714285714285713,1.0142857142857142,0,0,0,73,False,False
train,mp-2219183,103,275,104,104,2.6699029126213594,1.0097087378640777,0,0,0,106,False,False
train,mp-1096012,16,43,17,17,2.6875,1.0625,0,0,0,19,False,False
train,mp-1025946,63,167,64,64,2.6507936507936507,1.0158730158730158,0,0,0,66,False,False
train,mp-1236134,185,528,186,186,2.854054054054054,1.0054054054054054,0,0,0,188,True,False
train,mp-1104843,112,319,113,113,2.8482142857142856,1.0089285714285714,0,0,0,115,False,False
train,mp-9919,84,225,85,85,2.6785714285714284,1.0119047619047619,0,0,0,87,False,False
train,mp-637213,41,108,42,42,2.6341463414634148,1.024390243902439,0,0,0,44,False,False
train,mp-1222572,84,240,85,85,2.857142857142857,1.0119047619047619,0,0,0,87,False,False
train,mp-1101917,102,281,103,103,2.7549019607843137,1.0098039215686274,0,0,0,105,False,False
train,mp-1110870,118,309,119,119,2.6186440677966103,1.0084745762711864,0,0,0,121,False,False
train,mp-2227364,54,141,55,55,2.611111111111111,1.0185185185185186,0,0,0,57,False,False
train,mp-1522192,118,311,119,119,2.635593220338983,1.0084745762711864,0,0,0,121,False,False
train,mp-1027624,84,225,85,85,2.6785714285714284,1.0119047619047619,0,0,0,87,False,False
train,mp-1370181,130,362,131,131,2.7846153846153845,1.0076923076923077,0,0,0,133,False,False
train,mp-1112272,118,309,119,119,2.6186440677966103,1.0084745762711864,0,0,0,121,False,False
train,mp-1173929,160,447,161,161,2.79375,1.00625,0,0,0,163,False,False
train,mp-1180106,8,20,9,9,2.5,1.125,0,0,0,11,False,False
train,mp-1518344,118,311,119,119,2.635593220338983,1.0084745762711864,0,0,0,121,False,False
train,mp-1598,74,197,75,75,2.6621621621621623,1.0135135135135136,0,0,0,77,False,False
train,mp-1029297,102,279,103,103,2.735294117647059,1.0098039215686274,0,0,0,105,False,False
train,mp-998427,200,579,201,201,2.895,1.005,0,0,0,203,True,False
train,mp-752521,164,463,165,165,2.823170731707317,1.0060975609756098,0,0,0,167,False,False
train,mp-754018,84,225,85,85,2.6785714285714284,1.0119047619047619,0,0,0,87,False,False
train,mp-1215189,42,109,43,43,2.5952380952380953,1.0238095238095237,0,0,0,45,False,False
train,mp-1182215,60,159,61,61,2.65,1.0166666666666666,0,0,0,63,False,False
train,mp-767363,141,388,142,142,2.75177304964539,1.0070921985815602,0,0,0,144,False,False
train,mp-541487,84,233,85,85,2.7738095238095237,1.0119047619047619,0,0,0,87,False,False
train,mp-1222998,115,315,116,116,2.739130434782609,1.008695652173913,0,0,0,118,False,False
train,mp-1103850,122,331,123,123,2.7131147540983607,1.0081967213114753,0,0,0,125,False,False
train,mp-560181,72,191,73,73,2.6527777777777777,1.0138888888888888,0,0,0,75,False,False
train,mp-697047,136,377,137,137,2.7720588235294117,1.0073529411764706,0,0,0,139,False,False
train,mp-2217083,82,215,83,83,2.6219512195121952,1.0121951219512195,0,0,0,85,False,False
train,mp-1100795,44,113,45,45,2.5681818181818183,1.0227272727272727,0,0,0,47,False,False
train,mp-1031751,154,430,155,155,2.792207792207792,1.0064935064935066,0,0,0,157,False,False
train,mp-1106370,52,129,53,53,2.480769230769231,1.0192307692307692,0,0,0,55,False,False
train,mp-1215599,110,305,111,111,2.772727272727273,1.009090909090909,0,0,0,113,False,False
train,mp-2226450,81,214,82,82,2.6419753086419755,1.0123456790123457,0,0,0,84,False,False
train,mp-2232418,117,321,118,118,2.7435897435897436,1.0085470085470085,0,0,0,120,False,False
train,mp-1096089,16,43,17,17,2.6875,1.0625,0,0,0,19,False,False
train,mp-1046293,118,328,119,119,2.7796610169491527,1.0084745762711864,0,0,0,121,False,False
train,mp-4691,78,211,79,79,2.7051282051282053,1.0128205128205128,0,0,0,81,False,False
train,mp-2227228,32,83,33,33,2.59375,1.03125,0,0,0,35,False,False
train,mp-1233760,160,454,161,161,2.8375,1.00625,0,0,0,163,False,False
train,mp-1215120,28,71,29,29,2.5357142857142856,1.0357142857142858,0,0,0,31,False,False
train,mp-1219758,158,429,159,159,2.7151898734177213,1.0063291139240507,0,0,0,161,False,False
train,mp-1029252,84,231,85,85,2.75,1.0119047619047619,0,0,0,87,False,False
train,mp-1031738,160,447,161,161,2.79375,1.00625,0,0,0,163,False,False
train,mp-2230390,145,404,146,146,2.786206896551724,1.006896551724138,0,0,0,148,False,False
train,mp-1210824,112,319,113,113,2.8482142857142856,1.0089285714285714,0,0,0,115,False,False
train,mp-1097401,16,43,17,17,2.6875,1.0625,0,0,0,19,False,False
train,mp-1520782,118,311,119,119,2.635593220338983,1.0084745762711864,0,0,0,121,False,False
train,mp-22506,194,585,195,195,3.015463917525773,1.0051546391752577,0,0,0,197,True,False
train,mp-567636,45,119,46,46,2.6444444444444444,1.0222222222222221,0,0,0,48,False,False
train,mp-1190594,112,303,113,113,2.705357142857143,1.0089285714285714,0,0,0,115,False,False
train,mp-1232722,94,253,95,95,2.6914893617021276,1.0106382978723405,0,0,0,97,False,False
train,mp-760035,200,577,201,201,2.885,1.005,0,0,0,203,True,False
train,mp-37693,158,429,159,159,2.7151898734177213,1.0063291139240507,0,0,0,161,False,False
train,mp-4126,59,153,60,60,2.593220338983051,1.0169491525423728,0,0,0,62,False,False
train,mp-643903,79,207,80,80,2.6202531645569622,1.0126582278481013,0,0,0,82,False,False
train,mp-1189005,125,342,126,126,2.736,1.008,0,0,0,128,False,False
train,mp-1236009,136,378,137,137,2.7794117647058822,1.0073529411764706,0,0,0,139,False,False
train,mp-1047380,122,329,123,123,2.69672131147541,1.0081967213114753,0,0,0,125,False,False
train,mp-1028857,84,229,85,85,2.7261904761904763,1.0119047619047619,0,0,0,87,False,False
train,mp-2230868,127,366,128,128,2.8818897637795278,1.0078740157480315,0,0,0,130,False,False
train,mp-684944,134,376,135,135,2.8059701492537314,1.007462686567164,0,0,0,137,False,False
train,mp-2231791,139,387,140,140,2.7841726618705036,1.0071942446043165,0,0,0,142,False,False
train,mp-1376805,116,327,117,117,2.8189655172413794,1.0086206896551724,0,0,0,119,False,False
train,mp-881183,84,225,85,85,2.6785714285714284,1.0119047619047619,0,0,0,87,False,False
train,mp-1112878,70,181,71,71,2.585714285714286,1.0142857142857142,0,0,0,73,False,False
train,mp-2747986,126,343,127,127,2.7222222222222223,1.007936507936508,0,0,0,129,False,False
train,mp-675879,82,217,83,83,2.6463414634146343,1.0121951219512195,0,0,0,85,False,False
train,mp-1174058,160,447,161,161,2.79375,1.00625,0,0,0,163,False,False
train,mp-1228728,86,239,87,87,2.7790697674418605,1.0116279069767442,0,0,0,89,False,False
train,mp-2230053,164,463,165,165,2.823170731707317,1.0060975609756098,0,0,0,167,False,False
train,mp-1189360,59,152,60,60,2.5762711864406778,1.0169491525423728,0,0,0,62,False,False
train,mp-867249,52,139,53,53,2.673076923076923,1.0192307692307692,0,0,0,55,False,False
train,mp-1181342,46,119,47,47,2.5869565217391304,1.0217391304347827,0,0,0,49,False,False
train,mp-2233262,132,362,133,133,2.742424242424242,1.0075757575757576,0,0,0,135,False,False
train,mp-1211792,152,417,153,153,2.7434210526315788,1.006578947368421,0,0,0,155,False,False
train,mp-18767,80,211,81,81,2.6375,1.0125,0,0,0,83,False,False
train,mp-1305204,112,303,113,113,2.705357142857143,1.0089285714285714,0,0,0,115,False,False
train,mp-557179,74,195,75,75,2.635135135135135,1.0135135135135136,0,0,0,77,False,False
train,mp-1080334,81,225,82,82,2.7777777777777777,1.0123456790123457,0,0,0,84,False,False
train,mp-1104648,87,233,88,88,2.67816091954023,1.0114942528735633,0,0,0,90,False,False
train,mp-756257,102,275,103,103,2.696078431372549,1.0098039215686274,0,0,0,105,False,False
train,mp-568816,94,257,95,95,2.734042553191489,1.0106382978723405,0,0,0,97,False,False
train,mp-1246775,164,477,165,165,2.908536585365854,1.0060975609756098,0,0,0,167,False,False
train,mp-2230612,139,387,140,140,2.7841726618705036,1.0071942446043165,0,0,0,142,False,False
train,mp-1033178,142,396,143,143,2.788732394366197,1.0070422535211268,0,0,0,145,False,False
train,mp-756431,160,447,161,161,2.79375,1.00625,0,0,0,163,False,False
train,mp-1174093,160,447,161,161,2.79375,1.00625,0,0,0,163,False,False
train,mp-561433,118,320,119,119,2.711864406779661,1.0084745762711864,0,0,0,121,False,False
train,mp-1101266,94,249,95,95,2.648936170212766,1.0106382978723405,0,0,0,97,False,False
train,mp-36600,82,217,83,83,2.6463414634146343,1.0121951219512195,0,0,0,85,False,False
train,mp-1182783,38,102,39,39,2.6842105263157894,1.0263157894736843,0,0,0,41,False,False
train,mp-1031866,160,446,161,161,2.7875,1.00625,0,0,0,163,False,False
train,mp-2228347,126,345,127,127,2.738095238095238,1.007936507936508,0,0,0,129,False,False
train,mp-2230315,142,398,143,143,2.8028169014084505,1.0070422535211268,0,0,0,145,False,False
train,mp-1096711,16,42,17,17,2.625,1.0625,0,0,0,19,False,False
train,mp-1214943,52,135,53,53,2.5961538461538463,1.0192307692307692,0,0,0,55,False,False
train,mp-1272454,140,409,141,141,2.9214285714285713,1.0071428571428571,0,0,0,143,False,False
train,mp-2240049,72,190,73,73,2.638888888888889,1.0138888888888888,0,0,0,75,False,False
train,mp-1101178,84,221,85,85,2.630952380952381,1.0119047619047619,0,0,0,87,False,False
train,mp-1188682,104,283,105,105,2.7211538461538463,1.0096153846153846,0,0,0,107,False,False
train,mp-762387,131,363,132,132,2.7709923664122136,1.0076335877862594,0,0,0,134,False,False
train,mp-1093571,16,43,17,17,2.6875,1.0625,0,0,0,19,False,False
train,mp-630851,220,631,221,221,2.868181818181818,1.0045454545454546,0,0,0,223,True,False
train,mp-2222759,63,164,64,64,2.6031746031746033,1.0158730158730158,0,0,0,66,False,False
train,mp-1520937,118,310,119,119,2.6271186440677967,1.0084745762711864,0,0,0,121,False,False
train,mp-1208842,132,367,133,133,2.7803030303030303,1.0075757575757576,0,0,0,135,False,False
train,mp-1093801,16,41,17,17,2.5625,1.0625,0,0,0,19,False,False
train,mp-690672,65,170,66,66,2.6153846153846154,1.0153846153846153,0,0,0,68,False,False
train,mp-765719,126,347,127,127,2.753968253968254,1.007936507936508,0,0,0,129,False,False
train,mp-1224129,43,116,44,44,2.697674418604651,1.0232558139534884,0,0,0,46,False,False
train,mp-1227586,162,455,163,163,2.808641975308642,1.0061728395061729,0,0,0,165,False,False
train,mp-1210492,92,255,93,93,2.7717391304347827,1.0108695652173914,0,0,0,95,False,False
train,mp-1522047,118,311,119,119,2.635593220338983,1.0084745762711864,0,0,0,121,False,False
train,mp-1229116,41,108,42,42,2.6341463414634148,1.024390243902439,0,0,0,44,False,False
train,mp-1221664,42,113,43,43,2.6904761904761907,1.0238095238095237,0,0,0,45,False,False
train,mp-1096491,16,42,17,17,2.625,1.0625,0,0,0,19,False,False
train,mp-1519341,118,308,119,119,2.610169491525424,1.0084745762711864,0,0,0,121,False,False
train,mp-757987,141,388,142,142,2.75177304964539,1.0070921985815602,0,0,0,144,False,False
train,mp-1190046,65,171,66,66,2.6307692307692307,1.0153846153846153,0,0,0,68,False,False
train,mp-2217663,89,238,90,90,2.6741573033707864,1.0112359550561798,0,0,0,92,False,False
train,mp-1218979,47,124,48,48,2.6382978723404253,1.0212765957446808,0,0,0,50,False,False
train,mp-2230495,145,404,146,146,2.786206896551724,1.006896551724138,0,0,0,148,False,False
train,mp-1190083,116,315,117,117,2.7155172413793105,1.0086206896551724,0,0,0,119,False,False
train,mp-1113070,118,311,119,119,2.635593220338983,1.0084745762711864,0,0,0,121,False,False
train,mp-1301323,110,297,111,111,2.7,1.009090909090909,0,0,0,113,False,False
train,mp-1043381,86,227,87,87,2.63953488372093,1.0116279069767442,0,0,0,89,False,False
train,mp-1226952,28,75,29,29,2.6785714285714284,1.0357142857142858,0,0,0,31,False,False
train,mp-997028,38,97,39,39,2.5526315789473686,1.0263157894736843,0,0,0,41,False,False
train,mp-1093616,16,43,17,17,2.6875,1.0625,0,0,0,19,False,False
train,mp-1239262,61,160,62,62,2.622950819672131,1.0163934426229508,0,0,0,64,False,False
train,mp-627684,95,251,96,96,2.642105263157895,1.0105263157894737,0,0,0,98,False,False
train,mp-1213938,80,211,81,81,2.6375,1.0125,0,0,0,83,False,False
train,mp-1182891,82,219,83,83,2.6707317073170733,1.0121951219512195,0,0,0,85,False,False
train,mp-1096395,16,43,17,17,2.6875,1.0625,0,0,0,19,False,False
train,mp-2215916,113,307,114,114,2.7168141592920354,1.008849557522124,0,0,0,116,False,False
train,mp-22356,110,297,111,111,2.7,1.009090909090909,0,0,0,113,False,False
train,mp-1218225,194,549,195,195,2.829896907216495,1.0051546391752577,0,0,0,197,True,False
train,mp-1100402,45,118,46,46,2.6222222222222222,1.0222222222222221,0,0,0,48,False,False
train,mp-756559,164,460,165,165,2.8048780487804876,1.0060975609756098,0,0,0,167,False,False
train,mp-1217406,100,269,101,101,2.69,1.01,0,0,0,103,False,False
train,mp-752476,162,455,163,163,2.808641975308642,1.0061728395061729,0,0,0,165,False,False
train,mp-1093825,16,43,17,17,2.6875,1.0625,0,0,0,19,False,False
train,mp-1220251,188,531,189,189,2.824468085106383,1.0053191489361701,0,0,0,191,True,False
train,mp-2230377,172,488,173,173,2.8372093023255816,1.005813953488372,0,0,0,175,False,False
train,mp-1009813,14,37,15,15,2.642857142857143,1.0714285714285714,0,0,0,17,False,False
train,mp-2230093,181,522,182,182,2.883977900552486,1.0055248618784531,0,0,0,184,True,False
train,mp-1028505,84,232,85,85,2.761904761904762,1.0119047619047619,0,0,0,87,False,False
train,mp-1047145,86,231,87,87,2.686046511627907,1.0116279069767442,0,0,0,89,False,False
train,mp-1227467,188,531,189,189,2.824468085106383,1.0053191489361701,0,0,0,191,True,False
train,mp-2226474,110,297,111,111,2.7,1.009090909090909,0,0,0,113,False,False
train,mp-1302702,164,459,165,165,2.798780487804878,1.0060975609756098,0,0,0,167,False,False
train,mp-1009894,14,36,15,15,2.5714285714285716,1.0714285714285714,0,0,0,17,False,False
train,mp-1246346,141,395,142,142,2.801418439716312,1.0070921985815602,0,0,0,144,False,False
train,mp-2232612,129,357,130,130,2.7674418604651163,1.0077519379844961,0,0,0,132,False,False
train,mp-2232473,117,321,118,118,2.7435897435897436,1.0085470085470085,0,0,0,120,False,False
train,mp-1093656,16,43,17,17,2.6875,1.0625,0,0,0,19,False,False
train,mp-1025732,63,168,64,64,2.6666666666666665,1.0158730158730158,0,0,0,66,False,False
train,mp-863758,156,431,157,157,2.7628205128205128,1.0064102564102564,0,0,0,159,False,False
train,mp-2240261,69,182,70,70,2.63768115942029,1.0144927536231885,0,0,0,72,False,False
train,mp-1079543,68,179,69,69,2.6323529411764706,1.0147058823529411,0,0,0,71,False,False
train,mp-1246266,114,325,115,115,2.8508771929824563,1.0087719298245614,0,0,0,117,False,False
train,mp-1227893,158,429,159,159,2.7151898734177213,1.0063291139240507,0,0,0,161,False,False
train,mp-1105333,308,893,309,309,2.8993506493506493,1.0032467532467533,0,0,0,311,True,False
train,mp-694873,188,533,189,189,2.8351063829787235,1.0053191489361701,0,0,0,191,True,False
train,mp-7774,122,327,123,123,2.680327868852459,1.0081967213114753,0,0,0,125,False,False
train,mp-1105922,168,481,169,169,2.863095238095238,1.005952380952381,0,0,0,171,False,False
train,mp-9571,47,126,48,48,2.6808510638297873,1.0212765957446808,0,0,0,50,False,False
train,mp-760,42,113,43,43,2.6904761904761907,1.0238095238095237,0,0,0,45,False,False
train,mp-27713,22,55,23,23,2.5,1.0454545454545454,0,0,0,25,False,False
train,mp-1043016,112,305,113,113,2.7232142857142856,1.0089285714285714,0,0,0,115,False,False
train,mp-755788,82,215,83,83,2.6219512195121952,1.0121951219512195,0,0,0,85,False,False
train,mp-1180345,56,139,57,57,2.482142857142857,1.0178571428571428,0,0,0,59,False,False
train,mp-1521037,118,310,119,119,2.6271186440677967,1.0084745762711864,0,0,0,121,False,False
train,mp-9635,58,153,59,59,2.6379310344827585,1.0172413793103448,0,0,0,61,False,False
train,mp-1384513,112,305,113,113,2.7232142857142856,1.0089285714285714,0,0,0,115,False,False
train,mp-1105196,108,301,109,109,2.787037037037037,1.0092592592592593,0,0,0,111,False,False
train,mp-1306224,82,215,83,83,2.6219512195121952,1.0121951219512195,0,0,0,85,False,False
train,mp-1097091,16,43,17,17,2.6875,1.0625,0,0,0,19,False,False
train,mp-752609,126,347,127,127,2.753968253968254,1.007936507936508,0,0,0,129,False,False
train,mp-1179704,116,339,117,117,2.9224137931034484,1.0086206896551724,0,0,0,119,False,False
train,mp-2230306,139,387,140,140,2.7841726618705036,1.0071942446043165,0,0,0,142,False,False
train,mp-1246052,140,411,141,141,2.9357142857142855,1.0071428571428571,0,0,0,143,False,False
train,mp-2232474,93,249,94,94,2.6774193548387095,1.010752688172043,0,0,0,96,False,False
train,mp-1216595,32,85,33,33,2.65625,1.03125,0,0,0,35,False,False
train,mp-15988,76,203,77,77,2.6710526315789473,1.013157894736842,0,0,0,79,False,False
train,mp-1103799,134,363,135,135,2.708955223880597,1.007462686567164,0,0,0,137,False,False
train,mp-18924,119,320,120,120,2.689075630252101,1.0084033613445378,0,0,0,122,False,False
train,mp-1246895,84,229,85,85,2.7261904761904763,1.0119047619047619,0,0,0,87,False,False
train,mp-1104080,57,148,58,58,2.5964912280701755,1.0175438596491229,0,0,0,60,False,False
train,mp-1042036,110,293,111,111,2.6636363636363636,1.009090909090909,0,0,0,113,False,False
train,mp-1212167,86,239,87,87,2.7790697674418605,1.0116279069767442,0,0,0,89,False,False
train,mp-1110580,46,119,47,47,2.5869565217391304,1.0217391304347827,0,0,0,49,False,False
train,mp-1043628,103,277,104,104,2.6893203883495147,1.0097087378640777,0,0,0,106,False,False
train,mp-2224111,42,108,43,43,2.5714285714285716,1.0238095238095237,0,0,0,45,False,False
train,mp-1180825,134,369,135,135,2.753731343283582,1.007462686567164,0,0,0,137,False,False
train,mp-2228847,126,347,127,127,2.753968253968254,1.007936507936508,0,0,0,129,False,False
train,mp-1110906,118,309,119,119,2.6186440677966103,1.0084745762711864,0,0,0,121,False,False
train,mp-22055,188,533,189,189,2.8351063829787235,1.0053191489361701,0,0,0,191,True,False
train,mp-1080771,53,136,54,54,2.5660377358490565,1.0188679245283019,0,0,0,56,False,False
train,mp-1041927,110,297,111,111,2.7,1.009090909090909,0,0,0,113,False,False
train,mp-752919,126,341,127,127,2.7063492063492065,1.007936507936508,0,0,0,129,False,False
train,mp-226,96,259,97,97,2.6979166666666665,1.0104166666666667,0,0,0,99,False,False
train,mp-2230094,164,465,165,165,2.8353658536585367,1.0060975609756098,0,0,0,167,False,False
train,mp-1104830,50,127,51,51,2.54,1.02,0,0,0,53,False,False
train,mp-1174064,200,577,201,201,2.885,1.005,0,0,0,203,True,False
train,mp-15074,186,514,187,187,2.763440860215054,1.0053763440860215,0,0,0,189,True,False
train,mp-1206626,46,123,47,47,2.6739130434782608,1.0217391304347827,0,0,0,49,False,False
train,mp-685105,69,182,70,70,2.63768115942029,1.0144927536231885,0,0,0,72,False,False
train,mp-1084760,70,181,71,71,2.585714285714286,1.0142857142857142,0,0,0,73,False,False
train,mp-2217388,66,173,67,67,2.621212121212121,1.0151515151515151,0,0,0,69,False,False
train,mp-12621,60,159,61,61,2.65,1.0166666666666666,0,0,0,63,False,False
train,mp-760778,124,340,125,125,2.7419354838709675,1.0080645161290323,0,0,0,127,False,False
train,mp-1095534,60,155,61,61,2.5833333333333335,1.0166666666666666,0,0,0,63,False,False
train,mp-756371,110,297,111,111,2.7,1.009090909090909,0,0,0,113,False,False
train,mp-2230445,142,395,143,143,2.7816901408450705,1.0070422535211268,0,0,0,145,False,False
train,mp-1273234,200,567,201,201,2.835,1.005,0,0,0,203,True,False
train,mp-2226703,97,261,98,98,2.6907216494845363,1.0103092783505154,0,0,0,100,False,False
train,mp-15557,136,365,137,137,2.6838235294117645,1.0073529411764706,0,0,0,139,False,False
train,mp-1112926,118,311,119,119,2.635593220338983,1.0084745762711864,0,0,0,121,False,False
train,mp-1023945,42,112,43,43,2.6666666666666665,1.0238095238095237,0,0,0,45,False,False
train,mp-20027,42,109,43,43,2.5952380952380953,1.0238095238095237,0,0,0,45,False,False
train,mp-675543,61,164,62,62,2.6885245901639343,1.0163934426229508,0,0,0,64,False,False
train,mp-1173475,134,369,135,135,2.753731343283582,1.007462686567164,0,0,0,137,False,False
train,mp-1234281,133,369,134,134,2.774436090225564,1.0075187969924813,0,0,0,136,False,False
train,mp-1247155,110,296,111,111,2.690909090909091,1.009090909090909,0,0,0,113,False,False
train,mp-1080350,69,186,70,70,2.6956521739130435,1.0144927536231885,0,0,0,72,False,False
train,mp-997042,56,147,57,57,2.625,1.0178571428571428,0,0,0,59,False,False
train,mp-961646,45,120,46,46,2.6666666666666665,1.0222222222222221,0,0,0,48,False,False
train,mp-1237969,91,252,92,92,2.769230769230769,1.010989010989011,0,0,0,94,False,False
train,mp-2017427,112,303,113,113,2.705357142857143,1.0089285714285714,0,0,0,115,False,False
train,mp-9383,40,105,41,41,2.625,1.025,0,0,0,43,False,False
train,mp-1033201,142,396,143,143,2.788732394366197,1.0070422535211268,0,0,0,145,False,False
train,mp-1303588,110,297,111,111,2.7,1.009090909090909,0,0,0,113,False,False
train,mp-23222,70,187,71,71,2.6714285714285713,1.0142857142857142,0,0,0,73,False,False
train,mp-861460,70,187,71,71,2.6714285714285713,1.0142857142857142,0,0,0,73,False,False
train,mp-644497,32,83,33,33,2.59375,1.03125,0,0,0,35,False,False
train,mp-753268,129,355,130,130,2.751937984496124,1.0077519379844961,0,0,0,132,False,False
train,mp-13836,126,345,127,127,2.738095238095238,1.007936507936508,0,0,0,129,False,False
train,mp-2226759,126,345,127,127,2.738095238095238,1.007936507936508,0,0,0,129,False,False
train,mp-1516349,118,310,119,119,2.6271186440677967,1.0084745762711864,0,0,0,121,False,False
train,mp-1247333,151,436,152,152,2.8874172185430464,1.0066225165562914,0,0,0,154,False,False
train,mp-1218334,120,341,121,121,2.841666666666667,1.0083333333333333,0,0,0,123,False,False
train,mp-1105776,186,535,187,187,2.8763440860215055,1.0053763440860215,0,0,0,189,True,False
train,mp-15257,200,579,201,201,2.895,1.005,0,0,0,203,True,False
train,mp-1033223,138,382,139,139,2.7681159420289854,1.0072463768115942,0,0,0,141,False,False
train,mp-2219449,85,229,86,86,2.6941176470588237,1.011764705882353,0,0,0,88,False,False
train,mp-2418,72,201,73,73,2.7916666666666665,1.0138888888888888,0,0,0,75,False,False
train,mp-30950,188,551,189,189,2.9308510638297873,1.0053191489361701,0,0,0,191,True,False
train,mp-867644,132,361,133,133,2.734848484848485,1.0075757575757576,0,0,0,135,False,False
train,mp-1025682,63,168,64,64,2.6666666666666665,1.0158730158730158,0,0,0,66,False,False
train,mp-1219871,72,197,73,73,2.736111111111111,1.0138888888888888,0,0,0,75,False,False
train,mp-1522919,118,311,119,119,2.635593220338983,1.0084745762711864,0,0,0,121,False,False
train,mp-1097089,16,43,17,17,2.6875,1.0625,0,0,0,19,False,False
train,mp-807935,113,314,114,114,2.7787610619469025,1.008849557522124,0,0,0,116,False,False
train,mp-1218266,209,592,210,210,2.8325358851674642,1.0047846889952152,0,0,0,212,True,False
train,mp-996992,34,89,35,35,2.6176470588235294,1.0294117647058822,0,0,0,37,False,False
train,mp-1218844,108,293,109,109,2.712962962962963,1.0092592592592593,0,0,0,111,False,False
train,mp-1110589,118,311,119,119,2.635593220338983,1.0084745762711864,0,0,0,121,False,False
train,mp-2228340,139,387,140,140,2.7841726618705036,1.0071942446043165,0,0,0,142,False,False
train,mp-777463,63,164,64,64,2.6031746031746033,1.0158730158730158,0,0,0,66,False,False
train,mp-1304075,122,331,123,123,2.7131147540983607,1.0081967213114753,0,0,0,125,False,False
train,mp-1206560,118,311,119,119,2.635593220338983,1.0084745762711864,0,0,0,121,False,False
train,mp-30949,188,551,189,189,2.9308510638297873,1.0053191489361701,0,0,0,191,True,False
train,mp-2228330,169,481,170,170,2.8461538461538463,1.0059171597633136,0,0,0,172,False,False
train,mp-726277,86,231,87,87,2.686046511627907,1.0116279069767442,0,0,0,89,False,False
train,mp-1100421,45,119,46,46,2.6444444444444444,1.0222222222222221,0,0,0,48,False,False
train,mp-28323,58,151,59,59,2.603448275862069,1.0172413793103448,0,0,0,61,False,False
train,mp-1069695,47,126,48,48,2.6808510638297873,1.0212765957446808,0,0,0,50,False,False
train,mp-1247038,110,297,111,111,2.7,1.009090909090909,0,0,0,113,False,False
train,mp-818255,104,283,105,105,2.7211538461538463,1.0096153846153846,0,0,0,107,False,False
train,mp-1030577,84,232,85,85,2.761904761904762,1.0119047619047619,0,0,0,87,False,False
train,mp-865185,47,126,48,48,2.6808510638297873,1.0212765957446808,0,0,0,50,False,False
train,mp-1174044,200,577,201,201,2.885,1.005,0,0,0,203,True,False
train,mp-1233835,127,366,128,128,2.8818897637795278,1.0078740157480315,0,0,0,130,False,False
train,mp-1032180,160,446,161,161,2.7875,1.00625,0,0,0,163,False,False
train,mp-1396411,160,447,161,161,2.79375,1.00625,0,0,0,163,False,False
train,mp-1522688,82,213,83,83,2.597560975609756,1.0121951219512195,0,0,0,85,False,False
train,mp-726717,78,205,79,79,2.628205128205128,1.0128205128205128,0,0,0,81,False,False
train,mp-1206667,45,120,46,46,2.6666666666666665,1.0222222222222221,0,0,0,48,False,False
train,mp-1522096,118,309,119,119,2.6186440677966103,1.0084745762711864,0,0,0,121,False,False
train,mp-1224214,129,345,130,130,2.6744186046511627,1.0077519379844961,0,0,0,132,False,False
train,mp-1097510,16,43,17,17,2.6875,1.0625,0,0,0,19,False,False
train,mp-1211729,86,228,87,87,2.6511627906976742,1.0116279069767442,0,0,0,89,False,False
train,mp-542512,188,533,189,189,2.8351063829787235,1.0053191489361701,0,0,0,191,True,False
train,mp-570213,27,72,28,28,2.6666666666666665,1.037037037037037,0,0,0,30,False,False
train,mp-1028646,84,230,85,85,2.738095238095238,1.0119047619047619,0,0,0,87,False,False
train,mp-978852,34,90,35,35,2.6470588235294117,1.0294117647058822,0,0,0,37,False,False
train,mp-1111995,46,117,47,47,2.5434782608695654,1.0217391304347827,0,0,0,49,False,False
train,mp-40356,118,311,119,119,2.635593220338983,1.0084745762711864,0,0,0,121,False,False
train,mp-2217827,92,247,93,93,2.6847826086956523,1.0108695652173914,0,0,0,95,False,False
train,mp-1518702,118,310,119,119,2.6271186440677967,1.0084745762711864,0,0,0,121,False,False
train,mp-1516366,118,311,119,119,2.635593220338983,1.0084745762711864,0,0,0,121,False,False
train,mp-1031098,141,391,142,142,2.773049645390071,1.0070921985815602,0,0,0,144,False,False
train,mp-1033335,160,447,161,161,2.79375,1.00625,0,0,0,163,False,False
train,mp-2230668,145,404,146,146,2.786206896551724,1.006896551724138,0,0,0,148,False,False
train,mp-1046254,136,375,137,137,2.7573529411764706,1.0073529411764706,0,0,0,139,False,False
train,mp-1147781,117,318,118,118,2.717948717948718,1.0085470085470085,0,0,0,120,False,False
train,mp-807827,88,240,89,89,2.727272727272727,1.0113636363636365,0,0,0,91,False,False
train,mp-1047244,86,231,87,87,2.686046511627907,1.0116279069767442,0,0,0,89,False,False
train,mp-1189240,90,243,91,91,2.7,1.011111111111111,0,0,0,93,False,False
train,mp-863316,47,121,48,48,2.574468085106383,1.0212765957446808,0,0,0,50,False,False
train,mp-962070,27,71,28,28,2.6296296296296298,1.037037037037037,0,0,0,30,False,False
train,mp-1030616,84,232,85,85,2.761904761904762,1.0119047619047619,0,0,0,87,False,False
train,mp-1413,48,125,49,49,2.6041666666666665,1.0208333333333333,0,0,0,51,False,False
train,mp-1245745,40,105,41,41,2.625,1.025,0,0,0,43,False,False
train,mp-753099,99,270,100,100,2.727272727272727,1.0101010101010102,0,0,0,102,False,False
train,mp-1093545,16,43,17,17,2.6875,1.0625,0,0,0,19,False,False
train,mp-1284624,120,329,121,121,2.7416666666666667,1.0083333333333333,0,0,0,123,False,False
train,mp-2230578,139,386,140,140,2.776978417266187,1.0071942446043165,0,0,0,142,False,False
train,mp-1387325,61,159,62,62,2.6065573770491803,1.0163934426229508,0,0,0,64,False,False
train,mp-1174023,160,447,161,161,2.79375,1.00625,0,0,0,163,False,False
train,mp-1033061,160,447,161,161,2.79375,1.00625,0,0,0,163,False,False
train,mp-1096747,16,43,17,17,2.6875,1.0625,0,0,0,19,False,False
train,mp-1224839,43,116,44,44,2.697674418604651,1.0232558139534884,0,0,0,46,False,False
train,mp-1188089,258,731,259,259,2.8333333333333335,1.003875968992248,0,0,0,261,True,False
train,mp-1180142,40,101,41,41,2.525,1.025,0,0,0,43,False,False
train,mp-1097152,16,43,17,17,2.6875,1.0625,0,0,0,19,False,False
train,mp-2232167,129,354,130,130,2.744186046511628,1.0077519379844961,0,0,0,132,False,False
train,mp-1402872,61,156,62,62,2.557377049180328,1.0163934426229508,0,0,0,64,False,False
train,mp-1234878,145,405,146,146,2.793103448275862,1.006896551724138,0,0,0,148,False,False
train,mp-1246357,162,459,163,163,2.8333333333333335,1.0061728395061729,0,0,0,165,False,False
train,mp-1104183,116,323,117,117,2.7844827586206895,1.0086206896551724,0,0,0,119,False,False
train,mp-1045538,122,326,123,123,2.6721311475409837,1.0081967213114753,0,0,0,125,False,False
train,mp-2217622,101,271,102,102,2.6831683168316833,1.00990099009901,0,0,0,104,False,False
train,mp-13982,112,311,113,113,2.7767857142857144,1.0089285714285714,0,0,0,115,False,False
train,mp-554518,164,459,165,165,2.798780487804878,1.0060975609756098,0,0,0,167,False,False
train,mp-2884,186,535,187,187,2.8763440860215055,1.0053763440860215,0,0,0,189,True,False
train,mp-1188270,95,253,96,96,2.663157894736842,1.0105263157894737,0,0,0,98,False,False
train,mp-755923,126,347,127,127,2.753968253968254,1.007936507936508,0,0,0,129,False,False
train,mp-1030635,80,211,81,81,2.6375,1.0125,0,0,0,83,False,False
train,mp-2218130,93,256,94,94,2.752688172043011,1.010752688172043,0,0,0,96,False,False
train,mp-1210642,140,395,141,141,2.8214285714285716,1.0071428571428571,0,0,0,143,False,False
train,mp-1029264,84,230,85,85,2.738095238095238,1.0119047619047619,0,0,0,87,False,False
train,mp-772208,141,388,142,142,2.75177304964539,1.0070921985815602,0,0,0,144,False,False
train,mp-7956,74,199,75,75,2.689189189189189,1.0135135135135136,0,0,0,77,False,False
train,mp-1218924,40,107,41,41,2.675,1.025,0,0,0,43,False,False
train,mp-18500,184,519,185,185,2.8206521739130435,1.0054347826086956,0,0,0,187,True,False
train,mp-1207268,118,311,119,119,2.635593220338983,1.0084745762711864,0,0,0,121,False,False
train,mp-34982,63,167,64,64,2.6507936507936507,1.0158730158730158,0,0,0,66,False,False
train,mp-1033572,141,391,142,142,2.773049645390071,1.0070921985815602,0,0,0,144,False,False
train,mp-2236380,110,298,111,111,2.709090909090909,1.009090909090909,0,0,0,113,False,False
train,mp-1111675,118,309,119,119,2.6186440677966103,1.0084745762711864,0,0,0,121,False,False
train,mp-1070860,60,157,61,61,2.6166666666666667,1.0166666666666666,0,0,0,63,False,False
train,mp-1347348,126,347,127,127,2.753968253968254,1.007936507936508,0,0,0,129,False,False
train,mp-756006,36,95,37,37,2.638888888888889,1.0277777777777777,0,0,0,39,False,False
train,mp-1317719,188,531,189,189,2.824468085106383,1.0053191489361701,0,0,0,191,True,False
train,mp-1206615,46,123,47,47,2.6739130434782608,1.0217391304347827,0,0,0,49,False,False
train,mp-1221650,28,75,29,29,2.6785714285714284,1.0357142857142858,0,0,0,31,False,False
train,mp-2222810,84,220,85,85,2.619047619047619,1.0119047619047619,0,0,0,87,False,False
train,mp-2896844,32,83,33,33,2.59375,1.03125,0,0,0,35,False,False
train,mp-632402,71,185,72,72,2.6056338028169015,1.0140845070422535,0,0,0,74,False,False
train,mp-1104010,158,437,159,159,2.7658227848101267,1.0063291139240507,0,0,0,161,False,False
train,mp-1212325,64,173,65,65,2.703125,1.015625,0,0,0,67,False,False
train,mp-1111720,118,311,119,119,2.635593220338983,1.0084745762711864,0,0,0,121,False,False
train,mp-1028592,84,231,85,85,2.75,1.0119047619047619,0,0,0,87,False,False
train,mp-3167,43,116,44,44,2.697674418604651,1.0232558139534884,0,0,0,46,False,False
train,mp-6408,56,147,57,57,2.625,1.0178571428571428,0,0,0,59,False,False
train,mp-1029337,47,124,48,48,2.6382978723404253,1.0212765957446808,0,0,0,50,False,False
train,mp-3532,34,91,35,35,2.676470588235294,1.0294117647058822,0,0,0,37,False,False
train,mp-1247218,110,295,111,111,2.6818181818181817,1.009090909090909,0,0,0,113,False,False
train,mp-1233019,142,395,143,143,2.7816901408450705,1.0070422535211268,0,0,0,145,False,False
train,mp-1227546,188,533,189,189,2.8351063829787235,1.0053191489361701,0,0,0,191,True,False
train,mp-1306460,110,297,111,111,2.7,1.009090909090909,0,0,0,113,False,False
train,mp-1232490,134,371,135,135,2.7686567164179103,1.007462686567164,0,0,0,137,False,False
train,mp-1174829,200,577,201,201,2.885,1.005,0,0,0,203,True,False
train,mp-1030194,84,232,85,85,2.761904761904762,1.0119047619047619,0,0,0,87,False,False
train,mp-1111507,46,119,47,47,2.5869565217391304,1.0217391304347827,0,0,0,49,False,False
train,mp-1245571,21,54,22,22,2.5714285714285716,1.0476190476190477,0,0,0,24,False,False
train,mp-1179222,86,227,87,87,2.63953488372093,1.0116279069767442,0,0,0,89,False,False
train,mp-2218089,68,180,69,69,2.6470588235294117,1.0147058823529411,0,0,0,71,False,False
train,mp-2231836,142,396,143,143,2.788732394366197,1.0070422535211268,0,0,0,145,False,False
train,mp-29164,188,531,189,189,2.824468085106383,1.0053191489361701,0,0,0,191,True,False
train,mp-1027894,84,228,85,85,2.7142857142857144,1.0119047619047619,0,0,0,87,False,False
train,mp-1227053,40,107,41,41,2.675,1.025,0,0,0,43,False,False
train,mp-1096818,98,265,99,99,2.704081632653061,1.010204081632653,0,0,0,101,False,False
train,mp-1236521,82,219,83,83,2.6707317073170733,1.0121951219512195,0,0,0,85,False,False
train,mp-1112067,118,309,119,119,2.6186440677966103,1.0084745762711864,0,0,0,121,False,False
train,mp-1521843,118,311,119,119,2.635593220338983,1.0084745762711864,0,0,0,121,False,False
train,mp-1080171,84,230,85,85,2.738095238095238,1.0119047619047619,0,0,0,87,False,False
train,mp-1178684,42,107,43,43,2.5476190476190474,1.0238095238095237,0,0,0,45,False,False
train,mp-1282190,236,669,237,237,2.8347457627118646,1.0042372881355932,0,0,0,239,True,False
train,mp-1228033,164,457,165,165,2.7865853658536586,1.0060975609756098,0,0,0,167,False,False
train,mp-2097,28,73,29,29,2.607142857142857,1.0357142857142858,0,0,0,31,False,False
train,mp-2230684,139,387,140,140,2.7841726618705036,1.0071942446043165,0,0,0,142,False,False
train,mp-1522681,132,360,133,133,2.727272727272727,1.0075757575757576,0,0,0,135,False,False
train,mp-6987,110,305,111,111,2.772727272727273,1.009090909090909,0,0,0,113,False,False
train,mp-545712,23,58,24,24,2.5217391304347827,1.0434782608695652,0,0,0,26,False,False
train,mp-1080279,21,56,22,22,2.6666666666666665,1.0476190476190477,0,0,0,24,False,False
train,mp-9538,112,311,113,113,2.7767857142857144,1.0089285714285714,0,0,0,115,False,False
train,mp-1232310,104,275,105,105,2.644230769230769,1.0096153846153846,0,0,0,107,False,False
train,mp-1044069,164,459,165,165,2.798780487804878,1.0060975609756098,0,0,0,167,False,False
train,mp-752624,126,347,127,127,2.753968253968254,1.007936507936508,0,0,0,129,False,False
train,mp-754892,59,156,60,60,2.6440677966101696,1.0169491525423728,0,0,0,62,False,False
train,mp-1346992,176,497,177,177,2.8238636363636362,1.0056818181818181,0,0,0,179,False,False
train,mp-1247053,110,297,111,111,2.7,1.009090909090909,0,0,0,113,False,False
train,mp-676121,82,217,83,83,2.6463414634146343,1.0121951219512195,0,0,0,85,False,False
train,mp-1174119,200,577,201,201,2.885,1.005,0,0,0,203,True,False
train,mp-2458827,56,147,57,57,2.625,1.0178571428571428,0,0,0,59,False,False
train,mp-1221209,130,350,131,131,2.6923076923076925,1.0076923076923077,0,0,0,133,False,False
train,mp-755715,84,223,85,85,2.6547619047619047,1.0119047619047619,0,0,0,87,False,False
train,mp-2228945,98,267,99,99,2.7244897959183674,1.010204081632653,0,0,0,101,False,False
train,mp-555096,126,341,127,127,2.7063492063492065,1.007936507936508,0,0,0,129,False,False
train,mp-1093779,16,42,17,17,2.625,1.0625,0,0,0,19,False,False
train,mp-566801,60,153,61,61,2.55,1.0166666666666666,0,0,0,63,False,False
train,mp-861547,160,447,161,161,2.79375,1.00625,0,0,0,163,False,False
train,mp-2228541,116,314,117,117,2.706896551724138,1.0086206896551724,0,0,0,119,False,False
train,mp-1227227,40,105,41,41,2.625,1.025,0,0,0,43,False,False
train,mp-1233244,139,386,140,140,2.776978417266187,1.0071942446043165,0,0,0,142,False,False
train,mp-1344128,149,418,150,150,2.8053691275167787,1.0067114093959733,0,0,0,152,False,False
train,mp-1029143,84,232,85,85,2.761904761904762,1.0119047619047619,0,0,0,87,False,False
train,mp-1110857,28,69,29,29,2.4642857142857144,1.0357142857142858,0,0,0,31,False,False
train,mp-756709,82,219,83,83,2.6707317073170733,1.0121951219512195,0,0,0,85,False,False
train,mp-1097000,34,89,35,35,2.6176470588235294,1.0294117647058822,0,0,0,37,False,False
train,mp-20974,84,221,85,85,2.630952380952381,1.0119047619047619,0,0,0,87,False,False
train,mp-1033378,160,447,161,161,2.79375,1.00625,0,0,0,163,False,False
train,mp-1031369,160,447,161,161,2.79375,1.00625,0,0,0,163,False,False
train,mp-1275789,126,347,127,127,2.753968253968254,1.007936507936508,0,0,0,129,False,False
train,mp-1215096,16,40,17,17,2.5,1.0625,0,0,0,19,False,False
train,mp-15661,158,427,159,159,2.7025316455696204,1.0063291139240507,0,0,0,161,False,False
train,mp-1212366,116,319,117,117,2.75,1.0086206896551724,0,0,0,119,False,False
train,mp-2219139,85,227,86,86,2.6705882352941175,1.011764705882353,0,0,0,88,False,False
train,mp-25302,21,54,22,22,2.5714285714285716,1.0476190476190477,0,0,0,24,False,False
train,mp-2230686,145,405,146,146,2.793103448275862,1.006896551724138,0,0,0,148,False,False
train,mp-1220508,188,533,189,189,2.8351063829787235,1.0053191489361701,0,0,0,191,True,False
train,mp-2214664,83,220,84,84,2.6506024096385543,1.0120481927710843,0,0,0,86,False,False
train,mp-1215447,28,73,29,29,2.607142857142857,1.0357142857142858,0,0,0,31,False,False
train,mp-1280895,236,671,237,237,2.843220338983051,1.0042372881355932,0,0,0,239,True,False
train,mp-1208230,51,129,52,52,2.5294117647058822,1.0196078431372548,0,0,0,54,False,False
train,mp-7368,200,579,201,201,2.895,1.005,0,0,0,203,True,False
train,mp-1210954,188,533,189,189,2.8351063829787235,1.0053191489361701,0,0,0,191,True,False
train,mp-1179558,32,80,33,33,2.5,1.03125,0,0,0,35,False,False
train,mp-2633954,68,177,69,69,2.6029411764705883,1.0147058823529411,0,0,0,71,False,False
train,mp-2226774,55,144,56,56,2.618181818181818,1.018181818181818,0,0,0,58,False,False
train,mp-1186069,158,439,159,159,2.778481012658228,1.0063291139240507,0,0,0,161,False,False
train,mp-1048428,152,414,153,153,2.723684210526316,1.006578947368421,0,0,0,155,False,False
train,mp-1228039,149,413,150,150,2.771812080536913,1.0067114093959733,0,0,0,152,False,False
train,mp-1028931,84,231,85,85,2.75,1.0119047619047619,0,0,0,87,False,False
train,mp-29643,28,75,29,29,2.6785714285714284,1.0357142857142858,0,0,0,31,False,False
train,mp-570238,108,296,109,109,2.740740740740741,1.0092592592592593,0,0,0,111,False,False
train,mp-1223909,43,115,44,44,2.6744186046511627,1.0232558139534884,0,0,0,46,False,False
train,mp-570930,81,218,82,82,2.691358024691358,1.0123456790123457,0,0,0,84,False,False
train,mp-2215878,107,288,108,108,2.691588785046729,1.0093457943925233,0,0,0,110,False,False
train,mp-1221491,104,289,105,105,2.7788461538461537,1.0096153846153846,0,0,0,107,False,False
train,mp-1210460,122,329,123,123,2.69672131147541,1.0081967213114753,0,0,0,125,False,False
train,mp-1111715,118,311,119,119,2.635593220338983,1.0084745762711864,0,0,0,121,False,False
train,mp-1033146,160,447,161,161,2.79375,1.00625,0,0,0,163,False,False
train,mp-1521404,82,213,83,83,2.597560975609756,1.0121951219512195,0,0,0,85,False,False
train,mp-1305077,96,261,97,97,2.71875,1.0104166666666667,0,0,0,99,False,False
val,mp-1223970,108,292,109,109,2.7037037037037037,1.0092592592592593,0,0,0,111,False,False
val,mp-568598,43,112,44,44,2.604651162790698,1.0232558139534884,0,0,0,46,False,False
val,mp-570597,41,108,42,42,2.6341463414634148,1.024390243902439,0,0,0,44,False,False
val,mp-763359,82,215,83,83,2.6219512195121952,1.0121951219512195,0,0,0,85,False,False
val,mp-1211182,110,297,111,111,2.7,1.009090909090909,0,0,0,113,False,False
val,mp-30055,59,156,60,60,2.6440677966101696,1.0169491525423728,0,0,0,62,False,False
val,mp-1179242,78,209,79,79,2.6794871794871793,1.0128205128205128,0,0,0,81,False,False
val,mp-20212,198,559,199,199,2.823232323232323,1.005050505050505,0,0,0,201,True,False
val,mp-2226818,135,372,136,136,2.7555555555555555,1.0074074074074073,0,0,0,138,False,False
val,mp-16236,84,223,85,85,2.6547619047619047,1.0119047619047619,0,0,0,87,False,False
val,mp-1003314,61,159,62,62,2.6065573770491803,1.0163934426229508,0,0,0,64,False,False
val,mp-11168,186,514,187,187,2.763440860215054,1.0053763440860215,0,0,0,189,True,False
val,mp-755905,122,333,123,123,2.7295081967213113,1.0081967213114753,0,0,0,125,False,False
val,mp-1100873,80,213,81,81,2.6625,1.0125,0,0,0,83,False,False
val,mp-13445,124,333,125,125,2.685483870967742,1.0080645161290323,0,0,0,127,False,False
val,mp-22982,124,345,125,125,2.782258064516129,1.0080645161290323,0,0,0,127,False,False
val,mp-1033482,160,447,161,161,2.79375,1.00625,0,0,0,163,False,False
val,mp-1110683,118,311,119,119,2.635593220338983,1.0084745762711864,0,0,0,121,False,False
val,mp-1048014,94,254,95,95,2.702127659574468,1.0106382978723405,0,0,0,97,False,False
val,mp-567776,112,295,113,113,2.6339285714285716,1.0089285714285714,0,0,0,115,False,False
val,mp-1183009,74,195,75,75,2.635135135135135,1.0135135135135136,0,0,0,77,False,False
val,mp-1228890,28,75,29,29,2.6785714285714284,1.0357142857142858,0,0,0,31,False,False
val,mp-13327,94,253,95,95,2.6914893617021276,1.0106382978723405,0,0,0,97,False,False
val,mp-1030447,84,233,85,85,2.7738095238095237,1.0119047619047619,0,0,0,87,False,False
val,mp-13542,84,233,85,85,2.7738095238095237,1.0119047619047619,0,0,0,87,False,False
val,mp-1027096,84,228,85,85,2.7142857142857144,1.0119047619047619,0,0,0,87,False,False
val,mp-1023948,42,113,43,43,2.6904761904761907,1.0238095238095237,0,0,0,45,False,False
val,mp-23227,22,57,23,23,2.590909090909091,1.0454545454545454,0,0,0,25,False,False
val,mp-3481,60,159,61,61,2.65,1.0166666666666666,0,0,0,63,False,False
val,mp-1009733,27,72,28,28,2.6666666666666665,1.037037037037037,0,0,0,30,False,False
val,mp-676250,61,164,62,62,2.6885245901639343,1.0163934426229508,0,0,0,64,False,False
val,mp-38971,158,425,159,159,2.689873417721519,1.0063291139240507,0,0,0,161,False,False
val,mp-567720,100,279,101,101,2.79,1.01,0,0,0,103,False,False
val,mp-1172913,19,54,20,20,2.8421052631578947,1.0526315789473684,0,0,0,22,False,False
val,mp-2227802,71,187,72,72,2.6338028169014085,1.0140845070422535,0,0,0,74,False,False
val,mp-1228950,56,151,57,57,2.6964285714285716,1.0178571428571428,0,0,0,59,False,False
val,mp-20485,44,119,45,45,2.7045454545454546,1.0227272727272727,0,0,0,47,False,False
val,mp-2017901,88,235,89,89,2.6704545454545454,1.0113636363636365,0,0,0,91,False,False
val,mp-1189840,152,423,153,153,2.7828947368421053,1.006578947368421,0,0,0,155,False,False
val,mp-1027145,84,230,85,85,2.738095238095238,1.0119047619047619,0,0,0,87,False,False
val,mp-322,32,83,33,33,2.59375,1.03125,0,0,0,35,False,False
val,mp-1220875,40,105,41,41,2.625,1.025,0,0,0,43,False,False
val,mp-974822,52,138,53,53,2.6538461538461537,1.0192307692307692,0,0,0,55,False,False
val,mp-996987,80,211,81,81,2.6375,1.0125,0,0,0,83,False,False
val,mp-978534,28,75,29,29,2.6785714285714284,1.0357142857142858,0,0,0,31,False,False
val,mp-1030721,84,233,85,85,2.7738095238095237,1.0119047619047619,0,0,0,87,False,False
val,mp-1218320,40,105,41,41,2.625,1.025,0,0,0,43,False,False
val,mp-1047384,60,157,61,61,2.6166666666666667,1.0166666666666666,0,0,0,63,False,False
val,mp-1104812,134,363,135,135,2.708955223880597,1.007462686567164,0,0,0,137,False,False
val,mp-1097668,16,43,17,17,2.6875,1.0625,0,0,0,19,False,False
val,mp-989638,79,207,80,80,2.6202531645569622,1.0126582278481013,0,0,0,82,False,False
val,mp-1030448,84,230,85,85,2.738095238095238,1.0119047619047619,0,0,0,87,False,False
val,mp-2229628,107,291,108,108,2.7196261682242993,1.0093457943925233,0,0,0,110,False,False
val,mp-1031483,160,446,161,161,2.7875,1.00625,0,0,0,163,False,False
val,mp-1096506,16,41,17,17,2.5625,1.0625,0,0,0,19,False,False
val,mp-1517277,118,311,119,119,2.635593220338983,1.0084745762711864,0,0,0,121,False,False
val,mp-1045327,138,381,139,139,2.760869565217391,1.0072463768115942,0,0,0,141,False,False
val,mp-1235035,94,247,95,95,2.627659574468085,1.0106382978723405,0,0,0,97,False,False
val,mp-759011,154,430,155,155,2.792207792207792,1.0064935064935066,0,0,0,157,False,False
val,mp-1093736,16,43,17,17,2.6875,1.0625,0,0,0,19,False,False
val,mp-1383360,49,125,50,50,2.5510204081632653,1.0204081632653061,0,0,0,52,False,False
val,mp-1095885,16,41,17,17,2.5625,1.0625,0,0,0,19,False,False
val,mp-1222151,61,160,62,62,2.622950819672131,1.0163934426229508,0,0,0,64,False,False
val,mp-754760,53,138,54,54,2.6037735849056602,1.0188679245283019,0,0,0,56,False,False
val,mp-1017539,22,57,23,23,2.590909090909091,1.0454545454545454,0,0,0,25,False,False
val,mp-23546,63,163,64,64,2.5873015873015874,1.0158730158730158,0,0,0,66,False,False
val,mp-1027474,84,229,85,85,2.7261904761904763,1.0119047619047619,0,0,0,87,False,False
val,mp-2230498,145,406,146,146,2.8,1.006896551724138,0,0,0,148,False,False
val,mp-1095275,75,203,76,76,2.7066666666666666,1.0133333333333334,0,0,0,78,False,False
val,mp-1013547,23,60,24,24,2.608695652173913,1.0434782608695652,0,0,0,26,False,False
val,mp-1110986,118,310,119,119,2.6271186440677967,1.0084745762711864,0,0,0,121,False,False
val,mp-2232835,111,302,112,112,2.720720720720721,1.009009009009009,0,0,0,114,False,False
val,mp-1208650,136,379,137,137,2.786764705882353,1.0073529411764706,0,0,0,139,False,False
val,mp-1080305,42,113,43,43,2.6904761904761907,1.0238095238095237,0,0,0,45,False,False
val,mp-29394,41,107,42,42,2.6097560975609757,1.024390243902439,0,0,0,44,False,False
val,mp-13326,94,253,95,95,2.6914893617021276,1.0106382978723405,0,0,0,97,False,False
val,mp-484,64,173,65,65,2.703125,1.015625,0,0,0,67,False,False
val,mp-2240690,69,182,70,70,2.63768115942029,1.0144927536231885,0,0,0,72,False,False
val,mp-1215542,56,151,57,57,2.6964285714285716,1.0178571428571428,0,0,0,59,False,False
val,mp-2230776,133,370,134,134,2.781954887218045,1.0075187969924813,0,0,0,136,False,False
val,mp-850855,84,225,85,85,2.6785714285714284,1.0119047619047619,0,0,0,87,False,False
val,mp-2219569,100,268,101,101,2.68,1.01,0,0,0,103,False,False
val,mp-1096064,16,43,17,17,2.6875,1.0625,0,0,0,19,False,False
val,mp-1040816,81,212,82,82,2.617283950617284,1.0123456790123457,0,0,0,84,False,False
val,mp-675037,158,429,159,159,2.7151898734177213,1.0063291139240507,0,0,0,161,False,False
val,mp-1110719,118,311,119,119,2.635593220338983,1.0084745762711864,0,0,0,121,False,False
val,mp-2228429,136,378,137,137,2.7794117647058822,1.0073529411764706,0,0,0,139,False,False
val,mp-802073,113,304,114,114,2.690265486725664,1.008849557522124,0,0,0,116,False,False
val,mp-1181180,64,165,65,65,2.578125,1.015625,0,0,0,67,False,False
val,mp-13568,126,341,127,127,2.7063492063492065,1.007936507936508,0,0,0,129,False,False
val,mp-1683,62,167,63,63,2.693548387096774,1.0161290322580645,0,0,0,65,False,False
val,mp-753935,122,330,123,123,2.7049180327868854,1.0081967213114753,0,0,0,125,False,False
val,mp-1033354,160,447,161,161,2.79375,1.00625,0,0,0,163,False,False
val,mp-1404745,103,278,104,104,2.6990291262135924,1.0097087378640777,0,0,0,106,False,False
val,mp-13829,60,167,61,61,2.783333333333333,1.0166666666666666,0,0,0,63,False,False
val,mp-1033590,141,391,142,142,2.773049645390071,1.0070921985815602,0,0,0,144,False,False
val,mp-780119,126,341,127,127,2.7063492063492065,1.007936507936508,0,0,0,129,False,False
val,mp-1176438,88,235,89,89,2.6704545454545454,1.0113636363636365,0,0,0,91,False,False
val,mp-865280,52,139,53,53,2.673076923076923,1.0192307692307692,0,0,0,55,False,False
val,mp-1096060,16,43,17,17,2.6875,1.0625,0,0,0,19,False,False
val,mp-38605,61,164,62,62,2.6885245901639343,1.0163934426229508,0,0,0,64,False,False
val,mp-1080260,30,81,31,31,2.7,1.0333333333333334,0,0,0,33,False,False
val,mp-1220941,158,435,159,159,2.7531645569620253,1.0063291139240507,0,0,0,161,False,False
val,mp-34255,158,429,159,159,2.7151898734177213,1.0063291139240507,0,0,0,161,False,False
val,mp-2232489,105,284,106,106,2.704761904761905,1.0095238095238095,0,0,0,108,False,False
val,mp-1523086,118,310,119,119,2.6271186440677967,1.0084745762711864,0,0,0,121,False,False
val,mp-1147550,93,246,94,94,2.6451612903225805,1.010752688172043,0,0,0,96,False,False
val,mp-1205525,118,311,119,119,2.635593220338983,1.0084745762711864,0,0,0,121,False,False
val,mp-1033290,129,357,130,130,2.7674418604651163,1.0077519379844961,0,0,0,132,False,False
val,mp-1096130,16,43,17,17,2.6875,1.0625,0,0,0,19,False,False
val,mp-1189150,161,462,162,162,2.869565217391304,1.0062111801242235,0,0,0,164,False,False
val,mp-1228010,149,412,150,150,2.7651006711409396,1.0067114093959733,0,0,0,152,False,False
val,mp-1093726,16,43,17,17,2.6875,1.0625,0,0,0,19,False,False
val,mp-755363,188,552,189,189,2.9361702127659575,1.0053191489361701,0,0,0,191,True,False
val,mp-2052153,82,215,83,83,2.6219512195121952,1.0121951219512195,0,0,0,85,False,False
val,mp-1246349,97,260,98,98,2.6804123711340204,1.0103092783505154,0,0,0,100,False,False
val,mp-781314,72,193,73,73,2.6805555555555554,1.0138888888888888,0,0,0,75,False,False
val,mp-1205635,118,310,119,119,2.6271186440677967,1.0084745762711864,0,0,0,121,False,False
val,mp-1079049,33,82,34,34,2.484848484848485,1.0303030303030303,0,0,0,36,False,False
val,mp-1205776,118,311,119,119,2.635593220338983,1.0084745762711864,0,0,0,121,False,False
val,mp-2232561,126,345,127,127,2.738095238095238,1.007936507936508,0,0,0,129,False,False
val,mp-556475,120,327,121,121,2.725,1.0083333333333333,0,0,0,123,False,False
val,mp-7943,184,527,185,185,2.864130434782609,1.0054347826086956,0,0,0,187,True,False
val,mp-2231932,133,371,134,134,2.789473684210526,1.0075187969924813,0,0,0,136,False,False
val,mp-19149,40,105,41,41,2.625,1.025,0,0,0,43,False,False
val,mp-1246941,84,224,85,85,2.6666666666666665,1.0119047619047619,0,0,0,87,False,False
val,mp-570044,92,247,93,93,2.6847826086956523,1.0108695652173914,0,0,0,95,False,False
val,mp-1207056,45,119,46,46,2.6444444444444444,1.0222222222222221,0,0,0,48,False,False
val,mp-676200,158,429,159,159,2.7151898734177213,1.0063291139240507,0,0,0,161,False,False
val,mp-974381,82,215,83,83,2.6219512195121952,1.0121951219512195,0,0,0,85,False,False
val,mp-7773,122,327,123,123,2.680327868852459,1.0081967213114753,0,0,0,125,False,False
val,mp-23795,45,114,46,46,2.533333333333333,1.0222222222222221,0,0,0,48,False,False
val,mp-19207,236,669,237,237,2.8347457627118646,1.0042372881355932,0,0,0,239,True,False
val,mp-752999,103,277,104,104,2.6893203883495147,1.0097087378640777,0,0,0,106,False,False
val,mp-10289,142,373,143,143,2.6267605633802815,1.0070422535211268,0,0,0,145,False,False
val,mp-1031129,160,446,161,161,2.7875,1.00625,0,0,0,163,False,False
val,mp-1097350,16,43,17,17,2.6875,1.0625,0,0,0,19,False,False
val,mp-1105961,188,533,189,189,2.8351063829787235,1.0053191489361701,0,0,0,191,True,False
val,mp-726073,56,143,57,57,2.5535714285714284,1.0178571428571428,0,0,0,59,False,False
val,mp-2230883,172,489,173,173,2.8430232558139537,1.005813953488372,0,0,0,175,False,False
val,mp-1234059,169,492,170,170,2.911242603550296,1.0059171597633136,0,0,0,172,False,False
val,mp-754454,86,231,87,87,2.686046511627907,1.0116279069767442,0,0,0,89,False,False
val,mp-676324,185,529,186,186,2.8594594594594596,1.0054054054054054,0,0,0,188,True,False
val,mp-1028851,84,230,85,85,2.738095238095238,1.0119047619047619,0,0,0,87,False,False
val,mp-27562,81,214,82,82,2.6419753086419755,1.0123456790123457,0,0,0,84,False,False
val,mp-1517951,82,213,83,83,2.597560975609756,1.0121951219512195,0,0,0,85,False,False
val,mp-34309,158,429,159,159,2.7151898734177213,1.0063291139240507,0,0,0,161,False,False
val,mp-541312,101,278,102,102,2.7524752475247523,1.00990099009901,0,0,0,104,False,False
val,mp-2228518,110,297,111,111,2.7,1.009090909090909,0,0,0,113,False,False
val,mp-2051057,68,175,69,69,2.573529411764706,1.0147058823529411,0,0,0,71,False,False
val,mp-1096760,16,43,17,17,2.6875,1.0625,0,0,0,19,False,False
val,mp-1344636,176,496,177,177,2.8181818181818183,1.0056818181818181,0,0,0,179,False,False
val,mp-1095891,16,43,17,17,2.6875,1.0625,0,0,0,19,False,False
val,mp-14883,197,550,198,198,2.7918781725888326,1.0050761421319796,0,0,0,200,True,False
val,mp-1080324,63,175,64,64,2.7777777777777777,1.0158730158730158,0,0,0,66,False,False
val,mp-7955,134,359,135,135,2.6791044776119404,1.007462686567164,0,0,0,137,False,False
val,mp-1045838,164,462,165,165,2.817073170731707,1.0060975609756098,0,0,0,167,False,False
val,mp-755459,42,111,43,43,2.642857142857143,1.0238095238095237,0,0,0,45,False,False
val,mp-1221988,110,297,111,111,2.7,1.009090909090909,0,0,0,113,False,False
val,mp-551690,66,173,67,67,2.621212121212121,1.0151515151515151,0,0,0,69,False,False
val,mp-1113488,118,311,119,119,2.635593220338983,1.0084745762711864,0,0,0,121,False,False
val,mp-755240,92,255,93,93,2.7717391304347827,1.0108695652173914,0,0,0,95,False,False
val,mp-672706,92,267,93,93,2.902173913043478,1.0108695652173914,0,0,0,95,False,False
val,mp-2241471,110,297,111,111,2.7,1.009090909090909,0,0,0,113,False,False
val,mp-612405,122,330,123,123,2.7049180327868854,1.0081967213114753,0,0,0,125,False,False
val,mp-756527,160,447,161,161,2.79375,1.00625,0,0,0,163,False,False
val,mp-1110895,46,117,47,47,2.5434782608695654,1.0217391304347827,0,0,0,49,False,False
val,mp-2231347,157,453,158,158,2.8853503184713376,1.0063694267515924,0,0,0,160,False,False
val,mp-12418,120,341,121,121,2.841666666666667,1.0083333333333333,0,0,0,123,False,False
val,mp-755334,126,347,127,127,2.753968253968254,1.007936507936508,0,0,0,129,False,False
val,mp-1106224,188,529,189,189,2.8138297872340425,1.0053191489361701,0,0,0,191,True,False
val,mp-4152,43,112,44,44,2.604651162790698,1.0232558139534884,0,0,0,46,False,False
val,mp-20191,200,593,201,201,2.965,1.005,0,0,0,203,True,False
val,mp-1173982,200,577,201,201,2.885,1.005,0,0,0,203,True,False
val,mp-2226745,97,260,98,98,2.6804123711340204,1.0103092783505154,0,0,0,100,False,False
val,mp-1111111,118,309,119,119,2.6186440677966103,1.0084745762711864,0,0,0,121,False,False
val,mp-989553,100,263,101,101,2.63,1.01,0,0,0,103,False,False
val,mp-1518060,118,311,119,119,2.635593220338983,1.0084745762711864,0,0,0,121,False,False
val,mp-1103226,126,341,127,127,2.7063492063492065,1.007936507936508,0,0,0,129,False,False
val,mp-1213188,106,288,107,107,2.7169811320754715,1.009433962264151,0,0,0,109,False,False
val,mp-866132,52,139,53,53,2.673076923076923,1.0192307692307692,0,0,0,55,False,False
val,mp-2214957,142,396,143,143,2.788732394366197,1.0070422535211268,0,0,0,145,False,False
val,mp-1174143,160,447,161,161,2.79375,1.00625,0,0,0,163,False,False
val,mp-561672,81,214,82,82,2.6419753086419755,1.0123456790123457,0,0,0,84,False,False
val,mp-2218908,103,278,104,104,2.6990291262135924,1.0097087378640777,0,0,0,106,False,False
val,mp-754922,61,158,62,62,2.5901639344262297,1.0163934426229508,0,0,0,64,False,False
val,mp-1027141,84,229,85,85,2.7261904761904763,1.0119047619047619,0,0,0,87,False,False
val,mp-1523179,118,311,119,119,2.635593220338983,1.0084745762711864,0,0,0,121,False,False
val,mp-1111272,46,119,47,47,2.5869565217391304,1.0217391304347827,0,0,0,49,False,False
val,mp-1021518,116,313,117,117,2.6982758620689653,1.0086206896551724,0,0,0,119,False,False
val,mp-6278,79,212,80,80,2.6835443037974684,1.0126582278481013,0,0,0,82,False,False
val,mp-8179,80,211,81,81,2.6375,1.0125,0,0,0,83,False,False
val,mp-9780,132,365,133,133,2.765151515151515,1.0075757575757576,0,0,0,135,False,False
val,mp-2218507,85,228,86,86,2.6823529411764704,1.011764705882353,0,0,0,88,False,False
val,mp-1096180,16,43,17,17,2.6875,1.0625,0,0,0,19,False,False
val,mp-1028433,84,230,85,85,2.738095238095238,1.0119047619047619,0,0,0,87,False,False
val,mp-1180037,47,120,48,48,2.5531914893617023,1.0212765957446808,0,0,0,50,False,False
val,mp-1189617,308,897,309,309,2.9123376623376624,1.0032467532467533,0,0,0,311,True,False
val,mp-29208,47,126,48,48,2.6808510638297873,1.0212765957446808,0,0,0,50,False,False
val,mp-567931,67,181,68,68,2.701492537313433,1.0149253731343284,0,0,0,70,False,False
val,mp-1097452,16,43,17,17,2.6875,1.0625,0,0,0,19,False,False
val,mp-1212799,114,319,115,115,2.7982456140350878,1.0087719298245614,0,0,0,117,False,False
val,mp-1032284,160,446,161,161,2.7875,1.00625,0,0,0,163,False,False
val,mp-1223043,175,493,176,176,2.817142857142857,1.0057142857142858,0,0,0,178,False,False
test,mp-1025733,63,170,64,64,2.6984126984126986,1.0158730158730158,0,0,0,66,False,False
test,mp-569905,146,407,147,147,2.787671232876712,1.0068493150684932,0,0,0,149,False,False
test,mp-1105283,188,533,189,189,2.8351063829787235,1.0053191489361701,0,0,0,191,True,False
test,mp-1226768,56,151,57,57,2.6964285714285716,1.0178571428571428,0,0,0,59,False,False
test,mp-1519892,118,311,119,119,2.635593220338983,1.0084745762711864,0,0,0,121,False,False
test,mp-8429,81,210,82,82,2.5925925925925926,1.0123456790123457,0,0,0,84,False,False
test,mp-771055,59,155,60,60,2.6271186440677967,1.0169491525423728,0,0,0,62,False,False
test,mp-1228446,76,201,77,77,2.6447368421052633,1.013157894736842,0,0,0,79,False,False
test,mp-1518126,118,311,119,119,2.635593220338983,1.0084745762711864,0,0,0,121,False,False
test,mp-1246333,164,475,165,165,2.8963414634146343,1.0060975609756098,0,0,0,167,False,False
test,mp-677041,80,217,81,81,2.7125,1.0125,0,0,0,83,False,False
test,mp-1245971,148,413,149,149,2.7905405405405403,1.0067567567567568,0,0,0,151,False,False
test,mp-568890,32,87,33,33,2.71875,1.03125,0,0,0,35,False,False
test,mp-14790,61,164,62,62,2.6885245901639343,1.0163934426229508,0,0,0,64,False,False
test,mp-12814,118,315,119,119,2.669491525423729,1.0084745762711864,0,0,0,121,False,False
test,mp-1097087,16,43,17,17,2.6875,1.0625,0,0,0,19,False,False
test,mp-2237174,110,297,111,111,2.7,1.009090909090909,0,0,0,113,False,False
test,mp-1189724,136,379,137,137,2.786764705882353,1.0073529411764706,0,0,0,139,False,False
test,mp-2233395,103,278,104,104,2.6990291262135924,1.0097087378640777,0,0,0,106,False,False
test,mp-1245941,72,201,73,73,2.7916666666666665,1.0138888888888888,0,0,0,75,False,False
test,mp-1188535,125,338,126,126,2.704,1.008,0,0,0,128,False,False
test,mp-2215836,85,224,86,86,2.635294117647059,1.011764705882353,0,0,0,88,False,False
test,mp-1217334,42,110,43,43,2.619047619047619,1.0238095238095237,0,0,0,45,False,False
test,mp-1105724,168,481,169,169,2.863095238095238,1.005952380952381,0,0,0,171,False,False
test,mp-1008506,34,90,35,35,2.6470588235294117,1.0294117647058822,0,0,0,37,False,False
test,mp-1213837,102,275,103,103,2.696078431372549,1.0098039215686274,0,0,0,105,False,False
test,mp-722288,85,231,86,86,2.7176470588235295,1.011764705882353,0,0,0,88,False,False
test,mp-2218325,121,332,122,122,2.743801652892562,1.0082644628099173,0,0,0,124,False,False
test,mp-1111304,46,119,47,47,2.5869565217391304,1.0217391304347827,0,0,0,49,False,False
test,mp-1222313,40,105,41,41,2.625,1.025,0,0,0,43,False,False
test,mp-27234,102,275,103,103,2.696078431372549,1.0098039215686274,0,0,0,105,False,False
test,mp-1101405,42,111,43,43,2.642857142857143,1.0238095238095237,0,0,0,45,False,False
test,mp-2218416,79,210,80,80,2.6582278481012658,1.0126582278481013,0,0,0,82,False,False
test,mp-1030618,80,211,81,81,2.6375,1.0125,0,0,0,83,False,False
test,mp-1096324,16,43,17,17,2.6875,1.0625,0,0,0,19,False,False
test,mp-561902,102,287,103,103,2.8137254901960786,1.0098039215686274,0,0,0,105,False,False
test,mp-9064,129,361,130,130,2.798449612403101,1.0077519379844961,0,0,0,132,False,False
test,mp-2217541,95,252,96,96,2.6526315789473682,1.0105263157894737,0,0,0,98,False,False
test,mp-1096296,16,42,17,17,2.625,1.0625,0,0,0,19,False,False
test,mp-1224356,100,269,101,101,2.69,1.01,0,0,0,103,False,False
test,mp-2230233,142,397,143,143,2.795774647887324,1.0070422535211268,0,0,0,145,False,False
test,mp-27336,236,671,237,237,2.843220338983051,1.0042372881355932,0,0,0,239,True,False
test,mp-556560,44,113,45,45,2.5681818181818183,1.0227272727272727,0,0,0,47,False,False
test,mp-2635564,42,108,43,43,2.5714285714285716,1.0238095238095237,0,0,0,45,False,False
test,mp-1097099,16,43,17,17,2.6875,1.0625,0,0,0,19,False,False
test,mp-2226428,79,211,80,80,2.670886075949367,1.0126582278481013,0,0,0,82,False,False
test,mp-1400342,103,278,104,104,2.6990291262135924,1.0097087378640777,0,0,0,106,False,False
test,mp-1205928,82,212,83,83,2.5853658536585367,1.0121951219512195,0,0,0,85,False,False
test,mp-860537,66,174,67,67,2.6363636363636362,1.0151515151515151,0,0,0,69,False,False
test,mp-732190,52,132,53,53,2.5384615384615383,1.0192307692307692,0,0,0,55,False,False
test,mp-997106,56,147,57,57,2.625,1.0178571428571428,0,0,0,59,False,False
test,mp-1213692,114,323,115,115,2.8333333333333335,1.0087719298245614,0,0,0,117,False,False
test,mp-541837,41,110,42,42,2.682926829268293,1.024390243902439,0,0,0,44,False,False
test,mp-1031827,160,446,161,161,2.7875,1.00625,0,0,0,163,False,False
test,mp-1110584,118,311,119,119,2.635593220338983,1.0084745762711864,0,0,0,121,False,False
test,mp-1207942,68,181,69,69,2.661764705882353,1.0147058823529411,0,0,0,71,False,False
test,mp-1105955,308,897,309,309,2.9123376623376624,1.0032467532467533,0,0,0,311,True,False
test,mp-1188175,200,579,201,201,2.895,1.005,0,0,0,203,True,False
test,mp-2217453,75,198,76,76,2.64,1.0133333333333334,0,0,0,78,False,False
test,mp-1079666,94,253,95,95,2.6914893617021276,1.0106382978723405,0,0,0,97,False,False
test,mp-1031413,160,446,161,161,2.7875,1.00625,0,0,0,163,False,False
test,mp-1215429,28,73,29,29,2.607142857142857,1.0357142857142858,0,0,0,31,False,False
test,mp-1080300,84,233,85,85,2.7738095238095237,1.0119047619047619,0,0,0,87,False,False
test,mp-866850,94,247,95,95,2.627659574468085,1.0106382978723405,0,0,0,97,False,False
test,mp-2219121,109,291,110,110,2.669724770642202,1.0091743119266054,0,0,0,112,False,False
test,mp-1205604,118,307,119,119,2.6016949152542375,1.0084745762711864,0,0,0,121,False,False
test,mp-1096298,16,43,17,17,2.6875,1.0625,0,0,0,19,False,False
test,mp-1025315,43,116,44,44,2.697674418604651,1.0232558139534884,0,0,0,46,False,False
test,mp-1096238,16,41,17,17,2.5625,1.0625,0,0,0,19,False,False
test,mp-1222748,63,163,64,64,2.5873015873015874,1.0158730158730158,0,0,0,66,False,False
test,mp-1095937,16,43,17,17,2.6875,1.0625,0,0,0,19,False,False
test,mp-7931,129,355,130,130,2.751937984496124,1.0077519379844961,0,0,0,132,False,False
test,mp-1209301,114,316,115,115,2.7719298245614037,1.0087719298245614,0,0,0,117,False,False
test,mp-753557,147,413,148,148,2.8095238095238093,1.0068027210884354,0,0,0,150,False,False
test,mp-1032565,160,447,161,161,2.79375,1.00625,0,0,0,163,False,False
test,mp-1094005,110,297,111,111,2.7,1.009090909090909,0,0,0,113,False,False
test,mp-1207306,11,28,12,12,2.5454545454545454,1.0909090909090908,0,0,0,14,False,False
test,mp-2230651,181,516,182,182,2.850828729281768,1.0055248618784531,0,0,0,184,True,False
test,mp-8311,56,147,57,57,2.625,1.0178571428571428,0,0,0,59,False,False
test,mp-22608,188,529,189,189,2.8138297872340425,1.0053191489361701,0,0,0,191,True,False
test,mp-561786,126,347,127,127,2.753968253968254,1.007936507936508,0,0,0,129,False,False
test,mp-754387,126,347,127,127,2.753968253968254,1.007936507936508,0,0,0,129,False,False
test,mp-613910,62,161,63,63,2.596774193548387,1.0161290322580645,0,0,0,65,False,False
test,mp-358,42,113,43,43,2.6904761904761907,1.0238095238095237,0,0,0,45,False,False
test,mp-1180244,75,199,76,76,2.6533333333333333,1.0133333333333334,0,0,0,78,False,False
test,mp-676561,32,84,33,33,2.625,1.03125,0,0,0,35,False,False
test,mp-1111097,46,119,47,47,2.5869565217391304,1.0217391304347827,0,0,0,49,False,False
test,mp-674325,83,221,84,84,2.6626506024096384,1.0120481927710843,0,0,0,86,False,False
test,mp-22999,110,297,111,111,2.7,1.009090909090909,0,0,0,113,False,False
test,mp-19240,84,225,85,85,2.6785714285714284,1.0119047619047619,0,0,0,87,False,False
test,mp-1218254,158,429,159,159,2.7151898734177213,1.0063291139240507,0,0,0,161,False,False
test,mp-2646976,134,359,135,135,2.6791044776119404,1.007462686567164,0,0,0,137,False,False
test,mp-33018,52,139,53,53,2.673076923076923,1.0192307692307692,0,0,0,55,False,False
test,mp-1048504,115,313,116,116,2.7217391304347824,1.008695652173913,0,0,0,118,False,False
test,mp-2228145,97,261,98,98,2.6907216494845363,1.0103092783505154,0,0,0,100,False,False
test,mp-1213779,54,142,55,55,2.6296296296296298,1.0185185185185186,0,0,0,57,False,False
test,mp-1079513,124,329,125,125,2.653225806451613,1.0080645161290323,0,0,0,127,False,False
test,mp-1023900,32,83,33,33,2.59375,1.03125,0,0,0,35,False,False
test,mp-19833,56,147,57,57,2.625,1.0178571428571428,0,0,0,59,False,False
test,mp-1105258,77,201,78,78,2.6103896103896105,1.0129870129870129,0,0,0,80,False,False
test,mp-1211106,188,533,189,189,2.8351063829787235,1.0053191489361701,0,0,0,191,True,False
test,mp-1188648,125,338,126,126,2.704,1.008,0,0,0,128,False,False
test,mp-554519,127,346,128,128,2.7244094488188977,1.0078740157480315,0,0,0,130,False,False
test,mp-9146,28,73,29,29,2.607142857142857,1.0357142857142858,0,0,0,31,False,False
test,mp-1030856,160,446,161,161,2.7875,1.00625,0,0,0,163,False,False
test,mp-1027600,84,226,85,85,2.6904761904761907,1.0119047619047619,0,0,0,87,False,False
test,mp-35248,66,177,67,67,2.6818181818181817,1.0151515151515151,0,0,0,69,False,False
test,mp-1272804,110,297,111,111,2.7,1.009090909090909,0,0,0,113,False,False
test,mp-1071539,36,91,37,37,2.5277777777777777,1.0277777777777777,0,0,0,39,False,False
test,mp-1345,129,355,130,130,2.751937984496124,1.0077519379844961,0,0,0,132,False,False
test,mp-22649,188,527,189,189,2.8031914893617023,1.0053191489361701,0,0,0,191,True,False
test,mp-1031089,160,447,161,161,2.79375,1.00625,0,0,0,163,False,False
test,mp-1301334,84,225,85,85,2.6785714285714284,1.0119047619047619,0,0,0,87,False,False
test,mp-761568,126,345,127,127,2.738095238095238,1.007936507936508,0,0,0,129,False,False
test,mp-1173988,120,329,121,121,2.7416666666666667,1.0083333333333333,0,0,0,123,False,False
test,mp-550437,75,196,76,76,2.6133333333333333,1.0133333333333334,0,0,0,78,False,False
test,mp-1519434,82,215,83,83,2.6219512195121952,1.0121951219512195,0,0,0,85,False,False
test,mp-19086,120,329,121,121,2.7416666666666667,1.0083333333333333,0,0,0,123,False,False
test,mp-1219621,114,312,115,115,2.736842105263158,1.0087719298245614,0,0,0,117,False,False
test,mp-4473,308,891,309,309,2.892857142857143,1.0032467532467533,0,0,0,311,True,False
test,mp-4009,80,211,81,81,2.6375,1.0125,0,0,0,83,False,False
test,mp-1033246,136,379,137,137,2.786764705882353,1.0073529411764706,0,0,0,139,False,False
test,mp-1219926,40,106,41,41,2.65,1.025,0,0,0,43,False,False
test,mp-1176750,112,309,113,113,2.7589285714285716,1.0089285714285714,0,0,0,115,False,False
test,mp-1228011,158,424,159,159,2.6835443037974684,1.0063291139240507,0,0,0,161,False,False
test,mp-1347137,133,370,134,134,2.781954887218045,1.0075187969924813,0,0,0,136,False,False
test,mp-12422,62,165,63,63,2.661290322580645,1.0161290322580645,0,0,0,65,False,False
test,mp-754039,77,200,78,78,2.5974025974025974,1.0129870129870129,0,0,0,80,False,False
test,mp-1519428,118,310,119,119,2.6271186440677967,1.0084745762711864,0,0,0,121,False,False
test,mp-2233736,97,262,98,98,2.7010309278350517,1.0103092783505154,0,0,0,100,False,False
test,mp-756797,110,297,111,111,2.7,1.009090909090909,0,0,0,113,False,False
test,mp-2217188,69,178,70,70,2.579710144927536,1.0144927536231885,0,0,0,72,False,False
test,mp-1026946,84,226,85,85,2.6904761904761907,1.0119047619047619,0,0,0,87,False,False
test,mp-1112941,118,311,119,119,2.635593220338983,1.0084745762711864,0,0,0,121,False,False
test,mp-559676,34,89,35,35,2.6176470588235294,1.0294117647058822,0,0,0,37,False,False
test,mp-1221979,43,116,44,44,2.697674418604651,1.0232558139534884,0,0,0,46,False,False
test,mp-1219943,40,106,41,41,2.65,1.025,0,0,0,43,False,False
test,mp-1100356,124,341,125,125,2.75,1.0080645161290323,0,0,0,127,False,False
test,mp-1236401,84,227,85,85,2.7023809523809526,1.0119047619047619,0,0,0,87,False,False
test,mp-569393,40,107,41,41,2.675,1.025,0,0,0,43,False,False
test,mp-1208665,17,42,18,18,2.4705882352941178,1.0588235294117647,0,0,0,20,False,False
test,mp-864675,82,217,83,83,2.6463414634146343,1.0121951219512195,0,0,0,85,False,False
test,mp-11191,144,386,145,145,2.6805555555555554,1.0069444444444444,0,0,0,147,False,False
test,mp-1235103,107,287,108,108,2.682242990654206,1.0093457943925233,0,0,0,110,False,False
test,mp-1522734,118,310,119,119,2.6271186440677967,1.0084745762711864,0,0,0,121,False,False
test,mp-1111731,118,311,119,119,2.635593220338983,1.0084745762711864,0,0,0,121,False,False
test,mp-1106013,66,177,67,67,2.6818181818181817,1.0151515151515151,0,0,0,69,False,False
test,mp-10314,47,126,48,48,2.6808510638297873,1.0212765957446808,0,0,0,50,False,False
test,mp-1219030,100,269,101,101,2.69,1.01,0,0,0,103,False,False
test,mp-1233911,139,387,140,140,2.7841726618705036,1.0071942446043165,0,0,0,142,False,False
test,mp-754557,110,293,111,111,2.6636363636363636,1.009090909090909,0,0,0,113,False,False
test,mp-1373844,140,393,141,141,2.807142857142857,1.0071428571428571,0,0,0,143,False,False
test,mp-1218925,80,215,81,81,2.6875,1.0125,0,0,0,83,False,False
test,mp-2229416,89,238,90,90,2.6741573033707864,1.0112359550561798,0,0,0,92,False,False
test,mp-1228051,236,668,237,237,2.830508474576271,1.0042372881355932,0,0,0,239,True,False
test,mp-1247786,84,233,85,85,2.7738095238095237,1.0119047619047619,0,0,0,87,False,False
test,mp-9307,41,108,42,42,2.6341463414634148,1.024390243902439,0,0,0,44,False,False
test,mp-908109,32,81,33,33,2.53125,1.03125,0,0,0,35,False,False
test,mp-25260,52,134,53,53,2.576923076923077,1.0192307692307692,0,0,0,55,False,False
test,mp-690112,45,113,46,46,2.511111111111111,1.0222222222222221,0,0,0,48,False,False
test,mp-1095919,16,43,17,17,2.6875,1.0625,0,0,0,19,False,False
test,mp-997041,68,179,69,69,2.6323529411764706,1.0147058823529411,0,0,0,71,False,False
test,mp-27948,61,164,62,62,2.6885245901639343,1.0163934426229508,0,0,0,64,False,False
test,mp-1216619,50,135,51,51,2.7,1.02,0,0,0,53,False,False
test,mp-1189879,112,319,113,113,2.8482142857142856,1.0089285714285714,0,0,0,115,False,False
test,mp-774219,141,389,142,142,2.7588652482269502,1.0070921985815602,0,0,0,144,False,False
test,mp-950217,46,117,47,47,2.5434782608695654,1.0217391304347827,0,0,0,49,False,False
test,mp-20331,100,286,101,101,2.86,1.01,0,0,0,103,False,False
test,mp-2228633,183,506,184,184,2.7650273224043715,1.005464480874317,0,0,0,186,False,False
test,mp-2232276,135,370,136,136,2.740740740740741,1.0074074074074073,0,0,0,138,False,False
test,mp-15668,86,231,87,87,2.686046511627907,1.0116279069767442,0,0,0,89,False,False
test,mp-2218483,91,243,92,92,2.67032967032967,1.010989010989011,0,0,0,94,False,False
test,mp-1232996,55,144,56,56,2.618181818181818,1.018181818181818,0,0,0,58,False,False
test,mp-1519972,118,311,119,119,2.635593220338983,1.0084745762711864,0,0,0,121,False,False
test,mp-2228427,169,481,170,170,2.8461538461538463,1.0059171597633136,0,0,0,172,False,False
test,mp-2230947,176,497,177,177,2.8238636363636362,1.0056818181818181,0,0,0,179,False,False
test,mp-769218,48,122,49,49,2.5416666666666665,1.0208333333333333,0,0,0,51,False,False
test,mp-38564,129,355,130,130,2.751937984496124,1.0077519379844961,0,0,0,132,False,False
test,mp-2220557,60,156,61,61,2.6,1.0166666666666666,0,0,0,63,False,False
test,mp-1096056,16,43,17,17,2.6875,1.0625,0,0,0,19,False,False
test,mp-1097424,16,42,17,17,2.625,1.0625,0,0,0,19,False,False
test,mp-1726,136,365,137,137,2.6838235294117645,1.0073529411764706,0,0,0,139,False,False
test,mp-849280,141,387,142,142,2.74468085106383,1.0070921985815602,0,0,0,144,False,False
test,mp-999200,28,75,29,29,2.6785714285714284,1.0357142857142858,0,0,0,31,False,False
test,mp-1100428,27,71,28,28,2.6296296296296298,1.037037037037037,0,0,0,30,False,False
test,mp-1216125,111,297,112,112,2.675675675675676,1.009009009009009,0,0,0,114,False,False
test,mp-1272796,97,255,98,98,2.6288659793814433,1.0103092783505154,0,0,0,100,False,False
test,mp-28965,69,181,70,70,2.6231884057971016,1.0144927536231885,0,0,0,72,False,False
test,mp-996994,28,73,29,29,2.607142857142857,1.0357142857142858,0,0,0,31,False,False
test,mp-1176579,72,201,73,73,2.7916666666666665,1.0138888888888888,0,0,0,75,False,False
test,mp-1033383,154,428,155,155,2.779220779220779,1.0064935064935066,0,0,0,157,False,False
test,mp-1095963,16,43,17,17,2.6875,1.0625,0,0,0,19,False,False
test,mp-1189021,58,151,59,59,2.603448275862069,1.0172413793103448,0,0,0,61,False,False
test,mp-1332209,89,240,90,90,2.696629213483146,1.0112359550561798,0,0,0,92,False,False
test,mp-1018941,60,159,61,61,2.65,1.0166666666666666,0,0,0,63,False,False
test,mp-1008786,20,53,21,21,2.65,1.05,0,0,0,23,False,False
test,mp-1095965,16,42,17,17,2.625,1.0625,0,0,0,19,False,False
test,mp-1519524,118,309,119,119,2.6186440677966103,1.0084745762711864,0,0,0,121,False,False
test,mp-12451,188,533,189,189,2.8351063829787235,1.0053191489361701,0,0,0,191,True,False
test,mp-1027549,84,230,85,85,2.738095238095238,1.0119047619047619,0,0,0,87,False,False
test,mp-1188599,308,893,309,309,2.8993506493506493,1.0032467532467533,0,0,0,311,True,False
test,mp-2228325,172,490,173,173,2.8488372093023258,1.005813953488372,0,0,0,175,False,False
test,mp-1105046,74,193,75,75,2.608108108108108,1.0135135135135136,0,0,0,77,False,False
test,mp-1341170,188,529,189,189,2.8138297872340425,1.0053191489361701,0,0,0,191,True,False
