composition_key,n_structures,n_unique_slices,n_unique_prototypes,min_energy_corrected_per_atom,max_energy_corrected_per_atom,energy_range
Ac1 Al2 Ni1,2,2,2,-4.80617,-4.72743175,0.07873824999999979
Ac1 As2 Li1,2,2,2,-4.522059,-4.50879375,0.013265249999999895
Ac1 B2 Ru1,2,2,2,-6.96447425,-6.696645,0.26782925000000013
Ac1 Bi2 Ca1,2,2,2,-4.24537175,-4.19692,0.048451749999999905
Ac1 Cd1 Na2,2,2,2,-1.827636,-1.75646795,0.07116805000000004
Ac1 Er1 S3,2,2,2,-6.763642,-6.7161156,0.04752639999999975
Ac1 Hg1 Sn1,2,2,2,-3.327302333333334,-3.219862388888889,0.10743994444444471
Ac1 Ho2 Lu1,2,2,2,-4.29378225,-4.252967,0.04081524999999964
Ac1 La1 S2,2,2,2,-6.72878925,-6.713657875,0.015131375000000169
Ac1 P2 Sm1,2,2,2,-6.37542,-6.2361775,0.13924249999999994
Ac1 Rh1,2,2,2,-6.442946,-6.40424925,0.038696749999999724
Ac1 Sb2 Ti1,2,2,2,-5.471125,-5.38004925,0.0910757499999999
Ac2 As1 Bi1,2,2,2,-5.14728075,-5.07597775,0.07130300000000034
Ac2 As1 Hg1,2,2,2,-4.0826125,-3.96181475,0.12079774999999993
Ac2 La1 Tl1,2,2,2,-4.0311065,-3.88628325,0.14482324999999996
Ac2 Lu1 Nd1,2,2,2,-4.33152,-4.109707,0.22181300000000004
Ac2 Nd1 Y1,2,2,2,-4.83103425,-4.8244115,0.006622750000000011
Ac2 Ru1 Sn3,2,2,2,-5.3925425,-5.390307166666666,0.002235333333334033
Ac3 Br1,2,2,2,-3.912456,-3.64252325,0.26993275000000017
Ag1 Al1 Br1,2,2,1,-2.4805407666666666,-2.2495024999999997,0.23103826666666682
Ag1 Al2 Cr1,3,3,3,-4.9366925,-4.80941625,0.12727625000000042
Ag1 As2 Se1,2,2,2,-3.8536935,-3.678768875,0.17492462500000006
Ag1 As2 Zr1,2,2,2,-5.34119425,-5.32975125,0.01144299999999987
Ag1 As3,2,2,2,-3.809090375,-3.71672,0.09237037499999978
Ag1 Au1 Cu2,2,2,2,-3.56355625,-3.555333375,0.008222874999999963
Ag1 Au1 F4,2,2,2,-3.3831355,-3.3601573333333334,0.02297816666666641
Ag1 Au1 Ru2,2,2,2,-5.85711325,-5.7643585,0.09275475000000011
Ag1 Au1 Te2,2,2,2,-3.098423,-3.0965025,0.0019204999999997696
Ag1 Au3,2,2,2,-3.198654375,-3.17595825,0.022696124999999956
Ag1 B1 Ge3,2,2,1,-4.016981599999999,-3.0816924,0.9352891999999993
Ag1 B1 I2,2,2,2,-2.39162425,-2.0900925,0.3015317500000001
Ag1 Ba1 Cd1,2,2,2,-2.1975001666666665,-2.1757008888888887,0.021799277777777792
Ag1 Ba1 O3,2,2,2,-5.4131610000000006,-4.8101844,0.6029766000000008
Ag1 Ba1 P2,2,2,2,-3.7590335,-3.68586025,0.07317324999999997
Ag1 Ba2 Na1,2,2,2,-2.132259875,-1.978874325,0.15338554999999987
Ag1 Ba2 Sr1,2,2,2,-2.2409770625,-2.1526805,0.08829656249999962
Ag1 Ba2 Tc1,2,2,2,-3.6870295,-3.6312465,0.055782999999999916
Ag1 Be1 Bi1,2,2,2,-3.275407833333333,-3.164634416666667,0.11077341666666607
Ag1 Be1 Cl2,2,2,2,-3.0416905,-2.58730525,0.4543852500000001
Ag1 Be1 Mn2,3,3,3,-6.11098675,-5.76912875,0.3418580000000002
Ag1 Be1 P1,2,2,2,-4.055940333333333,-4.053259166666667,0.0026811666666661793
Ag1 Br1 Te2,3,3,3,-2.75563075,-2.4750915,0.2805392499999999
Ag1 Br2 In1,2,2,2,-2.576857,-2.5372305,0.03962649999999979
Ag1 Br2 Te1,2,2,2,-2.16487575,-2.162922625,0.001953125
Ag1 Br2 W1,2,2,2,-4.4021015,-3.68991225,0.7121892499999998
Ag1 Br3 K1,2,2,2,-2.6407485,-2.5099947,0.13075379999999992
Ag1 C1 Sc3,2,2,2,-6.5447435,-6.455338,0.0894054999999998
Ag1 Ca1 P1,2,2,2,-4.012545583333334,-3.714416888888889,0.2981286944444448
Ag1 Ca1 Se2,2,2,2,-3.77430925,-3.74565775,0.028651500000000052
Ag1 Ca2 K1 Rb1,2,2,1,-1.7290964,-1.7182158,0.010880599999999907
Ag1 Cd1 O2,2,2,2,-4.30000925,-3.911852,0.38815724999999945
Ag1 Cd1 Rh2,2,2,2,-4.5319675,-4.4412035,0.09076400000000007
Ag1 Cd1 Tc1,2,2,2,-4.584240333333333,-4.579474833333333,0.004765499999999534
Ag1 Cd1 Zn1,2,2,2,-1.6938131666666667,-1.667693,0.02612016666666661
Ag1 Cd2 Zn1,2,2,2,-1.47337235,-1.4420935,0.03127885000000008
Ag1 Ce2 Te1,2,2,2,-5.063788,-5.05379625,0.0099917499999993
Ag1 Cl2 Co1,4,4,4,-3.552542,-3.39816825,0.15437374999999998
Ag1 Cl2 La1,2,2,2,-4.143095,-4.00096175,0.14213324999999966
Ag1 Co1 Ni2,2,2,2,-5.21874625,-4.79277275,0.42597349999999956
Ag1 Cr1,3,3,3,-5.5517835,-5.1693165,0.3824670000000001
Ag1 Cr1 Re1,2,2,2,-7.746241333333334,-7.262958666666666,0.48328266666666764
Ag1 Cr1 Si1,2,2,2,-5.686077666666667,-5.673940666666667,0.012137000000000064
Ag1 Cr1 Ta2,2,2,2,-8.8317475,-8.633134,0.19861350000000044
Ag1 Cr1 Te1,2,2,1,-4.899223666666667,-4.847312333333334,0.051911333333332976
Ag1 Cs2 Rb1,2,2,2,-1.34974525,-1.27491325,0.07483200000000001
Ag1 Cs6,2,2,2,-1.1213017142857142,-0.6359175714285714,0.4853841428571428
Ag1 Cu1 P2,2,2,2,-4.27125075,-4.1859755,0.08527525000000047
Ag1 Cu1 Sn2,2,2,2,-3.640644,-3.56547775,0.0751662500000001
Ag1 Cu1 Zr2,2,2,2,-6.05481375,-5.7697435,0.2850702500000004
Ag1 Dy3 Ho2,2,2,2,-4.380757333333333,-4.340539583333333,0.04021775000000005
Ag1 Er3 Ir2,2,2,2,-6.4371275,-6.426569,0.010558500000000137
Ag1 F2 Ni1,2,2,1,-4.23755875,-3.6637345,0.5738242499999999
Ag1 Ga1 Hf1,2,2,2,-5.46668,-5.425775000000001,0.040904999999999525
Ag1 Ga3,2,2,2,-2.94384575,-2.9359395625,0.007906187499999717
Ag1 H3 Na2,2,2,2,-2.6754725,-2.6737929166666667,0.001679583333333401
Ag1 H6 Tb1,2,2,2,-3.50759375,-2.87079425,0.6367995
Ag1 Hf1 La1,2,2,2,-5.9450875,-5.831708333333334,0.11337916666666548
Ag1 Hf2 Pb1,2,2,2,-6.58288,-6.4762025,0.10667749999999998
Ag1 Hg1,2,2,2,-1.5197385,-1.502794,0.01694450000000014
Ag1 Hg1 Na1 Pd1,2,2,2,-2.522884125,-2.41874425,0.10413987499999999
Ag1 Hg1 Sb2,2,2,2,-2.658597,-2.63409525,0.024501749999999767
Ag1 Hg1 Sr1,2,2,2,-2.005109,-1.6794247666666668,0.3256842333333332
Ag1 Hg1 Te2,3,3,3,-2.405263875,-2.2141185,0.19114537500000006
Ag1 In1,2,2,2,-2.76157475,-2.7360545,0.025520250000000022
Ag1 In1 Ir1,2,2,2,-4.557218333333333,-4.46647,0.09074833333333299
Ag1 In2 Pb1,2,2,2,-2.9476495,-2.93034875,0.017300749999999976
Ag1 Ir1 Pt2,2,2,2,-5.878788,-5.757431,0.12135699999999972
Ag1 Ir1 Tc2,2,2,2,-7.851634,-7.76383925,0.08779474999999959
Ag1 Ir2 Os1,2,2,2,-7.446941,-7.44411375,0.00282725000000017
Ag1 Ir2 P1,2,2,2,-6.417225375,-6.248814,0.1684113749999998
Ag1 Ir2 Re1,2,2,2,-8.07600875,-7.55600175,0.5200069999999997
Ag1 K1 Sc2,2,2,2,-4.01561975,-3.8007425,0.2148772499999998
Ag1 K1 Te3,2,2,2,-2.9076784,-2.7390999999999996,0.16857840000000035
Ag1 K1 Tl2,2,2,2,-2.191588,-2.0304795,0.16110849999999965
Ag1 La1 Rh1,2,2,2,-5.532133333333333,-5.4941621666666665,0.03797116666666689
Ag1 La1 S2,2,2,2,-5.615496875,-5.52171175,0.09378512500000014
Ag1 La1 Te2,2,2,2,-4.42568825,-4.4056855,0.020002750000000624
Ag1 La2,2,2,2,-4.3986928333333335,-3.9479183333333334,0.4507745000000001
Ag1 Li2 Os1,2,2,2,-4.227684,-4.19953975,0.028144250000000426
Ag1 Li2 Sc1,2,2,2,-3.29052725,-3.22508075,0.06544649999999974
Ag1 Mg1 Tl2,2,2,2,-2.252812,-2.24805775,0.00475424999999996
Ag1 Mg4,2,2,2,-1.9343634,-1.8799254,0.054437999999999986
Ag1 Mg5 Pd4,2,2,2,-3.7966232,-3.7918304,0.0047928000000001525
Ag1 Mn1 Te2,2,2,2,-4.58879575,-4.0996095,0.4891862500000004
Ag1 Mo1 Ni2,2,2,2,-5.990913,-5.582852875,0.40806012499999955
Ag1 Mo1 Ru1,2,2,2,-7.325961333333333,-7.238779,0.0871823333333328
Ag1 Mo2 Sc1,2,2,1,-7.52807725,-7.40645125,0.12162600000000001
Ag1 N1,2,2,2,-5.32487625,-4.02036125,1.3045150000000003
Ag1 Ni1,3,3,3,-4.02605025,-3.63546275,0.3905875000000001
Ag1 Ni1 Rh2,2,2,2,-5.67801425,-5.5751105,0.1029037500000003
Ag1 Ni2 Y1,2,2,2,-5.3806535,-5.35139325,0.0292602500000001
Ag1 Pb1 S4 U1,2,2,2,-6.077094285714286,-6.039815,0.03727928571428585
Ag1 Pb2 Sc1,2,2,2,-4.2983255,-4.261289,0.03703650000000014
Ag1 Pm1 Pr1 Sm1,2,2,2,-4.3896355,-4.3811425,0.00849299999999964
Ag1 Pm2 Ti1,2,2,2,-4.98426875,-4.6491475,0.33512125000000026
Ag1 Pt1,2,2,2,-4.411831666666667,-4.4090066666666665,0.0028250000000005215
Ag1 Pt1 Tc2,2,2,2,-7.13222875,-7.1194435,0.012785250000000303
Ag1 Pt1 Zn1,2,2,2,-3.6241126666666665,-3.156053333333333,0.4680593333333336
Ag1 Re2,2,2,2,-8.439964999999999,-8.215851666666667,0.2241133333333316
Ag1 Rh1 Si2,2,2,2,-5.27429,-5.21911,0.05518000000000001
Ag1 Rh1 Th2,2,2,2,-6.650555,-6.602704,0.047850999999999644
Ag1 Rh2 Tc1,2,2,2,-6.8141555,-6.5894725,0.22468299999999974
Ag1 Ru1,3,3,3,-5.6273285,-4.381119375,1.246209125
Ag1 Ru1 Si1,2,2,2,-5.847323666666667,-5.775828,0.07149566666666729
Ag1 S2 Y1,2,2,2,-6.00713575,-5.849782,0.15735374999999951
Ag1 Sb1 Tl2,2,2,2,-2.920789,-2.795883,0.12490600000000018
Ag1 Sb1 Y2,3,3,3,-5.5429575,-5.071782,0.4711755000000002
Ag1 Sc1 Ti1,2,2,2,-5.713682833333333,-4.275054333333333,1.4386285
Ag1 Se2 Tl1,2,2,2,-3.03009725,-2.84760025,0.1824969999999997
Ag1 Se2 U1,2,2,2,-5.9544675,-5.10741375,0.8470537499999997
Ag1 Si3,2,2,2,-4.389968125,-4.33384275,0.05612537500000059
Ag1 Sr1,2,2,2,-2.462824125,-2.3267759375,0.13604818750000014
Ag1 Ta2 Tl1,2,2,2,-6.90756175,-6.74888375,0.1586780000000001
Ag1 Te1 Y2,2,2,2,-5.21284625,-5.0337395,0.17910674999999987
Ag1 Te2,2,2,2,-3.044931083333333,-2.947312,0.09761908333333302
Ag1 Te2 Y1,2,2,2,-4.74626675,-4.69496825,0.05129850000000058
Ag1 Te4 Zr1,2,2,2,-4.1849855,-3.3931416666666667,0.7918438333333331
Ag1 Tl1,2,2,2,-2.4947239166666666,-2.16255875,0.3321651666666665
Ag1 Tm2,2,2,2,-4.145947166666667,-4.140116333333333,0.005830833333333452
Ag1 Zn2,2,2,2,-1.8419616666666665,-1.8237461666666668,0.018215499999999718
Ag2 As1 Tl1,2,2,2,-2.9693215,-2.9065415,0.06278000000000006
Ag2 Au1 Ba2,2,2,2,-2.8783952,-2.812603,0.06579219999999975
Ag2 Au1 Cd1,2,2,2,-2.550418125,-2.522455,0.02796312500000031
Ag2 Au1 Pt1,2,2,2,-3.766349,-3.723554,0.042794999999999916
Ag2 Br1 Rh1,2,2,2,-3.33869625,-3.2281875,0.11050874999999971
Ag2 Cd1 Fe1,2,2,2,-3.5256715,-3.4630865,0.06258499999999989
Ag2 Cd1 Zn1,2,2,2,-1.983028175,-1.96554315,0.017485025000000043
Ag2 Cd2 Zr1,2,2,2,-3.2384500000000003,-3.1536528,0.08479720000000013
Ag2 Cd9 K1,2,2,2,-1.3357666666666663,-1.2805619166666666,0.05520474999999969
Ag2 Co1 Mn1,2,2,2,-5.1196145,-5.0567855,0.0628289999999998
Ag2 Cr1 Zr1,2,2,2,-5.7039805,-5.58673,0.11725049999999992
Ag2 Cu1 Tl1,2,2,2,-2.879445,-2.73792525,0.14151975000000006
Ag2 Fe1 Os1,3,3,3,-5.944128,-5.68722825,0.25689974999999965
Ag2 Fe1 Pt1,2,2,2,-4.90064625,-4.83448175,0.06616450000000018
Ag2 Fe1 Rh1,2,2,2,-5.1082855,-5.10008,0.008205499999999866
Ag2 Fe1 Ru1,2,2,2,-5.35921525,-5.19961225,0.15960299999999972
Ag2 Fe1 Se1,2,2,2,-4.18263625,-4.079589,0.10304724999999948
Ag2 Hg1 Zr1,2,2,2,-3.6549915,-3.59171625,0.06327524999999978
Ag2 In1 Sb1,2,2,2,-3.05752225,-3.0064675,0.05105475000000004
Ag2 K1 Zn1,2,2,2,-1.90770075,-1.8130335,0.09466725000000009
Ag2 Mg1 Zn2,2,2,2,-2.0721416,-1.9297778,0.14236380000000004
Ag2 Mo1 Sr1,2,2,2,-3.95225475,-3.658852125,0.2934026249999997
Ag2 Nd1 Tb1,2,2,2,-4.05153375,-4.0484375,0.0030962499999995785
Ag2 Os1 Rh1,2,2,2,-5.657339,-5.23714825,0.4201907500000006
Ag2 Os1 Zn1,2,2,2,-4.12692875,-3.7539125,0.37301625000000005
Ag2 P1 Ta1,2,2,2,-5.74011375,-5.53624925,0.2038644999999999
Ag2 Pb1,2,2,2,-3.095170333333334,-2.9907203333333334,0.10445000000000038
Ag2 Pt1 Zr1,2,2,2,-5.42131475,-4.91161125,0.5097034999999996
Ag2 Sr1 Ta1,2,2,2,-4.3063725,-3.953174,0.35319849999999997
Ag2 Tl1,2,2,2,-2.5492335,-2.459906888888889,0.08932661111111129
Ag3 Al2 Mg1,2,2,2,-3.0223866666666663,-2.9606593333333335,0.0617273333333328
Ag3 Au1 K1,2,2,1,-2.3886626,-1.30718966,1.08147294
Ag3 Cd1,3,3,3,-2.39787475,-2.383987,0.01388775000000031
Ag3 F1 Se1,2,2,2,-3.249803,-2.9596968,0.29010619999999987
Ag4 Au1 Pd3,2,2,2,-3.8362555,-3.82462075,0.011634750000000249
Ag5 Zr1,2,2,2,-3.7844455,-3.767605,0.016840499999999814
Ag6 Li3 Pd1,2,2,2,-2.89116075,-2.80986235,0.0812984000000001
Al1 Au1 F2,2,2,2,-4.4014745,-3.471787,0.9296875
Al1 Au1 Mn2,2,2,2,-6.2834835,-6.014753375,0.26873012500000026
Al1 Au1 Pd1,2,2,2,-4.6161705,-4.555861,0.060309499999999794
Al1 Au1 Th4,2,2,2,-6.464122166666667,-6.303147,0.16097516666666678
Al1 Au1 Ti1,2,2,2,-5.425834666666667,-5.3766925,0.04914216666666693
Al1 Au2 Ce1,2,2,2,-4.685278,-4.51404575,0.17123225000000009
Al1 Ba1,2,2,2,-2.9026705,-2.56655725,0.33611325000000036
Al1 Ba1 Mo2,2,2,2,-6.39064125,-5.8990835,0.4915577500000001
Al1 Ba1 Os2,2,2,2,-6.48393975,-5.8940955,0.5898442500000005
Al1 Be1 Cd2,2,2,2,-2.03092525,-1.98569125,0.04523400000000022
Al1 Be1 H1,2,2,2,-3.3813006666666667,-3.3725478333333334,0.00875283333333332
Al1 Be1 Tc1,2,2,2,-6.1473205,-5.469467666666667,0.6778528333333336
Al1 Be2 Re1,2,2,2,-5.982727,-5.54254375,0.4401832499999996
Al1 Be2 Si1,2,2,2,-3.97525375,-3.655764,0.3194897499999998
Al1 Br2 Rh1,2,2,2,-3.33303575,-3.2001335,0.1329022499999999
Al1 Br2 Sc1,2,2,2,-3.956966875,-3.70378475,0.2531821249999999
Al1 Br3,2,2,2,-3.2777021875,-3.2345605,0.043141687499999914
Al1 Br4 Na1,2,2,2,-3.241873333333333,-3.2367906666666664,0.005082666666666569
Al1 C1 Rb1,2,2,2,-3.900392166666667,-2.9999898333333337,0.9004023333333335
Al1 Ca1,2,2,2,-2.92408625,-2.729307625,0.1947786250000001
Al1 Ca1 La1,2,2,2,-3.7229833333333335,-3.6978473333333337,0.025135999999999825
Al1 Ca1 Se2,2,2,2,-4.3406075,-4.0330975,0.30750999999999973
Al1 Ca1 Sn1,2,2,2,-3.593779,-3.583525,0.010254000000000207
Al1 Cd1 Ga1,2,2,2,-2.5067915,-2.448006,0.058785499999999935
Al1 Cd1 Tl2,2,2,2,-2.14089,-2.13998125,0.0009087500000002358
Al1 Cd2 Cr1,2,2,2,-3.61925725,-3.5690365,0.050220749999999814
Al1 Cd2 Re1,2,2,2,-4.1835425,-3.740711,0.4428314999999996
Al1 Cd2 Sc1,2,2,2,-3.123741,-3.09703275,0.02670824999999999
Al1 Cd3 Tb2,2,2,2,-2.9739875,-2.966878916666667,0.007108583333332863
Al1 Ce1 Pt2,2,2,2,-6.5262395,-6.41959575,0.10664374999999993
Al1 Cl2 Pb1,2,2,2,-3.22542075,-3.142858,0.08256275000000013
Al1 Co1 Mn2,2,2,2,-7.42935325,-7.41659975,0.012753500000000528
Al1 Co1 Pb1,2,2,2,-4.702903333333333,-4.544635333333333,0.15826800000000052
Al1 Co1 Ta2,3,3,3,-8.777092,-8.55743,0.21966199999999958
Al1 Co1 U1,2,2,2,-7.647651,-7.616958,0.030692999999999415
Al1 Co2 Tc1,2,2,2,-7.2553435,-7.2286415,0.026702000000000226
Al1 Co2 Zr1,2,2,2,-7.03135825,-6.93249425,0.09886399999999984
Al1 Cr1 Fe2,2,2,2,-7.5847435,-7.56838075,0.01636274999999987
Al1 Cr1 K2,2,2,2,-3.34883725,-3.2583055,0.0905317499999998
Al1 Cr1 Si2,2,2,2,-5.9195285,-5.88602925,0.0334992500000002
Al1 Cr1 Tc2,2,2,2,-8.57978625,-8.5683725,0.011413749999999112
Al1 Cu1 Ni1,2,2,2,-4.6015904999999995,-4.518248333333333,0.08334216666666627
Al1 Cu1 Si1,2,2,2,-4.424733833333334,-4.368386833333333,0.05634700000000059
Al1 Cu1 Si2,3,3,3,-4.52648375,-4.482489125,0.04399462499999984
Al1 Cu1 Sr1,2,2,2,-3.3438616666666667,-3.3251690000000003,0.01869266666666647
Al1 Cu1 Tl2,2,2,2,-2.7687255,-2.765328,0.0033975000000001643
Al1 Cu1 Tm1,2,2,2,-4.497015333333334,-4.4919191666666665,0.0050961666666671235
Al1 Cu1 U1,2,2,2,-6.404482000000001,-6.355712222222222,0.048769777777778245
Al1 Cu1 Zr2,2,2,2,-6.291368,-6.2103815,0.08098649999999985
Al1 Cu2 In1 Te4,2,2,2,-3.709735625,-3.70822525,0.0015103750000000637
Al1 Cu3 H7,2,2,2,-3.4100654545454545,-3.4053290909090914,0.0047363636363630945
Al1 Dy1 Ho1 Tb1,2,2,2,-4.57646475,-4.44243375,0.13403100000000023
Al1 Fe1 Sc1,2,2,2,-6.565390555555556,-6.3634905,0.2019000555555559
Al1 Fe3 Nb2,2,2,2,-8.478635833333334,-8.432600833333334,0.046034999999999826
Al1 Fe4,2,2,2,-7.694947000000001,-6.3261062,1.368840800000001
Al1 Ga1 Th1,2,2,2,-5.2836083333333335,-5.277398333333333,0.006210000000000271
Al1 Gd1 Th1,2,2,2,-8.567621333333333,-8.450521333333333,0.11710000000000065
Al1 Ge1 Na1,2,2,2,-3.1605974999999997,-3.05531,0.10528749999999976
Al1 Ge1 Pr1,2,2,2,-5.045857666666667,-5.008116666666667,0.03774099999999958
Al1 Ge1 Re1,2,2,2,-7.123406166666666,-6.744678,0.378728166666666
Al1 H1 Ni3,2,2,2,-4.988901,-4.3171413,0.6717597
Al1 Hg1 In2,2,2,2,-2.2655005,-2.25608975,0.009410749999999801
Al1 Ho1 Pd1,2,2,2,-5.389905,-5.300017666666666,0.08988733333333343
Al1 In1 P1,2,2,2,-4.105024333333334,-3.700343333333333,0.4046810000000005
Al1 In1 Sb2,3,3,3,-3.601149,-3.48329675,0.11785224999999988
Al1 In1 Y2,2,2,2,-5.2485915,-5.054803,0.19378850000000014
Al1 In1 Zn1,2,2,2,-2.480023166666667,-2.3432498,0.13677336666666662
Al1 In2 Pb1,2,2,2,-3.101128,-3.08399625,0.01713174999999989
Al1 In2 Rh1,2,2,2,-4.20359075,-4.130846,0.07274475000000002
Al1 Ir1,2,2,2,-6.95859325,-6.6299090625,0.3286841874999995
Al1 K1,2,2,2,-2.302874,-2.2408365,0.06203750000000019
Al1 K2 Li1,2,2,2,-1.5985788,-1.5863945,0.012184300000000148
Al1 K2 Mo1,2,2,2,-3.22602025,-3.05350425,0.1725159999999999
Al1 La1,2,2,2,-4.7021025,-4.6779585,0.02414399999999972
Al1 La1 Pt2,2,2,2,-6.004809,-5.41200875,0.5928002499999998
Al1 La1 Sb2,2,2,2,-4.76805925,-4.738700375,0.029358875000000673
Al1 La1 Si2,2,2,2,-5.3516396875,-5.121467,0.23017268749999964
Al1 La1 Ti1 V1,2,2,2,-6.26556775,-6.254013,0.011554750000000169
Al1 La3 O1,2,2,2,-5.555444,-5.129306,0.4261379999999999
Al1 La5,2,2,2,-4.829074166666667,-4.754576,0.07449816666666642
Al1 Li1 Mg2,2,2,2,-2.24671925,-2.2173455,0.029373749999999976
Al1 Li1 Pt1,2,2,2,-4.351495,-4.245329,0.10616599999999998
Al1 Li1 Rh2,3,3,3,-5.713449,-5.19252975,0.5209192499999995
Al1 Li1 Zn1,3,3,3,-2.4273664,-2.2713836666666665,0.15598273333333346
Al1 Mg1 Sc1,2,2,2,-4.107107333333333,-4.083612333333334,0.0234949999999996
Al1 Mo1 Os2,2,2,2,-9.3272475,-9.2758675,0.05137999999999998
Al1 Mo1 W2,2,2,2,-9.8458425,-9.21233125,0.6335112499999997
Al1 Mo2 Zr1,2,2,2,-8.6517935,-8.50765,0.1441435000000002
Al1 Na1 O1,2,2,2,-4.997024166666667,-4.9757385,0.021285666666666536
Al1 Na1 Se2,2,2,2,-4.045515,-3.98620475,0.05931024999999979
Al1 O2 Rb1,2,2,2,-6.17065125,-6.1556725,0.01497875000000004
Al1 O2 Tl1,3,3,3,-6.4282546875,-6.1819305,0.24632418749999996
Al1 O2 V1,2,2,2,-7.84166675,-7.83445225,0.0072144999999999015
Al1 Os2 Pt1,3,3,3,-8.093855,-7.931,0.16285499999999953
Al1 Os2 Tl1,2,2,2,-6.91515875,-6.670015,0.24514374999999955
Al1 P1 Sc2,2,2,2,-6.2604885,-5.8610475,0.3994410000000004
Al1 P1 Se1,2,2,2,-4.662388166666667,-4.623082833333333,0.03930533333333397
Al1 P2 Se1,2,2,2,-4.587607,-4.06472675,0.52288025
Al1 Pd1 Pm1,2,2,2,-5.3016,-5.1646366666666665,0.1369633333333331
Al1 Pd2 V1,2,2,2,-6.30848075,-6.25962125,0.048859499999999834
Al1 Pr2 Pu1,2,2,2,-6.94894925,-6.534392,0.41455724999999966
Al1 Re2 Y1,2,2,2,-8.532278,-8.4124025,0.11987549999999914
Al1 Rh1,2,2,2,-6.345465,-5.987538,0.3579270000000001
Al1 Rh2,3,3,3,-6.759035,-6.480575000000001,0.27845999999999904
Al1 Rh2 Ta1,3,3,3,-8.34001825,-8.1676575,0.17236074999999929
Al1 Ru1 Te2,2,2,2,-4.69240425,-4.23810825,0.45429600000000026
Al1 Sc1,2,2,2,-5.4910355,-5.4879765,0.003058999999999479
Al1 Se3 Y1,3,3,3,-5.3577786000000005,-4.4634414,0.8943372000000007
Al1 Ta1,2,2,2,-7.93874,-7.929555833333333,0.009184166666667437
Al1 Ta2,3,3,3,-9.274251666666666,-9.155896666666669,0.11835499999999755
Al1 Ta2 W1,2,2,2,-10.163445,-10.1617975,0.0016474999999989137
Al1 Tc2 Y1,2,2,2,-7.647211,-7.446784,0.20042700000000035
Al1 Te2 Tm1,2,2,2,-4.1677365,-4.153699,0.014037500000000591
Al1 Tl2 Zr1,2,2,2,-4.17274425,-4.01597,0.15677424999999978
Al1 Zn1,2,2,2,-2.44379425,-2.117127,0.32666724999999985
Al13 Mn4,2,2,2,-5.260067254901961,-5.211555058823529,0.04851219607843227
Al2 As1 Cu1,2,2,2,-4.0312475,-3.88517025,0.14607725000000027
Al2 Au1 Co1,2,2,2,-4.902084375,-4.74934525,0.1527391250000001
Al2 Au1 Mg1,2,2,2,-3.28133425,-3.2140465,0.0672877500000002
Al2 Ba1 Mn1,2,2,2,-4.42671775,-4.27765275,0.14906500000000023
Al2 Ba1 Pb1,2,2,2,-3.36346425,-3.189555,0.1739092499999999
Al2 Be1 Cl1,2,2,2,-3.14159825,-2.65381325,0.48778500000000014
Al2 Be1 Ru1,2,2,2,-5.5142165,-5.39196675,0.12224974999999993
Al2 Br1 Sc1,2,2,2,-4.2151045,-3.93858225,0.27652224999999975
Al2 Cd1 Ge1,2,2,2,-3.0717495,-3.05707725,0.014672250000000275
Al2 Ce1 Ge1,2,2,2,-4.946515,-4.5163925,0.4301224999999995
Al2 Cl1 Pb1,2,2,2,-3.25933425,-3.15309975,0.10623450000000023
Al2 Cl8 Pd1,2,2,2,-3.724972727272727,-3.7249051818181815,6.754545454557004e-05
Al2 Co1 O4,2,2,2,-7.797821071428571,-7.707393571428571,0.09042750000000055
Al2 Cr1 La1,2,2,2,-5.4082885,-5.28626875,0.12201975000000065
Al2 Cr1 Tc1,2,2,2,-6.97214425,-6.882882,0.08926224999999999
Al2 Cr1 Te1,2,2,2,-4.90194075,-4.75716,0.1447807499999998
Al2 Cr1 Zr1,2,2,2,-6.56607675,-6.5453835,0.020693249999999885
Al2 Cs1 Os1,2,2,2,-4.48852,-3.631752,0.8567680000000002
Al2 Cu1 P1,2,2,2,-4.17353725,-4.15401075,0.019526499999999558
Al2 Fe1 W1,3,3,3,-7.2807235,-7.2650285,0.015695000000000014
Al2 Hg1 K1,2,2,2,-1.894616,-1.86543575,0.02918025000000002
Al2 Hg1 La1,2,2,2,-3.54519275,-3.1005095,0.4446832500000002
Al2 K1 Ru1,3,3,3,-4.485138,-4.12602,0.3591180000000005
Al2 La1 Sn2,2,2,1,-4.346037,-4.2369125,0.10912450000000007
Al2 Li1,2,2,2,-3.1935866666666666,-3.149017,0.0445696666666664
Al2 Mg1 Sr1,2,2,2,-2.83108975,-2.7065745,0.12451524999999997
Al2 Mo1 Ru1,2,2,2,-7.09443375,-6.660849125,0.43358462499999995
Al2 Os1 Sb1,2,2,2,-5.4729375,-5.4192395,0.0536979999999998
Al2 P1 Sc1,2,2,2,-5.07653425,-4.9376525,0.13888174999999947
Al2 Pb1 Zn1,2,2,1,-2.86035225,-2.84706725,0.013285000000000213
Al2 Pb1 Zn2,2,2,1,-2.664933,-2.606968,0.05796499999999982
Al2 Rh1 Sb1,3,3,2,-4.80814875,-4.773693,0.03445575000000023
Al2 Si1 Tc1,3,3,3,-6.0058235,-5.774905,0.23091849999999958
Al2 Si1 Tl1,2,2,2,-3.51586425,-3.39331525,0.1225489999999998
Al3 Au1 Pm4,2,2,2,-4.64661125,-4.644368125,0.0022431250000005676
Al3 C1,2,2,2,-4.9174246875,-4.0664705,0.8509541874999993
Al3 La1 Tc1,2,2,2,-5.066637999999999,-4.719041,0.3475969999999995
Al3 Pd2 Th1,2,2,2,-5.693435666666667,-5.553144166666667,0.1402915
Al4 Er1 Y1,2,2,2,-4.859010666666667,-4.83421,0.02480066666666758
Al5 Li3,2,2,2,-3.166032125,-3.056869,0.10916312500000025
As1 Au1 Cr2,2,2,2,-6.62941875,-6.6081275,0.021291249999999984
As1 Au1 Mg1,3,3,3,-3.486451666666667,-3.4346685000000003,0.0517831666666666
As1 Au1 Mn1,2,2,2,-5.619706999999999,-5.571819333333334,0.04788766666666522
As1 Au1 P2,2,2,2,-4.58992875,-4.5390425,0.050886250000000466
As1 Ba1 Os2,2,2,2,-6.79999925,-6.3161565,0.48384275
As1 Ba1 Si2,2,2,2,-4.332672,-4.15975325,0.17291875
As1 Ba2 Ca1,2,2,2,-3.20777975,-3.1438155,0.06396424999999972
As1 Be1 Fe1,2,2,2,-5.441438333333333,-5.374431666666666,0.06700666666666688
As1 Be1 In2,2,2,2,-3.053671625,-2.99400225,0.05966937499999991
As1 Be1 La2,2,2,1,-4.9678425,-4.3881975,0.5796449999999993
As1 Be1 Mn2,2,2,2,-6.67231,-6.6074305,0.06487949999999998
As1 Be1 Os2,2,2,2,-7.4376735,-7.22094825,0.21672524999999965
As1 Br1 Hg1,2,2,2,-1.9558571333333337,-1.6753033333333331,0.2805538000000005
As1 Br2 In1,3,3,3,-3.00623375,-2.443001,0.5632327499999996
As1 Br2 Ir1,2,2,2,-3.44492925,-3.19834475,0.24658449999999998
As1 Br2 Pt1,3,3,3,-3.75029625,-2.7742675,0.9760287499999998
As1 Br2 Se1,2,2,2,-3.051653625,-2.52492475,0.5267288750000003
As1 Br2 Zn1,2,2,2,-2.22641825,-1.892373325,0.33404492499999994
As1 C1 Ni1 P1,2,2,2,-5.94197125,-5.76399575,0.17797549999999962
As1 C3 Co1,2,2,1,-5.698306199999999,-5.012579000000001,0.6857271999999988
As1 Ca2 H1 Pd6,2,2,2,-4.9219112,-4.9072212,0.01468999999999987
As1 Ca2 P1,2,2,2,-4.348013,-4.34177775,0.006235249999999581
As1 Ca2 W1,2,2,2,-5.217939,-4.81238,0.4055590000000002
As1 Cd1 La1,2,2,2,-4.386458333333334,-4.046386666666667,0.34007166666666677
As1 Cd1 Pd2,2,2,2,-4.347880375,-4.30675025,0.04113012499999957
As1 Cd2 Fe1,2,2,2,-3.59499175,-3.37112725,0.22386450000000035
As1 Cd2 Pb1,2,2,2,-2.426382,-2.38329425,0.04308774999999976
As1 Cd2 Ta1,2,2,2,-4.1090155,-3.752286,0.35672950000000014
As1 Cl2 Os1,2,2,2,-4.52581175,-4.0026465,0.5231652499999999
As1 Co1 La2,2,2,2,-5.981629,-5.9479885,0.03364049999999974
As1 Cr1 Sr2,2,2,2,-4.57207525,-4.34683075,0.2252445000000005
As1 Cs1 Hg1 Sn1 Tc1,2,2,2,-4.015285,-4.0011627,0.014122300000000365
As1 Cs4 H1,2,2,2,-2.110641333333333,-2.075759416666666,0.03488191666666696
As1 Cu1 H1 Pr1,2,2,2,-4.97717575,-4.957193375,0.019982374999999664
As1 Cu1 K2,2,2,2,-2.90757675,-2.5382395,0.36933725000000006
As1 Cu1 W1,2,2,2,-6.911166000000001,-6.644876,0.2662900000000006
As1 F6 K1,2,2,2,-4.549534375,-4.541756625,0.007777750000000694
As1 Fe2 Mo1,2,2,2,-8.0130235,-7.8871365,0.12588699999999875
As1 Ge1,2,2,2,-4.559383,-4.4153246875,0.14405831250000034
As1 H1 S2,2,2,2,-4.536322125,-3.5873405,0.948981625
As1 H1 Zr2,2,2,2,-6.8834834375,-6.86075925,0.022724187499999715
As1 H2 K1 O4,2,2,2,-5.717888125,-5.630042125,0.08784599999999987
As1 Hg1 P2,2,2,2,-3.56511775,-3.2946115,0.2705062500000004
As1 Hg1 Pb2,2,2,2,-2.99275675,-2.95958775,0.033169000000000004
As1 Hg1 Zn2,2,2,2,-1.824956,-1.68200015,0.1429558500000001
As1 Hg2 Sc1,2,2,2,-3.2549755,-3.2525365,0.002438999999999858
As1 Hg2 Tc1,2,2,2,-3.786536,-3.26146825,0.5250677499999998
As1 In3,2,2,2,-3.204645375,-3.12894475,0.07570062500000008
As1 Ir1 Sc1,2,2,2,-7.581905333333334,-7.559197222222222,0.02270811111111204
As1 K1 Si2,2,2,2,-3.55298,-3.4661395,0.08684049999999965
As1 K2 Os1,2,2,2,-4.32866725,-4.10428375,0.22438350000000007
As1 K2 Pd2,2,2,2,-3.669373,-3.604943,0.06443000000000021
As1 La1 Mn2,2,2,2,-7.41886175,-6.971149,0.44771275
As1 La1 Os2,2,2,2,-7.993395,-7.6168125,0.3765824999999996
As1 La3 Ru1,2,2,2,-6.4445335,-6.428348,0.01618550000000063
As1 La6 Ru3,3,3,3,-6.647284999999999,-6.609386000000001,0.03789899999999857
As1 Li1 Zn2,2,2,2,-2.408964,-2.22348175,0.18548225000000018
As1 Mg1 Sb1,2,2,2,-3.5361216666666664,-3.3986630000000004,0.13745866666666595
As1 Mn1 Te2,2,2,2,-4.909913,-4.393645,0.5162680000000002
As1 Mo2 Sc1,2,2,2,-8.2762595,-8.25085925,0.025400250000000568
As1 Na1 Se2 Sr1,2,2,1,-3.1729806,-2.9801321,0.19284849999999976
As1 Ni1 Ta2,3,3,3,-8.6685575,-8.5487875,0.11977000000000082
As1 Ni1 Y1,2,2,2,-6.692839333333333,-6.262794333333333,0.4300449999999998
As1 O1,2,2,2,-5.97683525,-5.752621333333334,0.2242139166666659
As1 Os2 Pt1,2,2,2,-7.76834525,-7.764657,0.0036882500000006146
As1 Os2 Si1,2,2,2,-8.0894165,-8.0890825,0.00033400000000050056
As1 P3 Ru1,2,2,1,-5.344823,-4.613897,0.7309260000000002
As1 Pt2 Rh1,4,4,4,-6.12561075,-5.8805375,0.2450732499999999
As1 Re2 Se1,2,2,2,-7.9627915,-7.5161585,0.4466329999999994
As1 Re2 Si1,2,2,2,-8.6845255,-8.19470375,0.48982174999999906
As1 Re2 Sr1,2,2,2,-7.28158325,-6.923185,0.3583982499999996
As1 Rh1,3,3,3,-6.2360005,-6.12499625,0.11100425000000058
As1 Rh1 U1,2,2,2,-8.455778833333333,-8.324442,0.131336833333334
As1 Rh2 Ru1,2,2,2,-7.1660025,-7.15741,0.008592500000000669
As1 Rh5,2,2,2,-7.021703333333334,-6.957125333333334,0.06457800000000002
As1 Ru2,2,2,2,-7.454668333333333,-7.437413333333333,0.017255000000000464
As1 Ru2 Ta1,2,2,2,-8.9238,-8.8603,0.06349999999999945
As1 Si1,3,3,3,-4.87243125,-4.765115,0.10731625000000022
As1 Sr1 Y1,2,2,2,-5.0060883333333335,-4.1790123333333336,0.8270759999999999
As1 Sr2 Tc1,2,2,2,-4.33799025,-4.268251,0.06973924999999959
As1 W1,2,2,2,-8.7641225,-8.36672875,0.3973937499999991
As1 Y2 Zr1,2,2,2,-6.85640425,-6.817335,0.03906924999999983
As12 La1 Ru4,2,2,2,-6.017696470588235,-5.990809705882353,0.026886764705881916
As2 Au1 Mg1,2,2,2,-3.4756455,-3.43765525,0.03799025
As2 Ba1 Ni2,2,2,2,-5.139994,-5.0899052,0.050088800000000155
As2 Br1 H1 Na1,2,2,2,-3.1689436,-1.9618498,1.2070938
As2 Br1 In1 Sn1,2,2,1,-3.1842244,-3.094775,0.08944940000000035
As2 C2 Na5 Ni2 O14,2,2,2,-6.415384,-6.408752,0.006632000000000637
As2 Ca1 Te1,2,2,2,-4.238339,-4.076076,0.16226300000000027
As2 Cd1,2,2,2,-3.377728333333333,-3.2125285,0.16519983333333332
As2 Cd1 Co1 O7,2,2,2,-6.361279090909091,-6.357799090909091,0.0034799999999997056
As2 Cd1 Cu1,2,2,2,-3.504193,-3.454061,0.050132000000000065
As2 Cd1 Fe1,2,2,2,-4.63872675,-4.5585245,0.08020225000000014
As2 Cl1 Os1,3,3,3,-5.61807925,-5.092679,0.5254002499999997
As2 Cl1 Te1,3,3,3,-3.66673975,-3.3960335,0.2707062499999999
As2 Co1 In1,2,2,2,-4.7884975,-4.342225,0.44627250000000007
As2 Co1 Ni1,2,2,2,-5.8191395,-5.41058075,0.4085587500000001
As2 Co1 W1,2,2,2,-7.21406325,-7.09631675,0.11774649999999998
As2 Cr1 H2 Li2 O10 V1,2,2,2,-6.927522222222223,-6.926934166666666,0.0005880555555561884
As2 Cr1 Pt1,2,2,2,-6.29110375,-6.11516575,0.17593800000000037
As2 Cr2 F2 Li1 O8,2,2,2,-6.970052,-6.967311666666666,0.0027403333333335667
As2 Cs2 H5,2,2,2,-3.236638888888889,-3.1463494444444446,0.0902894444444442
As2 Cu1 Pb1,2,2,2,-3.943209,-3.8119215,0.1312875
As2 Dy1 Y1,2,2,2,-6.639749583333334,-6.6389700000000005,0.000779583333333278
As2 Fe1 Ta1,2,2,2,-7.31116925,-7.205123,0.10604624999999945
As2 Fe1 Zr1,2,2,2,-6.94245425,-6.63535,0.3071042500000001
As2 Hg1 K1,2,2,2,-2.516909,-2.510496,0.006413000000000224
As2 Hg1 Tl1,2,2,2,-2.90836075,-2.64594125,0.2624195
As2 Ho1 Sm1,2,2,2,-6.173896666666667,-6.17234625,0.0015504166666664432
As2 In1 K1 O7,2,2,2,-6.267310454545455,-6.264015909090909,0.003294545454545883
As2 In1 Pt1,2,2,2,-4.3720475,-4.31018825,0.06185924999999948
As2 K1 Mg1,3,3,3,-3.26452825,-2.827752,0.4367762500000003
As2 K1 Rh1,2,2,2,-4.06862975,-3.9464625,0.1221672500000004
As2 K1 Tl1,2,2,2,-3.102669,-3.00983875,0.09283025
As2 La1 Pt1,2,2,2,-5.9175615,-5.8751835,0.04237799999999936
As2 La1 Ru1,2,2,2,-6.67159375,-6.12351475,0.5480790000000004
As2 La1 Ru2,4,4,4,-7.21125,-6.955240000000001,0.25600999999999896
As2 La1 Sm1,2,2,2,-6.28180875,-6.281307083333334,0.0005016666666657343
As2 Li1 Mo1,3,3,3,-5.8315125,-5.1306735,0.7008389999999993
As2 Li1 Te1,2,2,2,-3.77064125,-3.40664525,0.3639960000000002
As2 Mg1 Pb1,2,2,2,-3.719607,-3.66235975,0.05724725000000008
As2 Mn1 Mo1,2,2,2,-7.583834125,-7.4513145,0.13251962500000047
As2 Mn1 Zr1,2,2,2,-7.2575265,-7.1896825,0.06784400000000002
As2 Mo1 Zn1,2,2,2,-5.2307935,-5.1523695,0.07842400000000005
As2 Ni1 Pb1,2,2,2,-4.6422745,-4.63024275,0.01203175000000023
As2 Os1,2,2,2,-6.757824,-6.243693666666666,0.514130333333334
As2 Re1,2,2,2,-7.214986666666667,-6.8227279166666674,0.3922587499999999
As2 Re1 W1,2,2,2,-8.4342275,-8.3437775,0.09045000000000059
As2 Ru1 Te1,2,2,2,-5.357132,-5.21901325,0.1381187500000003
As2 Sb1 Sc1,2,2,2,-5.501741,-5.25743675,0.2443042499999999
As2 Sb1 W1,2,2,2,-6.0981625,-5.83510875,0.2630537500000001
As2 Sc1 W1,2,2,2,-7.482615,-7.443395,0.039220000000000255
As2 Se1 Y1,2,2,2,-5.70026075,-5.62513775,0.0751229999999996
As2 Sr1 Tl1,2,2,2,-3.78694525,-3.56700225,0.21994300000000022
As2 Sr1 Y1,2,2,2,-5.3663245,-5.2687775,0.0975470000000005
As2 W1 Y1,2,2,2,-7.57181925,-7.52225975,0.04955949999999998
As2 Y1 Zn1,2,2,2,-4.859384,-4.622395,0.23698900000000034
As3 Cd1,2,2,2,-3.500945625,-3.32891225,0.17203337499999982
As3 Er1 Y2,2,2,2,-6.784050000000001,-6.783912,0.0001380000000006376
As3 Se1,2,2,2,-3.9232875,-3.91839425,0.004893249999999849
As4 Dy1 Sm2 Y1,2,2,2,-6.42399375,-6.419365375,0.00462837500000024
As4 Ho2 Pa1 Pu1,2,2,2,-7.7456455,-7.7439125,0.0017329999999997625
As4 Nd2 Pr1 Tb1,2,2,2,-6.20288375,-6.20043125,0.0024524999999995245
As4 Th1 Tm2 Y1,2,2,2,-6.6787371875,-6.6786285,0.00010868750000003757
As5 Pt1,2,2,2,-4.7254905,-4.193898833333333,0.5315916666666674
Au1 B1 C2 Fe1 P1,2,2,2,-6.600239999999999,-6.5061409999999995,0.09409899999999993
Au1 Ba1 In1,2,2,2,-3.214737833333333,-3.0819023333333333,0.13283549999999966
Au1 Ba2,2,2,2,-2.8669103333333332,-2.3603256666666668,0.5065846666666665
Au1 Ba2 Bi1,2,2,2,-3.51037925,-3.4580675,0.05231175000000032
Au1 Be1 Cd2,2,2,2,-2.0370875,-2.005503,0.031584500000000126
Au1 Be1 Si2,4,4,4,-4.24949825,-3.87892975,0.3705685000000001
Au1 Be1 Zr2,2,2,2,-6.299809,-6.22738,0.07242899999999963
Au1 Be2 Sc1,2,2,2,-4.56442925,-4.39333975,0.1710894999999999
Au1 Br1 Ir1 N1,2,2,2,-5.017378375,-4.883155,0.13422337499999948
Au1 C1 Sc3,2,2,2,-6.8929726,-6.3465477,0.5464248999999999
Au1 Ca1 Fe2,2,2,2,-5.47510625,-5.2781,0.19700624999999938
Au1 Cd1 Li1,2,2,2,-2.4266988333333335,-2.3841853333333334,0.04251350000000009
Au1 Cd1 Th1,2,2,2,-4.272662666666666,-4.214823333333333,0.05783933333333291
Au1 Cl1 Re1,2,2,2,-5.271786666666666,-4.017138,1.2546486666666663
Au1 Cl1 Si2,4,4,4,-4.10916425,-3.565876,0.5432882500000003
Au1 Cl2 Zn1,2,2,2,-2.231493,-2.1498225,0.08167049999999998
Au1 Cl4 Li1,2,2,2,-2.91095625,-2.9053925,0.005563749999999867
Au1 Co1 Hg2,2,2,2,-2.30235975,-2.247239875,0.05511987499999993
Au1 Co1 Li2,2,2,2,-3.54458425,-3.50733575,0.03724850000000002
Au1 Co1 Pt2,2,2,2,-5.4420385,-5.278624,0.16341450000000002
Au1 Co1 Se2,2,2,2,-4.54530425,-4.37307225,0.17223200000000016
Au1 Co1 Te2,2,2,2,-4.079996,-3.647789,0.43220700000000045
Au1 Co2 Mo1,2,2,2,-6.8724525,-6.62999925,0.24245324999999962
Au1 Co3 N1,2,2,2,-6.0341934,-5.950737999999999,0.08345540000000096
Au1 Co3 Zr1,2,2,1,-5.4083366,-5.234019,0.17431760000000018
Au1 Cu1 Dy1 La1,2,2,2,-4.73765175,-4.7355875,0.0020642500000001007
Au1 Cu1 Ga3,2,2,2,-3.3798675000000005,-3.3771763,0.00269120000000056
Au1 Cu1 Li2,2,2,2,-3.1039205,-3.0781165,0.025803999999999938
Au1 Cu2 Mg1,2,2,2,-3.48692875,-3.4672025,0.019726250000000167
Au1 Cu2 Mo1,2,2,2,-5.343286,-5.3382845,0.005001499999999659
Au1 Cu2 Tc1,2,2,2,-5.20934625,-4.702198,0.5071482500000002
Au1 Cu5 Zn2,2,2,2,-3.37691875,-3.31969475,0.057224000000000164
Au1 F6 H1 Rb2,2,2,1,-3.9044334,-3.535306,0.3691274
Au1 Fe1 Ir2,2,2,1,-7.070053,-7.00619075,0.06386224999999968
Au1 Fe2 Sc1,3,3,3,-6.75442,-6.562293,0.19212699999999927
Au1 Fe3 N1,3,3,3,-7.3822845,-6.7572754,0.6250090999999998
Au1 H1 Nd2,2,2,2,-4.6426375,-4.4529305,0.1897070000000003
Au1 H1 P2 Pd1,2,2,2,-4.5785122000000005,-4.5362954,0.042216800000000276
Au1 H1 Rb3,2,2,2,-2.0364861999999997,-2.0138998,0.022586399999999784
Au1 H2 N1 V1,2,2,2,-5.540158,-5.496726000000001,0.04343199999999925
Au1 H3 Pm1,2,2,2,-4.059794999999999,-3.9606,0.09919499999999948
Au1 I1,2,2,2,-2.4639295,-2.4140893333333335,0.04984016666666635
Au1 I2 La1 Te1,2,2,1,-3.2347164,-3.1988658,0.035850599999999844
Au1 In1 Pb2,2,2,2,-3.35805725,-3.33285525,0.025201999999999725
Au1 In1 Pt2,2,2,2,-4.7775975,-4.68972875,0.08786875000000016
Au1 In1 Re2,2,2,2,-7.0804475,-6.52655025,0.5538972500000003
Au1 In1 Ta2,2,2,2,-7.2841175,-7.04638525,0.23773224999999965
Au1 In2 Si1,2,2,2,-3.47702225,-3.38035925,0.09666299999999994
Au1 Ir1 Pr2,2,2,2,-6.0682725,-6.045385,0.022887500000000394
Au1 Ir2 Mn1,2,2,2,-7.404451,-7.236795,0.16765600000000003
Au1 Ir2 Rh1,2,2,2,-6.74964,-6.5697165,0.17992350000000012
Au1 K1 Mn2,2,2,2,-5.1655975,-4.85802075,0.30757674999999995
Au1 K1 Ta2,2,2,2,-6.56746825,-6.36018275,0.20728550000000023
Au1 K2 Mo1,2,2,2,-3.021161,-2.98366275,0.037498250000000066
Au1 La3 Ru1,2,2,2,-5.9302265,-5.756213000000001,0.17401349999999915
Au1 Mg2 Pr3,2,2,2,-3.7923523333333335,-3.786592166666667,0.005760166666666677
Au1 Mg2 Sr1,2,2,2,-2.377673625,-2.27566225,0.10201137500000002
Au1 Mn1 S2,2,2,2,-5.75120375,-5.7505775,0.0006262499999998283
Au1 Mo2 Os1,3,3,2,-8.70637425,-8.4895875,0.21678674999999892
Au1 Mo2 Te1,2,2,2,-6.62514975,-6.551385,0.07376475000000049
Au1 N1 Rh1 S2,2,2,1,-4.9623794,-4.169109000000001,0.793270399999999
Au1 Ni1 Rh2,2,2,2,-5.7831235,-5.6369185,0.14620500000000014
Au1 O2 Tc1,2,2,2,-6.38658725,-5.744866,0.6417212499999998
Au1 Os1 Zr2,2,2,2,-8.3122275,-8.176403,0.13582450000000001
Au1 P1 S2,2,2,2,-4.49783325,-4.27162,0.2262132499999998
Au1 P1 Sr1,3,3,3,-4.360272222222222,-4.250485,0.10978722222222181
Au1 P2 Tl1,2,2,2,-3.73395275,-3.4657865,0.2681662499999997
Au1 P2 W1,2,2,2,-6.5411955,-6.202323,0.3388724999999999
Au1 Pb1 Pt2,2,2,2,-4.7525845,-4.7295025,0.02308200000000049
Au1 Pt1 Tl1,2,2,2,-3.7621483333333336,-3.692106,0.07004233333333376
Au1 Pt2 Ru1,2,2,2,-6.11829625,-5.8800135,0.23828275000000065
Au1 Pt2 Ta1,2,2,2,-7.25948575,-7.08966075,0.16982499999999945
Au1 Pt2 Tc1,3,3,2,-6.38036575,-6.1574655,0.22290025000000036
Au1 Re1 Sc2,2,2,2,-7.44655025,-7.293385,0.1531652499999998
Au1 Re1 W2,2,2,2,-10.02147875,-9.831775,0.18970374999999962
Au1 Re2 Tl1,2,2,2,-7.221016,-6.73066325,0.49035274999999956
Au1 S2 V1,2,2,2,-6.10753575,-5.3951015,0.7124342500000003
Au1 Sc3,2,2,2,-5.98796475,-5.905366,0.08259874999999983
Au1 Se2 Si1,2,2,2,-3.595774,-3.47926275,0.11651124999999984
Au1 Se3,2,2,2,-3.32640075,-3.266535,0.05986574999999972
Au1 Si1 Tc2,2,2,2,-7.28459775,-7.2136435,0.07095424999999977
Au1 Si1 Y1,2,2,1,-5.711366000000001,-5.1721493333333335,0.5392166666666673
Au1 Ta1 Te2,3,3,3,-5.40377425,-5.066156875,0.3376173749999998
Au1 Te2 W1,2,2,2,-5.2598975,-4.811584,0.44831350000000025
Au1 Te2 Y1,2,2,2,-4.90613175,-4.90595125,0.00018049999999991684
Au1 Te3,2,2,2,-3.162233,-2.9513485,0.21088450000000014
Au1 Ti2 Zn2,2,2,2,-4.5351135,-4.2241875,0.31092599999999937
Au1 W1 Zn2,2,2,2,-4.54616975,-4.419672,0.12649774999999952
Au2 Be1 K1,2,2,2,-2.47446625,-2.386376,0.08809025000000004
Au2 Ca1 K1,2,2,2,-2.904307,-2.8410895,0.06321750000000037
Au2 Ca1 Sb1,2,2,1,-3.6380365,-3.5531565,0.08488000000000007
Au2 Cd1 Sb1,2,2,2,-2.933665,-2.87854975,0.05511525000000006
Au2 Cu1,2,2,2,-3.5640471666666667,-3.5424461666666667,0.02160099999999998
Au2 Er1 Pm1,2,2,2,-4.8207255,-4.80478375,0.015941749999999644
Au2 Fe1 Hg1,2,2,2,-3.64762125,-3.6409995,0.006621749999999871
Au2 Fe1 Rh1,2,2,2,-5.493083,-5.41917325,0.07390975000000033
Au2 Ga1 Na1,2,2,2,-2.95498675,-2.932494875,0.02249187500000005
Au2 Hg1 Rh1,2,2,2,-3.4255155,-3.37985275,0.045662749999999974
Au2 In1 Zr2,2,2,2,-5.7925759999999995,-5.3965316,0.3960443999999992
Au2 K1,2,2,2,-2.864175833333333,-2.608527833333333,0.2556479999999999
Au2 La1 Zr1,2,2,2,-5.59155475,-5.2526165,0.33893825
Au2 Mg1 N1,2,2,2,-3.5942375,-3.3642495,0.22998800000000008
Au2 Mn1 Sc1,2,2,2,-5.8900695,-5.69911425,0.19095525000000002
Au2 Pt1 W1,2,2,2,-6.311057,-6.1700925,0.14096449999999994
Au2 Sb1 Sn1,2,2,2,-3.786821125,-3.78071475,0.006106374999999886
Au2 Sr1 Te1,2,2,2,-3.3396345,-3.30217925,0.03745524999999983
Au2 Tc1,2,2,2,-5.370281166666667,-5.205384,0.16489716666666787
Au2 W1 Y1,3,3,3,-6.427837,-6.38151,0.04632700000000067
Au3 Cd2,2,2,2,-2.4687688999999997,-2.3468148,0.12195409999999951
Au3 Cu1 Sc4,2,2,2,-5.581173,-5.58,0.0011729999999996465
Au3 Hg7,2,2,2,-1.1487546,-1.1338229,0.014931699999999992
Au3 P1,2,2,2,-3.70457078125,-3.57924425,0.12532653125000026
Au3 W1,2,2,2,-5.453332,-5.1163955,0.3369364999999993
Au4 Dy1 Sn1,2,2,2,-4.0501499999999995,-4.003469833333333,0.04668016666666652
Au4 Ho3 Nd1,2,2,2,-4.814400625,-4.811194375,0.003206249999999855
Au5 Zn1,2,2,2,-3.019367833333334,-2.984200166666667,0.03516766666666671
Au8 Cd2 Sm1,2,2,2,-3.279465727272727,-3.2509020000000004,0.028563727272726602
B1 Be2 S1,3,3,3,-5.083415,-5.036146625,0.04726837499999981
B1 C1,12,12,12,-7.6060475,-7.507633833333333,0.09841366666666662
B1 C1 Cu1,2,2,2,-6.245101333333333,-6.035947166666666,0.20915416666666697
B1 C1 Ni1 Si1,2,2,2,-6.569645,-6.5295335,0.04011150000000008
B1 C2,4,4,4,-8.102952916666666,-8.047970833333332,0.054982083333333875
B1 C2 Si2,2,2,1,-6.833862999999999,-6.7345208,0.09934219999999883
B1 C3,4,4,4,-8.30772,-8.21631125,0.09140874999999937
B1 Ca1 S1,2,2,2,-5.396039166666667,-5.31933375,0.07670541666666697
B1 Cd1 Pt3,2,2,2,-5.337621,-5.273194500000001,0.06442649999999972
B1 Cl3 Tl1,2,2,2,-3.8313385,-3.0260832,0.8052553000000002
B1 Cr1 H6,2,2,2,-4.271555375,-3.72292975,0.5486256250000001
B1 Cu1 Os1 P1 S1,2,2,2,-6.4032036,-6.3580474,0.04515620000000009
B1 H6 Sb1,2,2,2,-3.746914875,-3.742865375,0.004049499999999817
B1 Hg1 Te2,2,2,2,-2.828728,-2.80805875,0.020669250000000083
B1 Li1 Se2,2,2,2,-4.430075,-4.3853746875,0.04470031250000073
B1 Li1 Sn1,3,3,3,-3.9954033333333334,-3.468691833333333,0.5267115000000002
B1 Mg1 Pd3,2,2,2,-4.957932,-4.695895,0.2620369999999994
B1 Mg1 Y1,2,2,2,-5.070961666666666,-3.9111743333333338,1.1597873333333326
B1 N1 Rb3,2,2,1,-2.1784103999999997,-2.0269043,0.15150609999999975
B1 N1 Sn1 Te2,2,2,2,-4.9190346,-3.4066464000000005,1.5123881999999993
B1 P1 Te1 Ti1,2,2,2,-5.9917885,-5.972427875,0.01936062500000002
B1 Sr1 Tl2,3,3,3,-3.184297375,-2.54606225,0.638235125
B13 C3 Na8,4,4,2,-5.026452708333333,-4.979670416666667,0.046782291666666254
B2 Be2 Sr1,2,2,2,-4.0893326000000005,-3.733506,0.3558266000000003
B2 C1,5,5,5,-7.234778333333334,-6.981626666666667,0.25315166666666666
B2 C1 Si1,2,2,1,-6.50579,-6.40477425,0.10101575000000018
B2 C2 Li1,2,2,2,-6.7678885,-6.763576666666666,0.004311833333333404
B2 Cs1 H6,2,2,2,-3.9424433333333337,-2.140528111111111,1.8019152222222226
B2 H8 K1 Na1,2,2,2,-3.9308416666666663,-3.9247745,0.0060671666666665125
B2 In2 Si1,2,2,2,-4.027665300000001,-3.8825492,0.14511610000000053
B2 Ir1 Sn1,2,2,2,-6.15001375,-5.436921,0.7130927500000004
B2 Mn1 Re2,2,2,2,-9.716327,-9.122766,0.5935609999999993
B3 C1 Na2,2,2,2,-5.1671233333333335,-5.136155666666666,0.03096766666666717
B3 C2,3,3,3,-7.350568,-7.286072,0.06449600000000011
B3 C7,2,2,2,-8.1897064,-8.166985,0.022721400000000003
B4 Co3 Na4 Ni1 O12,2,2,2,-7.042433333333334,-7.036097083333334,0.006336250000000376
B4 Li3 Mn4 O12,2,2,2,-8.05812347826087,-8.016207971014492,0.041915507246377715
B5 C7,8,8,8,-7.883716666666667,-7.712206666666667,0.1715100000000005
B7 C3 Na5,4,4,4,-5.287761333333333,-5.253482,0.034279333333333106
B7 C5,11,11,8,-7.4474055,-7.266245833333333,0.18115966666666772
B8 C8 Li3,2,2,2,-6.8988968421052626,-6.877155263157896,0.021741578947366946
Ba1 Be1,2,2,2,-2.464438,-2.14196075,0.32247724999999994
Ba1 Be1 Mo2,2,2,2,-5.968629,-5.50541075,0.4632182499999997
Ba1 Be3 Zn1,2,2,1,-2.3136301,-0.74289432,1.5707357800000001
Ba1 Br3,2,2,2,-3.32862125,-3.128469791666667,0.20015145833333303
Ba1 C1,2,2,2,-4.07760525,-4.0125775,0.0650277500000005
Ba1 Ca1 Ni1,2,2,2,-3.182204555555556,-2.5647085666666665,0.6174959888888893
Ba1 Ca1 Tc2,2,2,2,-4.9938035,-4.971191,0.022612500000000146
Ba1 Cd1 Pb1,3,3,3,-2.6443203888888887,-2.5041362499999997,0.14018413888888892
Ba1 Cd1 Pt1,2,2,2,-3.5670748333333333,-2.933151,0.6339238333333332
Ba1 Cd1 Se2,2,2,2,-3.655435,-3.507814,0.147621
Ba1 Cd2 Ru1,2,2,2,-3.13236825,-2.869762625,0.26260562499999995
Ba1 Cd2 W1,2,2,2,-3.47029775,-3.1769095,0.29338825
Ba1 Cl1 I2 Te1,2,2,1,-2.5599914,-2.3403818000000003,0.21960959999999963
Ba1 Cl1 La2,2,2,2,-3.84782725,-3.7805135,0.06731374999999984
Ba1 Cl2 Mo1,2,2,2,-4.566203,-4.47600075,0.09020224999999993
Ba1 Cl2 Ta1,2,2,2,-4.86330175,-4.85818575,0.0051160000000001205
Ba1 Co1 P2,3,3,3,-5.133111,-4.4795965,0.6535145
Ba1 Co1 Si2,3,3,3,-5.451135,-4.36561825,1.08551675
Ba1 Cr1 Ru2,2,2,2,-7.1135535,-6.3750945,0.7384589999999998
Ba1 Cs1 Ta1,2,2,2,-4.002128333333333,-3.255979166666666,0.7461491666666671
Ba1 F3 Rb1,2,2,2,-4.9978810000000005,-4.4245742,0.5733068000000001
Ba1 F6 Sn1,2,2,1,-5.1288046875,-5.082431875,0.04637281249999958
Ba1 Fe1 H6,3,3,3,-3.835161,-3.740281875,0.09487912499999984
Ba1 Fe2 Ir1,2,2,2,-6.75920675,-6.1655925,0.5936142499999999
Ba1 Fe2 Te1,2,2,2,-5.34217925,-5.087025,0.25515425000000036
Ba1 Ga1 Li1,2,2,2,-2.5548710833333335,-2.4747856666666666,0.08008541666666691
Ba1 H1 V1,2,2,2,-4.24477,-3.3939536666666665,0.8508163333333334
Ba1 Hg1 Pt1,2,2,2,-3.353403,-2.898816666666667,0.4545863333333333
Ba1 In1 Os2,2,2,2,-5.60451075,-5.4836245,0.12088624999999986
Ba1 In1 Se2,3,3,3,-3.956765,-3.79247975,0.16428524999999983
Ba1 Ir1 Se2,2,2,2,-5.16255725,-4.8822775,0.28027975000000005
Ba1 Ir2 Mg1,2,2,2,-4.8821135,-4.85704425,0.0250692499999996
Ba1 Ir2 Ru1,3,3,3,-7.1234245,-6.33804,0.7853844999999993
Ba1 K1 Os1,2,2,2,-3.626970333333333,-3.2052123333333333,0.42175799999999963
Ba1 K2 Rh1,2,2,1,-2.67695725,-2.2122545,0.4647027500000003
Ba1 La1 Sr2,2,2,2,-2.43931375,-2.421219,0.01809475000000038
Ba1 La1 Tc2,2,2,2,-6.52408225,-5.8785325,0.6455497499999998
Ba1 La2 Os1,2,2,2,-5.62025875,-5.16744175,0.4528169999999996
Ba1 La2 Zn1,2,2,2,-3.33452225,-3.14381575,0.1907065000000001
Ba1 Li1 Re2,2,2,2,-6.17173825,-5.8922405,0.27949775
Ba1 Li1 Ru2,2,2,2,-5.03140175,-4.586445,0.44495674999999935
Ba1 Li2 Mg1,2,2,2,-1.8160035,-1.6615455,0.1544580000000002
Ba1 Li2 Tb1,2,2,2,-2.42437025,-2.393692,0.030678249999999796
Ba1 Mg1 Os2,2,2,2,-5.6707415,-5.637858,0.03288350000000051
Ba1 Mg1 W2,2,2,2,-6.11198175,-6.030365,0.08161675000000024
Ba1 Mg1 Y2,2,2,2,-4.024991,-3.94642575,0.07856525000000003
Ba1 Mg2 Zn2,2,2,2,-1.5310433,-1.5190578,0.011985500000000204
Ba1 Mn2 Sr1,2,2,2,-4.90693675,-4.7075285,0.1994082500000003
Ba1 Mo1 Pt2,3,3,3,-5.953405,-5.791398,0.162007
Ba1 Mo2 W1,2,2,2,-8.293035,-7.75492275,0.5381122499999993
Ba1 Ni1,2,2,2,-3.45903825,-3.4435235,0.01551474999999991
Ba1 Ni1 Se2,2,2,2,-4.794692,-4.050383,0.7443090000000003
Ba1 Ni1 Sr2,2,2,1,-2.347241875,-2.331395,0.015846874999999816
Ba1 Ni1 W2,2,2,2,-7.14182475,-6.99344075,0.14838399999999918
Ba1 Ni2 Rh1,2,2,1,-5.279254,-5.25963775,0.019616250000000335
Ba1 P1 Sb1,2,2,2,-4.236858333333333,-4.105949,0.13090933333333332
Ba1 Pb1 Re2,2,2,2,-6.816949,-6.09908725,0.71786175
Ba1 Pb1 Si1,2,2,2,-3.789379333333333,-3.739681,0.04969833333333318
Ba1 Pb3 Pt1,2,2,2,-4.2718144,-2.3474036000000003,1.9244108
Ba1 Pt2 Te1,2,2,2,-4.94030575,-4.494681,0.44562475000000035
Ba1 Re1 Sb2,2,2,2,-5.41688875,-4.947345,0.4695437499999997
Ba1 Re2 Ru1,2,2,2,-8.1853265,-7.90928075,0.27604575000000064
Ba1 Re2 Tl1,2,2,2,-5.6961555,-5.57205625,0.12409924999999955
Ba1 Rh1 Sr3,2,2,2,-3.0419622,-2.8959934,0.1459687999999999
Ba1 Sb1 Sr2,2,2,2,-2.855871,-2.80325825,0.05261275000000021
Ba1 Sb2 Ta1,2,2,2,-5.4896035,-5.342585,0.1470185000000006
Ba1 Sb2 Y1,2,2,2,-5.0158175,-4.95218075,0.06363674999999969
Ba1 Sr2 Tl1,2,2,2,-2.0490045,-2.0471785,0.0018260000000003274
Ba1 Sr7,2,2,2,-1.712775375,-1.70715475,0.005620625000000157
Ba1 Ta2 Tl1,2,2,2,-6.1350565,-6.0943895,0.04066700000000001
Ba1 Tc1 Zn2,2,2,2,-3.48291275,-3.0851305,0.3977822500000001
Ba1 Tc2 Tl1,2,2,2,-5.07407,-4.83056,0.24350999999999967
Ba1 Te1 Zn2,2,2,2,-2.37350425,-2.27821275,0.09529150000000008
Ba1 Te2 Y1,2,2,2,-4.894042,-4.8380795,0.05596249999999969
Ba1 Zn1,3,3,3,-1.7826841,-1.556101,0.22658310000000004
Ba2 Ca1 Cd1,2,2,2,-1.84709525,-1.73949625,0.107599
Ba2 Ca1 Sr1,2,2,2,-1.863107325,-1.8565179,0.006589425000000038
Ba2 Ca5 Sr2,2,2,2,-1.8854764444444445,-1.8053446666666664,0.08013177777777813
Ba2 Cd1 P1,2,2,2,-3.14560725,-3.04282975,0.10277749999999974
Ba2 Cr1 Cu3 H12,2,2,2,-3.759385833333333,-3.706727777777778,0.05265805555555492
Ba2 Cu1 Fe1,2,2,1,-3.625651,-3.6073335,0.018317499999999765
Ba2 Cu1 Re1,2,2,2,-4.37690875,-3.98598,0.39092875000000005
Ba2 Ga1 Pd1,2,2,2,-3.31634875,-3.11819075,0.19815799999999983
Ba2 Hg1 K1,2,2,2,-1.5584155,-1.4604081,0.09800739999999997
Ba2 Mn1 Tl1,2,2,2,-3.68966975,-3.48724925,0.20242050000000011
Ba2 Mo1 W1,3,3,3,-5.9945825,-5.29201025,0.7025722500000002
Ba2 Ni1 Ru1,2,2,1,-4.05717175,-3.930606,0.12656575000000014
Ba2 Pb2 Pd1,2,2,2,-3.8295334,-3.7967694,0.03276399999999979
Ba2 Rh1 Se1,2,2,2,-4.44957975,-3.951859,0.49772075000000005
Ba2 Te1 Zn1,2,2,2,-2.878926,-2.86719675,0.011729249999999691
Ba2 W1 Y1,2,2,2,-4.67745125,-4.66673275,0.010718499999999409
Ba2 Zn1,2,2,2,-1.786791,-1.7728738333333334,0.013917166666666647
Ba3 Hg2 Zn1,2,2,2,-1.6760698333333333,-1.6753773333333333,0.0006924999999999848
Ba4 Zn1,2,2,2,-1.8475714,-1.7733795,0.07419189999999998
Ba6 Cu12 O24 Sm1 Tb2,2,2,2,-6.340644444444445,-6.3404799999999994,0.00016444444444552175
Ba7 Ca3 Sr2,2,2,2,-1.86723375,-1.8043718333333336,0.0628619166666664
Be1,2,2,2,-3.41143925,-2.200065,1.21137425
Be1 Br1 Cl2,2,2,2,-2.90061475,-2.7790845,0.12153024999999973
Be1 Br1 In2,3,3,3,-2.61743475,-2.4137575,0.20367725000000014
Be1 Br1 Os2,2,2,2,-6.121848,-5.851604,0.27024399999999993
Be1 Br1 Pd1 Rb1,2,2,2,-3.242070875,-3.16317525,0.07889562499999991
Be1 Br2 Ru1,2,2,2,-4.08943425,-3.241388,0.8480462499999999
Be1 Br2 Si1,2,2,2,-2.46703225,-2.4643275,0.0027047499999999225
Be1 Br2 Sr1,2,2,2,-3.00951775,-2.8111195,0.1983982499999999
Be1 Br2 Te1,2,2,2,-2.93764125,-2.81930825,0.1183329999999998
Be1 Br2 Zr1,2,2,2,-4.3388495,-4.2981085,0.04074100000000058
Be1 Ca1 Sn1,2,2,2,-3.462808583333333,-2.997537,0.4652715833333332
Be1 Cd1 Te2,2,2,2,-2.92274575,-2.22570775,0.6970379999999996
Be1 Cl1 Fe1,2,2,2,-4.325750666666667,-3.695171,0.6305796666666668
Be1 Cl1 Mo2,2,2,2,-6.58920525,-6.06793825,0.5212669999999999
Be1 Cl2 Re1,2,2,2,-4.843295,-4.0766825,0.7666124999999999
Be1 Cl2 Se1,2,2,2,-3.18785625,-2.47066225,0.7171939999999997
Be1 Co1,2,2,2,-5.616839,-5.3032021875,0.31363681249999953
Be1 Cr1 Os2,2,2,2,-8.90627375,-8.272035625,0.6342381250000013
Be1 Cr2 Se1,2,2,2,-6.3484565,-6.29081925,0.05763724999999997
Be1 Cu1 S2,2,2,2,-4.55684175,-4.4686755,0.08816625000000045
Be1 Cu1 Tc2,2,2,2,-6.94575075,-6.877686,0.06806475000000045
Be1 Cu2 Ir1,2,2,2,-5.26763725,-5.16747325,0.10016400000000036
Be1 F3 Rb1,2,2,2,-5.1977875,-5.186767,0.011020499999999878
Be1 Fe1,2,2,2,-6.2038345,-6.19671575,0.0071187500000000625
Be1 Fe1 Tc1,2,2,2,-7.28352,-7.018556,0.264964
Be1 H1 Pb1,2,2,2,-3.3712378333333333,-3.353600833333333,0.017637000000000125
Be1 H3 Li1,2,2,2,-3.3829455000000004,-2.5376339999999997,0.8453115000000007
Be1 Hg1 W2,2,2,2,-6.78212125,-6.75868375,0.0234375
Be1 I1 Ir1,2,2,2,-4.794845,-4.789071333333333,0.005773666666666344
Be1 In1 Mo2,2,2,2,-6.69660475,-6.5166655,0.17993924999999944
Be1 In1 Re2,2,2,2,-7.29303225,-7.22711325,0.06591900000000006
Be1 In2 Pb1,2,2,2,-2.897506,-2.7485335,0.14897249999999973
Be1 Ir1 Rh2,2,2,2,-6.9641305,-6.79449325,0.16963724999999918
Be1 Ir2 W1,3,3,3,-8.86525925,-8.71157175,0.1536875000000002
Be1 K1 Mg1,2,2,2,-1.4499195333333337,-1.2884686666666667,0.16145086666666697
Be1 La2,3,3,3,-4.3871145,-4.315773,0.07134149999999995
Be1 Li1 W2,2,2,2,-7.53308,-7.37947,0.15360999999999958
Be1 Mg1 Mn2,2,2,2,-5.6259425,-5.6047535,0.02118899999999968
Be1 Mo1,2,2,2,-7.18841875,-7.074835,0.1135837500000001
Be1 Mo2 Ta1,2,2,2,-9.19085125,-8.7624075,0.42844374999999957
Be1 N2 O1 S1,2,2,2,-4.8657132,-4.8309612,0.034752000000000116
Be1 Nb1 Ta2,2,2,2,-9.2942325,-8.823520625,0.4707118749999992
Be1 Ni2 Zn1,2,2,2,-4.397425,-4.3896265,0.0077984999999998195
Be1 O1 Ta2,2,2,2,-8.3514425,-8.3108025,0.04063999999999979
Be1 P1 Rh2,2,2,2,-6.31048925,-6.02409075,0.2863984999999998
Be1 P2 Si1,2,2,2,-4.8620225,-4.761599,0.10042349999999978
Be1 P2 Zr1,2,2,2,-6.249105,-6.1427775,0.10632749999999991
Be1 Pt1 Ru2,2,2,2,-7.1849595,-6.9410485,0.24391099999999977
Be1 Pt2,2,2,2,-5.407281666666666,-4.9947275,0.41255416666666633
Be1 Re1 Se2,2,2,2,-5.7815065,-4.9206575,0.860849
Be1 Rh2 Zn1,2,2,2,-5.1163725,-5.09988125,0.016491249999999624
Be1 Ru1 Sb2,2,2,2,-4.898562,-4.76743225,0.13112975000000038
Be1 S2 Zn1,3,3,3,-4.39435125,-4.107709375,0.28664187499999993
Be1 Sb1 Sc2,2,2,2,-5.41992325,-5.33399925,0.08592400000000033
Be1 Sb1 Te2,2,2,2,-3.46601875,-3.23042875,0.23558999999999974
Be1 Sb2,2,2,2,-3.7331228333333337,-3.6820506666666666,0.05107216666666714
Be1 Se2 Zr1,2,2,2,-5.587883,-5.1015925,0.48629049999999996
Be1 Si1,2,2,2,-4.254823333333333,-4.1388145,0.11600883333333378
Be1 Tc1 Te2,2,2,2,-4.35093925,-4.2597965,0.0911427499999995
Be1 Tl1 Zr1,2,2,2,-4.686448333333334,-4.423752666666666,0.26269566666666755
Be1 Zn1,2,2,2,-2.007434125,-1.82798385,0.179450275
Be2 Ca1 W1,2,2,2,-5.26213925,-4.7010895,0.5610497499999996
Be2 Cl1 Se1,2,2,2,-3.15213275,-2.73937,0.41276274999999973
Be2 Co1 Zr1,3,3,3,-6.038040625,-5.610466,0.4275746250000001
Be2 Co2 W1,2,2,1,-7.0621979999999995,-6.89972,0.16247799999999923
Be2 Cr1 Li1,2,2,2,-4.5103965,-4.2709955,0.23940099999999997
Be2 Cu1 N1,2,2,2,-5.372000625,-5.37048125,0.0015193749999999895
Be2 Cu1 Y1,2,2,2,-4.4063195,-4.4043845,0.0019350000000004641
Be2 Fe1 Ir1,2,2,2,-6.5500325,-6.464181,0.08585150000000041
Be2 Fe1 Se1,2,2,2,-4.59480525,-4.48262225,0.11218299999999992
Be2 H1 Rb1,2,2,2,-2.8187208125,-1.19169485,1.6270259625
Be2 In1,2,2,2,-2.9888041666666667,-2.8733193333333333,0.11548483333333337
Be2 Ir1 Tc1,3,3,3,-6.92353975,-6.764896,0.15864374999999953
Be2 K1 Rh1,2,2,2,-3.97193125,-3.346465,0.6254662500000001
Be2 K1 Te1,2,2,2,-2.6630865,-2.58749675,0.07558974999999979
Be2 K1 W1,2,2,2,-4.5023255,-3.46880075,1.0335247500000002
Be2 La1 Ru1,2,2,2,-5.403375625,-4.8732395,0.5301361249999994
Be2 La1 Tc1,2,2,2,-5.64340125,-5.41911625,0.22428500000000007
Be2 Li1,2,2,2,-3.030166,-2.924996666666667,0.105169333333333
Be2 Li1 Re1,2,2,2,-5.33648975,-4.976768,0.3597217500000003
Be2 Mg1 Zn1,2,2,2,-2.28862775,-2.13794925,0.15067849999999972
Be2 Pb1 Se1,2,2,2,-3.787678,-3.056686875,0.7309911250000001
Be2 Pt1 Se1,2,2,2,-4.48570575,-4.1303955,0.3553102500000005
Be2 Rh1 Sb1,2,2,2,-4.73217625,-4.6969295,0.03524674999999977
Be2 Rh1 Sr1,2,2,2,-4.1423735,-3.56056275,0.5818107499999998
Be2 Ru1 Tc1,2,2,2,-6.8391295,-6.52035625,0.31877325000000045
Be2 Sb1 Zr1,2,2,2,-5.11895075,-5.049419,0.06953174999999945
Be2 Si1 Tc1,3,3,3,-5.91647375,-5.75839275,0.15808100000000014
Be3 Cu1,2,2,2,-3.8657245625,-3.7206335,0.14509106250000015
Be3 Hg4,2,2,2,-1.3214307142857142,-1.2520707142857144,0.06935999999999987
Be3 La1 Pt1,2,2,2,-4.7816285,-4.597612,0.18401650000000025
Bi1 Ca1 H1,2,2,2,-3.58694,-3.3827425000000004,0.20419749999999937
Bi1 Cd2 Tl2,2,2,2,-2.0573076,-1.9608536,0.09645400000000004
Bi1 Cl6 Na2,2,2,2,-3.146294666666667,-3.144318055555555,0.0019766111111119145
Bi1 Dy1 Se1 Tb1,2,2,2,-5.44328925,-5.39330525,0.04998400000000025
Bi1 F3,2,2,2,-4.77895125,-4.5694709375,0.2094803125000002
Bi1 Ga1 Te1,2,2,2,-3.361998,-3.313042,0.048956
Bi1 H1 Rh3,3,3,3,-5.9594494,-5.575371,0.38407839999999993
Bi1 H1 Ti3,2,2,2,-6.3875366,-5.4217303999999995,0.9658062000000003
Bi1 H1 Zr3,2,2,2,-6.913783,-6.615414400000001,0.298368599999999
Bi1 H6 Sm1,2,2,2,-3.5393975,-3.52469925,0.014698250000000357
Bi1 Hg1 Na1,2,2,2,-2.0233825,-2.00730025,0.016082249999999743
Bi1 Hg1 Tm1,2,2,2,-3.275047666666667,-3.2529128333333333,0.02213483333333377
Bi1 In2 Sr1,2,2,2,-3.1624225,-3.052838375,0.10958412500000003
Bi1 La3 Ru1,4,4,4,-6.131558,-5.6855125,0.4460455000000003
Bi1 La3 Se1,2,2,1,-5.2702732,-4.4455806,0.8246925999999997
Bi1 La5 Ru1,2,2,2,-5.809917857142857,-5.79487,0.01504785714285628
Bi1 La5 Ru2,3,3,3,-6.30953625,-6.277478125,0.032058124999999826
Bi1 Li3 O8 P2,2,2,2,-6.8698419047619055,-6.8425,0.027341904761905234
Bi1 O3 Rb1,2,2,2,-5.4225883,-5.2566723,0.16591600000000017
Bi1 P1 Si3,2,2,1,-4.4528328,-3.2620914,1.1907414000000003
Bi1 Pt1 Th1,2,2,2,-6.631106,-6.598225833333333,0.03288016666666671
Bi1 Pu1 Tb1,2,2,2,-7.891712333333333,-7.72022,0.17149233333333314
Bi1 Rb4,2,2,2,-1.6759035999999998,-1.5290403,0.14686329999999992
Bi1 Re1,3,3,3,-7.60726125,-6.20457025,1.402691
Bi1 Ru1,2,2,2,-5.9979053125,-5.90283775,0.09506756250000059
Bi1 S3 Sb1,2,2,2,-4.7807189999999995,-4.208997800000001,0.5717211999999989
Bi1 Sc3 V1,2,2,1,-6.1022774,-5.547856,0.5544213999999998
Bi2 Ca1 Hg1,2,2,2,-2.9169755,-2.8545265,0.06244899999999998
Bi2 La5 Ru2,2,2,2,-6.229205,-6.1768625,0.05234249999999996
Bi2 Sr1 Y1,2,2,2,-4.6511675,-4.295908,0.35525949999999984
Bi3 Er1 La2,2,2,2,-5.309049,-5.297917666666667,0.01113133333333316
Bi3 La4 Ru1,2,2,2,-5.845281625,-5.8141875,0.031094125000000084
Bi5 Sc1 Tm4,2,2,2,-5.1166965,-5.1147488,0.0019476999999996636
Br1 C1 Dy1 Pr1,2,2,2,-5.97608125,-5.9479045,0.028176750000000084
Br1 Ca1 Li2,2,2,2,-2.468995,-2.3096565,0.15933850000000005
Br1 Cd2 Zn1,2,2,2,-1.253524425,-1.180460925,0.07306349999999995
Br1 Cl1 Te1,2,2,2,-2.4546698,-1.9971923333333337,0.45747746666666633
Br1 Cl1 W2,2,2,2,-6.292778,-6.220829,0.07194900000000004
Br1 Cl2 W1,2,2,2,-4.92683875,-4.69109675,0.23574200000000012
Br1 Co1 Ru1,2,2,2,-5.252957666666666,-5.0739860000000006,0.17897166666666564
Br1 Co1 Sr1,2,2,2,-3.5364185833333335,-3.352612166666667,0.18380641666666664
Br1 Co1 Te2,2,2,2,-3.71627375,-3.61645375,0.09982000000000024
Br1 Co1 W2,2,2,2,-8.025629,-7.708053,0.31757600000000075
Br1 Co2 Zn1,2,2,2,-3.95217525,-3.636843,0.31533225
Br1 Cr1 Ta2,2,2,2,-8.0340605,-8.01711,0.01695050000000009
Br1 Cr2 In1,2,2,2,-5.6988345,-5.50159875,0.19723574999999993
Br1 Cr2 Pt1,2,2,2,-6.37062925,-5.9474545,0.42317475000000027
Br1 Cr2 W1,2,2,2,-7.70388225,-7.50165425,0.20222800000000074
Br1 Cu1 Pb2,2,2,2,-3.30522325,-3.24484225,0.06038100000000002
Br1 Cu1 Te2,2,2,2,-3.14951075,-2.52229725,0.6272135000000003
Br1 Cu2 Ni1,2,2,2,-3.6111,-3.52379325,0.08730674999999977
Br1 F1,2,2,2,-2.13693665,-1.520486875,0.616449775
Br1 Fe1 Sb2,2,2,2,-4.17307425,-4.01806775,0.15500649999999982
Br1 Fe1 Y2,2,2,2,-6.23318525,-5.921321,0.3118642500000002
Br1 Ge1 Ni1,2,2,2,-4.177166,-4.169717166666667,0.007448833333333127
Br1 Hg1 Os1,2,2,2,-3.468341,-3.1619506666666664,0.30639033333333376
Br1 Hg2 Tc1,3,3,3,-2.83036075,-2.45417575,0.376185
Br1 In1,2,2,2,-2.862572,-2.5952279166666665,0.2673440833333336
Br1 In1 Sr2,2,2,2,-2.68454075,-2.681440625,0.003100125000000009
Br1 In2 P1,2,2,2,-3.28454025,-3.21608875,0.06845150000000011
Br1 In2 Si1,2,2,2,-3.109035,-3.03428575,0.07474924999999999
Br1 In2 Tc1,2,2,2,-4.15145975,-4.02092325,0.13053649999999983
Br1 K1 Pt1,2,2,2,-3.4984893333333336,-3.1349933333333335,0.36349600000000004
Br1 K1 Zr2,2,2,2,-5.19918575,-3.99239875,1.2067869999999998
Br1 La1 Mg2,2,2,2,-2.86324775,-2.76043575,0.10281200000000013
Br1 La1 Zr2,2,2,2,-5.98634375,-5.49971575,0.4866279999999996
Br1 La2 Re1,2,2,2,-6.3460075,-6.34022375,0.005783749999999976
Br1 Li1 Ni1,2,2,2,-3.5186495,-3.5150528333333333,0.0035966666666666924
Br1 Li1 Se3,2,2,1,-2.4051210000000003,-2.3492792,0.0558418000000005
Br1 Li1 Si2,2,2,2,-3.476458,-3.10149225,0.3749657499999999
Br1 Li1 Zn1,2,2,2,-2.251544466666666,-2.2491483333333333,0.002396133333332884
Br1 Mg1 Mn2,2,2,2,-5.17910825,-5.017645,0.16146324999999973
Br1 Mg1 Os2,2,2,2,-5.6182195,-5.105227,0.5129925000000002
Br1 Mn1,3,3,3,-5.39336875,-5.2937765,0.09959224999999972
Br1 Mn1 Tl2,2,2,2,-3.852856,-3.7240365,0.1288195000000001
Br1 Mn2 Tl1,2,2,2,-5.180853,-5.0701485,0.11070449999999976
Br1 Mn5,2,2,2,-7.5103525,-7.033881666666667,0.47647083333333295
Br1 Mo1,3,3,3,-6.23728875,-5.5351721666666664,0.7021165833333338
Br1 Mo2 Os1,2,2,2,-7.7428355,-7.664122,0.0787135000000001
Br1 Na1 Ni1,2,2,2,-3.2574516666666664,-3.251405,0.006046666666666312
Br1 Ni1,2,2,2,-3.5958025,-3.59410425,0.0016982500000000122
Br1 Os2 Re1,2,2,2,-8.1873925,-7.6815575,0.5058349999999994
Br1 Os2 Se1,2,2,2,-6.03266375,-5.622129,0.41053475000000006
Br1 Os2 Tc1,2,2,2,-7.6815305,-7.58806,0.09347050000000046
Br1 P1,2,2,2,-3.3877144166666664,-2.936989,0.4507254166666663
Br1 Pb1 Pt2,2,2,2,-4.280983,-4.06117875,0.21980425000000015
Br1 Pb1 W2,2,2,2,-7.22932875,-6.8795415,0.34978724999999944
Br1 Pb2 Ta1,2,2,2,-4.839652,-4.559523,0.28012899999999963
Br1 Pd1 Se2,2,2,2,-3.2439475,-2.89814325,0.34580425000000004
Br1 Pd2 Tc2,2,2,2,-5.9707226,-5.7962936,0.17442899999999995
Br1 Pt1 Ru2,2,2,2,-5.9438795,-5.902029,0.04185050000000068
Br1 Pt2 Re1,2,2,2,-6.32409,-5.43736925,0.8867207500000003
Br1 Pt2 Sc1,2,2,2,-5.39015675,-5.36416725,0.025989499999999666
Br1 Rh1 Ru2,2,2,2,-6.02446175,-5.738586875,0.2858748750000002
Br1 Ru1,2,2,2,-5.0760016666666665,-4.54440925,0.5315924166666663
Br1 Ru1 Zr2,2,2,2,-7.20782575,-7.01058825,0.19723749999999995
Br1 Sc1 Tl1,2,2,2,-4.123353,-3.8598173333333334,0.2635356666666664
Br1 Sc2 Zr1,2,2,2,-6.09779925,-6.027936,0.06986324999999916
Br1 Se2 Zr1,2,2,2,-4.81226775,-4.6497135,0.16255425000000034
Br1 Se3 Zr1,2,2,1,-4.4041066,-3.4521748000000003,0.9519318000000001
Br1 Si1,2,2,2,-3.62701225,-3.028514,0.59849825
Br1 Si1 Tl1,2,2,2,-3.3521744166666667,-2.8667833333333337,0.48539108333333303
Br1 Si2 Sr1,2,2,2,-4.20229725,-3.9500405,0.2522567499999999
Br1 Sn1 Sr2,2,2,2,-3.305607,-3.17319175,0.1324152500000002
Br1 Sr1 Tc2,2,2,2,-5.9353795,-5.3827585,0.5526210000000003
Br1 Sr2 Y1,2,2,2,-3.5029085,-2.8801015,0.6228070000000003
Br1 Ta1,2,2,2,-6.8181395,-5.157594166666667,1.6605453333333333
Br1 Ta2 Te1,3,3,3,-7.31997925,-6.4713935,0.8485857500000007
Br1 Tl1 Y2,2,2,2,-4.91688825,-4.63468,0.28220825000000005
Br1 Y1,2,2,2,-4.9364875,-4.78164875,0.15483875000000058
Br1 Y2,3,3,3,-5.618315,-5.4097143333333335,0.20860066666666643
Br1 Zn1,2,2,2,-1.9005065,-1.7723146875,0.1281918125000001
Br2 Cd1 K1,2,2,2,-2.277549,-2.277534,1.4999999999876223e-05
Br2 Cd1 S1 Se1,2,2,1,-2.2548976,-2.0134602,0.24143740000000014
Br2 Cl1 Mg1,2,2,2,-2.69488875,-2.116939,0.5779497500000002
Br2 Cl1 Os1,2,2,2,-2.954302,-2.78046625,0.1738357500000003
Br2 Cl1 Sb1,2,2,2,-3.0088733333333333,-2.202768,0.8061053333333335
Br2 Cl1 Zn1,2,2,2,-2.1754895,-1.769217375,0.4062721249999999
Br2 Co1 Ta1,4,4,4,-5.8509055,-4.83816625,1.01273925
Br2 Cr1 Rh1,3,3,3,-5.150237,-4.6265035,0.5237334999999996
Br2 Cu1 Hg1,2,2,2,-2.0458795,-1.715016125,0.33086337499999985
Br2 Hg1 Os1,2,2,2,-3.17035225,-2.476812125,0.6935401250000002
Br2 In1 La1,2,2,2,-3.8499455,-3.719494,0.13045149999999994
Br2 La1 Se1,2,2,2,-4.15522525,-4.09954075,0.055684499999999915
Br2 Li1 Y1,2,2,2,-4.05902875,-4.008955,0.05007375000000014
Br2 Mg1 Mo1,2,2,2,-4.166942,-4.0175715,0.14937049999999985
Br2 Os1 P1,2,2,2,-3.90512475,-3.810557,0.09456774999999995
Br2 Os1 Ru1,2,2,2,-5.18202975,-4.43923675,0.7427929999999998
Br2 Ru1 Se1,2,2,2,-3.49038775,-3.47878625,0.01160149999999982
Br2 Ru1 Tc1,2,2,2,-4.702105,-4.68484975,0.01725525000000072
Br2 S1,2,2,2,-2.7161283333333333,-2.6969816666666664,0.019146666666666867
Br2 Sc1 Tl1,2,2,2,-3.9529525,-3.505744,0.4472084999999999
Br2 Si1 Tc1,2,2,2,-5.01713875,-4.924269625,0.092869125
Br2 Si1 Zn1,2,2,2,-2.64591375,-2.4647955,0.18111824999999993
Br2 Sr2 Y1,2,2,2,-3.4583157,-3.3506896,0.10762610000000006
Br2 Zn1 Zr1,2,2,2,-3.48233,-3.120809,0.3615210000000002
Br24 Ce1 Cs8 Na4 Nd3,2,2,2,-3.62860825,-3.62848,0.0001282499999999409
Br3 Ca1,2,2,2,-3.073470625,-2.99508375,0.07838687500000008
Br3 Co1 H4 N1,2,2,2,-4.247037777777778,-4.228080555555556,0.018957222222222292
Br3 Cr1 F1,2,2,1,-3.5071193999999997,-3.080271,0.42684839999999946
Br3 Ge1 K1,2,2,2,-3.2006265,-3.172814,0.027812500000000018
Br3 Ni1,2,2,2,-2.83687325,-2.723904875,0.1129683749999999
Br3 P1,2,2,2,-2.289482375,-2.11981775,0.1696646249999998
Br3 Pb1,2,2,2,-2.65093975,-2.05453,0.5964097499999998
Br3 Sb1,2,2,2,-2.8824820625,-2.29482,0.5876620624999997
Br3 Si1 Tl1,2,2,2,-3.1324596,-2.232094,0.9003655999999998
Br4 Ge1 Tl2,2,2,2,-3.0136535714285713,-3.0086364285714287,0.005017142857142609
Br6 Cs1 Dy1 Mg1,2,2,2,-3.6519666666666666,-3.651937777777778,2.8888888888634057e-05
Br6 Dy1 In2 K1,2,2,2,-3.497974,-3.4119915,0.08598250000000007
C1,3,3,3,-9.08497625,-8.228227,0.85674925
C1 Ca1 I2,2,2,2,-4.210403,-4.20628625,0.0041167500000005575
C1 Cl1 Ho2,2,2,2,-6.1654095,-6.143969,0.02144049999999975
C1 Cu1,3,3,3,-6.404922,-4.7645965,1.6403255000000003
C1 Cu3,2,2,2,-4.58376875,-4.5243515,0.05941725000000009
C1 Ga1 Li1,2,2,2,-4.584757833333334,-4.566576,0.01818183333333323
C1 Ga1 Ti3,2,2,2,-7.739882,-6.614219,1.1256629999999994
C1 H1 Ru1,2,2,2,-6.352115666666666,-6.276107666666667,0.07600799999999897
C1 I1,2,2,2,-4.3455699999999995,-2.68489475,1.6606752499999993
C1 In1 K1,2,2,2,-3.420604333333334,-3.217703333333333,0.20290100000000066
C1 Ir1,4,4,4,-8.46868125,-7.7978895,0.6707917499999994
C1 Ir1 Mn1,2,2,2,-8.7715925,-8.700179333333333,0.07141316666666775
C1 La1,2,2,2,-7.1062225,-6.66574675,0.44047575000000005
C1 Mg1 Mn2,2,2,2,-7.26518625,-6.670403,0.5947832499999999
C1 Mn1 P2,2,2,2,-7.15444875,-7.051404,0.10304475000000046
C1 Mo1 Sb3,2,2,1,-5.2214726,-4.817046400000001,0.4044261999999996
C1 O2 Tl1,2,2,2,-6.5072625,-6.05820275,0.44905975
C1 Os1 P1 S1,2,2,2,-7.18466175,-7.1129145,0.07174725000000048
C1 P2 Si1,2,2,2,-5.952044,-5.80295425,0.1490897499999999
C1 Pt3 Tl1,2,2,1,-5.4958966,-3.1921028,2.3037938000000002
C1 Rb1 Sc1,2,2,2,-5.019360833333333,-4.257907166666667,0.7614536666666663
C1 Re2,2,2,2,-10.930211333333332,-10.148123333333332,0.7820879999999999
C1 Re3,2,2,2,-10.9041025,-10.29163925,0.6124632500000011
C1 Sc1,2,2,2,-8.014505,-7.91219425,0.10231075
C1 Se1,2,2,2,-5.723007166666666,-3.66928265,2.0537245166666662
C1 Ta2,2,2,2,-11.576243333333332,-11.102264333333332,0.47397899999999993
C1 Ta2 Zr1,2,2,2,-10.6102675,-10.201985,0.4082825000000003
C1 Ti3 Zn1,2,2,2,-7.3241074,-7.1040825,0.2200249000000003
C1 Zn1,3,3,3,-4.44531925,-3.44629975,0.9990194999999997
C2 Ca1,2,2,2,-6.793782666666666,-5.049799666666667,1.7439829999999992
C2 Cd1,2,2,2,-3.801455166666667,-3.3619808333333334,0.4394743333333335
C2 Co1,2,2,2,-6.999843333333334,-6.754815,0.24502833333333385
C2 Cr1,2,2,2,-8.277400833333333,-7.565275833333334,0.7121249999999995
C2 Cr2 Sm1,2,2,2,-8.646859000000001,-8.596652,0.050207000000000335
C2 Na1 Te1,2,2,2,-4.096784125,-3.5865305,0.5102536250000003
C2 Sr1,3,3,3,-6.6562275,-3.518753,3.1374745
C2 W1,2,2,2,-9.770283333333332,-9.524120333333334,0.24616299999999747
C3 Cr1,3,3,3,-7.710618,-6.7666225,0.9439954999999998
C3 Fe1 P1,2,2,2,-7.585862799999999,-7.425666,0.16019679999999958
C3 In1,2,2,2,-5.532065,-4.882563125,0.6495018750000003
C3 Ir1,2,2,2,-7.98427375,-6.662550875,1.3217228749999999
C3 Rh1,2,2,2,-8.01979375,-6.3604155,1.6593782499999996
C3 Rh1 Ti1,2,2,1,-6.5879608,-6.4558686,0.13209220000000066
C3 Sr1,2,2,2,-6.75069325,-4.11792325,2.6327700000000007
C4 Sc1,2,2,2,-7.285364,-4.7852820000000005,2.500082
Ca1 Cd1 La2,2,2,2,-3.34014075,-3.248685125,0.09145562500000004
Ca1 Cd1 Tc2,2,2,2,-5.36275425,-4.868861625,0.493892625
Ca1 Ce1 Mg2,2,2,2,-2.76713,-2.7667235,0.0004064999999999763
Ca1 Ce1 Se2,2,2,2,-5.59402275,-5.4895625,0.10446024999999981
Ca1 Cl1 Cr2,2,2,2,-5.1288,-4.95860875,0.17019125000000024
Ca1 Cl1 Zn2,2,2,2,-2.243071,-1.76669625,0.47637474999999996
Ca1 Co1 F1 H1 Mg1 N1,2,2,2,-5.11525725,-5.024038333333333,0.0912189166666666
Ca1 Co1 Mo2,2,2,2,-7.01694575,-6.7106305,0.30631524999999993
Ca1 Co1 Ru2,2,2,2,-6.54388375,-6.315865,0.22801875000000038
Ca1 Co1 Sr2,2,2,2,-2.79249725,-2.574264,0.21823324999999993
Ca1 Cs1 F3,2,2,2,-5.1062695,-5.09974325,0.006526249999999401
Ca1 Cu1 Mg1,2,2,2,-2.4888264166666665,-2.37645625,0.11237016666666655
Ca1 Cu1 Os2,2,2,2,-6.7974745,-6.708259,0.08921549999999989
Ca1 Cu1 Sb2,2,2,2,-4.0596,-3.64077025,0.41882974999999956
Ca1 Cu2,2,2,2,-3.5010178333333335,-3.500048666666667,0.0009691666666666876
Ca1 Dy2 Hg3,2,2,2,-2.5376878333333335,-2.5347926666666667,0.002895166666666782
Ca1 Fe2 Hg1,2,2,2,-4.23447025,-4.09849,0.13598025000000025
Ca1 Gd1 In2,2,2,2,-5.87676525,-5.6889015,0.18786375
Ca1 Ge1 Zn1,2,2,2,-3.141755,-2.9842866666666663,0.15746833333333354
Ca1 Ge2 Ir1,2,2,2,-5.626786875,-5.60356,0.023226874999999758
Ca1 H1 Nb2,2,2,2,-6.236684375,-6.1995005,0.0371838750000002
Ca1 H3 Zn1,2,2,2,-2.853161,-2.4491024,0.40405859999999993
Ca1 H6 K1,2,2,2,-2.8136995,-2.5974515,0.21624799999999977
Ca1 Hf1,2,2,2,-5.359484166666667,-3.371884375,1.9875997916666672
Ca1 Hg4 Ho2 Tm1,2,2,2,-2.612362875,-2.609264375,0.003098500000000115
Ca1 Hg4 La3,2,2,2,-2.77913975,-2.7689595,0.010180250000000335
Ca1 Hg6 Tb1,2,2,2,-1.4220515,-1.400416375,0.021635124999999977
Ca1 In1 Re2,2,2,2,-6.6694995,-6.56838025,0.10111925
Ca1 In4 Ni4,2,2,2,-4.119642444444445,-4.043981333333333,0.07566111111111162
Ca1 Ir1 Re1,2,2,2,-7.586175,-7.152721333333333,0.43345366666666685
Ca1 Ir1 Ta2,2,2,2,-8.28156575,-8.2571935,0.02437225000000076
Ca1 Ir2 Re1,2,2,2,-7.6616625,-7.4922885,0.16937400000000036
Ca1 La1,2,2,2,-2.84356525,-1.79212125,1.051444
Ca1 La3 Ru1,2,2,2,-5.248848000000001,-4.6714394,0.5774086000000009
Ca1 Li1 Mn2,2,2,2,-5.026908,-4.99016725,0.03674074999999988
Ca1 Li1 Re1,2,2,2,-4.827795,-4.796515,0.03127999999999975
Ca1 Li1 Se2,2,2,2,-3.958073625,-3.952501,0.005572625000000109
Ca1 Mg1 Rh1,2,2,2,-4.061249166666667,-4.049690166666667,0.011559000000000097
Ca1 Mg1 W2,2,2,2,-6.6641525,-6.662446,0.0017065000000000552
Ca1 Mg2,2,2,2,-1.6407873333333332,-1.638707666666667,0.0020796666666662578
Ca1 Mn1 Rh1,2,2,2,-6.071407333333333,-5.874071666666667,0.19733566666666658
Ca1 Mn2 Tc1,2,2,2,-7.2792405,-6.9791445,0.3000959999999999
Ca1 Mo1,2,2,2,-6.03629925,-5.43518625,0.6011129999999998
Ca1 Mo2 W1,3,3,3,-8.4716625,-7.761508,0.7101545000000007
Ca1 N2 Te1 V1,2,2,1,-6.2806946,-4.711505600000001,1.5691889999999997
Ca1 N3 Os1,2,2,2,-7.875602000000001,-7.693980000000001,0.18162199999999995
Ca1 N3 W1,2,2,2,-8.5657395,-8.248788000000001,0.3169514999999983
Ca1 Ni1 Te1,2,2,2,-4.412998833333334,-4.348413166666666,0.06458566666666776
Ca1 Ni1 W2,2,2,2,-7.817996,-7.67741575,0.14058025000000018
Ca1 O1 Pd1,2,2,2,-5.706489,-5.675156333333334,0.031332666666666675
Ca1 O4 P1,2,2,2,-7.381891666666667,-7.376594999999999,0.0052966666666680595
Ca1 Os1 Re2,2,2,2,-8.8393365,-8.58987425,0.24946225000000055
Ca1 Os1 Tl2,2,2,2,-4.10678625,-3.9622445,0.1445417499999997
Ca1 Os1 Y1,2,2,2,-6.3394303333333335,-6.1821193333333335,0.15731099999999998
Ca1 Os1 Zr2,2,2,1,-7.58265075,-7.53465125,0.04799950000000042
Ca1 Pd1 Se1,3,3,3,-4.7224276666666665,-4.3840535,0.3383741666666662
Ca1 Pd1 Sr3,2,2,2,-2.7458815000000003,-2.7157466,0.030134900000000187
Ca1 Pd2 Pr1,2,2,2,-5.0159155,-4.8580355,0.15788000000000046
Ca1 Pt1 Te1,3,3,3,-4.7509760000000005,-4.7068113333333335,0.044164666666667074
Ca1 Pt1 W1,2,2,2,-6.997638666666667,-6.580731,0.4169076666666669
Ca1 Re2 Y1,2,2,2,-7.66450775,-7.4484425,0.21606525000000065
Ca1 Rh1 Sm2,2,2,2,-5.098945,-5.076263,0.022681999999999647
Ca1 Rh1 Tc1,2,2,1,-6.496732000000001,-6.4749946666666665,0.021737333333334163
Ca1 Ru1,2,2,2,-4.987833,-4.835637,0.152196
Ca1 Ru1 Y3,2,2,2,-6.202402,-6.134211,0.06819100000000056
Ca1 Ru2 Y1,3,3,3,-6.61768725,-6.44738575,0.17030150000000077
Ca1 Sb1 Si2,2,2,2,-4.240541,-3.98796175,0.25257925000000014
Ca1 Sb2 Ta1,2,2,2,-5.5878205,-5.08380375,0.5040167499999999
Ca1 Sc1 Se2,2,2,2,-5.53954025,-4.30201825,1.2375220000000002
Ca1 Sc1 Tl1,3,3,3,-3.6992521666666662,-2.963351166666667,0.7359009999999993
Ca1 Tc1,2,2,2,-5.4211545,-5.2921955,0.12895900000000005
Ca1 Te1 Zr1,2,2,1,-4.345593333333333,-4.189330333333333,0.15626300000000004
Ca1 Tl4 Y3,2,2,2,-4.2483025,-4.24553925,0.002763250000000106
Ca1 Y2 Zr1,2,2,2,-5.602305,-5.59205425,0.010250749999999975
Ca2 Cd1 Ni1,2,2,2,-2.7640215,-2.66318375,0.10083775000000017
Ca2 Cu2 Mg1,2,2,2,-2.898525,-2.7561077000000003,0.14241729999999952
Ca2 Hg1 Tl1,3,3,3,-2.168779375,-1.8664555,0.30232387500000013
Ca2 In1 Tl1,3,3,3,-2.731843,-2.55635475,0.1754882499999999
Ca2 Ir1,2,2,2,-4.560919999999999,-4.4700025000000005,0.09091749999999887
Ca2 Ir1 Sc1,2,2,2,-5.09824175,-4.691645,0.4065967499999994
Ca2 La1,2,2,2,-2.875405,-2.2155378333333333,0.6598671666666669
Ca2 Li1 Ta1,2,2,2,-3.95297425,-3.88731475,0.0656595000000002
Ca2 Mo1 Se1,2,2,2,-4.71084075,-4.32959125,0.3812495
Ca2 P1 Re1,2,2,2,-5.65437075,-5.07028525,0.5840854999999996
Ca2 Pb1 Sr1,2,2,2,-2.6338695,-2.618589875,0.015279624999999797
Ca2 Pt1,2,2,2,-4.087226666666667,-4.035771666666666,0.051455000000000695
Ca2 S3 Tb1,2,2,2,-5.921145,-5.920482499999999,0.0006625000000006764
Ca2 Sb1,2,2,2,-3.4325095,-3.311998333333334,0.12051116666666628
Ca2 Si1 Zn1,2,2,2,-3.0509785,-3.024596,0.026382499999999975
Ca2 Sr3,2,2,2,-1.7950010666666667,-1.5756912,0.21930986666666663
Ca2 Sr7,2,2,2,-1.743388777777778,-1.7427416666666666,0.0006471111111112648
Ca2 Te1 Y1,2,2,2,-3.79102375,-3.747598875,0.04342487499999992
Ca3 Li1 P1,2,2,2,-3.1435312499999997,-3.1344088,0.00912244999999956
Ca3 Mg1,2,2,2,-1.897362125,-1.86618025,0.031181874999999915
Ca3 Mg1 P1,3,3,3,-2.89753265,-2.5001558,0.3973768500000001
Ca3 Nd4,2,2,2,-3.557524285714286,-3.535546142857143,0.021978142857142835
Ca3 Tl1,3,3,3,-2.3094315,-2.29208975,0.017341749999999934
Cd1 Ce1 Hg1 Sm1,2,2,2,-3.2631125,-3.255494,0.0076184999999999725
Cd1 Cl1 Te1,2,2,2,-2.4545393333333334,-2.1769890000000003,0.2775503333333331
Cd1 Cl2 Ir1,2,2,2,-3.534414,-3.2593205,0.2750935000000001
Cd1 Cl2 La1,5,5,5,-3.571602125,-3.24307725,0.32852487500000027
Cd1 Cl2 Os1,2,2,2,-3.6708695,-3.229344,0.44152549999999957
Cd1 Cl2 Se1,2,2,2,-2.10924075,-1.908819,0.20042175000000007
Cd1 Cl2 Tc1,2,2,2,-3.9141425,-3.56297875,0.35116375
Cd1 Co1 Cr2,2,2,2,-6.511526,-6.297165,0.21436100000000025
Cd1 Co1 Ge2 P1,2,2,2,-4.499006700000001,-4.4893044,0.009702300000000719
Cd1 Co1 Se2,2,2,2,-3.95539175,-3.83541575,0.11997599999999986
Cd1 Co3 N1,2,2,2,-6.0783936,-5.858976,0.21941759999999988
Cd1 Cu1,2,2,2,-2.441068,-1.996008,0.44506
Cd1 Cu1 Fe1,2,2,2,-4.150455666666667,-3.685621333333333,0.46483433333333357
Cd1 Cu1 Mg1,2,2,2,-2.267503666666667,-1.9696804666666667,0.29782320000000007
Cd1 Cu1 Mn2,3,3,3,-5.54030075,-5.4683915,0.07190925000000004
Cd1 Dy1 In1,2,2,2,-3.1378641666666667,-3.1361058333333336,0.0017583333333330842
Cd1 F3 Tl1,2,2,2,-3.7739765,-3.5576214,0.2163550999999999
Cd1 Ga1 Ni2,2,2,2,-3.98681675,-3.982345,0.0044717499999999966
Cd1 H6 Nb1,2,2,2,-3.699582375,-3.3161995,0.3833828749999997
Cd1 H6 Tc1,2,2,2,-3.381400875,-3.318606625,0.06279425000000005
Cd1 Hg1 Zn1,2,2,2,-0.71522,-0.6546774666666667,0.06054253333333326
Cd1 Ho1 Ir1 Sc1,2,2,2,-5.819475,-5.73361925,0.08585574999999945
Cd1 I1 Sb2 Te1,2,2,1,-2.1542132,-2.1215302,0.03268300000000002
Cd1 I2,3,3,3,-1.9327068333333333,-1.908382,0.02432483333333324
Cd1 In1 Mo2,3,3,3,-6.0329095,-5.8275265,0.20538299999999943
Cd1 In1 Tl1,2,2,2,-1.9581201666666663,-1.9562418333333331,0.0018783333333332042
Cd1 In1 Y1,2,2,2,-3.715044333333333,-3.6893126666666665,0.025731666666666708
Cd1 Ir2 W1,2,2,2,-7.7467925,-7.58482875,0.16196374999999996
Cd1 K1 Ru1,2,2,2,-2.9767193333333335,-2.066754333333334,0.9099649999999997
Cd1 K1 Tc2,2,2,2,-5.0460825,-4.72673425,0.31934825
Cd1 K2,2,2,2,-1.0288136,-0.9709405555555556,0.05787304444444452
Cd1 La2 Re1,2,2,2,-5.59633,-5.44708,0.14925000000000033
Cd1 Li1 P1 S2,2,2,1,-3.1091242,-3.0362850000000003,0.07283919999999977
Cd1 Li6 Pd2,2,2,2,-2.8559377777777777,-2.8255233333333334,0.0304144444444443
Cd1 Mg1 Pr1,2,2,2,-2.6758260000000003,-2.3656416666666664,0.31018433333333384
Cd1 Mn1 O2,2,2,2,-6.62464625,-6.41749425,0.20715199999999978
Cd1 Mn1 Re2,2,2,2,-8.47221575,-8.21385575,0.2583599999999997
Cd1 Mn1 Te2,3,3,3,-3.97566525,-3.928788125,0.046877124999999964
Cd1 Mn2 Te1,2,2,2,-5.3084275,-5.307941,0.00048650000000005633
Cd1 Mo1 Tc2,2,2,1,-7.8502065,-7.77831075,0.07189574999999948
Cd1 Mo2 Te1,2,2,2,-5.96380325,-5.73590325,0.2279
Cd1 Nb1,2,2,2,-5.37191925,-4.6930475,0.6788717500000008
Cd1 Nd2 Os1,2,2,2,-5.550991,-5.474914,0.07607699999999973
Cd1 Ni1 Pu1,2,2,2,-7.095314666666667,-7.078100444444444,0.017214222222222908
Cd1 Ni1 Rh2,2,2,2,-5.2728385,-5.1782465,0.09459199999999957
Cd1 Ni1 Zn2,3,3,3,-2.3240415,-2.28373275,0.04030874999999989
Cd1 P1 Pt2,2,2,2,-4.60853,-4.56547825,0.043051750000000055
Cd1 Pb1 Zr2,2,2,2,-5.48608825,-5.10089875,0.3851895000000001
Cd1 Pb2 Sb1,2,2,2,-3.04964525,-3.0469615,0.0026837500000000958
Cd1 Pt1 Tl2,2,2,2,-2.799032,-2.7883855,0.010646500000000003
Cd1 Pt1 W2,2,2,2,-7.956893,-7.69748075,0.25941224999999957
Cd1 Pt2 Sr1,2,2,2,-4.176598,-4.13334025,0.04325775000000043
Cd1 Re2 Sc1,3,3,3,-7.852643,-7.81041375,0.04222924999999922
Cd1 Rh2 W1,2,2,2,-7.09312875,-6.68687575,0.4062530000000004
Cd1 Ru1,3,3,3,-4.688892,-3.97686125,0.7120307500000003
Cd1 Ru2 Se1,3,3,3,-5.49943825,-5.24015375,0.2592844999999997
Cd1 Ru2 Sr1,2,2,2,-5.0109075,-4.674282125,0.33662537499999967
Cd1 Ru2 Zn1,2,2,2,-4.91944025,-4.81363825,0.10580199999999973
Cd1 S2 Y1,2,2,1,-5.46434,-4.7889675,0.6753724999999999
Cd1 Sb2 Si1,3,3,3,-3.3712225,-3.229642,0.1415804999999999
Cd1 Se1 Y2,2,2,2,-5.369428125,-5.08614675,0.2832813749999996
Cd1 Si1 Te2,2,2,2,-2.85095075,-2.720126625,0.13082412500000018
Cd1 Ta1 Te2,2,2,2,-4.743668,-4.610054,0.13361400000000057
Cd1 Ta2 Tc1,2,2,2,-8.6075315,-8.5543995,0.053131999999999735
Cd1 Ta2 W1,2,2,2,-9.071185,-9.0668625,0.004322500000000673
Cd1 W1,2,2,2,-6.2934895,-6.23301125,0.06047825000000007
Cd1 W1 Zr2,2,2,2,-7.70244075,-7.65494,0.0475007500000002
Cd2 Ce1 K1,2,2,2,-2.25378025,-2.1953415,0.058438750000000095
Cd2 Cl1 Tl1,2,2,2,-1.74013675,-1.661171425,0.07896532499999998
Cd2 Cl1 Y1,2,2,2,-2.953948,-2.9440055,0.009942500000000187
Cd2 Co1,2,2,2,-2.668355833333333,-2.6522606666666664,0.01609516666666666
Cd2 Co1 Tl1,2,2,2,-2.5601055,-2.4026405,0.1574650000000002
Cd2 Cu1 Sr1,2,2,2,-1.9641415,-1.942239875,0.021901624999999925
Cd2 Cu1 Th1,2,2,2,-3.410549375,-3.34879925,0.0617501250000001
Cd2 Fe1 Li1,2,2,2,-2.90283925,-2.86472,0.03811924999999983
Cd2 Hg6 Sn1,2,2,2,-0.8077827000000001,-0.7866321111111111,0.021150588888888988
Cd2 Ho1,2,2,2,-2.365856,-2.360095,0.005761000000000127
Cd2 In1 Na2,2,2,2,-1.5458435,-1.3671402,0.1787033
Cd2 In1 Sc1,2,2,2,-2.88531675,-2.844224,0.04109274999999979
Cd2 In1 Tc1,2,2,2,-3.4404375,-3.39331275,0.047124749999999604
Cd2 In1 Tm1,2,2,2,-2.54572725,-2.40663275,0.13909450000000012
Cd2 In1 W1,2,2,2,-3.8702015,-3.856962,0.01323950000000007
Cd2 Ir1 Tl1,2,2,2,-3.02088375,-2.94298925,0.07789449999999976
Cd2 Ir2 Mn1,2,2,2,-5.6190356999999995,-5.1497464,0.4692892999999998
Cd2 La1 Mg1,2,2,2,-2.33354375,-2.2431975,0.09034625000000007
Cd2 Li3 Mg1,2,2,2,-1.71093,-1.706837,0.004093000000000124
Cd2 Mg1 Sc1,2,2,2,-2.6518845,-2.5135465,0.13833800000000007
Cd2 Ni1 Y1,2,2,2,-3.670374,-3.63371125,0.03666274999999963
Cd2 Os1 Y1,2,2,2,-4.778614,-4.65994925,0.11866474999999976
Cd2 Pb1 Te1,2,2,2,-2.2401815,-2.1031955,0.13698599999999983
Cd2 Pb3 Tl1,2,2,2,-2.503539416666667,-2.4280561666666665,0.07548325000000045
Cd2 Rb1 Tl1,2,2,2,-1.24429715,-1.2081871,0.036110050000000005
Cd2 Re1 Zn1,3,3,3,-3.5389085,-3.311203,0.2277054999999999
Cd2 Ru1,2,2,2,-3.4376846666666663,-3.1054477499999997,0.33223691666666655
Cd2 Sc1,2,2,2,-2.873984666666667,-2.7742051666666665,0.09977950000000035
Cd3 F8 Sr1,2,2,2,-4.22588125,-3.9465691666666665,0.2793120833333331
Cd3 Ga2 Th2,2,2,2,-3.64894,-3.6486905714285713,0.00024942857142873365
Cd3 K1 Sn2,2,2,2,-2.0859371666666666,-2.062949666666667,0.022987499999999716
Cd4 Sc1 Zr1,2,2,2,-3.2461211666666667,-3.240433,0.005688166666666827
Cd5 In1,2,2,2,-1.1881978333333334,-1.1734748333333334,0.014723000000000042
Cd5 Si1,2,2,2,-1.5088039999999998,-1.4736696666666669,0.035134333333332934
Cd6 Dy1 Li1,2,2,2,-1.707790375,-1.70529175,0.0024986250000000876
Ce1 Cl24 Cs8 Ho3 K4,2,2,2,-4.029868,-4.029671,0.00019700000000000273
Ce1 Cu1 Pm1 Pt1,2,2,2,-5.859955,-5.77440075,0.08555425000000039
Ce1 Er1 Pt2,2,2,2,-6.85382375,-6.7600655,0.09375825000000049
Ce1 Er2 Ru1,2,2,2,-6.421780625,-6.0286645,0.3931161250000006
Ce1 Ga1 Ir1 Nd1,2,2,2,-6.3332125,-6.1388315,0.19438099999999991
Ce1 Ga1 Si2,2,2,2,-5.35668375,-4.57891075,0.7777729999999998
Ce1 Ga4,2,2,2,-3.7079338,-2.7903116,0.9176222000000003
Ce1 H6 Si1,2,2,1,-3.516672375,-3.13026575,0.3864066250000002
Ce1 Ho1 Os1,2,2,2,-7.4157053333333325,-7.228168333333333,0.18753699999999984
Ce1 In1 Nd2,2,2,2,-4.64216625,-4.616578,0.0255882500000002
Ce1 La1 Pr2 Se4,2,2,2,-6.1757625,-6.17557,0.000192500000000706
Ce1 La2 Th1,2,2,2,-5.7782635,-5.727519,0.050744500000000414
Ce1 Ni1 Zn1,2,2,2,-4.692380333333333,-4.548558666666667,0.14382166666666674
Ce1 Pd1 Si1,3,3,3,-6.3931700000000005,-5.517851111111111,0.8753188888888896
Ce1 Tb1 Zr1,2,2,2,-6.266550666666666,-6.229484500000001,0.03706616666666562
Ce2 Co1 Ge4 Rh3,2,2,2,-6.761393,-6.725289999999999,0.03610300000000066
Ce2 Er1 Ru3,2,2,2,-7.751997,-7.744133333333333,0.007863666666667157
Ce2 Ho1 Te3,2,2,2,-5.647148333333334,-5.638564583333333,0.008583750000000556
Ce2 Nd1 Pa1,2,2,2,-6.336286,-5.86680325,0.46948275000000006
Ce2 Pu1 Tm1,2,2,2,-7.56235025,-7.5561425,0.006207749999999734
Ce2 S3 Tm1,2,2,2,-7.133284166666667,-7.121487916666666,0.011796250000000619
Ce3 La1 S4,2,2,2,-7.304389375,-7.302465875,0.001923500000000189
Ce3 Sb4,2,2,2,-5.844696428571429,-5.542518,0.3021784285714286
Ce3 Th1,2,2,2,-6.2662235,-6.22708175,0.03914174999999975
Ce5 Sb4,2,2,2,-6.048585277777778,-5.8363644444444445,0.2122208333333333
Cl1 Co1 Ni2,2,2,2,-4.64089875,-4.54646625,0.09443249999999992
Cl1 Cr1 P2 Ta1,2,2,1,-6.4946686,-6.0932456,0.4014229999999994
Cl1 Cr1 Rh2,2,2,2,-6.02295975,-5.93785625,0.08510349999999978
Cl1 Cr1 S1,2,2,2,-6.309157,-6.1819999999999995,0.1271570000000004
Cl1 Cu1 Ir2,2,2,2,-5.30276525,-5.10481825,0.1979470000000001
Cl1 Cu1 Li2,2,2,2,-3.055112,-2.993079625,0.062032374999999806
Cl1 Cu1 Zn2,2,2,2,-2.19673975,-2.07251475,0.12422500000000003
Cl1 F1 P1,2,2,2,-4.131763666666667,-4.126913,0.004850666666667003
Cl1 Fe1 Ni2,2,2,2,-4.952315375,-4.8837475,0.06856787500000028
Cl1 Fe1 Si1,2,2,2,-5.5148525,-5.024146333333333,0.49070616666666655
Cl1 Fe1 Sr1,2,2,2,-4.817673666666667,-3.968082,0.849591666666667
Cl1 Fe1 Tl2,2,2,2,-3.57388975,-3.39598325,0.1779065000000002
Cl1 H1 P1,2,2,2,-3.6127906666666663,-3.610282833333333,0.0025078333333330427
Cl1 H1 Si1,2,2,2,-4.015545833333333,-4.015042333333334,0.000503499999999768
Cl1 Hg2 Mo1,2,2,2,-3.152119,-3.06716025,0.08495874999999975
Cl1 Hg2 Re1,2,2,2,-3.29510025,-2.66650875,0.6285914999999997
Cl1 Hg2 W1,2,2,2,-3.18344525,-2.978455,0.20499025000000026
Cl1 In2 Si1,2,2,2,-3.254004,-3.1685595,0.08544449999999992
Cl1 In2 W1,2,2,2,-4.71282,-4.46744625,0.24537374999999972
Cl1 In3 Ir1,3,3,3,-4.2200165,-2.8255668,1.3944497
Cl1 Ir2 Sb1,2,2,1,-5.5315685,-5.49213,0.039438499999999266
Cl1 K1 P2,2,2,2,-3.74979125,-2.72633075,1.0234605
Cl1 La1,2,2,2,-4.83468125,-4.78543575,0.04924549999999961
Cl1 La2 Os1,2,2,2,-6.4678335,-6.3656015,0.10223199999999988
Cl1 Li1 Tc2,3,3,3,-6.30775825,-5.4453925,0.8623657500000004
Cl1 Li1 W2,2,2,2,-7.28839875,-6.75635575,0.5320429999999998
Cl1 Mn1,3,3,3,-5.65868425,-5.455304625,0.20337962500000017
Cl1 Mn1 Sc1,2,2,2,-6.797673333333333,-6.280969,0.5167043333333332
Cl1 Mn1 Se2,2,2,2,-4.33601575,-4.2022,0.13381574999999923
Cl1 Mn1 Si2,2,2,2,-5.2971415,-5.140525,0.15661650000000016
Cl1 Mo1 Re2,2,2,2,-8.675026,-8.646018,0.029008000000001033
Cl1 Mo2 Sc1,2,2,2,-7.2605525,-7.19494,0.0656125000000003
Cl1 N1 S2 Ta1,2,2,1,-6.1331924,-5.2220974,0.9110950000000004
Cl1 Na1 Pt1,2,2,1,-2.9989636666666666,-2.934571,0.06439266666666654
Cl1 Ni1,2,2,2,-4.05990125,-3.158615875,0.901285375
Cl1 Ni2 W1,2,2,2,-5.9661065,-5.95199675,0.014109750000000254
Cl1 Os1,2,2,2,-5.9234366666666665,-5.573855,0.34958166666666646
Cl1 Os1 Se2,2,2,2,-4.91805325,-4.58375125,0.3343020000000001
Cl1 Os1 W2,2,2,2,-9.3626225,-8.64228825,0.7203342500000005
Cl1 Os2 Tl1,2,2,2,-5.26296475,-5.25874575,0.004218999999999973
Cl1 P1,3,3,3,-3.97484,-2.637636375,1.337203625
Cl1 P2 Ta1,2,2,2,-5.941853,-5.86383925,0.07801375000000021
Cl1 P2 Tl1,2,2,2,-3.37253875,-3.011006,0.36153274999999985
Cl1 P2 Zr1,2,2,2,-5.8905855,-5.125599,0.7649865
Cl1 Pb1 Te2,2,2,2,-3.3234275,-3.04364325,0.27978425000000007
Cl1 Pt1 Tl2,2,2,2,-3.47556575,-3.43723075,0.03833500000000001
Cl1 Rb1 Si1,2,2,2,-3.669512777777778,-3.5524686666666665,0.11704411111111135
Cl1 Re1 Te2,2,2,2,-4.8186325,-4.40859,0.4100424999999994
Cl1 Re1 Tl2,2,2,2,-4.2479495,-4.15145,0.09649950000000018
Cl1 Re2 Si1,2,2,2,-7.45904675,-7.28688675,0.17215999999999987
Cl1 Sb1,2,2,2,-3.4436924999999996,-3.197692,0.24600049999999962
Cl1 Sb1 Tc2,2,2,2,-6.695424125,-6.671029,0.02439512499999985
Cl1 Se1,2,2,2,-2.862925625,-2.00692035,0.8560052749999998
Cl1 Se2 Tc1,2,2,2,-5.0154675,-4.18471425,0.8307532499999999
Cl1 Si1 Ta2,2,2,2,-7.83514175,-7.0815635,0.7535782500000003
Cl1 Tc2 Zr1,2,2,2,-8.0005465,-7.246263,0.7542835000000006
Cl1 Tl1,2,2,2,-3.0910725,-3.045817083333333,0.04525541666666699
Cl2 Cr1 H1,2,2,2,-4.36444425,-3.61221275,0.7522315000000002
Cl2 Cr1 Mg1,2,2,2,-4.2249355,-3.96149175,0.26344375
Cl2 Cr1 Mo1,2,2,2,-6.26184325,-5.35120875,0.9106345000000005
Cl2 Cu1 K1,2,2,2,-3.42435925,-3.192397,0.23196225000000004
Cl2 Fe1 Sc1,2,2,2,-5.041953,-4.950438,0.09151500000000024
Cl2 Fe1 Ta1,2,2,2,-6.18060625,-5.380819375,0.7997868750000006
Cl2 Hg1 In1,2,2,2,-2.291477,-2.12712175,0.16435524999999984
Cl2 In1,2,2,2,-3.1591833333333335,-2.864025,0.29515833333333363
Cl2 In1 Sc1,2,2,2,-4.36934375,-3.84971625,0.5196274999999995
Cl2 K1 Rh1,2,2,2,-3.73287925,-3.55512,0.1777592499999998
Cl2 K1 Sr1,2,2,2,-3.382519,-3.32883525,0.05368374999999981
Cl2 Ni1 P1,2,2,2,-3.824417,-3.60112975,0.22328724999999983
Cl2 Ni1 Rh1,2,2,2,-4.0377375,-3.917419,0.12031850000000022
Cl2 Os1 Pt1,2,2,2,-4.9368085,-3.91984975,1.0169587499999997
Cl2 P1 Sb1,2,2,2,-3.0492275,-2.79462125,0.25460625000000014
Cl2 Pt1,2,2,2,-3.5782708333333333,-2.3830479,1.195222933333333
Cl2 Pt1 Sr1,2,2,2,-3.821718,-3.7586305,0.06308749999999996
Cl2 Rh1 Ru1,2,2,2,-5.0807305,-4.51272725,0.5680032499999994
Cl2 S1 Tc1 Ti1,2,2,1,-5.3569446,-5.149692,0.20725260000000034
Cl2 Sb1 Sc1,2,2,2,-4.66186625,-3.95127725,0.7105890000000001
Cl2 Sc1 Se1,3,3,3,-4.86408475,-4.458407,0.4056777499999997
Cl2 Sr1 Tc1,3,3,3,-4.3486875,-4.182156,0.1665314999999996
Cl3 Co1,2,2,2,-3.53642275,-3.50809275,0.028329999999999966
Cl3 Co1 Ga1,2,2,2,-3.7279633333333337,-3.6103116,0.11765173333333356
Cl3 Cu1,2,2,2,-2.728503,-2.298133375,0.430369625
Cl3 Sr1,2,2,2,-3.470667875,-3.30563575,0.1650321250000002
Cl3 Ta1,2,2,2,-5.1081495,-4.0043515,1.1037979999999994
Cl3 Tl1 Zn1,2,2,2,-2.9436962,-2.8299478,0.11374840000000042
Cl3 Y1,2,2,2,-4.50896875,-4.317006,0.19196275000000007
Cl6 Cr1 Na3,2,2,2,-3.9801605,-3.90434375,0.07581675000000043
Cl6 Cs2 Dy1 Na1,2,2,2,-4.001137,-3.88996125,0.11117575000000013
Cl6 Er1 In2 Na1,2,2,2,-3.8629986,-3.817957,0.04504160000000024
Cl6 K1 Pu1 Tl2,2,2,2,-4.713422,-4.58562975,0.12779224999999972
Cl6 K1 Sn2 Tl1,2,2,2,-3.4679575,-3.4552349999999996,0.012722500000000192
Cl6 Mg1 U1,2,2,2,-4.74434375,-4.7179275,0.026416249999999586
Cl6 Mg1 Zr1,2,2,2,-4.4572525,-4.419593375,0.03765912500000024
Cl6 Mn1 Sc1,2,2,2,-4.8253465625,-4.79746725,0.027879312499999642
Co1 Cr1 Li1,2,2,1,-5.34636,-5.1341323333333335,0.21222766666666626
Co1 Cr1 Sc1,2,2,2,-7.278076666666667,-6.7667573333333335,0.5113193333333337
Co1 Cr2 In1,2,2,2,-6.92428625,-6.82425825,0.100028
Co1 Cr2 Ni1,2,2,2,-8.0047525,-7.8811665,0.12358600000000042
Co1 Cr2 Se1,2,2,2,-7.16313125,-7.09540225,0.06772899999999993
Co1 Cu1 Ge1,2,2,2,-5.2957595,-5.2869288333333335,0.008830666666666431
Co1 Cu1 Re2,2,2,2,-8.762275,-8.19059375,0.571681250000001
Co1 Cu1 Ru2,2,2,2,-7.1609205,-7.0689045,0.09201599999999921
Co1 Cu2 Mo1,2,2,2,-6.3492765,-6.28843875,0.060837750000000135
Co1 Er1 Sc2,2,2,2,-6.2722115,-5.9360275,0.33618400000000026
Co1 F1,2,2,2,-5.455514999999999,-5.389109375,0.06640562499999891
Co1 F1 N2 O1,2,2,2,-4.764495,-3.7681374,0.9963576000000001
Co1 F6 H12 O6 Sn1,2,2,2,-5.191922692307693,-5.178451538461538,0.013471153846154493
Co1 Fe1,4,4,4,-7.806507166666666,-7.730965625,0.07554154166666649
Co1 Fe1 Tm1,2,2,2,-6.765725,-6.745941666666667,0.01978333333333282
Co1 Fe2 Hg1,2,2,2,-5.6647625,-5.10808375,0.5566787500000006
Co1 Fe2 K1,2,2,2,-5.64172,-4.908335,0.7333850000000002
Co1 Fe3 W1,2,2,1,-7.805122,-7.2953552,0.5097667999999995
Co1 Ga1 Mn1 Se2,2,2,2,-5.439030000000001,-5.4151443,0.02388570000000101
Co1 Ga1 Sr1,2,2,2,-4.169573333333333,-4.123818,0.04575533333333315
Co1 H1 Os1,2,2,2,-7.015031111111111,-6.890427833333334,0.12460327777777724
Co1 H6 La1,2,2,2,-4.27755075,-3.154719375,1.1228313749999996
Co1 Hf1 Zr1,2,2,2,-8.809189166666666,-8.748342,0.06084716666666701
Co1 Hg1 La3,2,2,2,-4.741602,-4.723498,0.01810400000000012
Co1 I2,2,2,2,-3.375783333333333,-3.320316666666667,0.05546666666666633
Co1 In1 Se2,2,2,2,-4.2774275,-3.929444,0.3479834999999998
Co1 In2 Pt1,2,2,2,-4.711556,-4.6285605,0.0829955
Co1 In2 Zr1,2,2,2,-5.354868,-5.27557425,0.07929374999999972
Co1 Ir2 Mn1,2,2,2,-8.62241075,-8.47845,0.14396074999999975
Co1 Ir2 Rh1,2,2,2,-8.0031075,-7.99372575,0.009381750000000189
Co1 Ir2 Se1,2,2,2,-6.7132825,-6.7057325,0.007550000000000168
Co1 K1 N3,2,2,1,-5.1960308,-2.731183,2.4648478
Co1 K1 Ru1,2,2,2,-5.212609666666666,-5.0183785,0.1942311666666665
Co1 K2 P1,2,2,2,-3.07053675,-3.05909375,0.01144299999999987
Co1 La1,2,2,2,-6.09732625,-5.805725625,0.29160062500000006
Co1 La1 Ta1,2,2,2,-8.081496666666666,-6.5198046666666665,1.5616919999999999
Co1 Li1 Zr2,2,2,2,-6.49539475,-6.386786,0.10860875000000014
Co1 Li2 Mo1,2,2,2,-5.1951025,-5.13297025,0.06213225000000033
Co1 Li2 Ni1,3,3,3,-4.11375675,-4.0164525,0.09730425000000054
Co1 Li2 Rh1,2,2,2,-4.5672,-4.53225425,0.03494574999999944
Co1 Li7 Mn4 O12,2,2,2,-6.931009166666667,-6.847728125,0.08328104166666694
Co1 Mg1 Mn1,2,2,2,-5.889512333333333,-5.629018333333334,0.26049399999999956
Co1 Mg2 Tc1,2,2,2,-4.9306955,-4.8897215,0.0409739999999994
Co1 Mn1 Pt2,2,2,2,-7.300004,-7.26589925,0.03410475000000002
Co1 Mn2 Ru1,2,2,2,-8.5777835,-8.460435,0.1173485000000003
Co1 Mn2 Zn1,2,2,2,-6.57661525,-6.537519,0.039096250000000055
Co1 Mo1 Os1 Ta1,2,2,2,-10.2352025,-10.1923895,0.04281299999999888
Co1 Mo2 Sr1,2,2,2,-6.96832425,-6.916277,0.05204725000000021
Co1 N3 Ti1,2,2,1,-7.3028144,-6.997806,0.3050084000000002
Co1 Na1 Pm2,2,2,2,-4.476029,-4.44353825,0.03249075000000001
Co1 Na3 Tc1,2,2,1,-2.6946792,-2.4444597999999997,0.2502194000000002
Co1 Ni1 Zn1,2,2,2,-4.78705,-4.6856073333333335,0.10144266666666635
Co1 Ni2 Sb1,2,2,2,-5.660647,-5.55417875,0.10646824999999982
Co1 Ni7,3,3,3,-5.95095,-5.92827,0.022679999999999367
Co1 Os1,4,4,4,-8.977092,-7.882400625,1.094691375000001
Co1 Os1 Re2,2,2,2,-10.68012,-10.56585,0.1142700000000012
Co1 Os1 Tl2,3,3,3,-5.0204675,-4.7906155,0.22985199999999928
Co1 Os2 P1,2,2,2,-8.46762075,-8.19567675,0.2719439999999995
Co1 Os2 Tc1,3,3,3,-9.848855,-9.847746,0.0011089999999995825
Co1 P2 Pb1,2,2,2,-5.4700875,-4.64406925,0.8260182499999997
Co1 P2 Tl1,2,2,2,-4.420496,-4.31353375,0.10696224999999959
Co1 P2 Zn1,2,2,2,-4.69387425,-4.5229955,0.17087874999999997
Co1 Pb2 Ru1,2,2,2,-5.4043895,-5.08056875,0.32382074999999944
Co1 Re1 Rh2,2,2,2,-8.582099,-8.5036425,0.07845649999999971
Co1 Re1 Te2,2,2,2,-6.1736175,-5.689674,0.48394349999999964
Co1 Re2 Ta1,2,2,2,-10.900504,-10.78533075,0.11517324999999978
Co1 Re2 Tl1,2,2,2,-8.09048075,-7.699184,0.3912967499999995
Co1 Rh2 Si1,2,2,2,-7.211277,-7.085486,0.12579099999999954
Co1 Rh2 Tc1,2,2,1,-7.754734,-7.704318,0.05041600000000024
Co1 Rh3,2,2,2,-7.24529625,-7.23351525,0.011781000000000041
Co1 Sb2 Ta1,2,2,2,-6.4211535,-6.14492025,0.27623324999999976
Co1 Sb2 Te1,2,2,2,-4.448691,-4.43742125,0.0112697500000003
Co1 Sc2 W1,2,2,2,-7.973544,-7.65053125,0.3230127500000002
Co1 Se3 Te1,2,2,1,-3.8501506,-3.041751,0.8083996
Co1 Si1 W1,2,2,2,-8.8014275,-8.484054,0.3173735000000004
Co1 Tc1,2,2,2,-8.66247375,-7.220423333333333,1.4420504166666674
Co1 Tc1 Te1,2,2,2,-6.44616,-6.387673333333333,0.05848666666666702
Co1 Tm1 Zn1,2,2,2,-4.4789505,-4.451984333333333,0.026966166666666957
Co1 W3,2,2,2,-11.20694825,-11.139864,0.06708425000000062
Co1 Y3,2,2,2,-6.36746175,-6.3101515,0.05731025000000045
Co1 Zn1,2,2,2,-4.149444,-4.143286,0.006158000000000108
Co1 Zn2,2,2,2,-3.227394666666666,-3.0020366666666667,0.2253579999999995
Co19 P12 Tm5,2,2,2,-7.0773544444444445,-7.074268333333333,0.003086111111111123
Co2 Cr1 Fe1,3,3,3,-7.965805,-7.525580875,0.4402241249999994
Co2 Cr1 Os1,2,2,1,-8.5450735,-8.46854,0.07653350000000003
Co2 Cu1 Ir1,2,2,2,-6.65612025,-6.647789,0.008331249999999457
Co2 Cu1 Zn1,2,2,2,-4.840295,-4.80127325,0.039021749999999855
Co2 Fe1 Ni1,2,2,2,-7.0695835,-7.03464425,0.034939249999999866
Co2 H4 Mg1,2,2,2,-4.2615935714285715,-4.216895714285714,0.044697857142857345
Co2 Hf1 Hg1,2,2,2,-6.175034,-5.690569375,0.4844646250000002
Co2 In1 Sb1,2,2,2,-5.14514875,-4.9832525,0.16189624999999985
Co2 K1 Mn1,2,2,2,-5.4306855,-4.87251575,0.5581697500000002
Co2 K1 Ru1,2,2,2,-5.28919,-5.01595975,0.27323024999999923
Co2 K1 Tl1,2,2,2,-3.92780225,-3.3027625,0.62503975
Co2 La1 Os1,2,2,1,-7.30138675,-7.2302385,0.07114825000000025
Co2 Li4 Mn1 O7,2,2,2,-6.562248928571429,-6.5342803571428565,0.027968571428572453
Co2 Mo1 Y1,2,2,2,-7.6977825,-7.409813,0.2879695
Co2 Ni5,3,3,3,-6.164922857142857,-6.154279285714286,0.010643571428571086
Co2 Os1 Tc1,2,2,2,-8.6218835,-8.168625,0.4532584999999987
Co2 Ru1 Zr1,3,3,3,-8.0231715,-7.9838175,0.03935400000000033
Co2 Se1 Te1,2,2,2,-5.272509583333333,-5.19261175,0.07989783333333289
Co2 Si1 Y1,2,2,2,-6.6540885,-6.472056,0.18203250000000004
Co2 Zn1 Zr1,2,2,2,-5.80635775,-5.52659475,0.279763
Co3 Fe1 Lu2,2,2,2,-6.7509695,-6.7351970833333334,0.015772416666666622
Co3 Ge1 Si1,2,2,1,-5.708386,-5.3405906000000005,0.36779539999999944
Co3 H1 Ti1,2,2,2,-6.74162,-6.735933,0.005686999999999998
Co3 La1,2,2,2,-6.3110575,-6.10733225,0.20372525000000063
Co3 Li7 Mn2 O12,5,5,5,-6.609179999999999,-6.4455720833333325,0.16360791666666685
Co3 N1 Sn1,2,2,2,-6.728172000000001,-6.603951499999999,0.12422050000000162
Co3 Si1 Ta1,2,2,2,-7.927733999999999,-6.1644696,1.7632643999999988
Co4 Si7 Ta4,2,2,2,-8.221864666666667,-7.752661,0.469203666666667
Co5 Fe1,2,2,2,-7.277950000000001,-7.1821645,0.09578550000000075
Co5 Li9 Mn2 O16,7,7,7,-6.567836875,-6.5030709375,0.06476593749999981
Cr1 Cu2 Pb1,2,2,2,-4.947617,-4.7866275,0.16098950000000034
Cr1 Cu2 Se4,2,2,2,-4.788572857142857,-4.368161857142857,0.42041100000000053
Cr1 Cu2 Si1,2,2,1,-5.71501875,-5.6116785,0.10334024999999958
Cr1 F2 O1 Rh1,2,2,1,-6.1076332,-5.8217228,0.28591040000000056
Cr1 F2 Sr1,2,2,2,-6.068799,-5.643547,0.4252520000000004
Cr1 F6 Ge1 H12 O6,2,2,2,-5.348738846153846,-5.340032051282051,0.008706794871794266
Cr1 Fe1,2,2,2,-8.9652125,-8.86348825,0.10172425000000018
Cr1 Fe1 Ta1,2,2,2,-9.839402666666668,-9.789625333333332,0.04977733333333667
Cr1 Fe1 Tc1,2,2,2,-9.393871333333331,-9.301769333333334,0.09210199999999702
Cr1 Fe1 Tc2,2,2,2,-9.596528,-9.5301375,0.06639049999999891
Cr1 Fe2 Na3 O6,2,2,2,-7.0509795833333335,-7.050839166666666,0.00014041666666742003
Cr1 Fe3,2,2,2,-8.637674375,-6.987863,1.6498113749999996
Cr1 Ge1 Na1 Rh1,2,2,2,-5.565804,-5.510540833333334,0.05526316666666631
Cr1 Ge1 O1 S1,2,2,2,-6.985601,-6.7502675,0.2353335000000003
Cr1 H1 Pd3,3,3,3,-5.7754116,-5.6756557,0.0997558999999999
Cr1 H5 Ru1,2,2,2,-4.972698214285714,-4.853279142857143,0.11941907142857122
Cr1 H6 Sr1,2,2,2,-4.0499535,-3.799774125,0.2501793750000001
Cr1 I1 Li1 Sb2,2,2,1,-4.126394599999999,-3.2024296,0.9239649999999995
Cr1 Ir1 Ta2,2,2,2,-10.6878395,-10.66029175,0.027547750000000093
Cr1 Ir2 Pt1,2,2,2,-8.40490625,-8.03292625,0.37198000000000064
Cr1 K2 Li1,2,2,2,-2.84114475,-2.7507555,0.09038925000000031
Cr1 K2 Sc1,2,2,2,-3.689321,-3.5843115,0.10500949999999998
Cr1 La1 Ru2,2,2,2,-7.8834025,-7.75555375,0.12784875000000007
Cr1 La1 Se2,2,2,2,-6.199695,-5.98575125,0.21394375000000032
Cr1 Li1 N2,2,2,2,-7.55936875,-7.17907325,0.3802954999999999
Cr1 Li1 Ni2,2,2,2,-5.738381,-5.6694785,0.06890250000000009
Cr1 Li1 O12 P4,2,2,2,-7.74895,-7.7004319444444445,0.04851805555555533
Cr1 Mg1 Si2,2,2,2,-5.52881825,-5.109532,0.41928624999999986
Cr1 Mg2 W1,2,2,2,-6.1214525,-5.93553875,0.1859137500000001
Cr1 Mn1 Ni2,2,2,2,-7.50872175,-7.46201475,0.0467070000000005
Cr1 Mn1 Re2,2,2,2,-10.84378425,-10.82658375,0.017200500000001284
Cr1 Mn2 Tc1,2,2,2,-9.490919,-9.48711875,0.0038002499999993944
Cr1 Mo1 Tc2,2,2,2,-10.09239575,-10.073886,0.01850974999999977
Cr1 Mo2 P1,2,2,2,-9.2005235,-9.12896925,0.07155424999999838
Cr1 N2,3,3,3,-8.62166888888889,-8.368277166666667,0.25339172222222217
Cr1 N2 Sn1 Te1,2,2,1,-5.9708087999999995,-5.331716999999999,0.6390918000000001
Cr1 N3 Sc1,2,2,2,-8.736768,-6.689237199999999,2.0475308000000005
Cr1 N4 Th1 V2,2,2,2,-9.32755,-9.3238525,0.0036975000000012415
Cr1 Na1 O14 P4 V1,2,2,2,-7.924066666666667,-7.92240761904762,0.0016590476190465608
Cr1 Ni1 Sb2,2,2,2,-5.728137,-5.623963,0.10417400000000043
Cr1 O2 Sn1,2,2,2,-7.4968705,-7.14182575,0.35504475000000024
Cr1 Os1 Ta2,3,3,3,-11.1298375,-10.883563,0.24627450000000017
Cr1 Os3,2,2,2,-10.7149175,-10.2435925,0.4713250000000002
Cr1 Pb1 Re1,2,2,1,-7.756879333333334,-7.085943333333333,0.6709360000000011
Cr1 Pb1 S2,2,2,2,-6.25382475,-6.1445155,0.10930924999999991
Cr1 Pb1 Te2,2,2,2,-5.058456,-4.947176,0.11127999999999982
Cr1 Pd1 Sr1,2,2,2,-5.4527595,-5.366231666666667,0.08652783333333325
Cr1 Pd2 Zn1,3,3,3,-5.4775695,-5.1694245,0.30814500000000056
Cr1 Pd5,2,2,2,-5.992084166666667,-5.648837333333333,0.3432468333333345
Cr1 Pt2 Ta1,2,2,2,-8.71814925,-8.47793575,0.2402134999999994
Cr1 Pt2 Tc1,2,2,2,-8.137165,-8.06207175,0.07509325000000011
Cr1 Re2 Tc1,2,2,2,-11.0900875,-11.028061,0.062026499999999984
Cr1 Re2 Zr1,2,2,2,-10.746519,-10.498764,0.24775499999999973
Cr1 Rh1,2,2,2,-8.463392916666667,-7.218084166666666,1.2453087500000004
Cr1 Rh1 Te1,2,2,2,-6.387911666666667,-6.3421243333333335,0.04578733333333318
Cr1 Rh1 Y2,2,2,2,-7.4083295,-7.32807125,0.08025824999999998
Cr1 Rh1 Zn2,2,2,2,-4.92992125,-4.8829695,0.04695174999999985
Cr1 Sc1 Zr1,2,2,2,-7.897361666666666,-7.743177333333333,0.15418433333333326
Cr1 Si1 Zn2,3,3,3,-4.306375,-3.937563125,0.368811875
Cr1 Sr1 W2,2,2,2,-8.270565,-8.04845,0.22211499999999873
Cr1 Ta1 Tl2,2,2,2,-5.82029575,-5.8022165,0.018079249999999547
Cr1 Tc3 Zn1,2,2,1,-7.195344,-6.454313999999999,0.7410300000000012
Cr1 Te1 Zn2,2,2,2,-3.6043245,-3.58140075,0.022923750000000354
Cr1 Tl1,2,2,2,-5.450899166666667,-5.282229416666667,0.16866975000000028
Cr1 W2 Zr1,2,2,2,-10.89752875,-10.788579,0.10894974999999896
Cr2 Cu1 K1,2,2,2,-4.859584375,-4.81096225,0.04862212499999963
Cr2 Fe1 Ni1,2,2,2,-8.300171,-8.25177,0.04840100000000014
Cr2 Fe1 Ru1,2,2,2,-9.064975,-9.0569105,0.008064499999999697
Cr2 In1 Sb1,2,2,2,-6.14496625,-6.07384625,0.07112000000000052
Cr2 K1 Mn1,2,2,2,-6.34249125,-5.54198875,0.8005025000000003
Cr2 Mg1 Tc1,2,2,2,-7.44009125,-7.02196125,0.41812999999999967
Cr2 Mn1,4,4,4,-9.429337833333332,-9.264433888888888,0.16490394444444334
Cr2 Mn1 Mo1,2,2,1,-9.72342575,-9.7127625,0.010663250000000346
Cr2 Mo1 Ni1,2,2,2,-8.8215225,-8.76208675,0.059435750000000453
Cr2 Os1,3,3,3,-10.000000833333331,-9.686484444444444,0.3135163888888872
Cr2 Os1 Sb1,2,2,2,-8.31738375,-8.27130425,0.046079499999999385
Cr2 Re1 Ta1,2,2,2,-10.906888,-10.5817225,0.32516550000000066
Cr2 Ta1 Y1,2,2,2,-8.753089,-8.71996125,0.03312774999999846
Cr2 Y1,2,2,2,-7.837465333333333,-7.755702333333333,0.08176300000000047
Cr3 Rh1,2,2,2,-8.9058255,-7.3714565,1.5343690000000008
Cr3 Zn1,2,2,2,-7.3097205,-7.117245833333333,0.19247466666666746
Cs1,4,4,4,-0.8433705,-0.8154079,0.02796260000000006
Cs1 F3 Sr1,2,2,2,-4.81916775,-3.872288,0.9468797499999999
Cs1 F3 Tl1,3,3,3,-3.864942,-3.3375411999999995,0.5274008000000006
Cs1 F3 Zn1,2,2,2,-4.051708,-3.5851506,0.4665573999999997
Cs1 Ga1 Se2,3,3,3,-3.6701765,-2.75592725,0.9142492500000001
Cs1 Ga2 Hg2,2,2,2,-1.57983808,-1.4738741,0.10596398000000007
Cs1 Gd1 Mo2 O8,2,2,2,-8.94995625,-8.909235,0.04072124999999893
Cs1 H1 P1 Pt1 Sb1,2,2,2,-4.217804,-4.2100704,0.007733599999999896
Cs1 In1 Tl2,2,2,2,-2.184495875,-2.17450225,0.009993624999999895
Cs1 K3,2,2,2,-1.025681625,-1.025314325,0.0003672999999999593
Cs1 Li1,2,2,2,-1.1224173125,-1.05355625,0.06886106250000013
Cs1 N2 S2,2,2,2,-5.1427002,-2.6707226,2.4719776
Cs1 P1 Se1 Sn1 Tl1,2,2,2,-3.515954,-3.4546112,0.06134279999999981
Cs1 Pb1 Sn1,2,2,2,-3.0776920000000003,-3.0169010000000003,0.06079100000000004
Cs1 Pd1 Y3,2,2,1,-5.03015,-3.6904724,1.3396776
Cs1 Rh1 Se2,3,3,3,-4.41802925,-3.31615375,1.1018755000000002
Cs1 Sc2 Zn1 Zr1,2,2,1,-3.564122,-2.9946146,0.5695074
Cs1 Si1,2,2,2,-3.22017390625,-2.95131125,0.26886265625000005
Cs2 Ge2 Rb1 Zn1,2,2,2,-2.2078865,-2.193753916666666,0.01413258333333367
Cs2 H6 K2 Os1,2,2,2,-3.314614,-3.3059269090909087,0.008687090909091477
Cs2 Hg2 Te1,2,2,1,-1.5836465,-1.4890653,0.09458119999999992
Cs2 I6 Tl1 Y1,2,2,2,-3.3204320000000003,-3.2300130000000005,0.0904189999999998
Cs2 K1 Rb3,2,2,2,-0.9441683333333332,-0.87430175,0.06986658333333318
Cs3 F6 Mo1,2,2,2,-5.205914,-5.1699696,0.03594439999999999
Cs3 K2,2,2,2,-0.9436801,-0.9415784,0.002101699999999984
Cs3 K2 Rb7,2,2,2,-0.94381325,-0.9393244583333332,0.004488791666666825
Cs3 Se1 Te1,2,2,2,-2.8513656999999997,-2.5767602,0.27460549999999984
Cs4 O4 Rh1,2,2,2,-4.800241111111111,-4.692692222222222,0.10754888888888914
Cu1 Dy1 Zn1,2,2,2,-3.639851666666667,-3.6302276666666664,0.009624000000000521
Cu1 F1 Mo1 Tl1,2,2,2,-4.9913015,-4.967265,0.02403649999999935
Cu1 Fe1 Ru2,2,2,2,-7.55859625,-7.53036125,0.028234999999999566
Cu1 Fe1 Sb2,2,2,2,-5.0112735,-4.92625325,0.08502024999999946
Cu1 Fe2 Ru1,2,2,2,-7.36318675,-6.907040625,0.45614612500000007
Cu1 Fe2 Tc1,2,2,2,-7.6495615,-7.646974,0.002587499999999743
Cu1 Ge1 Nb1,3,3,3,-6.484727833333333,-6.049322,0.43540583333333327
Cu1 Ge2 V1,2,2,2,-5.6830545,-5.3744455,0.3086089999999997
Cu1 H1 Re1 Ta2,2,2,1,-8.736360999999999,-8.675796,0.06056499999999865
Cu1 H8 Pm1 Rh2,2,2,2,-4.397461666666667,-4.3253916666666665,0.07207000000000008
Cu1 Hg2 Sb1,2,2,2,-2.05185125,-1.88877275,0.1630784999999999
Cu1 Hg2 Zn1,2,2,2,-1.307442,-1.252875,0.05456700000000003
Cu1 I1 O1 S1,2,2,2,-4.437940625,-4.4036525,0.03428812500000067
Cu1 I1 Os3,2,2,1,-5.4965958,-4.917294,0.5793017999999996
Cu1 In1 Sn1,2,2,2,-3.5913241666666664,-3.353486666666667,0.23783749999999948
Cu1 In2 Os1,2,2,2,-4.8382015,-4.746389,0.09181250000000052
Cu1 Ir1 Li2,2,2,2,-4.30480825,-4.17083075,0.13397749999999942
Cu1 Ir1 Pt2,2,2,2,-6.248601,-6.2337785,0.014822500000000183
Cu1 Ir1 S2,2,2,2,-5.695741625,-5.49927375,0.19646787499999974
Cu1 Ir1 Zr2,2,2,2,-7.83255,-7.69924,0.1333100000000007
Cu1 K2 Ta1,2,2,2,-3.14964575,-3.11036975,0.03927600000000009
Cu1 La1 Ti1,2,2,2,-5.571371666666667,-5.441583333333334,0.12978833333333295
Cu1 Lu2 Si1,2,2,2,-5.066599,-5.0538425,0.01275650000000006
Cu1 Mg1,5,5,5,-2.8915029166666666,-2.15001585,0.7414870666666666
Cu1 Mg2 Os1,2,2,2,-4.472992,-4.3494975,0.12349449999999962
Cu1 Mg2 Y1,2,2,2,-3.61682825,-3.31847,0.29835825000000016
Cu1 Mg2 Y3,2,2,2,-4.5700945,-4.340974833333333,0.2291196666666666
Cu1 Mn1 S2,2,2,2,-6.0403825,-5.743095,0.2972874999999995
Cu1 Mn1 Te2,2,2,2,-4.97033875,-4.903741,0.06659774999999968
Cu1 Mo1 Rh2,2,2,2,-7.45840025,-7.34475125,0.11364900000000056
Cu1 Mo2 W1,2,2,2,-9.44753,-9.3514985,0.09603150000000049
Cu1 Na2 O7 P2,2,2,2,-6.731940000000001,-6.70587875,0.02606125000000059
Cu1 Na3 Rb1,2,2,1,-1.6072308,-0.8997938,0.707437
Cu1 Ni1 Os2,2,2,2,-7.84654625,-7.70085525,0.14569100000000024
Cu1 Ni1 P2,2,2,2,-5.106835,-5.060695,0.04614000000000029
Cu1 Ni1 Se2,2,2,2,-4.35531675,-4.29738275,0.057934000000000374
Cu1 O2 Si1,2,2,2,-6.01704075,-5.36983825,0.6472024999999997
Cu1 P1 Zn1,2,2,2,-3.6675533333333337,-3.429767,0.23778633333333365
Cu1 Pb1,2,2,2,-3.7176385,-3.564251,0.1533875
Cu1 Pd2 U1,2,2,2,-6.6426095,-6.567431,0.07517849999999981
Cu1 Pr2 Te3,2,2,2,-4.973542916666667,-4.860411,0.11313191666666711
Cu1 Pt1 W2,2,2,2,-8.9363555,-8.8610425,0.07531299999999952
Cu1 Pt2 Se1,2,2,2,-4.8351785,-4.76270525,0.07247324999999982
Cu1 Pt6 Sb1,2,2,2,-5.7420125,-5.731698,0.01031450000000067
Cu1 Re1,2,2,2,-7.898145,-6.792901,1.1052440000000008
Cu1 Re1 Tl2,2,2,2,-4.53417825,-4.35063,0.1835482500000003
Cu1 Rh1 Tc2,2,2,2,-7.986827,-7.8144775,0.17234950000000016
Cu1 Rh2 Y1,2,2,2,-6.5496465,-6.26791,0.28173650000000006
Cu1 Ru1 Sr2,2,2,2,-3.8633955,-3.59492575,0.2684697500000004
Cu1 S1 Se1,2,2,2,-4.1146565,-4.096917833333333,0.017738666666666347
Cu1 Sb2 Ta1,2,2,2,-5.8643165,-5.603005,0.2613115000000006
Cu1 Sc1 Si1,2,2,2,-5.853659333333333,-5.650914,0.20274533333333267
Cu1 Sc1 Tc1,2,2,2,-6.630006666666667,-5.999276666666667,0.6307299999999998
Cu1 Sc1 Tc2,2,2,2,-7.7071515,-7.6223225,0.08482900000000004
Cu1 Se2 Zn1,2,2,2,-3.3839445,-3.0792495,0.30469500000000016
Cu1 Si2 Zn1,2,2,2,-3.84374675,-3.84221475,0.0015320000000000888
Cu1 Ta1,2,2,2,-7.88308,-7.82527875,0.057801249999999804
Cu1 Tb2 Y1,2,2,2,-5.02179375,-4.92042,0.1013737499999996
Cu1 Tc1,2,2,2,-7.03562125,-6.99364375,0.04197749999999978
Cu1 Tl1 Zn2,3,3,3,-2.0440045,-2.01000325,0.03400124999999976
Cu1 Y1,2,2,2,-5.355603333333334,-4.995195875,0.36040745833333343
Cu2 Fe1,2,2,2,-5.416760833333334,-5.13897,0.2777908333333343
Cu2 Fe1 Re1,2,2,2,-7.01127725,-6.88343575,0.12784149999999972
Cu2 Ga1 Pt4,2,2,2,-5.246322142857143,-4.478006857142857,0.7683152857142863
Cu2 Hf1 Mo1,2,2,2,-7.088634,-6.645726625,0.4429073749999999
Cu2 Hg1,2,2,2,-2.6710306666666668,-2.051636333333333,0.6193943333333336
Cu2 Hg1 Pt2,2,2,2,-3.9845112,-3.9369484,0.04756280000000013
Cu2 In1 Os1,2,2,2,-5.174101,-5.16542425,0.008676750000000233
Cu2 Ir1 Li1,2,2,2,-4.7438635,-4.68602175,0.05784174999999969
Cu2 Ir1 Ta1,2,2,2,-7.23565725,-6.73677625,0.4988809999999999
Cu2 K1 Zn1,3,3,3,-2.53529125,-2.16968525,0.3656060000000001
Cu2 Mg4 Y1,2,2,2,-3.1263707142857142,-2.6142672857142855,0.5121034285714288
Cu2 P1 Te1,2,2,2,-3.99744175,-3.690189,0.30725274999999996
Cu2 Pb1 Tc1,2,2,2,-5.07142675,-5.042,0.029426749999999835
Cu2 Pb1 W1,2,2,2,-5.68424225,-5.63010875,0.054133499999999835
Cu2 Pt1 Sc1,2,2,2,-5.64872825,-5.639687,0.009041249999999224
Cu2 Pt1 Tc1,2,2,2,-6.0342645,-5.99301825,0.041246249999999485
Cu2 Ru1 Si1,2,2,2,-5.57353125,-5.51854175,0.05498950000000047
Cu2 Sc1 Th1,2,2,2,-5.6171965,-5.61298025,0.004216250000000699
Cu2 Se1 Zr1,2,2,2,-5.2944225,-4.86499,0.4294324999999999
Cu2 Si1 Te1,3,3,3,-4.0037925,-3.8509885,0.15280400000000016
Cu2 Sn1 Yb2,2,2,2,-3.5270192,-3.4543213,0.07269789999999965
Cu2 Y1 Zr1,2,2,2,-5.67846675,-5.60425475,0.07421200000000017
Cu2 Zn1,2,2,2,-3.2183113333333337,-3.0972766666666662,0.12103466666666751
Cu3 Dy1 H8,2,2,2,-3.6481580833333336,-3.604635583333333,0.0435225000000008
Cu3 H8 Ho1,2,2,2,-3.602964416666667,-3.45303025,0.14993416666666715
Cu3 H8 Sr1,2,2,2,-3.3805191666666663,-3.32056,0.05995916666666634
Cu3 Mo1,2,2,2,-5.443902,-5.4373125,0.006589499999999582
Cu3 Zn4,2,2,2,-2.534836571428571,-2.2101175714285715,0.32471899999999954
Cu4 H7 Na1,2,2,2,-3.34583875,-3.3199875,0.025851250000000103
Cu4 Pu1 Th1,2,2,2,-6.3896325,-6.379044166666667,0.010588333333333644
Cu5 Si1,2,2,2,-4.3676275,-4.332638666666667,0.03498883333333325
Cu6 H12 Ho1,2,2,2,-3.5626397368421054,-3.5542710526315786,0.008368684210526833
Cu6 H12 Sr1,2,2,2,-3.382360736842106,-3.3660702105263156,0.0162905263157902
Cu7 H12 Tb1,2,2,2,-3.6397377,-3.43377,0.20596769999999998
Dy1 Er1 Nd1 Y1,2,2,2,-5.088445,-5.0748275,0.013617500000000504
Dy1 Er1 Pt6,2,2,2,-6.73160175,-6.729878375,0.0017233750000000825
Dy1 Er2 Nd4,2,2,2,-4.634474571428571,-4.431441142857143,0.2030334285714277
Dy1 Er3 N6 Y2,2,2,2,-8.504190833333334,-8.502323333333333,0.0018675000000012432
Dy1 Er4 Y3,2,2,2,-5.2798025,-5.2761525,0.003649999999999487
Dy1 Gd2 Sr1,2,2,2,-8.50796,-8.4171515,0.0908085000000014
Dy1 Hg2 La2,2,2,2,-3.3844346,-3.3833183,0.00111630000000007
Dy1 Hg4 Tm1,2,2,2,-2.0460243333333334,-1.8780705,0.16795383333333347
Dy1 Ho1 Pr1 Sm1,2,2,2,-4.667357,-4.64698125,0.02037575000000036
Dy1 Ho1 Te2,2,2,2,-5.01233625,-4.77538,0.23695624999999954
Dy1 Ho3 In2,2,2,2,-4.319778166666667,-3.8522806666666662,0.46749750000000034
Dy1 Ho9 Nd2,2,2,2,-4.588837,-4.5415175,0.047319499999999515
Dy1 Ir1 Zn1,2,2,2,-5.613533888888889,-5.596728,0.016805888888889342
Dy1 La1 Nd1 Sm1,2,2,2,-4.73573,-4.63824325,0.09748674999999984
Dy1 La1 Tb2,2,2,2,-4.67903175,-4.67001925,0.009012499999999868
Dy1 La2 Y1,2,2,2,-5.215746,-5.20720575,0.008540250000000249
Dy1 La3 Sm2,2,2,2,-4.784571000000001,-4.782748333333333,0.0018226666666674163
Dy1 Mg4 Pm1,2,2,2,-2.7048083333333337,-2.70475,5.833333333349344e-05
Dy1 Mo2 O8,2,2,2,-8.355585454545455,-8.341705454545455,0.013880000000000337
Dy1 Nd1 Sb1,2,2,2,-4.954935333333333,-4.911213,0.043722333333333196
Dy1 Nd1 Sm1 Tm1,2,2,2,-4.620573,-4.6165915,0.003981500000000082
Dy1 Nd2 Sm1,2,2,1,-4.707109,-4.706055,0.0010539999999998884
Dy1 Nd2 Tm1,2,2,2,-4.632874,-4.63201575,0.0008582500000002824
Dy1 Pa1 Pt2,2,2,2,-7.5709975,-7.48850575,0.08249174999999997
Dy1 Pm1 Pr1 Tb1,2,2,2,-4.670795,-4.56962825,0.10116674999999997
Dy1 Pm1 Te2,2,2,2,-5.280848,-5.13784175,0.14300625
Dy1 Pr1 Sm4,2,2,2,-4.711540833333333,-4.693235333333333,0.018305500000000308
Dy1 Rh4 Tb2 Y1,2,2,2,-7.067573125,-7.06060875,0.006964374999999912
Dy1 Sm2 Tm2 Y2,3,3,3,-5.108252428571428,-4.997269285714286,0.11098314285714217
Dy1 Sm2 Zn1,2,2,2,-3.96578525,-3.842996125,0.12278912500000017
Dy1 Sm4 Y3,2,2,2,-5.35936875,-5.190858375,0.16851037499999943
Dy1 Tb4 Y1,2,2,2,-4.934986666666666,-4.913770333333333,0.02121633333333328
Dy1 Tm1 Zr1,2,2,2,-5.7938936666666665,-5.753566666666667,0.04032699999999956
Dy1 Y3,2,2,2,-5.994371666666667,-5.97426425,0.020107416666666822
Dy12 Nd5 Pm1,2,2,2,-4.652281111111112,-4.557440888888888,0.09484022222222332
Dy2 Er1 Nd1 Sb4,2,2,2,-5.508284625,-5.50799875,0.00028587500000032406
Dy2 Er1 Pm2 Sm2,2,2,2,-4.655979142857142,-4.655639142857143,0.0003399999999995629
Dy2 Er1 Te1,2,2,2,-4.87082725,-4.7789455,0.09188174999999976
Dy2 Er2 La1 Pr2,2,2,2,-4.663178571428571,-4.660583428571429,0.002595142857142463
Dy2 Er2 Tm1 Y2,2,2,2,-5.083964285714286,-5.079719,0.004245285714286062
Dy2 Er4 Ho1,2,2,2,-4.5270464285714285,-4.5138994285714285,0.01314700000000002
Dy2 Ga1 Ni1,2,2,2,-5.01444675,-4.95528225,0.05916450000000051
Dy2 Ho1,2,2,2,-4.597743,-4.586663333333333,0.011079666666667265
Dy2 Ho1 Pr4,2,2,2,-4.681270571428572,-4.575983571428572,0.10528699999999969
Dy2 Ho2 Nd1 Pr2,2,2,2,-4.649720857142857,-4.520468571428571,0.12925228571428615
Dy2 Ho2 Pr2 Sm1,2,2,2,-4.641081142857144,-4.640531857142856,0.0005492857142872509
Dy2 Ho2 Sm1,2,2,2,-4.6045017999999995,-4.599107399999999,0.005394400000000132
Dy2 Ho2 Tb2 Tm1,2,2,2,-4.565209,-4.564907285714286,0.00030171428571446057
Dy2 Ho4 Tb1 Tm2,2,2,2,-4.570925555555556,-4.563171111111111,0.007754444444445063
Dy2 Ho7,2,2,2,-4.585776,-4.563883888888889,0.02189211111111078
Dy2 Nd1 Sm4,2,2,2,-4.676606285714286,-4.606136857142857,0.07046942857142824
Dy2 Nd2 Tb2 Zn1,2,2,1,-4.267085714285714,-4.264410285714286,0.0026754285714281067
Dy2 Nd2 Y5,2,2,2,-5.679803333333333,-5.679130555555556,0.0006727777777770783
Dy2 Pa1 Pm1,2,2,2,-5.73503825,-5.563856,0.17118224999999931
Dy2 Pd3 Sc1,2,2,2,-6.094017666666667,-6.068541666666667,0.025475999999999388
Dy2 Rh3 Tm1,2,2,2,-6.862175000000001,-6.860245333333334,0.0019296666666663853
Dy2 Sm1,2,2,2,-4.646467333333333,-4.5740023333333335,0.07246499999999934
Dy2 Sm7,2,2,2,-4.679376,-4.678124444444444,0.0012515555555561164
Dy3 Er1 Y2,2,2,2,-5.214084,-5.193898333333333,0.020185666666666435
Dy3 Er2 Nd2,2,2,2,-4.6188392857142855,-4.618064857142857,0.0007744285714288424
Dy3 Pr1 Tm1 Y1,2,2,2,-4.923369166666666,-4.9178110833333335,0.005558083333332853
Dy3 Sm1,2,2,2,-4.628211333333334,-4.61300425,0.015207083333333316
Dy4 Er1 Y1,2,2,2,-4.765508666666666,-4.658440333333333,0.10706833333333332
Dy4 Er2 Ho1,2,2,2,-4.569080285714286,-4.567206,0.0018742857142859393
Dy4 Hg3 Tl1,2,2,2,-3.150339875,-3.12262325,0.027716624999999606
Dy4 Ho1 Tb1,2,2,2,-4.586615,-4.584338333333333,0.0022766666666669266
Dy4 La1 Nd4,2,2,2,-4.712457777777778,-4.692400666666667,0.02005711111111097
Dy4 La1 Tb2,2,2,2,-4.602432857142857,-4.534774285714286,0.06765857142857179
Dy5 La2 Nd2,2,2,2,-4.707835333333333,-4.690511888888889,0.017323444444444114
Dy5 Nd2 Tm2,2,2,2,-4.61459,-4.604517777777778,0.010072222222222038
Dy5 Pm4 Th2,2,2,2,-5.142897545454545,-4.9086324545454545,0.23426509090909065
Dy5 Pr2 Sm2,2,2,2,-4.6540841111111115,-4.6521,0.0019841111111116305
Dy5 Y7,2,2,2,-5.683033333333333,-5.493846666666666,0.18918666666666706
Dy6 Ho1 Nd5,2,2,2,-4.6716050000000005,-4.655630833333333,0.015974166666667067
Dy6 La3 Pm1 Sm2,2,2,2,-4.718888583333333,-4.700923,0.01796558333333298
Dy6 Pd1 Zn5,2,2,2,-3.7042888333333335,-3.70393025,0.00035858333333349535
Er1 Fe1 Ge1,2,2,2,-6.416381166666667,-6.3866016666666665,0.02977950000000007
Er1 Fe1 H6,2,2,2,-4.322187,-4.049314,0.2728729999999997
Er1 Gd1 Tm2,2,2,2,-6.89368825,-6.87039475,0.0232935000000003
Er1 H8 Pt2 Ta1,2,2,2,-4.791207916666667,-4.769896166666666,0.02131175000000063
Er1 Hf1 Nd2,2,2,2,-5.79827075,-5.636125,0.16214575000000053
Er1 Hf3 N4,2,2,2,-10.25971625,-10.236554375,0.023161874999999554
Er1 Hg1 Pb1,2,2,2,-3.2020083333333336,-3.1166549999999997,0.08535333333333384
Er1 Ho1 Nd1 Tb1,2,2,1,-4.626449,-4.62135025,0.005098750000000152
Er1 Ho1 Pr1 Tm1,2,2,2,-4.5922245,-4.4778305,0.11439400000000077
Er1 Ho1 Y2,2,2,2,-5.5181285,-5.5134345,0.004694000000000642
Er1 Ho2 Nd2 Sm2,3,3,3,-4.651987857142857,-4.649874285714286,0.0021135714285716034
Er1 Ho3 Tb4,2,2,2,-4.60294625,-4.4059875,0.1969587499999994
Er1 In1 Zn1,2,2,2,-3.2696825,-2.929543333333333,0.3401391666666669
Er1 K3 Pm2 S6,2,2,2,-5.710720833333333,-5.7099425,0.0007783333333328812
Er1 La3,2,2,2,-4.836283125,-4.70319225,0.13309087499999972
Er1 Nd1,2,2,2,-4.64989375,-4.63974275,0.010151000000000465
Er1 Nd1 Pm1 Tb1,2,2,2,-4.666974,-4.662275,0.004698999999999565
Er1 Nd1 Pr1 Tm1,4,4,4,-4.63377675,-4.549131,0.08464574999999996
Er1 Nd1 Sn2,2,2,2,-4.96157,-4.8831825,0.07838749999999983
Er1 Nd1 Y4,2,2,2,-5.8575954999999995,-5.842390000000001,0.01520549999999865
Er1 Nd2,2,2,2,-4.681581666666667,-4.680378,0.001203666666667047
Er1 Nd4 Sm1,2,2,2,-4.7299066666666665,-4.7096545,0.020252166666666405
Er1 Ni3,2,2,2,-5.9117675,-5.64552875,0.2662387499999994
Er1 O1 Se1,2,2,2,-6.886197333333333,-6.8597775,0.026419833333332754
Er1 Pm1 Pr1 Tb1,2,2,2,-4.6739245,-4.661518,0.012406499999999987
Er1 Pm1 Sm1 Tm1,2,2,2,-4.607273,-4.603645,0.0036279999999999646
Er1 Pr2 Y2,2,2,2,-5.392468,-5.3897168,0.0027511999999996206
Er1 Pr3 Sm2,2,2,2,-4.708111416666667,-4.705480833333334,0.002630583333333547
Er1 Se6 Sm3 Y2,2,2,2,-6.163584166666666,-6.161829666666667,0.0017544999999996591
Er1 Sm2,2,2,2,-4.666901,-4.6449855,0.02191550000000042
Er1 Tb2,2,2,2,-4.600874666666667,-4.590331333333333,0.010543333333333571
Er2 Hg4 Pm1 Sm1,2,2,2,-2.945414125,-2.94484525,0.0005688749999999132
Er2 Ho2 Sm2 Tb1,2,2,2,-4.601979999999999,-4.600673142857143,0.001306857142856721
Er2 Ho4 Sm2 Tb1,2,2,2,-4.618826666666667,-4.605919777777777,0.01290688888888969
Er2 Ho5 Sm2,2,2,2,-4.600558333333334,-4.599907333333333,0.0006510000000004013
Er2 La2 Pr2 Tb1,2,2,2,-4.714345714285714,-4.708164285714285,0.006181428571428782
Er2 La3 Pr2,2,2,2,-4.758572857142857,-4.666914857142857,0.0916579999999998
Er2 La4 Sm1,2,2,2,-4.768742857142857,-4.747061,0.02168185714285631
Er2 Mg1 Th1,2,2,2,-4.57303325,-4.3371615,0.23587175000000027
Er2 Nd1,2,2,2,-4.6289625,-4.6143849999999995,0.014577500000000576
Er2 Nd1 Y4,2,2,2,-5.665700571428571,-5.651936142857143,0.013764428571428233
Er2 Nd2 Tb1 Tm2,2,2,1,-4.582173428571429,-4.581611428571429,0.0005620000000003955
Er2 Nd2 Y3,3,3,2,-5.416683142857143,-5.414247714285715,0.002435428571428311
Er2 Nd4 Tb1,2,2,2,-4.6707092857142865,-4.637208142857142,0.03350114285714412
Er2 Ni1 Se1,2,2,2,-5.683066875,-5.61781175,0.0652551249999993
Er2 Pm2 Sm5,2,2,2,-4.674857222222222,-4.673272222222222,0.0015850000000003917
Er2 Pm2 Tb5,2,2,2,-4.640810222222222,-4.626934444444444,0.01387577777777782
Er2 Pr1 Sm2 Tb2,2,2,2,-4.638263714285714,-4.567614714285715,0.07064899999999952
Er2 Pr1 Te1,2,2,2,-4.7770415,-4.4969135,0.2801280000000004
Er2 Se3 Y1,2,2,2,-6.055847833333334,-6.051977833333333,0.0038700000000009283
Er2 Sm2 Tb5,2,2,2,-4.619477777777778,-4.523476111111111,0.09600166666666698
Er2 Sm2 Y3,2,2,2,-5.40073,-5.187391,0.2133390000000004
Er2 Tm1,3,3,3,-4.534641333333333,-4.507296833333333,0.027344499999999883
Er3 Fe1,2,2,2,-5.563275,-5.465536625,0.0977383749999996
Er3 Ho4 Tb1,2,2,2,-4.577264375,-4.572490625,0.004773750000000021
Er3 In2 Ni1 Tb3,2,2,1,-4.647127777777778,-4.635603333333333,0.011524444444445336
Er3 Nd4,2,2,2,-4.660490285714286,-4.6259999999999994,0.034490285714286806
Er3 Sm2 Tm2,2,2,2,-4.558999142857143,-4.556914285714286,0.0020848571428571105
Er4 Ho1 Pr2,2,2,2,-4.600435714285714,-4.5573403571428575,0.04309535714285673
Er4 Tb3 Tm1,2,2,2,-4.57398225,-4.56996875,0.004013500000000114
Er5 Nd1,2,2,2,-4.587822666666667,-4.575267833333333,0.012554833333333626
Er6 Pm5,2,2,2,-4.53311,-4.510324545454545,0.022785454545454442
Er8 Pd1 Pt2,2,2,2,-5.550116363636364,-5.460419363636364,0.08969700000000014
Eu1 Hf1 S3,2,2,2,-8.7334975,-8.541484800000001,0.19201269999999937
Eu1 In1 Te2,2,2,2,-5.6374845,-5.59526975,0.0422147500000003
Eu1 La1 Nd2,2,2,2,-6.14636375,-6.0534075,0.0929562500000003
Eu1 La1 Pb2,2,2,2,-6.21932925,-6.212095,0.007234250000000664
Eu2 In1 Y1,2,2,2,-7.6444335,-7.37191825,0.27251524999999965
F1 Fe1,2,2,2,-6.452295,-6.0206485,0.43164650000000027
F1 Fe3 O5,2,2,2,-7.392781666666666,-7.341181666666667,0.05159999999999876
F1 Li1 O5 V3,2,2,1,-8.03594,-8.035886000000001,5.3999999998666226e-05
F1 Mg1 Sn1,2,2,2,-4.1357135000000005,-4.114246666666666,0.0214668333333341
F1 N1 O2 Y1,2,2,1,-6.2530448,-5.527787399999999,0.7252574000000003
F1 Na1 Pd1,2,2,2,-3.929816666666667,-3.815709666666667,0.11410699999999974
F1 Na1 Pt1,2,2,2,-4.4484148333333335,-3.360507,1.0879078333333334
F1 Ru2 Sr2,2,2,2,-5.3601356,-4.984825,0.3753105999999997
F11 Li3 Mn5 O1,2,2,2,-6.4987345,-6.482338,0.016396499999999925
F2 Na1 Tl1,3,3,3,-4.04123825,-3.8075095,0.23372875000000004
F3 Ga1 H1,2,2,1,-3.9902928,-3.4666379999999997,0.5236548000000005
F3 O1 Ru1,2,2,1,-4.4317554,-3.665979,0.7657764
F3 Pd1,2,2,2,-3.95541375,-3.1707435,0.78467025
F3 Rb1 Sn1,2,2,2,-4.6267949999999995,-4.624838,0.0019569999999999865
F3 Sc1 Zr1,2,2,1,-6.1420566,-6.0071484,0.13490819999999992
F4 Li1 V1,2,2,2,-6.008967083333334,-5.948954166666667,0.060012916666667415
F4 Mn3 O2,3,3,3,-7.328952222222223,-7.314832777777777,0.014119444444445683
F4 Na1 Ni1,2,2,2,-4.3518875,-4.350151666666666,0.001735833333333936
F5 Hg1 Rb1,2,2,2,-3.0236674999999997,-3.0114157142857145,0.012251785714285202
F6 Hg1 In1,2,2,2,-3.5351705,-3.428577625,0.10659287500000003
F6 In1 Li1 Mg1,2,2,2,-4.912888,-4.886677037037037,0.026210962962962547
F6 K1 Mn1 Rb1,2,2,2,-5.093216333333333,-5.072776666666666,0.0204396666666673
F6 K2 Tm1,2,2,2,-5.086929333333334,-4.94285,0.1440793333333339
F6 K2 V1,2,2,2,-5.368928333333333,-5.002051888888889,0.36687644444444345
F6 K3 Tb1,2,2,2,-5.26773375,-5.1600285,0.10770524999999953
F6 Ni1 Pr1,2,2,2,-5.437415625,-5.34231375,0.09510187500000011
F6 Sm1,2,2,2,-4.487281,-4.469921714285714,0.01735928571428591
F7 Fe6 O5,2,2,2,-6.911231666666667,-6.81241,0.09882166666666681
Fe1 Ge1 Rh1,2,2,2,-7.12859,-6.96509,0.16349999999999998
Fe1 H1 Mo1 Te1,2,2,2,-6.11240675,-6.0713775,0.04102925000000024
Fe1 Hf1 Ta1,2,2,2,-10.227229333333334,-9.978071333333334,0.24915799999999955
Fe1 Hg2 Rh1,2,2,2,-3.81908325,-3.7707695,0.04831374999999971
Fe1 Hg3,2,2,2,-1.99337175,-1.8656575,0.12771425000000014
Fe1 I6 Tl3,2,2,2,-2.9447815,-2.8953966,0.04938489999999973
Fe1 In1 Pu1,2,2,2,-8.51766711111111,-8.4486955,0.06897161111111139
Fe1 Ir2 Mg1,3,3,3,-7.03300325,-6.97012375,0.0628795000000002
Fe1 K1 Mo2,2,2,2,-6.4610325,-6.17152,0.28951249999999984
Fe1 K1 Pb2,2,2,2,-3.98925675,-3.9440515,0.045205249999999975
Fe1 K1 Sc1,2,2,2,-4.563542333333333,-3.857553,0.7059893333333336
Fe1 La1,2,2,2,-6.45183325,-6.36783025,0.08400300000000005
Fe1 Li1 O4 P1,3,3,3,-7.586672142857142,-7.564164821428571,0.022507321428570926
Fe1 Li1 Re2,2,2,2,-8.58783625,-8.49496075,0.09287549999999989
Fe1 Li2 Pt1,2,2,2,-4.7994665,-4.7613515,0.03811500000000034
Fe1 Li2 Si1,2,2,2,-4.457336,-4.14254575,0.3147902499999997
Fe1 Li3 O8 P2,2,2,2,-7.201753571428571,-7.154515000000001,0.04723857142857035
Fe1 Mg1 Se2,2,2,2,-4.65945875,-4.58191825,0.07754049999999957
Fe1 Mg1 Zr2,2,2,2,-6.58786875,-6.51244125,0.07542749999999998
Fe1 Mg2 Te1,2,2,2,-3.58488075,-3.550623,0.03425775000000009
Fe1 Mn1 Sr2,2,2,2,-4.73299925,-4.28793375,0.4450655000000001
Fe1 Mn2 Ru1,2,2,2,-8.923832,-8.8997625,0.024069500000001298
Fe1 Mo1 Ni2,2,2,2,-7.7232505,-7.691028,0.0322224999999996
Fe1 Mo2 Rh1,2,2,2,-9.270245,-9.082674,0.18757099999999838
Fe1 N2 Ta1,2,2,2,-9.73632425,-9.70558825,0.03073599999999921
Fe1 Ni2 Os1,2,2,2,-7.7137575,-7.69737,0.016387499999999555
Fe1 Ni2 Pt1,3,3,3,-6.6066525,-6.55487525,0.051777249999999775
Fe1 Ni2 W1,2,2,2,-8.2178535,-8.1409125,0.0769409999999997
Fe1 Os1,2,2,2,-9.71282675,-9.607645,0.10518174999999985
Fe1 Os1 W2,2,2,2,-11.237278,-11.1195475,0.1177305000000004
Fe1 P2 Ru1,2,2,2,-7.455435,-7.3393525,0.1160824999999992
Fe1 P2 W1,2,2,2,-8.2090845,-7.80128,0.40780449999999924
Fe1 Pb1 Te2,2,2,2,-4.40951575,-4.387559,0.021956749999999303
Fe1 Pt1 Rh2,2,2,2,-7.44721025,-7.3725695,0.07464075000000037
Fe1 Re2 Si1,2,2,1,-9.76109,-9.6033345,0.1577554999999986
Fe1 Rh1,2,2,2,-7.62824,-6.591396666666667,1.0368433333333327
Fe1 Rh1 Se2,2,2,2,-5.5042495,-5.495575,0.008674500000000585
Fe1 Rh1 Zn2,2,2,2,-4.7305135,-4.65692575,0.07358774999999973
Fe1 Rh2 Se1,2,2,2,-6.5605545,-6.5481095,0.012445000000000483
Fe1 Rh3,2,2,2,-7.664817166666667,-7.53433375,0.1304834166666673
Fe1 Sb1,2,2,2,-6.020176875,-5.91268575,0.10749112500000013
Fe1 Sb1 Sc2,2,2,2,-6.4765215,-6.4296575,0.04686399999999935
Fe1 Sc2 Te1,2,2,2,-6.166494375,-6.0308675,0.1356268749999998
Fe1 Se1 Sr2,2,2,2,-4.20163,-4.05676375,0.14486624999999975
Fe1 Se2 Si1,2,2,2,-4.922504,-4.85353325,0.06897075000000008
Fe1 Si2 Th1,2,2,2,-7.35500525,-7.1439545833333336,0.21105066666666605
Fe1 Ta1 Zr2,2,2,2,-9.24696925,-9.124896,0.12207324999999969
Fe1 Tc2 Te1,2,2,2,-7.59619425,-7.22551,0.37068425000000005
Fe1 Te1 Zr2,2,2,2,-7.4760375,-6.974111,0.5019265000000006
Fe1 Te3,2,2,2,-4.27520125,-4.05168925,0.22351200000000038
Fe1 Ti1 V1,2,2,2,-8.73221,-8.703665333333333,0.028544666666666885
Fe2 H1 Ni2,2,2,2,-6.3984486,-6.3973724,0.0010761999999999716
Fe2 Hg1 Ir1,2,2,2,-6.278566,-6.19359075,0.08497524999999939
Fe2 Hg1 Pt1,2,2,2,-5.6562785,-5.6486575,0.007621000000000322
Fe2 In1 Y1,2,2,2,-6.488375,-6.43605625,0.052318749999999525
Fe2 Ir1 Rh1,2,2,2,-8.24542325,-8.1896675,0.05575574999999944
Fe2 Ir1 Ta1,2,2,2,-9.63565925,-9.6159925,0.019666749999998956
Fe2 Li1 W1,2,2,2,-7.6545015,-7.5716395,0.08286200000000044
Fe2 Mn1 Ru1,2,2,1,-8.801076,-8.776514,0.02456199999999953
Fe2 Mn1 Se1,2,2,2,-7.19346325,-7.097815,0.09564824999999999
Fe2 Mo1 Os1,2,2,2,-9.51206875,-9.5043535,0.007715249999998619
Fe2 Mo1 Se1,2,2,2,-7.56079525,-7.41118825,0.1496069999999996
Fe2 Os1 Sr1,2,2,2,-6.65942375,-6.561894,0.09752975000000053
Fe2 P1,2,2,2,-7.560792500000001,-7.500005666666667,0.06078683333333412
Fe2 Pb1 Se1,2,2,2,-5.9045,-5.51264725,0.39185274999999997
Fe2 Pt1 Rh1,2,2,2,-7.6484695,-7.637255,0.01121450000000035
Fe2 Pt1 Ru1,2,2,2,-8.01946925,-8.0042975,0.015171750000000372
Fe2 Pt1 Tc1,2,2,2,-8.30771825,-8.06551175,0.2422065
Fe2 Rh1,2,2,2,-7.955049,-7.582944333333334,0.3721046666666661
Fe2 Sb1 Y1,2,2,2,-6.89387375,-6.87041625,0.02345750000000013
Fe3 H1 W1,2,2,2,-8.3034004,-8.3032745,0.00012589999999867985
Fe4 Tc1,2,2,2,-8.3701592,-7.7051,0.6650592
Fe5 Ir1,3,3,3,-8.5618255,-8.550493333333334,0.0113321666666657
Fe6 Ga1 Ge1,2,2,2,-7.420335,-7.420215625,0.00011937499999969958
Ga1 H2 O1 P1,2,2,2,-4.5714158,-4.5561664,0.015249399999999191
Ga1 H6 Na2 Os1,2,2,2,-3.8138554,-3.781901,0.03195440000000005
Ga1 H6 Ni1 Tb1,2,2,2,-3.8806317777777775,-3.799314444444444,0.08131733333333324
Ga1 H8 U2,2,2,2,-4.870276363636363,-4.855846363636363,0.014429999999999943
Ga1 Hf2 Ti1,2,2,2,-7.90137525,-7.8096195,0.09175574999999991
Ga1 Hg1,2,2,2,-1.582493425,-1.55102359375,0.03146983124999991
Ga1 Hg1 Ru1 S1,2,2,2,-4.4908275,-4.39958325,0.09124424999999992
Ga1 Hg1 Y1,2,2,2,-3.702829,-3.352933666666667,0.349895333333333
Ga1 In2 K1,2,2,2,-2.467058875,-2.458837,0.008221875000000267
Ga1 Li1 Pb1,2,2,2,-2.9891194999999997,-2.4794246666666666,0.5096948333333331
Ga1 Li1 Sn1,2,2,2,-3.2178145,-2.961970333333334,0.255844166666666
Ga1 Mg1 Y1,2,2,2,-4.067795833333333,-4.054556666666667,0.01323916666666669
Ga1 Mn1 Ru1,2,2,2,-7.206763333333334,-6.926883666666666,0.27987966666666786
Ga1 Mn1 Yb1,2,2,2,-4.720486,-4.632353166666666,0.08813283333333377
Ga1 N1 Os1 S1,3,3,3,-6.77729125,-6.6309,0.14639125000000064
Ga1 N1 Sn2,2,2,2,-4.79103,-4.67407625,0.11695375000000041
Ga1 Na1 Te2,3,3,3,-3.221031875,-2.73015275,0.4908791250000002
Ga1 Nb1,2,2,2,-6.5402455,-5.9810315,0.5592139999999999
Ga1 Nb1 Rh2,2,2,2,-7.55100525,-7.3828355,0.16816975000000056
Ga1 Ni1,2,2,2,-4.802346166666667,-4.46484325,0.33750291666666676
Ga1 Ni3 Np1 Zn4,2,2,2,-4.363855111111111,-4.270976666666666,0.0928784444444446
Ga1 O2 Pd1,2,2,2,-5.5603395,-5.08563125,0.47470825000000083
Ga1 P1 Sn1,2,2,2,-4.224243333333333,-4.170772555555555,0.05347077777777809
Ga1 P1 Zr1,2,2,2,-6.368404333333333,-6.332156666666666,0.03624766666666712
Ga1 P2 Se1,2,2,2,-4.06379225,-3.7311315,0.3326607499999996
Ga1 Pd1 Sr1,2,2,2,-3.909655555555556,-3.8284716666666663,0.08118388888888983
Ga1 Pm2 Te1,2,2,2,-4.89493275,-4.62076325,0.2741694999999993
Ga1 Pt1 Zn1,2,2,2,-3.934439166666667,-3.9080353333333337,0.026403833333333182
Ga1 Ru3 Sc4,2,2,2,-7.643850375,-7.63832875,0.0055216250000000855
Ga1 S1 Si2,2,2,2,-4.713185,-4.64294675,0.07023825000000006
Ga1 S1 Zn3,2,2,1,-1.9242932,-1.911408,0.01288519999999993
Ga1 Sm1 Y2,2,2,2,-5.4635235,-5.37499425,0.08852924999999967
Ga1 Sn1 V4,2,2,2,-7.385828333333333,-7.11599,0.2698383333333334
Ga1 Ta1,2,2,2,-7.5878875,-7.159908125,0.4279793749999996
Ga1 Tb1 Y1,2,2,2,-5.117700777777777,-4.971607666666666,0.146093111111111
Ga2 Ge1 Ni5,2,2,2,-5.23630375,-5.195725625,0.040578125000000576
Ga2 Hg1 Se2,2,2,2,-3.1246714,-2.8897502,0.23492120000000005
Ga2 Hg1 Te1,2,2,2,-2.37257425,-2.36059025,0.011983999999999995
Ga2 K2 Sc1 Zn2,2,2,2,-2.704951428571429,-2.7048205714285714,0.00013085714285754335
Ga2 La1 Nd1,2,2,2,-4.522162,-4.5030425,0.019119499999999512
Ga2 La1 Sr1,2,2,2,-3.62675025,-3.39697125,0.22977900000000018
Ga2 Nb1 Re1,2,2,2,-6.871769375,-6.80908775,0.06268162500000063
Ga2 Sn1 Tl1,2,2,2,-3.051545875,-3.03315325,0.018392625000000162
Ga3 Ge1 Sr2,2,2,2,-3.3857966666666663,-3.362785,0.02301166666666621
Ga3 Sc1 Zr1,2,2,2,-5.3495106,-4.2484839999999995,1.1010266000000009
Ga5 Sb1,2,2,2,-3.164391833333333,-3.0635065000000004,0.10088533333333283
Ga6 K1,2,2,2,-2.8368939285714285,-2.7383635714285717,0.09853035714285685
Gd1 Ni2 Tb1,2,2,2,-7.92241725,-7.91444925,0.007967999999999975
Ge1 H6 K2,2,2,2,-3.0213331111111112,-2.954151111111111,0.0671820000000003
Ge1 Hg1 Os1 Tc1 W1,3,3,3,-7.583707,-7.516946,0.06676100000000051
Ge1 In1 K1,2,2,2,-2.9050336666666667,-2.7476403333333335,0.15739333333333327
Ge1 In1 Rb1,2,2,2,-2.8047425,-2.782185,0.022557500000000008
Ge1 In2 Sb1,2,2,2,-3.47298625,-3.46822,0.004766249999999861
Ge1 Ir1 Se3,2,2,2,-4.944319,-4.2475186,0.6968003999999999
Ge1 K1 Sc1,3,3,3,-4.353861666666666,-4.213458,0.14040366666666593
Ge1 La1 Mn1,2,2,2,-6.652804,-6.6336155,0.019188499999999387
Ge1 Li1 Mg1,2,2,2,-2.9728905,-2.933460888888889,0.03942961111111121
Ge1 Li1 Ni3,3,3,3,-5.0467033,-4.202209,0.8444943
Ge1 Li1 Sn2,2,2,2,-3.6679315,-3.609573125,0.05835837500000007
Ge1 Li2 Zn1,2,2,2,-2.76419,-2.63280925,0.13138074999999994
Ge1 Mn1 N1 P1,2,2,2,-6.8756875,-6.733795,0.14189249999999998
Ge1 N2 O1 Tl1,2,2,1,-5.184812,-4.1935848,0.9912272
Ge1 Na1 Ru2,2,2,2,-5.7208475,-5.477430875,0.24341662500000005
Ge1 Ni1 Ru1,2,2,2,-6.698638333333334,-6.6731083333333325,0.025530000000001607
Ge1 Ni2 Sn1,2,2,2,-5.300149375,-5.04403925,0.2561101250000002
Ge1 Ni3,2,2,2,-5.73670575,-5.3544965,0.38220924999999983
Ge1 Pb3 Te1,2,2,1,-3.458477,-3.0855474000000003,0.37292959999999953
Ge1 Pr1 Tm2,2,2,2,-4.9111165,-4.826541,0.08457550000000058
Ge1 Rh2 Ru1,2,2,2,-7.339109375,-7.060617,0.2784923749999999
Ge1 Ru1 Th1,2,2,2,-7.775093666666667,-7.696708,0.07838566666666669
Ge1 Sm2 Zn1,2,2,2,-4.36465175,-3.87462175,0.49002999999999997
Ge1 Sr1,2,2,2,-3.74016375,-3.46464375,0.27551999999999977
Ge1 Tc2 V1,2,2,2,-8.918285,-8.562684,0.3556009999999983
Ge1 Zr2,2,2,2,-7.922459333333333,-7.900545833333333,0.02191350000000014
Ge2 Mg1 V1,2,2,2,-4.9094495,-4.7058845,0.20356500000000022
Ge2 Ni1 Pr1,2,2,2,-5.6948805,-5.61244925,0.08243124999999996
Ge3 Ru1 W1,2,2,1,-6.0543168000000005,-6.023191,0.03112580000000076
H1 I2 Rb4,2,2,2,-2.3003500000000003,-2.2810415714285712,0.019308428571429115
H1 In1 Ni3,2,2,2,-4.8410747999999995,-4.7657032,0.07537159999999954
H1 In1 Zr3,2,2,2,-6.5587005000000005,-5.434084,1.1246165000000001
H1 Ir1 P1 Tc1,2,2,2,-7.147471,-7.002380875,0.1450901250000003
H1 Mg1,2,2,2,-2.42456575,-2.37185625,0.05270950000000019
H1 Mg1 Nd2,2,2,2,-3.761544,-3.5574315,0.20411250000000036
H1 Mg1 Pd3,2,2,2,-4.3065384,-3.9743966,0.33214180000000004
H1 Mg1 S1 Si1 Sn1,3,3,3,-4.0529255,-4.017567,0.03535850000000007
H1 Mn1 S2,2,2,2,-5.87240925,-5.809883125,0.06252612499999977
H1 Mn2 Ru1 Zr1,2,2,1,-7.980289399999999,-7.9578506,0.02243879999999887
H1 Mn3 Ni1,2,2,1,-7.258838,-6.0951324,1.1637056000000001
H1 Mn3 Os1,2,2,2,-7.897539999999999,-7.6428986,0.2546413999999997
H1 Mo1,2,2,2,-6.982456166666666,-6.81833875,0.16411741666666657
H1 N1 Ni1 Si1,2,2,2,-6.038056,-5.9121165,0.12593950000000032
H1 N1 Sb1 Te2,2,2,1,-3.3075184,-3.0534488,0.25406960000000023
H1 Na1 Pd3,2,2,2,-4.1123449999999995,-4.041472000000001,0.07087299999999885
H1 Nb1 Sb1 Si1,2,2,2,-5.76313125,-5.7484075,0.014723749999999924
H1 Nb1 Te1,2,2,2,-5.806809777777778,-5.570483333333333,0.23632644444444484
H1 Nb2 Ta1,2,2,2,-8.95627,-8.9464825,0.009787499999999838
H1 Nb3 Sn1,2,2,2,-7.621464,-7.559822,0.061641999999999975
H1 Ni1 Pm1,2,2,2,-5.039701666666667,-4.592707333333333,0.4469943333333335
H1 Os3 Ta1,2,2,2,-9.635175,-9.477958,0.15721700000000105
H1 P1 Rb3,2,2,2,-2.5445316,-2.5150966,0.029434999999999878
H1 Pa2 Rh1,2,2,2,-7.73154775,-7.63769575,0.09385200000000005
H1 Pb1 Ti3,2,2,2,-6.3159813,-6.1988727500000005,0.11710854999999931
H1 Pd1 Pu2,2,2,2,-9.54228875,-9.33226875,0.2100200000000001
H1 Se2 Tc1,2,2,2,-5.07171825,-5.0177235,0.0539947500000002
H1 Te1 Tm1,2,2,2,-4.764045,-4.110571,0.6534740000000001
H11 Os5 Sc1,2,2,2,-5.514012352941176,-5.494187294117647,0.01982505882352914
H12 Ho1 Pd6,2,2,2,-4.128294736842105,-4.124267578947369,0.0040271578947361775
H12 Np1 Pd5,2,2,2,-4.381132222222223,-4.326908888888889,0.054223333333333734
H12 Ru5 Sm1,2,2,2,-5.050410777777778,-5.011383888888889,0.0390268888888885
H2,2,2,2,-3.2397366,-3.2397365625,3.7499999994139444e-08
H2 Hg1,2,2,2,-2.3140919444444443,-1.7838008333333333,0.530291111111111
H2 Ir1 Pt1 Sr1,2,2,2,-4.9650424,-4.9064022000000005,0.058640199999999254
H2 Li1 Sc1,2,2,2,-4.02488375,-3.830306,0.19457774999999966
H2 Li1 Sn1,2,2,2,-2.98289025,-2.7970525,0.18583775000000013
H2 Mg1,2,2,2,-2.9135255833333336,-2.8380235000000003,0.0755020833333333
H2 Mo1,2,2,2,-5.79016,-5.7666155,0.023544499999999857
H2 Nb1,2,2,2,-5.670075694444445,-5.646237,0.02383869444444464
H2 Rh1 Zn1,2,2,2,-3.902813125,-3.857183,0.04563012500000019
H2 Te1 Zr1,2,2,2,-5.18967875,-5.066044583333333,0.12363416666666627
H2 Zr1,2,2,2,-5.662127666666667,-5.5832405,0.07888716666666706
H3 In1 K1,2,2,2,-2.7979713,-2.5071064,0.29086489999999987
H3 La1 Ni1,2,2,2,-4.598654,-4.560784,0.03786999999999985
H3 Li3 Pt1,2,2,2,-3.5651135714285713,-3.4800884285714284,0.08502514285714291
H3 Na1 Ni1,2,2,2,-3.5425150000000003,-3.2621796000000005,0.2803353999999998
H3 Na1 Sn1,2,2,2,-3.064727,-3.05201435,0.012712650000000103
H3 Rh1 Sc1,2,2,2,-5.249062,-4.873582799999999,0.3754792000000009
H3 Rh1 Sr1,2,2,2,-4.3717518,-4.1916378000000005,0.18011399999999966
H4 Hf1,2,2,2,-4.904657333333334,-4.730308,0.1743493333333337
H4 Nb1,3,3,3,-4.645783,-4.4462998,0.19948319999999953
H4 Np1 Pd1,2,2,2,-5.3260008333333335,-5.3068775,0.019123333333333825
H4 Pd1,4,4,4,-3.7200554,-3.4075772,0.31247820000000015
H4 V1,2,2,2,-4.3651412999999994,-4.3032586,0.06188269999999907
H5 Li2 Sn2,2,2,2,-3.0318155555555553,-2.9578325555555556,0.07398299999999969
H5 Th2,2,2,2,-4.970983214285715,-4.968988571428571,0.0019946428571442354
H5 U1,2,2,2,-4.684002916666667,-4.5601848333333335,0.1238180833333331
H6 Hf1 Mn1,2,2,2,-4.91379625,-4.753999375,0.15979687499999962
H6 Hg1 Li1 Rh1,2,2,2,-3.3634851111111113,-3.176993888888889,0.18649122222222214
H6 In1 K1,2,2,2,-2.904961875,-2.8473325,0.057629375000000316
H6 In1 Ta1,2,2,2,-3.9655875,-3.8354189375,0.13016856249999975
H6 In1 Tm1,2,2,2,-3.4328275,-3.254561625,0.17826587500000013
H6 Ir1 Os1,2,2,2,-4.76218075,-3.7704985,0.9916822499999998
H6 Ir1 Sm1,2,2,2,-4.71332125,-4.6759225,0.03739874999999948
H6 K1 Pt1 Sn1,2,2,1,-3.5572031111111113,-3.4552637777777777,0.1019393333333336
H6 Mg1 Nb1,2,2,2,-4.0775895,-2.952509375,1.1250801250000002
H6 Ni1 Pd1,2,2,2,-3.687378875,-3.15462475,0.5327541249999999
H6 Ni1 Tl1,2,2,2,-3.2623405,-3.160503375,0.1018371250000003
H6 Np1 Pt3,2,2,2,-5.2444983999999994,-5.1933743,0.05112409999999912
H6 Os1 Ti1,2,2,2,-4.839471875,-4.78125625,0.05821562499999988
H6 Pb1 Rh1,2,2,2,-3.748881125,-3.742312625,0.006568500000000199
H6 Pd1 Pt1,2,2,2,-3.8268925,-3.814133375,0.012759125000000093
H6 Pd1 V1,4,4,4,-4.232746625,-4.027089125,0.20565750000000005
H7 Ho1 Pd5,2,2,2,-4.4497803846153845,-4.4168653846153845,0.03291500000000003
H7 Ho1 Pt5,2,2,2,-4.668672692307693,-4.6621707692307695,0.006501923076923433
H7 La1 Rh5,2,2,2,-5.265768461538461,-5.1588076923076915,0.10696076923076969
H7 Nd1 Pm2,2,2,2,-4.391781,-3.6146526,0.7771284
H7 Ru4 Zr1,2,2,2,-5.690166666666666,-5.67994875,0.01021791666666605
H8 La1 Mg2 Rh1,2,2,2,-3.879224166666667,-3.8489354166666665,0.03028875000000042
H8 Mg2 Np1 Zn1,2,2,2,-3.725393,-3.71172775,0.013665249999999851
H8 Mn3 Zn1,2,2,2,-4.503082916666666,-4.497557333333334,0.005525583333332307
H8 Rh3 U1,2,2,2,-5.128997833333334,-5.053488333333333,0.07550950000000078
Hf1 In1 Li1,2,2,2,-4.980291666666667,-4.628495,0.351796666666667
Hf1 Ir2 Zr1,2,2,2,-9.9363625,-9.8881005,0.04826199999999936
Hf1 K1 Y1,3,3,3,-5.357425666666667,-4.637188583333333,0.720237083333334
Hf1 Mg1 Pb1,2,2,2,-5.10266,-5.000398666666666,0.10226133333333376
Hf1 Mn1 N2,2,2,2,-9.95154375,-9.73391,0.21763375000000096
Hf1 Na1 Sc1,2,2,2,-5.628792499999999,-5.615283333333333,0.013509166666666239
Hf1 Nb1 Pb1 Ti1,2,2,2,-7.976204,-7.82467125,0.15153275000000033
Hf1 Pb1 S2,2,2,2,-6.768461875,-6.4902545,0.27820737500000003
Hf1 Pr1 Zn2,2,2,2,-4.515338,-4.2838555,0.23148250000000026
Hf1 Rb1 S2,2,2,2,-6.53166925,-6.3378735,0.1937957500000005
Hf1 Re1 Si1,2,2,2,-9.820247,-9.641126666666668,0.17912033333333177
Hf1 Rh1 Zr1,2,2,2,-9.218065,-9.2145875,0.003477499999998912
Hf1 Ru1 Si1,2,2,2,-8.943648333333334,-8.8505745,0.09307383333333341
Hf1 Sb2 Tl1,2,2,2,-5.30674875,-4.9975425,0.3092062499999999
Hf1 Sc8 Zr2,2,2,2,-7.035373636363636,-6.858585454545454,0.176788181818182
Hf1 Si1 Ti1,2,2,2,-8.202865416666667,-7.961264333333333,0.2416010833333333
Hf1 Te2 Tl1,2,2,2,-5.2548815,-5.22623875,0.028642749999999495
Hf2 N2 O1,2,2,2,-10.61117175,-10.591361,0.01981075000000132
Hf2 Ni1 P1,2,2,2,-8.740631,-7.774137,0.9664940000000009
Hf3 Hg1 N1,2,2,2,-8.3731285,-7.702824,0.6703045000000003
Hf3 N1 Pt1,2,2,2,-9.9020035,-9.6659256,0.23607789999999973
Hg1,7,7,7,-0.3029441315789474,-0.202257,0.1006871315789474
Hg1 Ho1 Tb2,2,2,2,-3.7585175,-3.735936625,0.022580875000000056
Hg1 In1 Rh2,2,2,2,-4.381816,-4.3071885,0.07462750000000007
Hg1 In2 Ir1,2,2,1,-3.5371335,-3.410283,0.12685049999999976
Hg1 In2 Rh1,2,2,2,-3.39872225,-3.25751875,0.14120350000000004
Hg1 Ir1 Sr1,2,2,2,-3.8681275,-3.2494026666666667,0.6187248333333333
Hg1 Ir2 Mo1,2,2,2,-6.9579575,-6.7500435,0.2079139999999997
Hg1 K1 Rb1,4,4,4,-0.9463366666666668,-0.9322622666666668,0.014074400000000042
Hg1 K2 Zr1,2,2,2,-2.188916,-2.0221,0.16681599999999985
Hg1 La1 Os1,2,2,2,-5.220524999999999,-5.176578,0.04394699999999929
Hg1 La1 Os2,2,2,2,-6.112964125,-5.966255,0.1467091250000001
Hg1 La2 Ru1,2,2,2,-5.19818,-5.0944815,0.10369850000000014
Hg1 Mg1 Si2,2,2,2,-3.07798975,-2.85729825,0.22069150000000004
Hg1 Mg1 Zn2,2,2,2,-1.128448,-1.0403035,0.08814449999999985
Hg1 Mg2 Zn1,3,3,3,-1.32914425,-1.266958,0.06218624999999989
Hg1 Mo1 Ru2,2,2,2,-7.036105,-6.7336345,0.3024705000000001
Hg1 Mo2 Os1,2,2,2,-8.0198565,-7.7459825,0.2738739999999993
Hg1 Mo2 Zr1,2,2,2,-7.32916825,-7.25681975,0.07234850000000037
Hg1 N2 Nb1,2,2,2,-6.79504825,-5.64942175,1.1456264999999997
Hg1 Na1 Nb1,2,2,2,-2.9506106666666665,-2.373984,0.5766266666666664
Hg1 Ni2,2,2,2,-3.5668671666666665,-3.5005531249999997,0.06631404166666677
Hg1 Ni2 Re1,2,2,2,-5.64153375,-5.61826275,0.023270999999999376
Hg1 Os1 P1,2,2,2,-5.477853333333333,-4.761905333333334,0.7159479999999991
Hg1 Os1 Sb1,2,2,2,-4.644263,-4.488149,0.15611399999999964
Hg1 P1 Pt1,2,2,1,-3.711210666666666,-3.202098666666666,0.509112
Hg1 P1 Tl2,3,3,3,-2.49433775,-2.34092275,0.1534150000000003
Hg1 Pb1 Tb1,2,2,2,-3.3105328333333333,-3.2827685,0.02776433333333328
Hg1 Pb1 W2,2,2,2,-6.41169875,-6.3526015,0.059097250000000656
Hg1 Pb2 Si1,2,2,2,-3.03637625,-2.9889335,0.04744275000000009
Hg1 Pt1 Sr4,2,2,2,-2.676493333333333,-2.635603416666666,0.04088991666666697
Hg1 Pt1 Te2,2,2,2,-3.336498125,-3.250326,0.08617212500000004
Hg1 Pu2 Tl1,2,2,2,-7.8612085,-7.73548075,0.12572775000000025
Hg1 Re1 Ti3,2,2,1,-6.7214164,-5.5329464,1.1884699999999997
Hg1 Ru1,3,3,3,-4.50315425,-4.0359635,0.46719074999999943
Hg1 Ru1 Ta2,2,2,2,-8.2255145,-8.14232825,0.0831862499999989
Hg1 Ru2 Sr1,2,2,2,-4.41083675,-4.2156935,0.1951432499999992
Hg1 S2 Sn1,2,2,2,-3.736334,-3.68141575,0.05491824999999961
Hg1 Sb1 Tl2,2,2,1,-2.265454,-2.21141925,0.05403475000000002
Hg1 Sc2 Y1,2,2,2,-5.02739725,-4.93116575,0.09623150000000003
Hg1 Se1 Ta2,2,2,2,-6.7308655,-6.6217985,0.10906700000000047
Hg1 Se2 Sr2,2,2,2,-3.5681835,-3.4430848,0.12509870000000012
Hg1 Se2 Zn1,2,2,2,-2.580384,-1.94778765,0.63259635
Hg1 Sn2 Tl4,2,2,2,-2.515687428571429,-2.488758428571429,0.02692899999999998
Hg1 Te2 Y1,2,2,2,-4.10271375,-4.00740625,0.09530750000000054
Hg2 In1 Ru1,2,2,2,-2.849844,-2.8313635,0.0184804999999999
Hg2 Ir1 La1,2,2,2,-3.830859,-3.47135125,0.3595077499999997
Hg2 La1 Mo1,2,2,2,-3.84663675,-3.79370875,0.052928000000000086
Hg2 La1 Ni1,2,2,2,-2.856629625,-2.80555625,0.05107337500000009
Hg2 La1 Ta1,2,2,2,-4.08786575,-4.077114,0.010751749999999838
Hg2 Li1 Rh1,2,2,2,-2.590721125,-2.49344475,0.09727637499999986
Hg2 Mg1,3,3,3,-0.8595843333333333,-0.7425186666666667,0.11706566666666662
Hg2 Na3 Rb2,2,2,2,-1.0814997142857143,-1.0649369142857144,0.01656279999999999
Hg2 Nd3 Ru1,2,2,2,-4.400711333333333,-4.394192666666666,0.006518666666666562
Hg2 Ni1 Zn1,2,2,2,-1.735454675,-1.70512915,0.030325524999999853
Hg2 Os1 Ru1,2,2,2,-4.91505525,-4.44773825,0.4673170000000004
Hg2 Os1 W1,3,3,3,-5.75077925,-4.954989,0.7957902499999996
Hg2 Pd3,2,2,2,-3.391688,-3.359761,0.031926999999999595
Hg2 Pt1 Re1,2,2,2,-3.9944685,-3.9447975,0.04967100000000002
Hg2 Pt1 W1,2,2,2,-4.3802625,-4.17707625,0.2031862499999999
Hg2 Pu1 Sb1,2,2,2,-5.06851625,-4.8870225,0.18149375000000045
Hg2 Rb1 Sb2,2,2,2,-2.1112202,-1.980422,0.1307982000000001
Hg2 Rb2 Sr1,2,2,2,-1.0446490000000002,-0.93611632,0.10853268000000016
Hg2 Sb1 W1,2,2,2,-3.8263775,-3.5521775,0.2742
Hg2 Se1 Si1,3,3,3,-2.3609195,-2.094065,0.2668545
Hg2 Tc1 Te1,2,2,2,-3.083588,-2.8763695,0.2072185000000002
Hg2 Te1 W1,2,2,2,-3.271796,-2.949637,0.3221590000000001
Hg3 In5,2,2,2,-1.81294925,-1.706758375,0.10619087500000002
Hg4 Ho3 Tb1,2,2,2,-2.927146875,-2.92690875,0.00023812500000008896
Hg4 Se1,2,2,2,-0.8201320000000001,-0.7729578,0.047174200000000055
Hg5 Pb1,3,3,3,-0.8429417666666666,-0.7264862833333333,0.11645548333333333
Hg6 In8 Te1,2,2,2,-1.7968174,-1.7523105333333333,0.04450686666666659
Ho1 In1 Pt2,2,2,2,-5.788416875,-5.72574275,0.06267412500000002
Ho1 In2 Pr1,2,2,2,-4.1894775,-4.1857915,0.003686000000000078
Ho1 La1 Pm1 Tb1,2,2,1,-4.71524,-4.709219,0.00602099999999961
Ho1 La3 Zn4,2,2,2,-3.371039875,-3.367277125,0.003762749999999926
Ho1 La4 Pm1 Pr2,2,2,2,-4.813269125,-4.81297375,0.0002953749999994315
Ho1 Mg1 Rh4 Zn2,2,2,2,-5.32319,-5.3227675,0.0004224999999999923
Ho1 Nd1 Zn1,2,2,2,-3.7569405,-3.7414213333333337,0.015519166666666084
Ho1 Nd2 Pm2 Y2,2,2,2,-5.204234,-5.202867142857143,0.001366857142856226
Ho1 Pd1 Y1 Zn1,2,2,2,-4.993256,-4.9858795,0.007376499999999453
Ho1 Pr1 Se4 Sm2,2,2,2,-5.8941575,-5.884298375,0.00985912500000019
Ho1 Ru1 Th2,2,2,2,-7.467609375,-7.08295925,0.3846501250000003
Ho1 S4 Tm2 Y1,2,2,2,-6.849175,-6.848733375,0.000441624999999668
Ho1 Sc4 Sm7,2,2,2,-5.2136555,-5.0084012499999995,0.2052542500000003
Ho1 Sn1 Tb1,2,2,2,-4.996282916666667,-4.753959,0.24232391666666686
Ho1 Tb1 Y2,2,2,2,-5.5338015,-5.5253705,0.008430999999999855
Ho1 Tb2,2,2,2,-4.616650833333334,-4.606034333333334,0.01061650000000025
Ho2 In3 Ir2,2,2,2,-5.608121428571429,-5.5316914285714285,0.07643000000000022
Ho2 La1,2,2,2,-4.662262,-4.420176666666666,0.2420853333333337
Ho2 La2 Pr2 Sm1,2,2,2,-4.7295804285714285,-4.7292251428571435,0.000355285714285003
Ho2 Nd1 Ni1,2,2,2,-5.1151925,-5.0270905,0.08810200000000012
Ho2 Nd1 Pr2 Y2,2,2,2,-5.183043285714286,-5.180291857142857,0.00275142857142896
Ho2 Nd1 Tb4,2,2,2,-4.617565714285715,-4.578084714285715,0.03948100000000032
Ho2 Pm1 Pr2,2,2,2,-4.67278,-4.6680892,0.00469080000000055
Ho2 Pm1 Sm4,2,2,2,-4.667356285714286,-4.666313714285714,0.0010425714285720034
Ho2 Pm8 Th1,2,2,2,-4.795656363636364,-4.778405272727273,0.017251090909090827
Ho2 Pr1 Sb6 Y3,2,2,2,-5.9863675,-5.985415833333334,0.0009516666666664619
Ho2 Pr2 Tm1,2,2,2,-4.608459,-4.606522,0.0019369999999998555
Ho2 Tb1 Y1,2,2,2,-5.0626075,-5.06063175,0.001975750000000609
Ho2 Tb5 Y2,2,2,2,-5.008793333333333,-5.006812666666667,0.0019806666666664086
Ho2 Tm5,2,2,2,-4.4746437142857145,-4.473835571428571,0.0008081428571431459
Ho2 Y1,2,2,2,-5.203255666666666,-5.18533,0.01792566666666584
Ho3 Ir4 Tm1,2,2,2,-7.57054325,-7.5682215625,0.00232168750000028
Ho3 La2 Tm3,2,2,2,-4.62358125,-4.499180625,0.12440062499999982
Ho3 Sm1 Tl4,2,2,2,-3.831833625,-3.829131125,0.00270249999999983
Ho4 Nd1 Y1,2,2,2,-4.9079355,-4.900235166666667,0.007700333333333198
Ho4 Sm3,2,2,2,-4.619872571428572,-4.619572285714286,0.000300285714286197
Ho5 Nd3,2,2,2,-4.64822125,-4.625638,0.02258324999999939
Ho5 Sm3,2,2,2,-4.6157665,-4.615179375,0.0005871250000000217
Ho5 Tb2 Tm2,2,2,2,-4.568029222222222,-4.545414777777777,0.022614444444444715
I1 In1,2,2,2,-2.5870189375,-2.5662145,0.02080443749999983
I1 In3 Sc1,2,2,1,-2.9138982,-2.4591272,0.45477100000000004
I1 Li1 O1 Sb2,2,2,2,-3.7475612,-2.810639,0.9369221999999997
I1 Mn1 O6 Tl1,2,2,2,-5.926013888888889,-5.925482,0.0005318888888892204
I1 Mn1 Se2,2,2,2,-4.632085,-4.492,0.14008500000000002
I1 O1 Pa1,2,2,2,-7.764443666666666,-7.561813333333333,0.20263033333333258
I1 Pd1,2,2,2,-3.431322125,-3.4076459375,0.0236761875
I1 Se1 Tb1,2,2,2,-4.8642026666666665,-4.5963061666666665,0.2678965
I1 Sr2 Te1,2,2,2,-3.41796725,-3.37433225,0.043634999999999646
I1 Te4 W1,2,2,2,-4.617262833333333,-4.451107666666666,0.16615516666666696
I1 Zr1,2,2,2,-5.4190645,-4.805945375,0.6131191249999999
I2 In1 O1 Y1,2,2,1,-4.953018,-4.083643,0.8693749999999998
I2 Ni1 O1 Sb1,2,2,1,-3.4372230000000004,-3.3798558,0.057367200000000285
I2 O1 Re1 Sb1,3,3,2,-4.969278,-3.7555622,1.2137158000000001
I3 Re1 W1,2,2,1,-4.208408,-3.8175858,0.39082220000000056
I4 La8 P3 Si1,2,2,2,-5.558646875,-5.541410625,0.017236249999999842
I4 Ru1,2,2,2,-3.0939287,-2.7377044,0.35622430000000005
I5 In1 K4,2,2,2,-2.7654745,-2.7649382,0.000536299999999823
I6 In1 Np1,2,2,2,-3.740919875,-3.7284625,0.012457374999999882
In1 Ir2 P1,2,2,2,-6.8601565,-6.458825,0.4013315000000004
In1 K1,3,3,3,-1.8407364,-1.76475225,0.07598415000000003
In1 K1 Mg1,2,2,2,-1.84787925,-1.7980443333333334,0.04983491666666673
In1 K1 Si1,4,4,4,-3.1095145,-2.9345503333333336,0.17496416666666637
In1 K2 Mg1,2,2,2,-1.617261175,-1.4375435,0.17971767500000002
In1 La1 Pt1,2,2,2,-5.533009444444445,-5.266632333333333,0.26637711111111173
In1 La1 Sr2,2,2,2,-2.87616775,-2.791998625,0.08416912499999984
In1 La2 Re1,2,2,2,-6.00704325,-5.9748315,0.032211750000000094
In1 Li1,2,2,2,-2.5997486666666667,-2.4802666666666666,0.11948200000000009
In1 Li1 Pt1,2,2,2,-4.130257,-3.792416,0.3378410000000005
In1 Li1 Ti1,2,2,2,-4.2832704999999995,-4.256245,0.027025499999999703
In1 Li2 Mg1,2,2,2,-2.25659625,-2.2126995,0.04389675000000004
In1 Mg1,4,4,4,-2.2315068333333334,-2.113489125,0.11801770833333336
In1 Mn1,4,4,4,-5.661465333333333,-4.79149025,0.8699750833333333
In1 Mn1 Mo2,2,2,2,-8.19960875,-7.803804,0.39580474999999904
In1 Mn1 S2,2,2,2,-5.84287,-5.8030605,0.03980949999999961
In1 Mo1 Pb2,2,2,2,-4.560815,-4.488556,0.07225899999999985
In1 Mo1 Rh2,2,2,2,-7.0979005,-6.916255,0.18164550000000013
In1 Mo2 Se1,2,2,2,-6.362195,-6.25989725,0.10229774999999997
In1 N1 Sc2,2,2,2,-7.107092,-5.579523,1.5275689999999997
In1 N1 Zr3,3,3,3,-7.886951999999999,-7.5077095,0.37924249999999926
In1 Na2 Pd3,2,2,2,-3.83315,-3.823991416666667,0.00915858333333297
In1 Na2 Sb1,2,2,2,-2.609018,-2.567358,0.04165999999999981
In1 Nd1 Pb1,2,2,2,-4.15055,-4.026127,0.12442300000000017
In1 Nd3 P1,2,2,2,-5.2366585,-5.160033,0.07662549999999957
In1 O2,2,2,2,-5.864071666666667,-5.710912,0.15315966666666636
In1 Os2,2,2,2,-7.861609166666667,-7.574981,0.2866281666666666
In1 P1 Zr2,2,2,2,-6.764032,-6.727485,0.03654700000000055
In1 P2 Re1,2,2,2,-6.559116,-5.692359,0.8667570000000007
In1 Pb1 Te2,2,2,2,-3.510949416666667,-3.497502,0.013447416666667156
In1 Pt1 Sb2,2,2,2,-4.33072325,-4.137487,0.19323625
In1 Pt1 Sc2,2,2,2,-6.1398105,-6.029428,0.11038250000000005
In1 Pt1 Te2,2,2,2,-4.04508975,-3.7831955,0.26189424999999966
In1 Re1 Zr1,2,2,2,-7.884219166666667,-7.826762,0.05745716666666656
In1 Rh1,2,2,2,-5.237941666666667,-4.90619075,0.33175091666666656
In1 Rh1 Tc2,2,2,2,-7.630741,-7.61448,0.01626100000000008
In1 S1,2,2,2,-4.266565375,-4.121434375,0.14513100000000012
In1 Sb1,3,3,3,-3.49391175,-3.36666275,0.12724899999999995
In1 Sb1 Tm2,2,2,2,-4.657349125,-4.5498935,0.10745562500000005
In1 Se1 Te2,2,2,2,-3.212957,-3.09700625,0.11595074999999966
In1 Si2 W1,2,2,2,-6.4039625,-5.92389825,0.48006424999999986
In1 Ta3,2,2,2,-9.44573125,-9.34866,0.09707124999999905
In1 Tc1,2,2,2,-6.268782333333333,-5.4349125,0.833869833333333
In1 Tl3,2,2,2,-2.444687375,-1.999998575,0.4446888
In1 Tl7,2,2,2,-2.405295375,-2.389811,0.015484375000000217
In2 Ir1 La1,2,2,2,-5.23523375,-4.977769375,0.25746437499999963
In2 K1 Pt1,2,2,2,-3.4622395,-3.406802,0.05543750000000003
In2 K1 Ru1,2,2,2,-3.5594885,-3.29833775,0.2611507500000001
In2 K1 Ta1,2,2,2,-4.092816,-3.59140425,0.5014117499999999
In2 K1 Tl1,2,2,2,-2.34129125,-2.226518,0.11477324999999983
In2 La1 Nb2,2,2,1,-6.1031227,-5.927158,0.17596469999999975
In2 La1 Pd2,2,2,1,-4.7959874,-4.74699,0.0489973999999993
In2 La1 Zr1,2,2,2,-4.90509125,-4.521479125,0.38361212499999997
In2 Mg1 W1,2,2,1,-4.38575325,-4.22277975,0.16297349999999966
In2 Mn1 Te1,2,2,2,-4.31913325,-4.1524805,0.1666527499999999
In2 Mo1,2,2,2,-4.875946666666667,-4.779189333333333,0.09675733333333358
In2 Mo1 Sr1,2,2,2,-3.9901265,-3.908374,0.08175250000000034
In2 Mo1 Y1,2,2,2,-5.5444145,-5.448165,0.09624949999999988
In2 Os1 P1,2,2,2,-4.8787275,-4.8274775,0.05125000000000046
In2 Os1 Pb1,2,2,2,-4.727315,-4.41317225,0.31414275000000025
In2 Pb1 Pt1,2,2,2,-3.946497,-3.794155875,0.15234112499999997
In2 Pt1 Tl1,2,2,2,-3.5241705,-3.41276925,0.11140124999999967
In2 Re1 Tl1,2,2,2,-4.429605,-4.33048675,0.09911824999999919
In2 Sc1 Ta1,2,2,2,-5.9997035,-5.802277,0.19742649999999973
In2 Ta1 Tl1,2,2,2,-4.5337705,-4.53181175,0.001958750000000009
In2 Y1,2,2,2,-4.3936850000000005,-4.37399,0.019695000000000462
In2 Zr1,2,2,2,-4.953386,-4.943264166666666,0.010121833333333718
In4 Pm1 Tm3,2,2,2,-4.08064625,-3.926838875,0.15380737499999997
In4 Se1,2,2,2,-2.7864582,-2.6138567,0.1726015000000003
In5 Na1,2,2,2,-2.5512719166666664,-2.5283175,0.022954416666666422
In9 Pd2 Pu1,2,2,2,-4.247533333333333,-4.238936666666667,0.008596666666666586
Ir1 K1 Ni2,2,2,2,-4.75664475,-4.6876315,0.06901325000000025
Ir1 K1 Tc2,3,3,3,-7.07024575,-6.89717675,0.17306899999999992
Ir1 K2 Re1,2,2,2,-5.22488125,-4.66306875,0.5618125000000003
Ir1 La1 Ni2,2,2,2,-6.65316625,-6.310701,0.34246525000000005
Ir1 La1 Te2,2,2,2,-5.34248975,-5.2636395,0.07885025000000034
Ir1 La2 Ta1,3,3,3,-7.75147675,-7.296843,0.45463375000000017
Ir1 Li1 Mg1,2,2,2,-4.323094,-3.828299666666666,0.494794333333334
Ir1 Li1 O4,2,2,2,-6.437230416666666,-6.4034525,0.03377791666666585
Ir1 Li1 Sr2,2,2,2,-3.45433625,-3.3005195,0.15381674999999984
Ir1 Li2 Tc1,2,2,2,-5.7546035,-5.71846725,0.0361362500000002
Ir1 Mg1 Si1,2,2,2,-5.822912166666666,-5.667151666666666,0.15576049999999952
Ir1 Mg1 Ta2,2,2,2,-8.60047625,-8.422678,0.17779825000000038
Ir1 Mn1 W2,2,2,2,-11.003808,-10.81486425,0.18894374999999997
Ir1 Mn1 Zn2,2,2,2,-5.09581475,-5.088644,0.007170749999999337
Ir1 Mn2 Tc1,3,3,3,-9.399376,-9.2454615,0.15391450000000084
Ir1 Nb3 Pt2,2,2,2,-9.152319,-9.1498525,0.0024665000000005932
Ir1 Nd1 Os1,2,2,2,-8.680445333333333,-8.6768175,0.0036278333333328305
Ir1 Ni1,2,2,2,-7.268059,-7.0305195,0.23753950000000046
Ir1 Ni1 Ta1,2,2,2,-9.311246666666667,-9.29235,0.01889666666666656
Ir1 Ni2 Re1,2,2,2,-8.2539415,-7.992682,0.26125949999999953
Ir1 Ni2 Ru1,2,2,2,-7.32443325,-7.244195,0.08023824999999984
Ir1 O2 Re2,2,2,2,-9.346248,-8.52561,0.8206379999999989
Ir1 Os2 Pt1,2,2,1,-9.27467925,-9.1813765,0.09330274999999943
Ir1 P1 Pt1 Re1,2,2,2,-8.30095875,-8.20616825,0.09479050000000022
Ir1 P2 Y1,2,2,2,-7.146078125,-6.912506,0.23357212500000024
Ir1 Pb1,2,2,2,-5.90672,-5.7089395,0.19778050000000036
Ir1 Pb2 Sr1,2,2,2,-4.631868,-4.3705975,0.2612705000000002
Ir1 Pd1 Pt1,2,2,2,-6.7013595,-6.629108333333334,0.07225116666666587
Ir1 Pt1,3,3,3,-7.353724,-6.26458025,1.0891437499999999
Ir1 Pt2,2,2,2,-6.905915,-6.801191111111112,0.10472388888888862
Ir1 Re1,2,2,2,-9.4593125,-9.27624625,0.18306624999999954
Ir1 Re1 Ru2,2,2,2,-9.977775,-9.975805,0.0019700000000000273
Ir1 Re2 Zr1,2,2,2,-10.6106815,-10.539958,0.07072349999999972
Ir1 Rh1,2,2,2,-8.122812999999999,-8.064291,0.05852199999999819
Ir1 Rh1 Ru2,2,2,2,-8.670095,-8.612916,0.05717899999999965
Ir1 Rh1 Tb2,2,2,2,-7.17662575,-7.14643675,0.03018900000000002
Ir1 Rh1 Y2,2,2,2,-8.1050025,-7.8773525,0.22764999999999969
Ir1 Ru1 Se2,2,2,2,-6.227388,-5.81224625,0.4151417500000001
Ir1 Sb1 Tm1,2,2,2,-6.635365,-6.192978,0.4423870000000001
Ir1 Sb1 W2,2,2,2,-9.3668075,-9.3662215,0.0005860000000001975
Ir1 Sb2 Sr1,2,2,2,-5.19042975,-4.54936175,0.6410679999999997
Ir1 Sr1 Y3,2,2,2,-6.299107,-4.6530945,1.6460125000000003
Ir1 Y1 Zn1,2,2,2,-6.0031099999999995,-5.930707333333333,0.07240266666666617
Ir2 K1 Re1,3,3,3,-7.47127825,-6.37392625,1.0973519999999999
Ir2 La1 Sr1,2,2,2,-6.2947455,-6.07544475,0.21930075000000038
Ir2 La2 Sb1,2,2,2,-7.0589960000000005,-6.9708848,0.08811120000000017
Ir2 Li1 Ni1,2,2,2,-6.3806715,-6.36539375,0.01527775000000009
Ir2 Li1 P1,2,2,2,-6.55483825,-6.4071065,0.14773175000000016
Ir2 Li1 Re1,2,2,2,-8.0033125,-7.79185875,0.21145374999999955
Ir2 Li1 Y1,2,2,2,-6.8110995,-6.68534575,0.12575375000000033
Ir2 Mg1 Zn1,2,2,2,-5.3299895,-5.314197,0.015792499999999876
Ir2 Mo1 Pt1,2,2,2,-8.5600675,-8.289445,0.2706225
Ir2 Os1 Si1,2,2,2,-8.7183915,-8.1475735,0.5708179999999992
Ir2 P1 Tc1,3,3,3,-8.4573985,-8.25161925,0.20577925000000086
Ir2 Pb1 Zn1,2,2,2,-5.422143,-5.281857,0.14028600000000058
Ir2 Pt1,2,2,2,-7.812975000000001,-7.142676666666667,0.6702983333333341
Ir2 Pt1 Ta1,3,3,3,-9.31455325,-9.1699475,0.1446057500000002
Ir2 Pt1 Te1,4,4,4,-6.3433165,-6.2392855,0.10403099999999998
Ir2 Re1 Zn1,3,3,3,-7.91989,-7.81629325,0.10359674999999946
Ir2 Se1 Sr1,2,2,2,-5.916017,-5.6268245,0.2891925000000004
Ir3 Mn1 Ni1,2,2,1,-6.89993,-6.7792699999999995,0.12066000000000088
Ir3 Nb1,2,2,2,-9.695705,-9.625185,0.07052000000000014
Ir3 Si1 Y1,2,2,1,-7.980027,-5.5212074,2.4588196
Ir3 Sr1,3,3,3,-6.71298325,-3.44252425,3.270459
Ir5 Rh1,2,2,2,-8.617188833333334,-8.61328,0.0039088333333339165
K1,5,5,4,-1.0977303846153847,-1.0469933103448277,0.05073707427055707
K1 Li2 Pt1,2,2,2,-2.82116325,-2.64377075,0.17739250000000029
K1 Li2 Ru1,2,2,2,-2.992304,-2.92759175,0.06471224999999992
K1 Mg1 Nb1,2,2,2,-3.93836,-3.019117,0.9192429999999998
K1 Mg1 Pb3,2,2,2,-2.8476792,-1.8413028,1.0063764
K1 Mn1 Ni2,2,2,2,-4.91678725,-4.5154995,0.40128774999999983
K1 Mn1 Pd1,2,2,2,-4.759117833333334,-4.616163833333333,0.14295400000000047
K1 Mn1 Pt2,2,2,2,-5.27120925,-5.187222,0.08398724999999985
K1 Mn2 Mo1,3,3,3,-6.682489,-6.0405055,0.6419835000000003
K1 Mn2 Zn1,2,2,2,-4.515921,-4.25914525,0.2567757499999992
K1 Mn3,3,3,3,-6.311946,-5.91850625,0.39343974999999975
K1 Mo1 Rh2,2,2,2,-6.11943925,-5.71729325,0.4021460000000001
K1 Mo2 Pt1,2,2,2,-6.7955175,-6.550136,0.2453814999999997
K1 Mo2 Se1,4,4,4,-6.25916825,-5.3137475,0.9454207500000003
K1 N3 Sc1,2,2,1,-5.7316,-4.0972176,1.6343824000000007
K1 O4 Ru1,2,2,2,-6.607274166666667,-6.595366166666667,0.011907999999999141
K1 P1 Pt1,2,2,2,-4.704751666666667,-3.7535441666666665,0.9512075000000002
K1 P1 Sr2,2,2,2,-3.06642125,-2.47432,0.5921012499999998
K1 Pd1 S2,2,2,2,-4.4616495,-4.23051875,0.23113075000000016
K1 Pt1 Re1,2,2,2,-6.178031333333333,-4.004457666666666,2.173573666666667
K1 Pt2,2,2,2,-3.857941,-3.0782597500000004,0.7796812499999994
K1 Pt2 Te1,2,2,2,-4.36537175,-3.741802,0.6235697500000006
K1 Pt3,3,3,3,-4.49904775,-4.0281515,0.47089625
K1 Rb4,2,2,2,-0.9885542,-0.9759276,0.012626600000000043
K1 Rb6,2,2,2,-0.9806465714285714,-0.9351428571428572,0.0455037142857142
K1 Re1 Se1,2,2,2,-4.572529333333333,-4.204383333333333,0.3681459999999994
K1 Re1 Zr2,2,2,2,-7.1714245,-7.08108375,0.0903407499999993
K1 Rh1 Se2,2,2,2,-4.52911125,-4.09944675,0.42966449999999945
K1 Sb1,2,2,2,-2.87456125,-2.87057525,0.003986000000000267
K1 Sb1 Se1,2,2,2,-3.5807409999999997,-3.37429,0.20645099999999994
K1 Sb2 Zn1,2,2,2,-2.74458075,-2.57691175,0.16766900000000007
K1 Sc1 Te2,2,2,2,-4.519735375,-4.4083165,0.11141887500000003
K1 Sc2 Ta1,3,3,3,-5.95568,-5.54333825,0.4123417500000004
K1 Si1 Tl1,2,2,2,-2.897378,-2.879655833333333,0.017722166666666705
K1 Ta1 Zn2,2,2,2,-3.380107,-2.828238,0.5518690000000004
K1 Tl1,2,2,2,-1.7041005,-1.2962574,0.4078431
K1 Tl1 Y2,2,2,2,-4.01366675,-3.884086,0.1295807499999997
K1 Tl2 Zn1,2,2,2,-1.68387675,-1.668253075,0.015623675000000059
K1 W2 Zr1,2,2,2,-7.96969325,-7.95247225,0.017221000000000153
K2 Li1 Se1,2,2,2,-2.60390825,-2.34018,0.2637282499999998
K2 Li1 Ta1,2,2,2,-2.818128,-2.591776375,0.2263516250000004
K2 Mg1 Os1,2,2,2,-2.84498575,-2.50169875,0.3432870000000001
K2 Mo1 Se1,2,2,2,-3.49661675,-3.48787225,0.00874449999999971
K2 Ni1 Ru1,2,2,2,-3.658801,-3.62355475,0.035246250000000146
K2 O2,2,2,2,-4.041927333333333,-3.744485625,0.29744170833333294
K2 Pb1 Sc1,2,2,2,-2.89214025,-2.794215,0.0979252500000003
K2 S5 Zr2,2,2,2,-6.211588333333333,-6.1722327777777775,0.03935555555555581
K2 Si1 Y1,2,2,2,-3.53844275,-3.2510275,0.28741525
K2 Sr1 Ta1,2,2,2,-2.93508275,-2.72441175,0.21067100000000005
K3 Rb1,2,2,2,-1.061220625,-1.06069075,0.000529875000000013
K3 Tl1,2,2,2,-1.3986725,-1.368861325,0.02981117500000008
K4 Rb3,2,2,2,-1.0371711428571428,-1.0230344285714286,0.01413671428571428
La1 Li1 Sb1,2,2,2,-4.137726333333333,-3.859488666666667,0.27823766666666616
La1 Mg1 Zr2,2,2,2,-5.81767225,-5.77600525,0.04166700000000034
La1 Mg2 Zn1,2,2,2,-2.55800775,-2.41830975,0.13969799999999966
La1 Mn1 N3,2,2,2,-8.287172,-7.461376,0.8257960000000004
La1 N3 Os1,2,2,2,-8.492286,-8.4639854,0.028300599999999676
La1 N3 Ta1,2,2,2,-9.4961296,-9.094626,0.40150359999999985
La1 N3 W1,2,2,2,-9.383646,-9.094878,0.288768000000001
La1 Nb1 Os3,2,2,1,-8.604837,-7.049778000000001,1.555058999999999
La1 Nd1 Sm1 Y1,2,2,1,-5.21560675,-5.20392075,0.011686000000000085
La1 Nd2 Pr2 Tb2,2,2,2,-4.7366082857142855,-4.734991857142857,0.0016164285714284077
La1 Ni1 Tc2,2,2,2,-7.57434125,-7.259057,0.3152842499999995
La1 Ni2 Pt1,2,2,2,-6.066141625,-5.3166395,0.7495021250000002
La1 Ni2 Sc1,2,2,2,-6.066834,-5.700355,0.366479
La1 Os1 Rh2,2,2,2,-7.62678675,-7.49817425,0.12861250000000002
La1 Os1 Si2,2,2,2,-6.7011575,-6.466897,0.23426049999999954
La1 Os2 Si1,2,2,2,-7.91679525,-7.6553825,0.26141274999999986
La1 P2 Te1,2,2,2,-5.3873955,-5.227797,0.15959850000000042
La1 P7 Ru1,2,2,2,-6.237345777777778,-6.008733111111111,0.2286126666666668
La1 P8 Ru1,2,2,2,-6.1191465,-6.1011314,0.018015100000000395
La1 Pb2 Pt1,2,2,2,-5.0215535,-4.8575625,0.16399099999999933
La1 Pb2 Sn1,2,2,2,-4.32226875,-4.293643,0.028625749999999783
La1 Pd6 Tb1,2,2,2,-5.9313725,-5.927578,0.003794500000000589
La1 Pr2 Sm1,2,2,2,-4.79582175,-4.784885,0.01093674999999994
La1 Pt1 W2,2,2,2,-8.836257,-8.760665,0.07559200000000033
La1 Rh1 Y2,2,2,2,-6.70544625,-6.3773325,0.32811375
La1 Rh2 Se1,2,2,1,-6.456468,-6.4278065,0.028661500000000117
La1 Sb1 Te2,2,2,2,-4.461885,-4.455141,0.006743999999999417
La1 Sc2 Tc1,2,2,2,-7.08111725,-6.92565825,0.15545900000000046
La1 Se1,2,2,2,-5.691591666666667,-5.5785825,0.11300916666666616
La1 Si2,2,2,2,-5.8433545,-5.589202916666667,0.254151583333333
La1 Sr1,2,2,2,-3.1241365,-2.987516375,0.13662012500000031
La1 Sr1 Tc1,2,2,2,-5.285768833333333,-5.063515,0.22225383333333326
La1 Sr2 Zn1,2,2,2,-2.35196525,-2.26204075,0.08992449999999996
La1 Te1,2,2,2,-5.629197,-5.055704125,0.5734928749999995
La1 Te4,2,2,2,-3.924844,-3.4097942000000003,0.5150497999999999
La1 Tl1 W2,2,2,2,-7.4492375,-7.33108375,0.11815374999999939
La1 Tl2 Y1,2,2,2,-4.31758775,-4.1081915,0.20939625000000017
La1 W1 Zn2,2,2,2,-4.7890415,-4.53131675,0.2577247499999995
La1 Zn1,2,2,2,-3.09545685,-3.0924775,0.002979349999999936
La2 Li1 Re1,2,2,2,-5.690289,-5.6083135,0.08197549999999953
La2 Li1 Sc1,2,2,2,-4.41880025,-4.36439375,0.05440650000000069
La2 Li1 Tm1,2,2,2,-3.98250875,-3.9340535,0.04845524999999995
La2 Mg1,2,2,2,-3.844251666666666,-3.4872263333333335,0.35702533333333264
La2 Mg1 Pb1,2,2,2,-4.180283,-4.0994615,0.08082149999999988
La2 Mg1 Se1,2,2,2,-4.4911155,-4.351030375,0.1400851250000006
La2 Mg1 Th1,2,2,2,-4.69613325,-4.59059625,0.10553699999999999
La2 Mn1 Rh1,2,2,2,-6.7487035,-6.5366855,0.21201800000000048
La2 Nd1 Pr3,2,2,2,-4.8302775,-4.811813333333333,0.018464166666666948
La2 Nd1 Sm2 Tm2,2,2,2,-4.690134857142858,-4.683787714285714,0.006347142857143773
La2 Nd1 Sm2 Y2,2,2,1,-5.262314285714285,-5.261368857142857,0.0009454285714278754
La2 Nd1 Y2,2,2,1,-5.4939094,-5.4924026,0.0015067999999995862
La2 Nd3 Pm7,2,2,2,-4.714880666666667,-4.702103,0.012777666666666576
La2 Nd4 Tm3,2,2,2,-4.677358444444445,-4.6514473333333335,0.025911111111111218
La2 Ni1 Ta1,2,2,2,-6.8031315,-6.408063,0.3950684999999998
La2 Pb1 Sb1,2,2,2,-5.36557,-5.2206175,0.1449524999999996
La2 Pb1 Tm1,2,2,2,-4.83318125,-4.79475,0.03843125000000036
La2 Pm1,2,2,2,-4.856820833333333,-4.854408333333333,0.0024125000000001506
La2 Pm2 Y5,2,2,2,-5.7314359999999995,-5.717238555555555,0.014197444444444152
La2 Pr1,3,3,3,-4.875860888888889,-4.681925000000001,0.19393588888888846
La2 Pr1 Sm1,2,2,2,-4.82796325,-4.802803125,0.0251601250000002
La2 Sc1 Y1,3,3,3,-5.60819575,-5.57483375,0.033362000000000336
La2 Sm3 Y1,2,2,2,-5.07469275,-5.053511333333334,0.021181416666665953
La2 Sm3 Y2,2,2,2,-5.257923714285715,-5.255780000000001,0.00214371428571436
La2 Te4 Y1,2,2,2,-5.6719921428571425,-5.3246340000000005,0.34735814285714195
La3 Li1 Ru1,2,2,2,-5.3179175999999995,-4.3676082,0.9503093999999992
La3 Nd2 Tm2,2,2,2,-4.728615285714286,-4.7257238571428575,0.0028914285714281007
La3 O1 Tl1,2,2,2,-5.8698619999999995,-5.835977,0.03388499999999972
La3 P6 Pr2 Sm1,2,2,2,-6.679905833333333,-6.6789225,0.000983333333333114
La3 Pr4 Y1,2,2,2,-5.0488634375,-5.038783125,0.010080312499999522
La3 Y1,2,2,2,-5.2995305,-5.279748,0.019782500000000702
La4 Nd1 Pr5,2,2,2,-4.827369,-4.704739,0.12263000000000002
La4 Pr1 Y2,2,2,2,-5.327360428571429,-5.324181142857142,0.003179285714286273
La4 Ru1 Sb4,2,2,2,-6.038013333333334,-5.952162222222222,0.08585111111111132
La4 Y3,2,2,2,-5.557510857142858,-5.547998142857144,0.009512714285714097
La5 Pm2 Sm1,2,2,2,-4.84439325,-4.8443775,1.57500000002031e-05
La6 Pr1 Y1,2,2,2,-5.092676625,-5.091085,0.0015916250000005405
La6 Pr5,2,2,2,-4.849283,-4.849114818181818,0.00016818181818134548
La7 N1 Ru2,2,2,2,-6.5484290000000005,-6.5322136,0.016215400000000102
La7 Nd2 Pr1,2,2,2,-4.8700104,-4.8692839999999995,0.00072640000000046
La7 P1 Ru2,3,3,3,-6.28360025,-6.280118,0.003482250000000242
La7 Pr1,2,2,2,-4.90634875,-4.903677,0.002671750000000195
La8 N1 Ru1,2,2,2,-6.0028106999999995,-5.977625,0.025185699999999756
Li1 Mg1,2,2,2,-1.782346,-1.6532645,0.12908150000000007
Li1 Mg1 Sr1,2,2,2,-1.7486075,-1.737996,0.010611499999999996
Li1 Mg1 Tl2,2,2,2,-2.20220875,-2.134253,0.06795574999999987
Li1 Mg1 W2,2,2,2,-6.89194975,-6.7717285,0.12022125000000017
Li1 Mg2 Ta1,2,2,2,-4.07694425,-3.932767,0.14417725000000026
Li1 Mn1,2,2,2,-5.3118505,-5.211374375,0.10047612500000014
Li1 Mn1 O4 P1,3,3,3,-7.809735357142857,-7.737234464285714,0.07250089285714356
Li1 Mn1 P2,2,2,2,-5.8007545,-5.62840175,0.17235274999999994
Li1 Mo1 Tl2,2,2,2,-3.91884775,-3.813386,0.10546174999999991
Li1 Mo2,2,2,2,-7.486602833333333,-7.373678833333333,0.11292400000000047
Li1 Mo2 Zn1,2,2,2,-6.0455395,-5.64427375,0.4012657500000003
Li1 N2 Ta1,2,2,2,-8.68324,-8.6482,0.035040000000000404
Li1 N2 Ti1,2,2,2,-7.40455675,-7.22945,0.1751067500000003
Li1 Ni1 Si1,2,2,2,-4.754620249999999,-4.528307666666667,0.22631258333333282
Li1 O1 Te1,2,2,2,-4.7054075,-4.598319333333333,0.10708816666666632
Li1 O12 P3 Sn2,2,2,2,-7.289452777777778,-6.662437777777778,0.6270150000000001
Li1 O3 Ru1,2,2,2,-6.8506100000000005,-6.7911035,0.05950650000000035
Li1 Os1 Re2,2,2,2,-9.3049075,-9.188885,0.1160224999999997
Li1 Os1 Sr2,2,2,2,-3.65645875,-3.57547575,0.08098300000000025
Li1 Pt1 Re1,2,2,2,-6.835742499999999,-5.8978926666666665,0.9378498333333329
Li1 Pt1 Tc1,2,2,2,-6.219624166666667,-6.056107333333333,0.16351683333333344
Li1 Pt2 W1,2,2,2,-6.97273925,-6.93716375,0.035575500000000204
Li1 Rh2 Sn2,2,2,2,-5.4194695,-5.392344700000001,0.027124799999999283
Li1 Ru1 Te2,2,2,2,-4.554884,-4.245851,0.30903300000000034
Li1 Ru2 Sb1,2,2,2,-6.2916065,-5.6512725,0.6403340000000002
Li1 Sb1 Ta2,2,2,2,-7.1253705,-6.9429145,0.18245600000000017
Li1 Sb1 Zn1,2,2,2,-2.6142556666666668,-2.5004218333333332,0.11383383333333352
Li1 Sc1 Ti1,2,2,2,-5.262187,-5.237904166666667,0.024282833333333365
Li1 Se1 Te2,2,2,2,-2.9871515,-2.9192035,0.0679479999999999
Li1 Si1,2,2,2,-3.7914415,-3.6537893,0.13765219999999978
Li1 Si1 Tl1,3,3,3,-3.0882288333333334,-2.993681666666667,0.09454716666666663
Li1 Si2 Tl1,2,2,2,-3.53335775,-3.46536125,0.06799650000000002
Li1 Si2 W1,2,2,2,-6.3980385,-6.134996,0.26304250000000007
Li1 Sr2 Y1,2,2,2,-2.7088905,-2.558935625,0.1499548749999997
Li1 Ta1 Te2,2,2,2,-5.43328325,-4.9869665,0.4463167499999994
Li1 Te1 Y2,2,2,2,-5.05951075,-4.97927275,0.08023800000000048
Li1 Tl1,2,2,2,-2.3634045,-2.23086625,0.13253825000000008
Li1 Y3,2,2,2,-5.26045075,-5.23307125,0.027379500000000334
Li2 Mo1 Zr1,2,2,2,-5.44314,-5.423687,0.0194529999999995
Li2 Ni1 Ru1,2,2,2,-4.64625225,-4.183971875,0.46228037499999974
Li2 O8 P2 V1,2,2,2,-7.539466923076923,-7.512776346153847,0.026690576923076748
Li2 Os1 Ru1,2,2,2,-5.890934,-5.3956085,0.49532549999999986
Li2 Re1 Rh1,2,2,2,-5.84060375,-5.59551725,0.24508649999999932
Li2 Re1 Ru1,2,2,2,-6.193606,-6.1596565,0.0339495000000003
Li2 Ru1 Tc1,2,2,2,-5.6833715,-5.19329175,0.4900797499999996
Li2 Se1 W1,2,2,2,-4.89697125,-4.313895,0.5830762500000004
Li3 O12 P3 Ti2,2,2,2,-7.72225875,-7.7122975,0.009961249999999922
Li4 P2 S8 Zn1,2,2,2,-4.665556333333333,-4.664754,0.0008023333333326832
Li5 Pd3,2,2,2,-3.524812875,-3.4690596875,0.05575318749999969
Mg1 Mn1 Ni2,2,2,2,-5.68066875,-5.4208675,0.25980124999999976
Mg1 Mn1 Zn2,2,2,2,-3.32785125,-3.31023325,0.017618000000000134
Mg1 Mo1,2,2,2,-5.801136666666667,-5.7173395,0.0837971666666677
Mg1 N2 Sr2,2,2,2,-4.8605965,-3.9622643,0.8983321999999996
Mg1 Ni1 Ta2,2,2,2,-7.591775,-7.3698475,0.2219275000000005
Mg1 Ni2 Re1,2,2,2,-6.259552,-6.07423675,0.18531525000000038
Mg1 Ni2 Tl1,2,2,2,-3.8689135,-3.5988285,0.2700849999999999
Mg1 O11 P4,2,2,2,-7.5625128125,-7.5619734375,0.0005393749999997866
Mg1 Os1 Ru2,2,2,2,-7.628672,-7.61221175,0.016460249999999732
Mg1 Os1 Ta1,2,2,2,-8.217093666666667,-7.941091666666666,0.27600200000000097
Mg1 Os1 Zr2,2,2,2,-7.550912,-7.4679425,0.08296949999999992
Mg1 Os2 Ta1,2,2,2,-8.8608035,-8.64299,0.2178135000000001
Mg1 Os2 Y1,2,2,2,-7.28017325,-7.25041625,0.029757000000000033
Mg1 Os2 Zn1,2,2,2,-6.1101375,-5.9554915,0.1546460000000005
Mg1 Pa1 Pt4,2,2,2,-6.6712145000000005,-6.628085416666667,0.04312908333333354
Mg1 Pb1 Rh2,2,2,2,-5.08518075,-4.84127625,0.2439045000000002
Mg1 Pb2 Se1,2,2,2,-3.248167,-3.11685975,0.13130724999999988
Mg1 Pb2 Te1,2,2,2,-3.06865625,-3.02111275,0.04754350000000018
Mg1 Pd1 Se2,2,2,2,-3.710906,-3.70511475,0.0057912500000001366
Mg1 Pd1 Tm1,2,2,2,-4.452324444444445,-4.412468666666666,0.03985577777777838
Mg1 Pt1,2,2,2,-4.142024,-3.6427333333333336,0.49929066666666655
Mg1 Pt1 Ta2,2,2,2,-7.98195075,-7.914578,0.06737275000000054
Mg1 Re1 Sc2,2,2,2,-6.711781,-6.486668,0.22511300000000034
Mg1 Re2 W1,2,2,2,-9.5744295,-9.4160875,0.1583420000000011
Mg1 Rh1 Ta2,2,2,2,-8.202942,-8.1887825,0.01415949999999988
Mg1 Ru1 W2,2,2,2,-9.08438,-8.93875,0.14562999999999882
Mg1 Sc2 Te1,2,2,2,-4.740561,-4.71949825,0.021062749999999575
Mg1 Se1 Zr2,2,2,2,-5.95757425,-5.879387,0.07818725000000004
Mg1 Se2 Sr1,2,2,2,-3.9572025,-3.746513125,0.2106893750000003
Mg1 Se2 Tl1,2,2,2,-3.17178375,-3.15552625,0.016257500000000036
Mg1 Sn1 Th1,2,2,2,-4.751221666666667,-4.6988650000000005,0.052356666666666385
Mg1 Sr2 Ta1,2,2,2,-3.52568625,-3.33747,0.18821624999999997
Mg1 Sr5,2,2,2,-1.629174,-1.424729666666667,0.204444333333333
Mg1 Ta1,2,2,2,-6.11338125,-5.52329875,0.5900824999999994
Mg1 Tc1,3,3,3,-5.837326666666667,-5.632752083333333,0.20457458333333367
Mg1 Tc2 Zn1,2,2,2,-5.77592075,-5.74193425,0.03398650000000014
Mg1 Te1,3,3,3,-3.1935415,-2.3269425,0.8665989999999999
Mg1 W2 Zr1,2,2,2,-8.716385,-8.6641975,0.0521875000000005
Mg2 Mn1 Tc1,2,2,2,-5.4560905,-5.3980675,0.05802300000000038
Mg2 Mo1 Ta1,3,3,3,-6.213148,-6.150154,0.06299400000000066
Mg2 Pb1 Sn1,2,2,2,-2.794138,-2.620407375,0.1737306249999997
Mg2 Pm7 Rh2,2,2,2,-4.903251818181818,-4.852810272727273,0.05044154545454571
Mg2 Pt1 Tc1,2,2,2,-5.0301595,-4.979597,0.050562499999999844
Mg2 Re1 Sb1,2,2,2,-4.6680355,-4.56988,0.09815549999999984
Mg2 Rh1 Sr1,2,2,2,-3.26368475,-3.250023,0.013661749999999806
Mg2 Rh1 Ta1,2,2,2,-5.6091025,-5.29893875,0.31016375000000007
Mg2 Ru1 Si1,2,2,2,-4.66699325,-4.4839175,0.18307575000000043
Mg2 Sb1,2,2,2,-2.5790725,-2.4333637500000003,0.14570874999999983
Mg2 Sc1 Se1,2,2,2,-3.64096275,-3.45698725,0.18397549999999985
Mg2 Si3,2,2,2,-3.8015895,-3.8013045,0.0002849999999998687
Mg2 Sm1 Zn9,2,2,2,-1.828974875,-1.8166208333333336,0.012354041666666538
Mg2 Sn1,2,2,2,-2.499123,-2.3705999,0.12852309999999978
Mg2 Sr1,2,2,2,-1.6402923333333332,-1.5621005,0.07819183333333335
Mg2 Ta1 Tc1,2,2,2,-6.269373,-6.193038,0.07633500000000026
Mg2 Ta1 W1,2,2,2,-6.6299,-5.889000875,0.7408991250000003
Mg2 Ta1 Zn1,2,2,2,-3.87253875,-3.71085875,0.16168000000000005
Mg2 Tc1 Zn1,2,2,2,-3.58859875,-3.45740425,0.13119449999999988
Mg2 Te1 Tl1,2,2,2,-2.41115975,-2.398874,0.012285749999999762
Mg2 Ti1,2,2,2,-3.5089276666666667,-3.3746658333333333,0.1342618333333334
Mg2 Zn1,2,2,2,-1.5367889583333334,-1.26755825,0.2692307083333334
Mg3 Nd2 Y1,2,2,2,-3.5786525,-3.570653,0.007999499999999937
Mg3 Os1,2,2,2,-3.8266065,-3.8244835,0.002123000000000097
Mg3 Rh1 Sc1,2,2,1,-3.6698514,-2.2229008,1.4469506
Mg3 Si4,3,3,3,-3.7061990714285713,-3.6632664285714287,0.0429326428571426
Mg3 Ta1,2,2,2,-3.98122475,-3.689525125,0.29169962500000013
Mg4 Pb1 Tl1,2,2,2,-2.109841,-1.880238,0.22960299999999978
Mg5 Si6,2,2,2,-3.609891363636363,-3.5918093636363637,0.018081999999999265
Mg5 Te3,2,2,2,-2.5136060625,-2.4541555,0.059450562499999915
Mn1 Mo1 Zn1,2,2,2,-6.941375666666667,-6.279185666666667,0.6621899999999998
Mn1 Mo2 Zn1,2,2,2,-7.8899765,-7.82516575,0.06481075000000036
Mn1 Ni1 Re2,2,2,2,-9.91248425,-9.85182575,0.060658500000000615
Mn1 Ni2 Zr1,2,2,1,-7.5332675,-7.44549375,0.0877737500000002
Mn1 Os1 P1 Ru1 S1 Se1,2,2,2,-7.349487916666667,-7.1467566666666675,0.20273124999999936
Mn1 Os1 Rh2,2,2,2,-8.79467,-8.29024875,0.50442125
Mn1 Os1 W2,2,2,2,-11.40949625,-11.352396,0.05710024999999952
Mn1 Os2 Si1,2,2,2,-9.43157,-9.24174125,0.1898287500000002
Mn1 P1 Sc2,2,2,2,-7.31624425,-7.2086705,0.10757374999999936
Mn1 Pb1 Se2,2,2,2,-5.4017190625,-5.32809675,0.07362231249999951
Mn1 Pt1 Sr2,2,2,2,-4.791615,-4.51651275,0.27510224999999977
Mn1 Pt2 Re1,2,2,2,-8.592742,-8.5011575,0.09158449999999974
Mn1 Rh1 Ta2,2,2,2,-10.21751,-9.59459375,0.6229162500000012
Mn1 Sb1 Si2,2,2,2,-5.865561,-5.627231,0.2383299999999995
Mn1 Sc1,2,2,2,-7.7034825,-7.447088,0.25639449999999986
Mn1 Ta1,2,2,2,-9.855675,-8.359059166666666,1.4966158333333333
Mn1 Zn2 Zr1,2,2,2,-5.082641,-4.762045375,0.32059562500000016
Mn2 N2 Ni1,3,3,3,-8.342361,-7.891119999999999,0.45124100000000134
Mn2 Ni1,2,2,2,-7.981925,-7.824915416666666,0.15700958333333404
Mn2 Ni3 Pr1,2,2,2,-6.886072833333333,-6.874765333333333,0.011307500000000026
Mn2 Os1 Tl1,2,2,2,-7.463565,-7.338455,0.12511000000000028
Mn2 P1,3,3,3,-8.029300000000001,-7.883213333333334,0.14608666666666714
Mn2 Pu5 Tm2,2,2,2,-10.818291111111112,-10.716037333333334,0.10225377777777744
Mn2 Re1 Ru1,3,3,3,-9.9463645,-9.8107975,0.135567
Mn2 Rh1 Si1,2,2,2,-8.17937575,-8.00169375,0.17768200000000078
Mn2 Rh1 Y1,2,2,2,-7.97674425,-7.9167025,0.060041749999999894
Mn2 Se4 Zn1,2,2,2,-5.285543142857143,-5.206652857142857,0.07889028571428547
Mn2 Ta1 Zn1,2,2,2,-7.665785,-7.63907725,0.02670774999999992
Mn2 Zr1,2,2,2,-9.140220833333332,-8.760863,0.37935783333333184
Mn3 Os1,3,3,3,-9.67101,-9.60896675,0.06204325000000033
Mn6 Sn6 Tb1,2,2,2,-6.569310769230769,-6.561478461538462,0.007832307692306806
Mo1 N2 Ta1,2,2,2,-10.221105,-9.9526925,0.26841250000000016
Mo1 Ni1,2,2,2,-8.2299175,-7.94409375,0.2858237500000005
Mo1 Ni1 Tc2,2,2,2,-9.351159,-9.2261085,0.1250505000000004
Mo1 O1 Ti2,2,2,2,-8.5558225,-7.67151825,0.8843042499999996
Mo1 O6 Pb2 Sc1,2,2,2,-7.7605934,-7.757319,0.0032744000000004547
Mo1 Os1 W1,2,2,2,-11.560301333333332,-10.874429999999998,0.685871333333333
Mo1 Os2 Tl1,2,2,2,-8.2799475,-8.12143,0.1585175000000003
Mo1 Os2 W1,2,2,2,-11.49290175,-11.179842,0.31305974999999897
Mo1 Os2 Zn1,2,2,2,-8.5265475,-8.4626655,0.06388199999999955
Mo1 Pb2 Tl1,3,3,3,-4.68300925,-4.382989,0.3000202499999993
Mo1 Rh2 Sc1,3,3,3,-8.33955375,-8.264346,0.07520775000000057
Mo1 Rh2 Si1,2,2,2,-8.220151,-8.012265,0.20788600000000024
Mo1 Ru1 Sc2,2,2,2,-8.2241515,-7.8212475,0.4029039999999995
Mo1 Ru1 W2,2,2,2,-11.28071875,-11.25589075,0.024827999999999406
Mo1 Ru3,2,2,2,-9.72035125,-9.5913725,0.12897874999999992
Mo1 S1 Se2 Te1 W1,2,2,1,-6.9734525000000005,-6.973184166666667,0.00026833333333353693
Mo1 S2 Se4 Te2 W3,2,2,2,-7.120219583333333,-7.105635833333333,0.014583749999999895
Mo1 Sc2 Sr1,2,2,2,-5.910562,-5.73948375,0.17107824999999988
Mo1 Sc2 Zr1,3,3,2,-7.909441,-7.752509,0.1569320000000003
Mo1 Se2 Ta1,2,2,2,-7.394802,-7.08171225,0.3130897500000005
Mo1 Sr2 Te1,2,2,2,-4.2499665,-4.11268175,0.13728475000000007
Mo1 Y1 Zr2,2,2,2,-8.449445,-8.09340125,0.3560437500000013
Mo2 Nb1 W1,2,2,2,-11.2852225,-11.253478,0.031744500000000286
Mo2 P1 Ru1,2,2,2,-9.13418575,-9.0343465,0.09983925000000049
Mo2 Pb1 Se1,2,2,2,-7.0757585,-6.5671825,0.5085759999999997
Mo2 Pb1 Ta1,2,2,2,-8.9397975,-8.78288375,0.1569137499999993
Mo2 Pt1 Si1,2,2,2,-8.42702875,-8.3520225,0.0750062499999995
Mo2 Pt1 Te1,2,2,2,-7.515285,-7.3517145,0.1635705000000005
Mo2 Pt1 W1,2,2,2,-10.244685,-10.2242565,0.020428500000001293
Mo2 Re1 Y1,2,2,2,-9.871687,-9.6082175,0.26346949999999936
Mo2 Rh1 Ta1,2,2,2,-10.28922,-10.2035265,0.08569349999999964
Mo2 Sc1 Te1,2,2,2,-7.612661,-7.440683375,0.17197762500000024
Mo2 Si1 Ta1,3,3,3,-9.93890675,-9.82196,0.11694674999999854
Mo2 Sr1 Zr1,2,2,2,-7.364677,-6.92752925,0.4371477500000003
Mo2 Te1,2,2,2,-7.965639166666667,-7.805086,0.1605531666666664
Mo2 W1,2,2,2,-11.555089333333331,-10.91431,0.6407793333333309
Mo3 Ru1,2,2,2,-10.332185,-10.27923675,0.05294825000000003
N1 Nb1 O1 V1,2,2,2,-9.4704275,-9.23190375,0.2385237499999988
N1 Ni1 P1 S1 Se1,3,3,3,-5.5947401999999995,-5.5184370000000005,0.07630319999999902
N1 Ni1 Zr1,2,2,2,-8.43199,-8.336719166666667,0.09527083333333408
N1 Pr2 Sn1,2,2,2,-6.38116625,-6.04073,0.3404362499999998
N1 Rb1 Re1 Se2,2,2,1,-5.792949999999999,-2.7317456,3.0612043999999994
N1 Sc1 Zn1,2,2,2,-6.140696666666667,-6.108510833333334,0.032185833333333136
N1 Si1,2,2,2,-7.534636166666666,-7.380774375,0.15386179166666647
N2,2,2,2,-7.95247225,-7.952472083333333,1.6666666624587378e-07
N2 Ni1 W1,3,3,3,-8.90613125,-8.2288725,0.67725875
N2 Re1,2,2,2,-9.518971166666669,-9.499578333333334,0.019392833333334636
N3 Nd2 Pa1,2,2,2,-8.860307083333334,-8.748135,0.11217208333333417
N3 Re1 Y1,2,2,2,-9.4471285,-8.981548,0.46558049999999973
N3 U1 Zr2,2,2,2,-10.498165,-10.486064333333331,0.012100666666668758
N4 Pr2 W1,2,2,2,-9.088139285714286,-9.006447857142858,0.0816914285714283
Na1 Ni1 O2,2,2,2,-5.41077625,-4.87410075,0.5366754999999994
Na1 Pa1 Te3,2,2,2,-4.775109,-4.7482754,0.02683359999999979
Na1 Pr1 Sn1,2,2,2,-3.894483,-3.7171963333333338,0.17728666666666637
Na1 Si1,2,2,2,-3.2882141875,-3.1690438333333333,0.11917035416666666
Na1 Tl1 Y2,2,2,2,-4.07168825,-3.88618775,0.1855005000000003
Nb1 Ni1 Si1,2,2,2,-7.788878333333333,-7.495830833333333,0.2930475000000001
Nb1 O3 Tl1,2,2,2,-7.7814614,-7.4398056,0.34165580000000073
Nb1 P1 Pd1,3,3,3,-7.46695,-7.369613,0.09733699999999956
Nb1 P1 S2 Tc1,2,2,1,-6.4775452,-6.3863,0.09124519999999947
Nb1 Pa1 Ti1,2,2,2,-9.126004666666669,-8.6263605,0.499644166666668
Nb1 Pb1 Ti2,3,3,3,-7.399454,-7.21346575,0.1859882500000003
Nb1 Rb1 S3,2,2,2,-6.0926094,-5.6558167,0.4367926999999998
Nb1 Ti1 Zn2,2,2,2,-5.285749,-5.15742,0.12832899999999992
Nb1 V2,2,2,2,-9.403429666666666,-9.387949,0.015480666666665144
Nb1 Zn1,2,2,2,-5.584995625,-5.45639,0.1286056250000005
Nb2 S3,2,2,2,-7.925254,-7.901474,0.023779999999999468
Nd1 Rh1 Sm2,2,2,2,-5.82299375,-5.72134925,0.10164449999999992
Nd1 Sm1 Tb2,2,2,2,-4.67165375,-4.670064,0.0015897499999999454
Nd1 Sm1 Y2,2,2,2,-5.60455125,-5.5854235,0.01912775
Nd1 Sm2,2,2,2,-4.721407916666666,-4.721407833333333,8.333333312293689e-08
Nd1 Sm2 Tb2 Tm2,2,2,1,-4.610105285714285,-4.608999,0.0011062857142851712
Nd1 Sm2 Tm1,3,3,3,-4.6576175,-4.64862675,0.008990749999999714
Nd1 Tb2,3,3,3,-4.661819166666667,-4.657973666666667,0.003845499999999724
Nd2 Pm3 Pr2,2,2,2,-4.753533428571429,-4.752207571428571,0.0013258571428576005
Nd2 Pr1 Sm1,2,2,2,-4.7514935,-4.745729,0.005764499999999728
Nd2 Rb3 S6 Tb1,2,2,2,-5.650458333333333,-5.649909999999999,0.0005483333333335949
Nd2 Sb6 Sm1 Th3,2,2,2,-6.16769,-6.1628775000000005,0.004812499999999886
Nd2 Sm1 Tb3,2,2,2,-4.674319333333333,-4.6299495833333335,0.04436974999999954
Nd2 Sm1 Y1,2,2,2,-5.169396,-5.1639505,0.005445499999999548
Nd2 Tb1 Y1,2,2,2,-5.15421,-5.14437125,0.009838750000000118
Nd3 Os1,2,2,2,-6.46696325,-6.09119425,0.375769
Nd3 Sm4,3,3,3,-4.728236,-4.69435,0.03388599999999986
Nd3 Tb2 Tm2,2,2,2,-4.623479000000001,-4.622833285714286,0.0006457142857145826
Nd3 Tm5,2,2,2,-4.566064375,-4.56000875,0.00605562500000012
Nd3 Y1,2,2,2,-5.1786885,-5.1616875,0.0170009999999996
Nd4 Tb1 Y1,2,2,2,-5.009974166666667,-4.410665166666667,0.5993089999999999
Nd6 Pm5 Y1,2,2,2,-4.89046125,-4.88929275,0.0011685000000003498
Ni1 O9 P3,2,2,2,-7.35601,-7.351876538461538,0.004133461538462058
Ni1 Os2,2,2,2,-9.3057,-9.027426666666669,0.27827333333333115
Ni1 Os2 Sr1,2,2,2,-6.98902475,-6.62336625,0.36565849999999944
Ni1 Os2 Ta1,2,2,2,-9.97198575,-9.91924575,0.05274000000000001
Ni1 Os2 Tm8,2,2,2,-6.074144545454545,-6.022051818181819,0.05209272727272651
Ni1 P1 Sb2,2,2,2,-4.38838525,-4.28560875,0.10277650000000005
Ni1 P1 Ta2,3,3,3,-9.0250375,-8.9446725,0.08036500000000046
Ni1 P2 Se1,2,2,2,-4.6715845,-4.60878475,0.06279974999999993
Ni1 P2 Se1 Tc1,2,2,2,-6.2875689999999995,-6.240003,0.047565999999999775
Ni1 Pa1 Zn1,2,2,2,-5.816215499999999,-5.771315333333334,0.04490016666666552
Ni1 Pb1 Se2,2,2,2,-4.336031,-3.96464675,0.3713842500000002
Ni1 Pb2 Rh1,2,2,2,-4.9640565,-4.9177475,0.046308999999999934
Ni1 Pt1 Zr1,2,2,2,-7.357453666666667,-7.1655706666666665,0.1918830000000007
Ni1 Re1 Tc2,2,2,2,-9.65973575,-9.65251825,0.007217499999999433
Ni1 Rh1 Ta1,2,2,2,-8.743092333333333,-8.40101,0.3420823333333338
Ni1 Sb1 Si2,2,2,2,-5.111319,-5.0311125,0.08020650000000007
Ni1 Sb1 Sr1,2,2,2,-4.4540214166666665,-3.903783166666667,0.5502382499999996
Ni1 Se1,2,2,2,-4.808258125,-4.757595,0.05066312499999981
Ni1 Si2 Sr1,2,2,2,-4.29076,-4.2029165,0.08784349999999996
Ni1 Si2 Ti2,2,2,2,-7.2481606,-7.2439576,0.004203000000000401
Ni1 Ta1 Tc2,2,2,2,-9.7520095,-9.70925425,0.04275524999999902
Ni1 Te3,2,2,2,-3.80380075,-3.26412625,0.5396745000000003
Ni1 Tl1 W2,3,3,3,-8.02235425,-7.5032345,0.5191197499999998
Ni1 V1 Zn1,2,2,2,-5.517096666666667,-5.501158888888889,0.015937777777778273
Ni2 Os1 Ru1,2,2,2,-7.943055,-7.8234935,0.11956150000000054
Ni2 Pt1 Ru1,2,2,2,-6.69048225,-6.684682,0.005800250000000062
Ni2 Re1 Ru1,2,2,2,-8.22263825,-8.14728925,0.07534899999999922
Ni2 Re1 Ta1,2,2,2,-9.07119375,-9.061514,0.009679750000000098
Ni2 Rh1 Si1,2,2,2,-6.450828,-6.3580455,0.09278249999999932
Ni2 Tm1 Zn1,2,2,2,-4.67017225,-4.63266575,0.03750650000000011
Ni3 Ru1,2,2,2,-6.453506,-6.41251075,0.04099524999999993
Ni3 Tc1,2,2,2,-6.864494375,-6.83301825,0.0314761249999993
Ni3 Ti2 Zn1,2,2,2,-6.131786333333333,-6.0869395,0.04484683333333361
Ni4 Os1,2,2,2,-6.3491165,-5.2535144,1.0956020999999998
Np1 O2 Pm1,2,2,2,-9.71064575,-9.11135575,0.5992899999999999
Np1 P1 S1,2,2,2,-8.400316333333334,-8.385571,0.014745333333333832
Np1 P2 Zr1,2,2,2,-9.244680625,-9.2249425,0.019738125000001716
Np1 Si4 Tb1,2,2,2,-6.9708646666666665,-6.966444,0.004420666666666406
O1 P1,2,2,2,-6.48609775,-5.00418125,1.4819164999999996
O1 Rh1 Si2 Sn1,2,2,2,-6.3590282,-6.3172146,0.04181360000000023
O1 Zn1,2,2,2,-4.754076,-4.728255,0.025821000000000538
O2 Rb2,2,2,2,-4.1906225,-4.14523075,0.045391750000000286
O2 Si1,7,7,7,-8.376401960784314,-8.32701875,0.04938321078431329
O2 Tl1 Y1,2,2,2,-6.586039,-6.174047,0.4119920000000006
O2 W1 Zn1,2,2,2,-7.2558775,-7.124359125,0.13151837500000063
O3 Rb1 Tc1,3,3,3,-7.224279,-7.0106025,0.21367650000000005
O3 Ru1 Sr1,2,2,2,-7.1090675,-6.714812499999999,0.39425500000000113
O3 Ti1 Y1,2,2,2,-9.462951666666669,-9.460186,0.0027656666666686647
O4 P1 Tl1,2,2,2,-6.598017916666667,-6.276220833333333,0.32179708333333323
O6 Pu2 Y1,2,2,2,-10.834705555555557,-10.831951555555555,0.0027540000000012554
O8 V4 Yb1,2,2,2,-8.66086,-8.597143846153847,0.06371615384615303
Os1 Pb1 Ta2,2,2,2,-9.20748625,-9.05929175,0.14819450000000067
Os1 Pb2 Rh1,2,2,2,-5.889885,-5.864193,0.025691999999999382
Os1 Pb2 Tc1,2,2,2,-6.664648,-6.26842075,0.3962272499999999
Os1 Pm3,2,2,2,-6.4198765625,-6.3716925,0.04818406249999985
Os1 Pr1 Te1,2,2,2,-6.519089999999999,-6.242542833333334,0.27654716666666523
Os1 Rh1 Tl2,2,2,2,-5.08657875,-5.03460925,0.051969500000000224
Os1 Rh4 Ru1,2,2,2,-8.293596333333333,-8.292628333333333,0.000968000000000302
Os1 Sb1,2,2,2,-7.197518333333334,-6.71396875,0.48354958333333364
Os1 Sb4 Tc1,2,2,2,-6.337723333333333,-4.7740955000000005,1.5636278333333324
Os1 Sc1 Zn2,2,2,2,-5.113936,-5.1010045,0.012931499999999652
Os1 Si1,2,2,2,-8.483608,-8.378456,0.10515200000000036
Os1 Si2 Y1,2,2,2,-7.87542375,-7.12054675,0.7548770000000005
Os1 Sr1 Tc2,2,2,2,-7.7820075,-7.732417,0.04959049999999987
Os1 Sr1 Te2,2,2,2,-4.587882,-4.5650235,0.022858499999999893
Os1 Ta2 Tl1,2,2,2,-9.0723175,-8.961071,0.11124650000000003
Os1 Ta2 Y1,2,2,2,-10.17345425,-10.1723825,0.0010717500000012592
Os1 Te2 Zn1,2,2,2,-4.4452915,-3.72518,0.7201114999999998
Os1 W1 Y2,3,3,3,-8.8209025,-8.38778625,0.4331162500000012
Os2 Pa1 Tb1,2,2,2,-9.40732375,-9.3350875,0.07223624999999956
Os2 Rh1 Sr1,2,2,2,-7.32205625,-6.97458325,0.3474729999999999
Os2 Rh1 Te1,2,2,2,-7.6234,-7.195681,0.42771899999999974
Os2 Ru1 Tl1,2,2,2,-7.66834125,-7.4247025,0.24363874999999968
Os2 Si1 Te1,2,2,2,-7.3245075,-7.1324205,0.1920869999999999
Os2 Tc1,2,2,2,-11.01014,-10.540650666666666,0.46948933333333365
Os2 Te1 Zr1,2,2,2,-8.2558325,-8.11363,0.1422024999999998
Os3 Ru1,2,2,2,-10.62177,-10.6145115,0.007258499999998946
Os3 Te1 Tl1,2,2,1,-5.5217906,-4.7656964,0.7560941999999997
P1 Pb1,2,2,2,-4.3993015,-4.0943695,0.304932
P1 Pb1 Pt2,2,2,2,-5.401493,-5.2637215,0.13777150000000038
P1 Pt2 Tc1,2,2,2,-6.88496875,-6.75356,0.1314087499999994
P1 Pt2 W1,3,3,3,-7.66483975,-7.2998805,0.3649592499999992
P1 Rb6,2,2,2,-1.6601432857142857,-1.6018745,0.05826878571428562
P1 Re2 Sb1,2,2,2,-8.2286235,-7.71743675,0.5111867499999994
P1 Rh1 Sc1,2,2,2,-7.503589000000001,-7.500965,0.002624000000000848
P1 Rh2 Zr1,2,2,2,-7.588862,-7.57712025,0.011741749999999662
P1 Ru1,2,2,2,-7.784006166666667,-7.622947083333333,0.16105908333333385
P1 Ru1 Sc1,2,2,2,-7.905269666666666,-7.890137500000001,0.015132166666665725
P1 Ru2 Tc1,2,2,2,-8.7885685,-8.29707,0.4914985000000005
P1 Sb1,2,2,2,-4.68775625,-4.512856666666667,0.17489958333333266
P1 Sb2 Sc1,2,2,2,-5.3988575,-5.18569625,0.21316124999999975
P1 Sb2 Te1,2,2,2,-3.777542,-3.6746395,0.1029024999999999
P1 Sc2,2,2,2,-7.004166666666666,-6.923102,0.08106466666666634
P1 Sc2 Si1,2,2,2,-6.864797,-6.628455,0.2363420000000005
P1 Se1 Si2,2,2,2,-4.75982,-4.42768725,0.3321327500000004
P1 Se1 W2,2,2,2,-8.667449,-8.6579915,0.009457499999999897
P1 Sn1 Tc1,2,2,2,-6.8168888333333335,-6.775739000000001,0.041149833333332886
P1 Sr1,3,3,3,-4.597416666666667,-4.1502325,0.44718416666666627
P1 Sr1 W2,2,2,2,-7.4348125,-6.76769975,0.6671127499999994
P1 Sr2 Ta1,2,2,2,-4.807176,-4.39106375,0.4161122500000003
P1 Ta2,2,2,2,-10.206016666666669,-9.034231666666669,1.1717849999999999
P1 Tc1,3,3,3,-8.343924166666666,-7.75367175,0.5902524166666661
P1 Te1,2,2,2,-4.1163945,-3.97701675,0.13937774999999997
P1 Te1 W2,2,2,2,-7.908379,-7.712345,0.19603400000000004
P1 Tl2 W1,2,2,2,-5.4108975,-4.67959825,0.7312992500000002
P1 W3,2,2,2,-10.99486825,-10.805405,0.1894632499999993
P2 Pb1 Sb1,2,2,2,-4.59772825,-4.561821,0.03590725000000017
P2 Sb1 W1,2,2,2,-6.371531,-6.1748485,0.19668249999999965
P2 Ta1 W1,2,2,2,-9.322615,-8.57813625,0.7444787500000007
P6 Sm1 Th3 Y2,2,2,2,-7.618924166666667,-7.618377083333333,0.0005470833333340863
Pa1 Pt2 Tb1,2,2,2,-7.675932,-7.482428,0.1935040000000008
Pa1 S1 Se1,2,2,2,-7.363581333333333,-7.330874000000001,0.032707333333332755
Pa2 Pu1 Tc1,2,2,2,-10.9649915,-10.9310655,0.033925999999999235
Pb1,2,2,2,-3.6250851666666666,-3.6075134375,0.017571729166666383
Pb1 Pm1 Sb2,2,2,2,-4.622982,-4.54876125,0.07422075000000028
Pb1 Pr2 Tl2,2,2,2,-3.9658783,-3.844471,0.1214073
Pb1 Re2 Zn1,2,2,2,-6.730147,-6.605555,0.12459199999999981
Pb1 Rh3,2,2,2,-6.314305,-6.2770075,0.037297500000000205
Pb1 Ru1 Ta2,3,3,3,-9.020276,-8.78926575,0.23101025000000064
Pb1 Sb1,2,2,2,-3.8800091875,-3.707090333333334,0.17291885416666597
Pb1 Sb1 Zr2,3,3,3,-6.55044,-6.48228,0.06815999999999978
Pb1 Se1 Zn2,2,2,2,-2.55921175,-2.521164,0.0380477499999996
Pb1 Se2 Tl1,2,2,2,-3.647364375,-3.29463825,0.3527261249999998
Pb1 Si2 Tc1,2,2,2,-5.47292325,-5.43969825,0.03322499999999984
Pb1 Si2 Zr1,2,2,2,-5.68024625,-5.652114,0.028132249999999637
Pb1 Sn1 Tm2,2,2,2,-4.623642,-4.5613595,0.06228250000000024
Pb1 Te1 W2,2,2,2,-7.5880355,-6.89128825,0.6967472500000005
Pb1 Tl2,2,2,2,-2.7975813333333335,-2.5954409722222223,0.20214036111111122
Pb1 Tm1,2,2,2,-4.494043333333333,-4.414705,0.07933833333333329
Pb1 W2 Y1,2,2,2,-8.3997135,-8.0206725,0.37904100000000085
Pb2 Sc1 Tl1,2,2,2,-4.15646225,-4.097965,0.05849724999999939
Pb2 Te1,2,2,2,-3.5292453333333333,-3.516595,0.012650333333333208
Pb2 Tl1 Zr1,2,2,2,-4.491109,-4.295482125,0.19562687499999942
Pb3 Sb1,2,2,2,-3.77895375,-3.7775005,0.0014532499999999615
Pd1 Pm2 Pr1,2,2,2,-5.280708125,-4.77694025,0.5037678750000003
Pd1 Pr2 Sn3,2,2,2,-5.194539,-5.148777666666667,0.0457613333333331
Pd1 Pt2 Rh1,2,2,2,-6.178399125,-6.154467,0.02393212499999997
Pd1 Rb2 Te2,2,2,2,-3.4857322,-3.4657131999999997,0.020019000000000453
Pd1 Sb1 Te1,2,2,2,-4.52168525,-4.460679,0.06100625000000015
Pd1 Se1 Sr1,2,2,2,-4.656475333333334,-4.55758,0.098895333333334
Pd2 Pt3 W1,2,2,2,-7.113309166666667,-7.0886225,0.024686666666667634
Pd2 Rh1 Te1,2,2,2,-5.29438975,-5.243373,0.05101674999999961
Pd2 S1 Te1,2,2,2,-4.7766055,-4.732376,0.044229499999999256
Pd2 Sn2 Ti3,2,2,2,-6.459944285714286,-6.213747857142857,0.24619642857142932
Pd2 Ti1 Tm1,2,2,2,-6.33675575,-6.31896975,0.01778600000000008
Pd8 Sb3,2,2,2,-5.347343863636364,-5.010710272727272,0.3366335909090914
Pm1 Pr2 Tb1,2,2,2,-4.72977925,-4.72084325,0.008936000000000277
Pm1 Pr3 Sm2,2,2,2,-4.740695,-4.446134,0.29456099999999985
Pm1 Si2 Th1,2,2,2,-6.30000075,-6.1894535,0.11054724999999976
Pm1 Tb4 Y1,2,2,2,-4.940379166666667,-4.938527666666666,0.001851500000000783
Pm1 Tb6 Tm8,2,2,2,-4.545239333333333,-4.320054,0.22518533333333313
Pm1 Tl2 Tm3,2,2,2,-4.074239166666667,-3.980184583333333,0.0940545833333335
Pm12 Tb7 Y1,2,2,2,-4.5498865,-4.5225792,0.027307300000000367
Pm2 Pr1 Sc1,2,2,2,-5.11479575,-5.10438575,0.010410000000000252
Pm2 Sm2 Tb1 Y2,2,2,2,-5.19867,-5.083493857142857,0.11517614285714295
Pm2 Tm1 Zn1,2,2,2,-3.79830675,-3.569551,0.22875574999999992
Pm3 Tb2 Tm2,2,2,2,-4.618276285714286,-4.536442571428571,0.08183371428571462
Pm3 Tm5,2,2,2,-4.557847,-4.5542675,0.0035794999999998467
Pr1 Sm1 Tb1 Tm1,2,2,2,-4.62992,-4.629116,0.000804000000000471
Pr1 Sm4 Tm6,2,2,2,-4.272563272727273,-4.126818545454546,0.14574472727272703
Pr1 Tb1 Th2,3,3,3,-6.06302225,-5.98496875,0.07805350000000022
Pr1 Tb1 Tm1,2,2,2,-4.607945,-4.600307166666666,0.007637833333333788
Pr1 Te1,2,2,2,-5.37693825,-5.3727245,0.004213749999999905
Pr1 Tm4 Y3,2,2,2,-5.25037575,-5.077741625,0.17263412500000008
Pr2 Sm1 Tb1,2,2,2,-4.72011175,-4.7107855,0.00932624999999998
Pr2 Sm2 Tb1,2,2,1,-4.7229146,-4.716895,0.006019600000000125
Pr2 Tb3 Y2,2,2,2,-5.177032428571429,-5.1767271428571435,0.0003052857142851195
Pr3 Sm2 Tm2,2,2,2,-4.656338571428571,-4.654852142857143,0.0014864285714280001
Pr3 Tm2 Y2,2,2,2,-5.152212428571429,-5.147068,0.005144428571428605
Pr3 Y4,2,2,2,-5.723421428571428,-5.722390857142857,0.0010305714285712142
Pr4 Tb2 Tm1,2,2,2,-4.631095,-4.631050714285714,4.428571428594097e-05
Pr5 Tb6,2,2,2,-4.680811090909091,-4.585599090909091,0.09521200000000007
Pr5 Tm1,2,2,2,-4.713100833333333,-4.712205333333333,0.0008954999999994939
Pr8 Sc1 Sm2,2,2,2,-4.79859,-4.749132363636364,0.04945763636363587
Pt1 Re1 Zn2,2,2,2,-5.239565,-5.1985985,0.040966499999999684
Pt1 Re2 Tl1,2,2,2,-7.45107225,-6.430718375,1.0203538750000005
Pt1 Rh1 V1,2,2,2,-7.972554166666666,-7.940655833333333,0.03189833333333336
Pt1 Ru2 Se1,2,2,2,-6.6945375,-6.47484875,0.21968875000000043
Pt1 Sb2 Si1,2,2,2,-4.714992,-4.668888,0.0461039999999997
Pt1 Sc2,2,2,2,-7.220950416666667,-6.917955,0.30299541666666663
Pt1 Sr1,2,2,2,-4.467576333333334,-4.420144,0.047432333333333965
Pt1 Sr1 W1,2,2,2,-6.913345333333333,-6.620913333333333,0.2924319999999998
Pt1 Ta1 Te2,2,2,2,-6.17549325,-5.7649445,0.41054874999999935
Pt1 Ta1 Ti2,2,2,2,-8.79342375,-8.43921625,0.3542075000000011
Pt1 Ta1 W2,2,2,2,-11.0582175,-11.058011,0.00020649999999911017
Pt1 Ta2 Tc1,2,2,2,-10.3788385,-10.28033925,0.0984992499999997
Pt1 Tc1,2,2,2,-8.08415125,-7.860642,0.22350924999999933
Pt1 Tc1 Te2,2,2,2,-5.80105775,-5.32298325,0.47807449999999996
Pt1 Te1 Th2,2,2,2,-7.14295425,-6.97708,0.1658742499999999
Pt1 Te1 Tl2,2,2,2,-3.355594,-3.31333875,0.042255249999999744
Pt1 Ti1,2,2,2,-7.887754166666666,-7.5556375,0.33211666666666684
Pt1 V1,2,2,2,-7.931042,-7.421015,0.510027
Pt1 W1 Y1,2,2,2,-8.901032833333334,-8.416561666666666,0.48447116666666723
Pt1 W3,3,3,3,-11.24324,-11.19597375,0.04726624999999984
Pt2 Rh1,4,4,4,-6.495000833333333,-5.996182,0.498818833333333
Pt2 Rh1 Sc1,2,2,2,-7.06196975,-7.002633,0.05933674999999994
Pt2 Ru1 W1,2,2,2,-8.69746125,-8.5721015,0.12535974999999944
Pt2 Ru1 Zr1,2,2,2,-7.96563525,-7.74853075,0.21710450000000048
Pt2 Sb1,2,2,2,-5.68458,-5.309711416666667,0.37486858333333384
Pt2 Sr1 Y1,2,2,2,-5.940724,-5.5410885,0.3996355000000005
Pt2 Tc1,2,2,2,-7.551918333333333,-7.493709666666667,0.05820866666666635
Pt2 Tc1 Te1,2,2,2,-6.2566385,-6.18552075,0.07111774999999998
Pt3 W1,2,2,2,-7.867135833333333,-6.2555825,1.6115533333333332
Pt4 Ti1,2,2,2,-7.0664505,-7.0288864,0.03756409999999999
Pu1 Sc1 Tm2,2,2,2,-7.292963,-7.2843646875,0.008598312500000205
Pu1 Sm3 Tb2 Te6,2,2,2,-6.043303833333333,-6.0411025,0.0022013333333328333
Rb1,4,4,4,-0.9484742727272728,-0.9264922857142855,0.02198198701298726
Rb1 Sb1,2,2,2,-2.874931125,-2.65306875,0.22186237499999972
Rb1 Ti1,3,3,3,-3.262151,-2.248295833333333,1.0138551666666666
Rb1 V1 Zn1,2,2,2,-3.4021768333333333,-2.4582813333333333,0.9438955
Re1 Rh1 Ru2,2,2,2,-9.57801875,-9.5249775,0.05304124999999971
Re1 Rh1 Se2,2,2,2,-6.26055425,-6.181126,0.07942825000000031
Re1 Rh1 Si2,2,2,2,-7.90511375,-7.4305005,0.47461325
Re1 Rh1 Tc2,3,3,3,-10.16212375,-8.82223875,1.3398849999999989
Re1 Ru1 Si1 Tc1,2,2,2,-9.51719575,-9.50638675,0.010809000000000069
Re1 Sb1,2,2,2,-8.065094,-7.42333875,0.6417552500000001
Re1 Sb1 Se2,2,2,2,-5.59986125,-5.36184025,0.23802099999999982
Re1 Sb1 Si2,2,2,2,-6.224965,-5.9862465,0.23871850000000006
Re1 Sc1 Sr2,2,2,2,-4.753695,-4.56199175,0.19170324999999977
Re1 Sc1 W2,2,2,2,-11.07451925,-10.84938625,0.22513299999999958
Re1 Sc2 Zn1,3,3,3,-6.743442,-6.527708,0.21573400000000031
Re1 Si1,2,2,2,-9.0450475,-8.8034625,0.2415850000000006
Re1 Si1 Zn2,2,2,2,-4.95458325,-4.84192425,0.11265899999999984
Re1 Y2 Zn1,2,2,2,-6.4616285,-5.797062875,0.6645656249999998
Re1 Zr1,2,2,2,-10.690364,-10.550982833333334,0.13938116666666645
Re2 Sc1,2,2,2,-10.3648025,-8.576071666666666,1.788730833333334
Re2 Se1,2,2,2,-9.11409,-8.906168666666668,0.2079213333333314
Re2 Se1 Tc1,2,2,2,-9.123767,-9.0120625,0.1117045000000001
Re2 Ta1 Tl1,2,2,2,-9.22518,-8.99260325,0.23257674999999978
Re2 Ta1 Zr1,2,2,2,-11.64854425,-11.440771,0.2077732500000007
Re2 Tc1 Y1,2,2,2,-10.1671175,-10.0606075,0.1065100000000001
Re3 Se1,2,2,2,-9.68163875,-9.2650375,0.41660124999999937
Rh1 Ru1 Tc2,2,2,2,-9.33734425,-9.31955,0.01779424999999968
Rh1 Sc1 Tl2,2,2,2,-4.86887125,-4.67748975,0.19138149999999943
Rh1 Sc3,2,2,2,-7.096525,-7.042535,0.05398999999999976
Rh1 Se1 Te2,2,2,2,-4.410069,-4.3902955,0.019773500000000332
Rh1 Se2 W1,2,2,2,-7.005895,-6.78943775,0.2164572499999995
Rh1 Si1,3,3,3,-7.018555,-6.70967425,0.30888075000000015
Rh1 Sn1 Th1,2,2,2,-7.110636111111111,-7.056313333333333,0.054322777777778164
Rh1 Sr1 Tl2,2,2,2,-3.45525675,-3.44146775,0.013789000000000051
Rh1 Sr1 Y2,2,2,2,-5.78270725,-5.713131,0.0695762499999999
Rh1 Sr2 Zr1,2,2,2,-4.42035,-4.39488075,0.025469250000000443
Rh1 Tm3,2,2,2,-5.68091375,-5.65093125,0.029982500000000023
Rh1 W3,2,2,2,-11.42574,-8.520091,2.9056489999999986
Rh1 Zn3,2,2,2,-3.119861875,-3.11421775,0.005644124999999889
Rh2 Ru1 Ti1,2,2,2,-8.40161,-8.32959875,0.0720112499999992
Rh2 Si2 Y1,2,2,2,-7.530288,-7.471912,0.05837599999999998
Rh2 Ti3 W1,2,2,2,-9.125258833333334,-9.122800833333333,0.0024580000000007374
Rh3 V1 Zn2,2,2,2,-6.0546741666666675,-6.053918333333333,0.0007558333333346212
Ru1 Sb1 Sr2,2,2,2,-4.3015495,-4.202314,0.09923549999999981
Ru1 Se1 Th2,2,2,2,-7.95410375,-7.91109375,0.04300999999999977
Ru1 Si2 Tl1,2,2,2,-5.54934125,-5.497209,0.052132250000000546
Ru1 Si2 Zn1,2,2,2,-5.363605,-5.09661925,0.2669857499999999
Ru1 Sm3,2,2,2,-6.034033125,-6.0110034375,0.02302968749999934
Ru1 Ta1 W2,2,2,2,-11.8349825,-11.76722325,0.06775924999999994
Ru1 Tc2 Te1,2,2,2,-7.9262695,-7.78648175,0.13978775
Ru1 Tc2 Tl1,2,2,2,-7.5379175,-7.340446,0.1974714999999998
Ru1 Tl2,3,3,3,-4.209817,-4.19989,0.009927000000000241
Ru1 U2,2,2,2,-10.785223333333333,-10.766543333333331,0.018680000000001584
Ru2 Sc1,2,2,2,-8.430764166666666,-8.386037666666667,0.04472649999999945
Ru2 Si1 Tc1,2,2,2,-8.7112225,-8.4037625,0.30746000000000073
Ru2 Te1 Tl1,2,2,2,-5.6265455,-5.3282525,0.29829300000000014
Ru2 Te1 W1,3,3,3,-8.406393,-8.18811325,0.21827974999999888
Ru2 Y1,2,2,2,-8.328097,-8.268426666666667,0.05967033333333305
Ru2 Y1 Zn1,2,2,2,-6.5190305,-6.48404,0.034990500000000146
Ru3 Ta1,2,2,2,-9.7617325,-9.56975175,0.1919807500000008
S1 Se1 Te2 W2,2,2,2,-7.0718950000000005,-7.071628333333333,0.0002666666666675255
S1 Tl1,2,2,2,-3.775099,-3.725244375,0.04985462500000004
S2 Sc1 Y2,2,2,2,-6.6918488,-6.572372400000001,0.11947639999999904
S2 Zr1,2,2,2,-7.5616423333333325,-7.380382666666667,0.1812596666666657
Sb1 Sc1 Ta1,2,2,2,-7.671107666666667,-6.954753333333334,0.7163543333333333
Sb1 Sc1 Zr2,2,2,2,-7.2289085,-7.18668,0.042228500000000224
Sb1 Se2 Sm3,2,2,2,-5.815356666666666,-5.813596666666666,0.0017599999999999838
Sb1 Si1 Zr2,2,2,2,-7.21600925,-7.18876175,0.027247499999999647
Sb1 Te1,2,2,2,-3.61136275,-3.56578,0.045582749999999894
Sb1 Tl1 W2,2,2,2,-7.573625,-7.0078745,0.5657505
Sb1 Tl1 Y2,2,2,2,-5.42647925,-4.9187465,0.5077327499999997
Sb1 Y3,2,2,2,-6.3394675000000005,-5.390787,0.9486805
Sb2 Sc1,2,2,2,-5.270684,-5.161257666666667,0.1094263333333334
Sb2 Tc1 Zr1,2,2,2,-6.97883325,-6.8264785,0.15235474999999976
Sb3 Tc1,2,2,2,-5.23504125,-4.9956235,0.23941775000000032
Sc1 Se1 Si1,2,2,2,-5.699630666666667,-5.370197999999999,0.3294326666666674
Sc1 Se2 Si1,2,2,2,-5.1590905,-5.089467,0.06962349999999962
Sc1 Se2 Sr1,2,2,2,-5.45765,-4.94699275,0.5106572500000004
Sc1 Si1 Zr1,2,2,2,-7.438687777777777,-6.335328333333333,1.1033594444444441
Sc1 Sr2 Te1,2,2,2,-3.71025375,-3.383709,0.32654475000000005
Sc1 Ta1 Y2,2,2,2,-7.490954,-7.46662425,0.024329750000000594
Sc1 Tb3,2,2,2,-5.0245085,-5.021613,0.0028954999999992737
Sc1 Tc2,2,2,2,-8.944891666666667,-8.618055555555555,0.32683611111111155
Sc1 Tc3,2,2,2,-9.4251775,-9.36405875,0.06111875000000033
Sc1 Tl1 W2,2,2,2,-8.13751125,-7.6236005,0.5139107499999991
Sc1 Y1 Zn1,3,3,3,-4.895789833333334,-3.7650331666666665,1.130756666666667
Sc1 Zn3,2,2,2,-2.85300875,-2.846232125,0.006776625000000092
Sc1 Zr1,3,3,3,-7.441511666666667,-7.405323125,0.036188541666667184
Sc2 Se1 Si1,2,2,2,-6.362917,-5.619494,0.743423
Sc2 Si1,2,2,2,-6.6291771666666675,-6.477542833333334,0.15163433333333387
Sc2 Sr1 Zr1,2,2,2,-5.4550325,-5.44124375,0.013788749999999794
Sc2 Ta1 Y1,2,2,2,-7.417478,-7.0767,0.34077800000000025
Sc2 W1 Zr1,2,2,2,-8.28998175,-8.16052825,0.12945350000000033
Sc2 Zn1,2,2,2,-4.873421666666666,-4.57973225,0.29368941666666615
Sc3 Si1,2,2,2,-6.48362675,-6.2817975,0.2018292500000003
Se1,2,2,2,-3.41770675,-2.761928,0.6557787499999996
Se1 Si1 Te2,2,2,2,-3.49380275,-3.2908585,0.20294424999999983
Se1 Ti1,2,2,2,-6.6040738333333335,-6.5628725,0.04120133333333342
Se1 Tl1,2,2,2,-3.042038,-3.0411125,0.0009254999999996905
Se1 W1,3,3,3,-8.044115,-7.1419335,0.9021814999999993
Se1 Zr2,2,2,2,-7.710917166666667,-7.518252,0.192665166666667
Se2 Tb1 Tm1,2,2,2,-5.735543333333333,-5.73190625,0.0036370833333334573
Se2 Tc1 Tl1,2,2,2,-5.07544475,-5.018919,0.0565257499999996
Se2 Tl1 Zr1,2,2,2,-5.4879255,-5.4737945,0.014130999999999894
Se2 Y1 Zn1,2,2,2,-4.70435525,-4.11897325,0.5853820000000001
Se3 Sr1 V1,2,2,1,-5.203783,-3.7334896,1.4702933999999996
Se3 Yb2,2,2,2,-4.217895,-4.1086384,0.10925660000000015
Si1 Sr1,3,3,3,-3.8603385,-3.312494,0.5478445000000001
Si1 Tb1 Th1,2,2,2,-6.087776666666667,-5.966117333333333,0.12165933333333356
Si1 Te1,3,3,3,-4.1740695,-4.007112916666666,0.16695658333333352
Si1 Te2 Y1,2,2,2,-5.118163,-4.854087,0.2640760000000002
Si1 Tl1 Tm2,2,2,2,-4.574771,-4.4734855,0.10128550000000036
Si1 U1,2,2,2,-8.71723,-8.56503125,0.15219875000000016
Si1 Y2,2,2,2,-6.428423333333334,-6.415397,0.01302633333333425
Si1 Zn2,3,3,3,-2.4736464666666667,-2.3619923333333332,0.1116541333333334
Si1 Zn4,2,2,2,-1.7161506,-1.6552105999999998,0.060940000000000216
Si2 Ta1 Tm1,2,2,2,-7.3505315625,-7.17223,0.17830156249999973
Si2 Ta1 W1,2,2,2,-8.92474,-8.7726135,0.1521264999999996
Si2 V1,2,2,2,-6.952018666666667,-6.709275666666667,0.24274299999999993
Si2 W1,2,2,2,-7.543950333333334,-6.934425,0.6095253333333339
Si3 W1,2,2,2,-6.98414425,-6.74396475,0.2401795
Sm1 Tb1,2,2,2,-4.658229833333333,-4.652880625,0.005349208333333522
Sm1 Tb1 Tm2,5,5,4,-4.57404375,-4.548475,0.025568750000000584
Sm1 Tm1,2,2,2,-4.57767525,-4.57758725,8.800000000075414e-05
Sm1 Tm1 Y1,2,2,1,-5.210735333333333,-5.2062225,0.004512833333333077
Sm1 Y2,2,2,2,-5.864341666666667,-5.8169086666666665,0.047433000000000725
Sm2 Tb2 Tm3,2,2,1,-4.566415571428571,-4.565856142857142,0.0005594285714289882
Sm2 Tm1,2,2,2,-4.63646475,-4.613623333333334,0.02284141666666617
Sm2 Tm1 Y1,4,4,4,-5.082446,-4.914021,0.16842500000000005
Sm3 Tb4,2,2,2,-4.650511428571428,-4.636282285714286,0.014229142857142385
Sm4 Tb1 Tm2,2,2,2,-4.6148365714285715,-4.579363142857143,0.035473428571428656
Sm4 Tm1 Y1,2,2,2,-4.951848,-4.949630666666667,0.0022173333333332934
Sn1 Th1 Y1,2,2,2,-6.503303333333334,-6.4592305,0.04407283333333378
Sn2 Zn1,2,2,2,-3.0300693333333335,-3.0112995,0.018769833333333708
Sn2 Zr1,2,2,1,-5.916519999999999,-5.832079,0.0844409999999991
Sr1 V1,2,2,2,-4.463090625,-4.380114,0.08297662500000058
Sr5 Te1,2,2,2,-2.281421833333334,-1.922069,0.3593528333333338
Ta1 Tc2,2,2,2,-10.774966666666666,-10.593334166666668,0.18163249999999742
Ta1 Te2 Zr1,3,3,3,-6.79547925,-6.50322575,0.2922534999999993
Ta1 Tl2 Y1,2,2,2,-5.53547725,-5.427122,0.10835524999999979
Ta1 W2 Zr1,2,2,2,-11.49563125,-11.2554635,0.24016775000000123
Ta1 Y2 Zn1,2,2,2,-6.3858125,-5.78903575,0.5967767500000001
Ta2 Te1 Zr1,2,2,2,-8.84811875,-8.4927025,0.3554162499999993
Ta2 Tl1 W1,2,2,2,-9.20612325,-9.197688,0.008435249999999783
Ta2 Zn1 Zr1,2,2,2,-8.351386,-7.96547075,0.38591525000000004
Tb1 Y3,2,2,2,-6.00369,-5.98168325,0.022006750000000075
Tb1 Y5,3,3,3,-6.153322500000001,-6.091758666666667,0.061563833333333484
Tb2 Y1,2,2,2,-5.24231,-5.2326895,0.009620499999999588
Tc1 W1 Zn2,2,2,2,-6.37004375,-6.323135,0.046908750000000055
Tc1 Zn1,2,2,2,-5.49511675,-4.4410975,1.0540192500000005
Tc1 Zr2,2,2,2,-9.359412083333334,-9.250028,0.10938408333333349
Tc2 Y1 Zn1,2,2,2,-7.0016345,-6.9792485,0.022386000000000017
Tc2 Zn1 Zr1,2,2,2,-7.5742925,-7.5437555,0.030537000000000702
Te2 Ti1 Tl1,2,2,2,-4.674244,-4.4354735,0.23877050000000022
Te3 Tl1,2,2,2,-2.956036125,-2.95222725,0.003808874999999823
Ti1 Zn1,2,2,2,-4.257041875,-3.3488565,0.9081853749999995
Tl2 Zr1,2,2,2,-4.349703833333334,-4.234229666666667,0.11547416666666699
Tm1 Y2,2,2,2,-5.801170333333334,-5.7704925,0.030677833333334625
Tm1 Y3,2,2,2,-5.96613875,-5.9592591666666666,0.006879583333333272
Y1 Zn1,2,2,2,-4.061855666666667,-3.7003025,0.36155316666666737
Zn1,3,3,3,-1.27395915,-1.1101406666666669,0.16381848333333315
